recall,precision
1.0,0.3188169738534076
1.0,0.3193645341348218
1.0,0.31939196152524907
1.0,0.31941939362707206
1.0,0.3194468304415049
1.0,0.319474271969762
1.0,0.3195017182130584
1.0,0.3195291691726093
1.0,0.31955662484963054
1.0,0.31958408524533816
1.0,0.3196115503609488
1.0,0.3196390201976794
1.0,0.31966649475674747
1.0,0.3196939740393708
0.9997311105135789,0.31963548830811556
0.9997311105135789,0.31966296965007307
0.9997311105135789,0.3196904557179708
0.9997311105135789,0.31971794651302776
0.9997311105135789,0.3197454420364637
0.9997311105135789,0.3197729422894986
0.9997311105135789,0.31980044727335283
0.9997311105135789,0.3198279569892473
0.9997311105135789,0.3198554714384033
0.9997311105135789,0.3198829906220425
0.9997311105135789,0.319910514541387
0.9997311105135789,0.3199380431976594
0.9997311105135789,0.31996557659208263
0.9997311105135789,0.31999311472588005
0.9997311105135789,0.3200206576002754
0.9997311105135789,0.3200482052164931
0.9997311105135789,0.32007575757575757
0.9997311105135789,0.32010331467929404
0.9997311105135789,0.3201308765283279
0.9997311105135789,0.3201584431240851
0.9997311105135789,0.32018601446779194
0.9997311105135789,0.3202135905606752
0.9997311105135789,0.3202411714039621
0.9997311105135789,0.3202687569988802
0.9997311105135789,0.32029634734665746
0.9997311105135789,0.32032394244852247
0.9997311105135789,0.32035154230570395
0.9997311105135789,0.32037914691943126
0.9997311105135789,0.3204067562909342
0.9997311105135789,0.32043437042144274
0.9997311105135789,0.32046198931218756
0.9997311105135789,0.3204896129643996
0.9997311105135789,0.32051724137931037
0.9997311105135789,0.32054487455815156
0.9997311105135789,0.32057251250215557
0.9997311105135789,0.32060015521255497
0.9997311105135789,0.32062780269058294
0.9997311105135789,0.32065545493747305
0.9997311105135789,0.3206831119544592
0.9997311105135789,0.3207107737427758
0.9997311105135789,0.32073844030365767
0.9997311105135789,0.32076611163834007
0.9997311105135789,0.32079378774805867
0.9997311105135789,0.32082146863404953
0.9997311105135789,0.3208491542975492
0.9997311105135789,0.3208768447397946
0.9997311105135789,0.3209045399620231
0.9997311105135789,0.3209322399654726
0.9997311105135789,0.32095994475138123
0.9997311105135789,0.32098765432098764
0.9997311105135789,0.321015368675531
0.9997311105135789,0.32104308781625074
0.9997311105135789,0.3210708117443869
0.9997311105135789,0.32109854046117975
0.9997311105135789,0.3211262739678701
0.9997311105135789,0.32115401226569923
0.9994622210271579,0.32109536973047687
0.9994622210271579,0.3211231101511879
0.9994622210271579,0.32115085536547433
0.9994622210271579,0.32117860537457876
0.9994622210271579,0.3212063601797442
0.9994622210271579,0.32123411978221417
0.9994622210271579,0.3212618841832325
0.9994622210271579,0.3212896533840436
0.9994622210271579,0.32131742738589214
0.9994622210271579,0.3213452061900233
0.9994622210271579,0.32137298979768286
0.9994622210271579,0.32140077821011676
0.9994622210271579,0.32142857142857145
0.9994622210271579,0.32145636945429384
0.9991933315407368,0.321397682061927
0.9991933315407368,0.32142548222472106
0.9991933315407368,0.3214532871972318
0.9989244420543156,0.3213945843066009
0.9989244420543156,0.3214223914172002
0.9989244420543156,0.3214502033399671
0.9989244420543156,0.3214780200761509
0.9986555525678946,0.32141929900475985
0.9986555525678946,0.32144711788125324
0.9986555525678946,0.3214749415736172
0.9986555525678946,0.3215027700831025
0.9986555525678946,0.32153060341096007
0.9986555525678946,0.32155844155844154
0.9986555525678946,0.3215862845267989
0.9986555525678946,0.32161413231728436
0.9986555525678946,0.3216419849311509
0.9986555525678946,0.32166984236965185
0.9986555525678946,0.32169770463404074
0.9986555525678946,0.3217255717255717
0.9986555525678946,0.32175344364549946
0.9986555525678946,0.32178132039507884
0.9986555525678946,0.3218092019755654
0.9986555525678946,0.3218370883882149
0.9986555525678946,0.32186497963428373
0.9986555525678946,0.3218928757150286
0.9986555525678946,0.3219207766317067
0.9986555525678946,0.3219486823855756
0.9986555525678946,0.3219765929778934
0.9986555525678946,0.3220045084099185
0.9986555525678946,0.32203242868290993
0.9986555525678946,0.322060353798127
0.9986555525678946,0.3220882837568294
0.9986555525678946,0.32211621856027756
0.9986555525678946,0.32214415820973197
0.9986555525678946,0.32217210270645386
0.9986555525678946,0.3222000520517047
0.9986555525678946,0.32222800624674647
0.9986555525678946,0.3222559652928417
0.9986555525678946,0.32228392919125304
0.9986555525678946,0.32231189794324394
0.9986555525678946,0.3223398715500781
0.9986555525678946,0.3223678500130197
0.9986555525678946,0.3223958333333333
0.9986555525678946,0.32242382151228405
0.9986555525678946,0.32245181455113736
0.9986555525678946,0.32247981245115914
0.9986555525678946,0.3225078152136158
0.9986555525678946,0.3225358228397742
0.9986555525678946,0.3225638353309015
0.9986555525678946,0.32259185268826546
0.9986555525678946,0.3226198749131341
0.9986555525678946,0.3226479020067761
0.9986555525678946,0.32267593397046046
0.9986555525678946,0.3227039708054566
0.9986555525678946,0.3227320125130344
0.9986555525678946,0.32276005909446426
0.9986555525678946,0.32278811055101686
0.9986555525678946,0.3228161668839635
0.9986555525678946,0.3228442280945758
0.9986555525678946,0.3228722941841259
0.9986555525678946,0.32290036515388626
0.9986555525678946,0.3229565217391304
0.9986555525678946,0.3229846073571615
0.9986555525678946,0.32301269786049747
0.9986555525678946,0.3230407932504131
0.9986555525678946,0.32306889352818374
0.9986555525678946,0.32309699869508485
0.9983866630814735,0.32303810683835044
0.9983866630814735,0.3230662142173497
0.9983866630814735,0.32309432648799163
0.9983866630814735,0.3231224436515534
0.9983866630814735,0.32315056570931244
0.9983866630814735,0.3231786926625468
0.9983866630814735,0.3232068245125348
0.9983866630814735,0.3232349612605554
0.9983866630814735,0.32326310290788784
0.9983866630814735,0.3233194009056078
0.9983866630814735,0.32334755725855613
0.9983866630814735,0.323375718515938
0.9983866630814735,0.3234038846790349
0.9983866630814735,0.3234320557491289
0.9983866630814735,0.3234602317275024
0.9983866630814735,0.3234884126154382
0.9983866630814735,0.32351659841421976
0.9983866630814735,0.3235447891251307
0.9983866630814735,0.32357298474945534
0.9981177735950524,0.32351403172389753
0.9981177735950524,0.32354222958249806
0.9981177735950524,0.32357043235704325
0.9981177735950524,0.3235986400488188
0.9978488841086314,0.323539668700959
0.9978488841086314,0.32356787862934866
0.9978488841086314,0.3235960934775026
0.9978488841086314,0.32368076755342345
0.9978488841086314,0.3237090020935101
0.9978488841086314,0.3237654859535858
0.9978488841086314,0.3237937352761539
0.9978488841086314,0.3238219895287958
0.9978488841086314,0.3238785128294641
0.9978488841086314,0.3239067818800733
0.9978488841086314,0.3239350558659218
0.9978488841086314,0.323963334788302
0.9978488841086314,0.32399161864850706
0.9978488841086314,0.32401990744783027
0.9978488841086314,0.3240482011875655
0.9978488841086314,0.32407649986900705
0.9978488841086314,0.3241048034934498
0.9978488841086314,0.3241331120621888
0.9978488841086314,0.3241614255765199
0.9978488841086314,0.32418974403773915
0.9978488841086314,0.3242180674471431
0.9978488841086314,0.3242463958060288
0.9978488841086314,0.3242747291156938
0.9978488841086314,0.32430306737743597
0.9978488841086314,0.32435975876234596
0.9978488841086314,0.3243881118881119
0.9978488841086314,0.3244164699711513
0.9978488841086314,0.32444483301276444
0.9978488841086314,0.324473201014252
0.9978488841086314,0.324501573976915
0.9978488841086314,0.3245299519020551
0.9978488841086314,0.3245583347909743
0.9978488841086314,0.32458672264497507
0.9978488841086314,0.32461511546536037
0.9978488841086314,0.32464351325343366
0.9978488841086314,0.32467191601049866
0.9978488841086314,0.32470032373785984
0.9978488841086314,0.3247287364368218
0.9978488841086314,0.32475715410868994
0.9978488841086314,0.3247855767547698
0.9975799946222103,0.32472647702407004
0.9975799946222103,0.3247549019607843
0.9975799946222103,0.3247833318742887
0.9975799946222103,0.3248117667658904
0.9975799946222103,0.32484020663689694
0.9975799946222103,0.3248686514886165
0.9975799946222103,0.3248971013223575
0.9975799946222103,0.324925556139429
0.9975799946222103,0.32495401594114043
0.9973111051357892,0.3248948843728101
0.9973111051357892,0.3249518135622919
0.9973111051357892,0.3249802856391834
0.9973111051357892,0.3250087627059236
0.9973111051357892,0.3250372447638244
0.9973111051357892,0.32506573181419807
0.9973111051357892,0.32509422385835746
0.9970422156493681,0.32503506311360447
0.9970422156493681,0.32506355746471466
0.9970422156493681,0.3250920568122041
0.9970422156493681,0.32512056115738713
0.9970422156493681,0.3251490705015784
0.9970422156493681,0.32517758484609316
0.9970422156493681,0.325206104192247
0.9970422156493681,0.32523462854135604
0.9970422156493681,0.32526315789473687
0.9970422156493681,0.32529169225370647
0.9970422156493681,0.3253202316195824
0.9970422156493681,0.32534877599368256
0.9970422156493681,0.3253773253773254
0.9970422156493681,0.3254058797718298
0.9970422156493681,0.325434439178515
0.9970422156493681,0.32546300359870095
0.9970422156493681,0.32549157303370785
0.9970422156493681,0.32552014748485647
0.9970422156493681,0.325548726953468
0.9970422156493681,0.325577311440864
0.9970422156493681,0.3256059009483667
0.9970422156493681,0.32563449547729867
0.9970422156493681,0.32566309502898294
0.9970422156493681,0.3256916996047431
0.9970422156493681,0.32574892383378723
0.9970422156493681,0.3257775434897206
0.9970422156493681,0.32580616817502855
0.9970422156493681,0.3258347978910369
0.9970422156493681,0.32586343263907197
0.9970422156493681,0.32589207242046053
0.9970422156493681,0.3259207172365298
0.9970422156493681,0.3259493670886076
0.9970422156493681,0.32600668190610166
0.9970422156493681,0.3260353468741757
0.9970422156493681,0.32606401688357367
0.9970422156493681,0.32609269193562573
0.9970422156493681,0.32612137203166225
0.9970422156493681,0.3261500571730143
0.9970422156493681,0.3261787473610134
0.9970422156493681,0.3262074425969913
0.9970422156493681,0.3263509945432142
0.9970422156493681,0.32637972009506205
0.9970422156493681,0.32640845070422536
0.9970422156493681,0.3264371863720398
0.996773326162947,0.32637788343018137
0.996773326162947,0.32640662146693666
0.996773326162947,0.3264353645649877
0.996773326162947,0.32669428042654447
0.996773326162947,0.32672307421117575
0.996773326162947,0.32675187307183784
0.996773326162947,0.32678067700987307
0.996773326162947,0.32680948602662435
0.996773326162947,0.326838300123435
0.996773326162947,0.3268671193016489
0.996773326162947,0.3268959435626102
0.996773326162947,0.3269247729076638
0.996773326162947,0.3269536073381549
0.996773326162947,0.3269824468554291
0.996773326162947,0.32701129146083274
0.996773326162947,0.3270401411557124
0.996773326162947,0.3270689959414152
0.996773326162947,0.3270978558192888
0.996773326162947,0.3271267207906813
0.996773326162947,0.3271555908569411
0.996773326162947,0.3271844660194175
0.996773326162947,0.3272133462794598
0.996773326162947,0.3272422316384181
0.996773326162947,0.3272711220976428
0.996773326162947,0.3273000176584849
0.996773326162947,0.3273578240904274
0.996773326162947,0.3273867349642321
0.996773326162947,0.3274156509450627
0.996773326162947,0.3274445720342726
0.996773326162947,0.32747349823321553
0.996773326162947,0.3275024295432459
0.996773326162947,0.32756030750198817
0.996773326162947,0.3275892541534111
0.996773326162947,0.32761820592134333
0.996773326162947,0.32764716280714157
0.996773326162947,0.327676124812163
0.996773326162947,0.3277050919377652
0.996773326162947,0.3277340641853063
0.996773326162947,0.327763041556145
0.996773326162947,0.32779202405164026
0.996773326162947,0.32782101167315175
0.996773326162947,0.32785000442203943
0.996773326162947,0.3278790022996639
0.996773326162947,0.3279080053073861
0.996773326162947,0.32793701344656756
0.996773326162947,0.3279950451247567
0.996773326162947,0.3280240686664897
0.996773326162947,0.3280530973451327
0.996773326162947,0.32808213116204976
0.996773326162947,0.3281111701186051
0.996773326162947,0.3281402142161636
0.996773326162947,0.32816926345609065
0.996773326162947,0.3281983178397521
0.996773326162947,0.32822737736851426
0.996773326162947,0.32825644204374393
0.996773326162947,0.3282855118668084
0.996773326162947,0.3283145868390754
0.996773326162947,0.3283727522366906
0.996773326162947,0.32840184266477673
0.996773326162947,0.32843093824754144
0.996773326162947,0.3284600389863548
0.996773326162947,0.3284891448825875
0.996773326162947,0.3286056200691428
0.996773326162947,0.3286347517730496
0.996773326162947,0.32866388864261015
0.996773326162947,0.3286930306791984
0.996773326162947,0.32872217788418906
0.996773326162947,0.328809650523328
0.996773326162947,0.32883881841568346
0.996773326162947,0.3288679914833215
0.996773326162947,0.32889716972761956
0.996773326162947,0.3289263531499556
0.996773326162947,0.3289555417517082
0.996773326162947,0.3290139344989793
0.996773326162947,0.32907234798047047
0.996773326162947,0.3291015625
0.996773326162947,0.3291307822072272
0.996773326162947,0.3293354655294954
0.996773326162947,0.32945254177035194
0.996773326162947,0.3294818238378811
0.996773326162947,0.3295111111111111
0.996773326162947,0.32954040359143033
0.996773326162947,0.3295697012802276
0.996773326162947,0.32959900417889215
0.996773326162947,0.3296283122888138
0.996773326162947,0.32965762561138284
0.996773326162947,0.3298923200142387
0.996773326162947,0.32992168031327873
0.996773326162947,0.3302155709959024
0.996773326162947,0.33024498886414255
0.996773326162947,0.3302744119743407
0.996773326162947,0.33030384032789806
0.996773326162947,0.3303627127706978
0.996773326162947,0.3303921568627451
0.996773326162947,0.3304216062037615
0.996773326162947,0.33045106079515063
0.996773326162947,0.33048052063831684
0.996773326162947,0.3305099857346648
0.996773326162947,0.33053945608559965
0.996504436676526,0.33047975744604957
0.996504436676526,0.33050923035762064
0.996504436676526,0.3305387085265787
0.996504436676526,0.33056819195433057
0.996504436676526,0.3306271745918458
0.996504436676526,0.3306566738044254
0.996504436676526,0.3307156880242727
0.996504436676526,0.33074520303435967
0.996504436676526,0.3307747233131025
0.996504436676526,0.3308337796821996
0.996504436676526,0.3308633157753772
0.996504436676526,0.33089285714285716
0.996504436676526,0.3309224037860523
0.9962355471901049,0.33086265404536525
0.9962355471901049,0.3308922032687327
0.9962355471901049,0.3309217577706324
0.9962355471901049,0.3309513175524788
0.9962355471901049,0.330980882615687
0.9962355471901049,0.3310104529616725
0.9962355471901049,0.33104002859185133
0.9962355471901049,0.3310696095076401
0.9962355471901049,0.33109919571045576
0.9962355471901049,0.33112878720171596
0.9962355471901049,0.33115838398283876
0.9962355471901049,0.3311879860552427
0.9962355471901049,0.33124720607957087
0.9962355471901049,0.3312768240343348
0.9962355471901049,0.3313064472860592
0.9959666577036838,0.33124664639599355
0.9959666577036838,0.33127627224756284
0.9959666577036838,0.3313059033989267
0.9959666577036838,0.33133553985150727
0.9959666577036838,0.3313651816067275
0.9959666577036838,0.33139482866601055
0.9959666577036838,0.33142448103078026
0.9959666577036838,0.3314541387024609
0.9959666577036838,0.33151346997225456
0.9959666577036838,0.33154314357321873
0.9959666577036838,0.33157282248679615
0.9959666577036838,0.3316025067144136
0.9959666577036838,0.33181044522081876
0.9959666577036838,0.3318401720121842
0.9959666577036838,0.33186990413045425
0.9959666577036838,0.3318996415770609
0.9959666577036838,0.33192938435343666
0.9959666577036838,0.3319591324610145
0.9959666577036838,0.33198888590122794
0.9959666577036838,0.3320781782320244
0.9959666577036838,0.3321079530171254
0.9959666577036838,0.3321675186081966
0.9959666577036838,0.33219730941704034
0.9959666577036838,0.3322271055700063
0.9959666577036838,0.33225690706853245
0.9959666577036838,0.3322867139140576
0.9959666577036838,0.33234634365186183
0.9959666577036838,0.33237616654702085
0.9959666577036838,0.33240599479493854
0.9959666577036838,0.3324358283970562
0.9959666577036838,0.33246566735481553
0.9956977682172627,0.3324057450628366
0.9956977682172627,0.3324355866774396
0.9956977682172627,0.33246543365056563
0.9956977682172627,0.3324952859836581
0.9956977682172627,0.33255500673551863
0.9956977682172627,0.33279410443066415
0.9956977682172627,0.33282401581880283
0.9956977682172627,0.33285393258426965
0.9956977682172627,0.33288385472851495
0.9956977682172627,0.33294371515914406
0.9956977682172627,0.3329736534484309
0.9956977682172627,0.33300359712230215
0.9956977682172627,0.33303354618221065
0.9956977682172627,0.33306350062960965
0.9956977682172627,0.33309346046595306
0.9956977682172627,0.3331234256926952
0.9956977682172627,0.33315339631129104
0.9956977682172627,0.33321335372986594
0.9956977682172627,0.3333033303330333
0.9956977682172627,0.3333333333333333
0.9956977682172627,0.333363341735686
0.9956977682172627,0.33339335554155036
0.9956977682172627,0.3334233747523861
0.9956977682172627,0.3334533993696533
0.9956977682172627,0.3334834293948127
0.9956977682172627,0.3335134648293254
0.9956977682172627,0.33354350567465324
0.9956977682172627,0.33357355193225835
0.9956977682172627,0.3336036036036036
0.9956977682172627,0.33363366069015227
0.9956977682172627,0.3337238644556597
0.9956977682172627,0.3337539432176656
0.9956977682172627,0.3338141170107275
0.9956977682172627,0.3338442120447169
0.9956977682172627,0.3338743125056352
0.9956977682172627,0.3339044183949504
0.9956977682172627,0.3339345297141311
0.9956977682172627,0.33396464646464646
0.9956977682172627,0.33399476864796607
0.9956977682172627,0.33402489626556015
0.9956977682172627,0.3340550293188994
0.9956977682172627,0.3340851678094551
0.9956977682172627,0.3341153117386989
0.9956977682172627,0.3341454611081032
0.9956977682172627,0.33417561591914086
0.9956977682172627,0.3342057761732852
0.9956977682172627,0.3342359418720101
0.9956977682172627,0.33426611301679005
0.9956977682172627,0.33429628960909996
0.9956977682172627,0.3343264716504153
0.9956977682172627,0.3343566591422122
0.9956977682172627,0.33438685208596713
0.9956977682172627,0.33441705048315723
0.9956977682172627,0.3344472543352601
0.9956977682172627,0.33447746364375397
0.9956977682172627,0.3345076784101174
0.9956977682172627,0.3345378986358298
0.9956977682172627,0.3345681243223708
0.9954288787308416,0.3345079967470859
0.9954288787308416,0.33453822519428883
0.9954288787308416,0.33456845910528693
0.9954288787308416,0.3345986984815618
0.9954288787308416,0.3346289433245955
0.9954288787308416,0.33465919363587054
0.9954288787308416,0.33468944941687007
0.9954288787308416,0.33471971066907774
0.9954288787308416,0.3347802495930548
0.9954288787308416,0.33481052726779414
0.9954288787308416,0.3348408104196816
0.9954288787308416,0.3348710990502035
0.9954288787308416,0.33490139316084677
0.9954288787308416,0.3349316927530987
0.9954288787308416,0.3349619978284473
0.9954288787308416,0.3349923083883811
0.9954288787308416,0.3350226244343891
0.9954288787308416,0.3350529459679609
0.9954288787308416,0.33508327299058654
0.9954288787308416,0.3351136055037567
0.9954288787308416,0.33514394350896254
0.9954288787308416,0.3351742870076958
0.9954288787308416,0.33520463600144873
0.9954288787308416,0.33523499049171424
0.9954288787308416,0.3352653504799855
0.9954288787308416,0.33529571596775654
0.9954288787308416,0.3353260869565217
0.9954288787308416,0.3353564634477761
0.9954288787308416,0.33538684544301506
0.9954288787308416,0.3354172329437347
0.9954288787308416,0.3354476259514317
0.9954288787308416,0.3354780244676031
0.9954288787308416,0.3355084284937466
0.9954288787308416,0.3355388380313605
0.9951599892444205,0.3355090200344484
0.9951599892444205,0.3355698612748209
0.9951599892444205,0.33560029017047516
0.9951599892444205,0.3356307245851093
0.9951599892444205,0.33566116452022493
0.9951599892444205,0.3356916099773243
0.9951599892444205,0.33572206095791
0.9951599892444205,0.33578297949555436
0.9951599892444205,0.3358134470556211
0.9951599892444205,0.33584392014519054
0.9951599892444205,0.33587439876576825
0.9948910997579995,0.3358141223452532
0.9948910997579995,0.33584460379413633
0.9948910997579995,0.3358750907770516
0.9948910997579995,0.3359055832955061
0.9948910997579995,0.33593608135100783
0.9948910997579995,0.33596658494506493
0.9948910997579995,0.3359970940791863
0.9948910997579995,0.33605812897366033
0.9948910997579995,0.3360886547370333
0.9948910997579995,0.33611918604651164
0.9948910997579995,0.3361497229036068
0.9948910997579995,0.33618026530983103
0.9948910997579995,0.33621081326669694
0.9948910997579995,0.3362413667757179
0.9948910997579995,0.3362719258384077
0.9948910997579995,0.3363024904562807
0.9948910997579995,0.3363330606308517
0.9948910997579995,0.3363942176561506
0.9948910997579995,0.3364248045099109
0.9948910997579995,0.3364553969264345
0.9948910997579995,0.336485994907239
0.9948910997579995,0.33651659845384263
0.9948910997579995,0.33654720756776424
0.9948910997579995,0.3365778222505231
0.9948910997579995,0.336608442503639
0.9948910997579995,0.3366390683286325
0.9948910997579995,0.33666969972702454
0.9948910997579995,0.3367003367003367
0.9948910997579995,0.336730979250091
0.9948910997579995,0.3367616273778101
0.9948910997579995,0.3367922810850173
0.9948910997579995,0.33682294037323623
0.9948910997579995,0.33685360524399127
0.9948910997579995,0.33688427569880725
0.9948910997579995,0.3369149517392096
0.9948910997579995,0.33694563336672434
0.9948910997579995,0.33697632058287796
0.9948910997579995,0.3370070133891976
0.9948910997579995,0.33703771178721076
0.9943533207851573,0.33691690962099125
0.9943533207851573,0.3369476082004556
0.9943533207851573,0.3369783123747038
0.9943533207851573,0.3370704584814511
0.9943533207851573,0.33710118505013675
0.9943533207851573,0.3371319172212599
0.9943533207851573,0.337162654996353
0.9943533207851573,0.337193398376949
0.9943533207851573,0.33722414736458145
0.9943533207851573,0.33725490196078434
0.9943533207851573,0.3372856621670923
0.9943533207851573,0.3373164279850406
0.9943533207851573,0.3373471994161649
0.9943533207851573,0.3373779764620016
0.9943533207851573,0.3374087591240876
0.9943533207851573,0.3374395474039602
0.9943533207851573,0.337501140823218
0.9943533207851573,0.3375319459656809
0.9943533207851573,0.3375627567320858
0.9943533207851573,0.337593573123973
0.9943533207851573,0.3376243951428832
0.9943533207851573,0.3376552227903579
0.9943533207851573,0.33771689497716895
0.9943533207851573,0.3377477395195908
0.9943533207851573,0.3377785896967483
0.9943533207851573,0.3378403069614471
0.9943533207851573,0.33787117405207856
0.9943533207851573,0.33790204678362573
0.9943533207851573,0.337932925157635
0.9943533207851573,0.33796380917565344
0.9943533207851573,0.3379946988392286
0.9943533207851573,0.33802559414990857
0.9943533207851573,0.33818015546410607
0.9943533207851573,0.3382110846899579
0.9943533207851573,0.3382420195737675
0.9943533207851573,0.33827296011708746
0.9943533207851573,0.33830390632147106
0.9943533207851573,0.3383348581884721
0.9943533207851573,0.33836581571964497
0.9943533207851573,0.3383967789165447
0.9943533207851573,0.33842774778072665
0.9943533207851573,0.3384897025171625
0.9943533207851573,0.3385206883925302
0.9943533207851573,0.33858267716535434
0.9943533207851573,0.338613680065928
0.9943533207851573,0.33864468864468866
0.9943533207851573,0.33867570290319626
0.9943533207851573,0.33870672284301157
0.9943533207851573,0.3387377484656957
0.9943533207851573,0.33876877977281056
0.9943533207851573,0.33879981676591847
0.9943533207851573,0.33883085944658237
0.9943533207851573,0.3388619078163658
0.9943533207851573,0.3388929618768328
0.9943533207851573,0.33892402162954816
0.9943533207851573,0.33895508707607697
0.9943533207851573,0.33898615821798517
0.9943533207851573,0.339017235056839
0.9943533207851573,0.33904831759420556
0.9943533207851573,0.3390794058316523
0.9943533207851573,0.33911049977074736
0.9943533207851573,0.33914159941305944
0.9943533207851573,0.33917270476015776
0.9943533207851573,0.3392038158136122
0.9943533207851573,0.3392349325749931
0.9943533207851573,0.33926605504587154
0.9943533207851573,0.33929718322781904
0.9943533207851573,0.33935945673121043
0.9943533207851573,0.3393906020558003
0.9943533207851573,0.33942175309775124
0.9943533207851573,0.3394529098586378
0.9943533207851573,0.33948407234003486
0.9943533207851573,0.33951524054351817
0.9943533207851573,0.33954641447066386
0.9943533207851573,0.33957759412304866
0.9940844312987362,0.33951694370465607
0.9940844312987362,0.33954812637766346
0.9940844312987362,0.3395793147790943
0.9938155418123151,0.33951864780451957
0.9938155418123151,0.33954983922829585
0.9938155418123151,0.3395810363836825
0.9938155418123151,0.3396434478956074
0.9938155418123151,0.3396746622553074
0.9938155418123151,0.3397058823529412
0.9938155418123151,0.339737108190091
0.9938155418123151,0.33976833976833976
0.9938155418123151,0.33979957708927094
0.9938155418123151,0.3398308201544685
0.9938155418123151,0.33986206896551724
0.9938155418123151,0.33992458383150925
0.9938155418123151,0.33995584988962474
0.9938155418123151,0.3399871216999356
0.9938155418123151,0.34001839926402944
0.9938155418123151,0.34004968258349433
0.9938155418123151,0.340080971659919
0.993546652325894,0.34002024477776754
0.993546652325894,0.34005153690410456
0.993546652325894,0.3401141384388807
0.993546652325894,0.3401454478505017
0.993546652325894,0.34017676302706684
0.993546652325894,0.3402080839701685
0.993546652325894,0.3402394106813996
0.993546652325894,0.3402707431623538
0.993546652325894,0.34033342543980843
0.993546652325894,0.3403647752394989
0.993546652325894,0.3403961308152925
0.993546652325894,0.3404274921687857
0.993546652325894,0.3404588593015756
0.993546652325894,0.34049023221525987
0.993546652325894,0.34052161091143673
0.993546652325894,0.3405529953917051
0.993546652325894,0.3405843856576643
0.993546652325894,0.3406785911856906
0.993546652325894,0.34077284884257125
0.993546652325894,0.34080427965320054
0.993546652325894,0.34083571626233744
0.993546652325894,0.34089860688255375
0.993546652325894,0.3409300608968444
0.993546652325894,0.34096152071606534
0.993546652325894,0.34099298634182357
0.993546652325894,0.3410244577757268
0.993546652325894,0.3410559350193834
0.993546652325894,0.3410874180744023
0.993546652325894,0.3411189069423929
0.993546652325894,0.3411504016249654
0.993546652325894,0.3411819021237304
0.993546652325894,0.3412134084402992
0.993546652325894,0.3412449205762837
0.993546652325894,0.34127643853329637
0.993546652325894,0.3413079623129503
0.993277762839473,0.34124711316397227
0.993277762839473,0.3413101727801903
0.993277762839473,0.3413417113287747
0.993277762839473,0.3413732557064966
0.993277762839473,0.3414048059149723
0.993277762839473,0.34143636195581845
0.993277762839473,0.3414679238306526
0.9930088733530519,0.3414070444670426
0.9930088733530519,0.34143860946745563
0.9930088733530519,0.34147018030513177
0.9930088733530519,0.3415017569816904
0.9930088733530519,0.3415333394987515
0.9930088733530519,0.34156492785793563
0.9930088733530519,0.34159652206086394
0.9930088733530519,0.34162812210915816
0.9930088733530519,0.3416597280044407
0.9930088733530519,0.34169133974833454
0.9930088733530519,0.3417229573424632
0.9930088733530519,0.34175458078845083
0.9930088733530519,0.34178621008792226
0.9930088733530519,0.34181784524250275
0.9927399838666308,0.3417569193742479
0.9927399838666308,0.3417885576745047
0.9927399838666308,0.3418202018331636
0.9924710943802098,0.34175925925925926
0.9924710943802098,0.3417909065654227
0.9924710943802098,0.34182255973328396
0.9922022048937886,0.34176160044456794
0.9922022048937886,0.34179325676176364
0.9922022048937886,0.34182491894395556
0.9922022048937886,0.34185658699277377
0.9922022048937886,0.341888260909849
0.9922022048937886,0.3419199406968125
0.9922022048937886,0.3419516263552961
0.9922022048937886,0.34198331788693237
0.9922022048937886,0.3420150152933543
0.9922022048937886,0.3420467185761958
0.9922022048937886,0.34207842773709096
0.9922022048937886,0.34211014277767476
0.9922022048937886,0.34214186369958277
0.9922022048937886,0.34217359050445106
0.9922022048937886,0.34220532319391633
0.9922022048937886,0.34223706176961605
0.9922022048937886,0.342268806233188
0.9922022048937886,0.3423005565862709
0.9922022048937886,0.34233231283050375
0.9922022048937886,0.34258657506266826
0.9922022048937886,0.3426183844011142
0.9922022048937886,0.3426501996471353
0.9922022048937886,0.3426820208023774
0.9922022048937886,0.342713847868487
0.9922022048937886,0.34274568084711127
0.9922022048937886,0.34277751973989784
0.9922022048937886,0.342809364548495
0.9922022048937886,0.3428412152745517
0.9922022048937886,0.3428730719197175
0.9922022048937886,0.3429049344856426
0.9922022048937886,0.3429368029739777
0.9922022048937886,0.3429686773863742
0.9919333154073676,0.34290760364379996
0.9919333154073676,0.34293948126801155
0.9919333154073676,0.3429713648196355
0.9919333154073676,0.3430032543003254
0.9919333154073676,0.34303514971173515
0.9919333154073676,0.3430670510555194
0.9919333154073676,0.3430989583333333
0.9919333154073676,0.34313087154683286
0.9919333154073676,0.3431627906976744
0.9919333154073676,0.3431947157875151
0.9919333154073676,0.3432266468180126
0.9919333154073676,0.34325858379082536
0.9919333154073676,0.3432905267076121
0.9919333154073676,0.3433224755700326
0.9919333154073676,0.34335443037974683
0.9919333154073676,0.34338639113841574
0.9919333154073676,0.34341835784770064
0.9919333154073676,0.34345033050926355
0.9919333154073676,0.34348230912476724
0.9919333154073676,0.34351429369587483
0.9919333154073676,0.3435462842242503
0.9919333154073676,0.34357828071155816
0.9919333154073676,0.3436102831594635
0.9919333154073676,0.34364229156963205
0.9919333154073676,0.3436743059437302
0.9919333154073676,0.34370632628342496
0.9919333154073676,0.3437383525903839
0.9919333154073676,0.34377038486627526
0.9919333154073676,0.34380242311276793
0.9919333154073676,0.3438344673315314
0.9919333154073676,0.34386651752423564
0.9919333154073676,0.3438985736925515
0.9919333154073676,0.34396270396270395
0.9919333154073676,0.344026858155367
0.9919333154073676,0.34405894422682337
0.9919333154073676,0.34409103628392873
0.9919333154073676,0.3441231343283582
0.9919333154073676,0.34415523836178746
0.9919333154073676,0.3441873483858929
0.9916644259209465,0.3441261547074741
0.9916644259209465,0.3441582680104517
0.9916644259209465,0.34419038730751284
0.9916644259209465,0.344222512600336
0.9916644259209465,0.34425464389060023
0.9916644259209465,0.3443189244701709
0.9916644259209465,0.34435107376283847
0.9916644259209465,0.34438322905966945
0.9916644259209465,0.3444153903623459
0.9916644259209465,0.34444755767255064
0.9916644259209465,0.3444797309919671
0.9916644259209465,0.3445119103222793
0.9913955364345254,0.3444828552742222
0.9913955364345254,0.3445794392523365
0.9913955364345254,0.34461164594821947
0.9913955364345254,0.34464385866517105
0.9913955364345254,0.3446760774048799
0.9913955364345254,0.34470830216903514
0.9913955364345254,0.3447405329593268
0.9913955364345254,0.3447727697774453
0.9913955364345254,0.34480501262508184
0.9913955364345254,0.3448372615039282
0.9913955364345254,0.34486951641567676
0.9913955364345254,0.3449017773620206
0.9911266469481044,0.34484049022359436
0.9911266469481044,0.3449695835283107
0.9911266469481044,0.34500187195806814
0.9911266469481044,0.34503416643265
0.9911266469481044,0.345066466953754
0.9911266469481044,0.3450987735230784
0.9911266469481044,0.3451310861423221
0.9911266469481044,0.34516340481318475
0.9908577574616833,0.3451020790410189
0.9908577574616833,0.3451344010489838
0.9908577574616833,0.34516672911202695
0.9908577574616833,0.3451990632318501
0.9908577574616833,0.3452314034101555
0.9908577574616833,0.3452637496486461
0.9908577574616833,0.3452961019490255
0.9908577574616833,0.34532846031299785
0.9908577574616833,0.34539319523854156
0.9908577574616833,0.34542557180352457
0.9908577574616833,0.3454579544389238
0.9908577574616833,0.3455227379278012
0.9905888679752621,0.3454613653413353
0.9905888679752621,0.34549376348119665
0.9905888679752621,0.345526167698368
0.9905888679752621,0.34555857799455963
0.9905888679752621,0.34559099437148216
0.9903199784888411,0.34552959939956845
0.9903199784888411,0.3455620191405517
0.9903199784888411,0.3455944449657502
0.9903199784888411,0.3456268768768769
0.9903199784888411,0.3456593148756452
0.9903199784888411,0.34569175896376947
0.9903199784888411,0.3457242091429644
0.9903199784888411,0.34575666541494554
0.9903199784888411,0.3458540708047704
0.9903199784888411,0.34591903822673054
0.9903199784888411,0.34598403006106154
0.9903199784888411,0.34601653513716646
0.9903199784888411,0.3460490463215259
0.9903199784888411,0.3460815636158617
0.9903199784888411,0.34614661654135337
0.9903199784888411,0.3461791521759564
0.9903199784888411,0.3462442417974993
0.9903199784888411,0.34627679578789017
0.9903199784888411,0.3463093559003291
0.9903199784888411,0.3463419221365432
0.9903199784888411,0.34637449449826013
0.9903199784888411,0.3464070729872084
0.99005108900242,0.3463455930768507
0.99005108900242,0.3464433571697403
0.99005108900242,0.3464759574668298
0.99005108900242,0.3465085638998682
0.99005108900242,0.34654117647058824
0.9897821995159989,0.3464796686746988
0.9897821995159989,0.3465122846653488
0.9897821995159989,0.34654490679721334
0.9897821995159989,0.3465775350720271
0.9897821995159989,0.3466101694915254
0.9897821995159989,0.3466428100574442
0.9897821995159989,0.34667545677152006
0.9897821995159989,0.34670810963549026
0.9897821995159989,0.3467407686510927
0.9897821995159989,0.3467734338200659
0.9897821995159989,0.3468061051441492
0.9897821995159989,0.34683878262508244
0.9897821995159989,0.34687146626460613
0.9897821995159989,0.3469368520263902
0.9897821995159989,0.346969554152135
0.9897821995159989,0.3470022624434389
0.9897821995159989,0.3470349769020458
0.9897821995159989,0.3470676975297002
0.9895133100295779,0.347006129184347
0.9895133100295779,0.34703885326291967
0.9892444205431568,0.346977270583797
0.9892444205431568,0.3470099981135635
0.9892444205431568,0.347042731817753
0.9889755310567356,0.3469811320754717
0.9887066415703146,0.3469195207095009
0.9887066415703146,0.34695225514247974
0.9887066415703146,0.34698499575351516
0.9887066415703146,0.34701774254435636
0.9887066415703146,0.3471160200132163
0.9887066415703146,0.3471487915407855
0.9884377520838935,0.3470871494665282
0.9884377520838935,0.34711992445703493
0.9881688625974724,0.34705826801397677
0.9881688625974724,0.3470910464676993
0.9881688625974724,0.34712383111362993
0.9881688625974724,0.34715662195352354
0.9881688625974724,0.3471894189891356
0.9881688625974724,0.3472222222222222
0.9881688625974724,0.3472550316545403
0.9881688625974724,0.3472878472878473
0.9881688625974724,0.34732066912390136
0.9881688625974724,0.34735349716446123
0.9881688625974724,0.3473863314112865
0.9881688625974724,0.34741917186613724
0.9881688625974724,0.34745201853077434
0.9881688625974724,0.34748487140695916
0.9881688625974724,0.3475177304964539
0.9881688625974724,0.3475505958010214
0.9881688625974724,0.34758346732242507
0.9881688625974724,0.34761634506242906
0.9878999731110514,0.34755463059313213
0.9876310836246303,0.34749290444654685
0.9876310836246303,0.3475257829501372
0.9876310836246303,0.347558667676003
0.9876310836246303,0.34759155862591085
0.9876310836246303,0.3476244558016279
0.9876310836246303,0.3476573592049219
0.9876310836246303,0.34769026883756154
0.9876310836246303,0.3477231847013159
0.9876310836246303,0.34775610679795493
0.9876310836246303,0.34778903512924914
0.9876310836246303,0.3478219696969697
0.9876310836246303,0.3478549105028885
0.9876310836246303,0.34788785754877816
0.9876310836246303,0.34792081083641185
0.9876310836246303,0.3479537703675635
0.9876310836246303,0.3479867361440076
0.9876310836246303,0.3480197081675194
0.9876310836246303,0.3480526864398749
0.9876310836246303,0.34808567096285065
0.9873621941382092,0.34802388399203865
0.9873621941382092,0.3480568720379147
0.9873621941382092,0.3480898663380415
0.9873621941382092,0.34812286689419797
0.9873621941382092,0.3481558737081635
0.9873621941382092,0.34818888678171817
0.9870933046517881,0.3481270744428639
0.986824415165367,0.34806525037936265
0.986824415165367,0.3480982642511619
0.986824415165367,0.34813128438626445
0.986555525678946,0.3480694431268381
0.986555525678946,0.34810246679316886
0.986555525678946,0.3481354967264446
0.986555525678946,0.3481685329284494
0.986555525678946,0.348201575400968
0.986555525678946,0.3482346241457859
0.986555525678946,0.34826767916468915
0.986555525678946,0.3483007404594646
0.9862866361925249,0.34823886831861767
0.9862866361925249,0.3482719331560957
0.9862866361925249,0.34830500427309846
0.9862866361925249,0.348338081671415
0.9862866361925249,0.348371165352835
0.9862866361925249,0.3484042553191489
0.9860177467061038,0.34834235774674643
0.9854799677332616,0.3482185273159145
0.9854799677332616,0.3482516153553782
0.9854799677332616,0.3482847096835503
0.9854799677332616,0.3483178103022239
0.9854799677332616,0.34838403041825095
0.9854799677332616,0.3484171499191938
0.9854799677332616,0.34845027571781706
0.9854799677332616,0.3484834078159171
0.9854799677332616,0.348516546215291
0.9854799677332616,0.3485496909177366
0.9854799677332616,0.3485828419250523
0.9854799677332616,0.34861599923903736
0.9854799677332616,0.3486491628614916
0.9854799677332616,0.34868233279421557
0.9854799677332616,0.34871550903901044
0.9854799677332616,0.3487486915976782
0.9849421887604195,0.34862472637289427
0.9849421887604195,0.3486579097658481
0.9849421887604195,0.3486910994764398
0.9849421887604195,0.3487242955064737
0.9849421887604195,0.34875749785775495
0.9846732992739984,0.3486954865739859
0.9846732992739984,0.34872869250547567
0.9846732992739984,0.3487619047619048
0.9846732992739984,0.3487951233450805
0.9846732992739984,0.3488283482568108
0.9846732992739984,0.34886157949890445
0.9846732992739984,0.3488948170731707
0.9846732992739984,0.3489280609814197
0.9846732992739984,0.34896131122546215
0.9846732992739984,0.3489945678071095
0.9846732992739984,0.34902783072817384
0.9846732992739984,0.349061099990468
0.9846732992739984,0.34909437559580553
0.9846732992739984,0.34912765754600056
0.9846732992739984,0.34916094584286805
0.9846732992739984,0.3491942404882235
0.9846732992739984,0.3492275414838833
0.9846732992739984,0.3492608488316643
0.9846732992739984,0.3492941625333842
0.9846732992739984,0.3493274825908614
0.9846732992739984,0.3493608090059149
0.9844044097875773,0.3492987310371148
0.9844044097875773,0.3493320610687023
0.9844044097875773,0.34936539746158984
0.9844044097875773,0.34939874021759876
0.9844044097875773,0.34946544482626957
0.9844044097875773,0.34949880668257755
0.9844044097875773,0.3495321749092992
0.9844044097875773,0.34956554950825935
0.9844044097875773,0.34959893048128343
0.9844044097875773,0.3496323178301977
0.9844044097875773,0.349665711556829
0.9844044097875773,0.34969911166300505
0.9844044097875773,0.34973251815055406
0.9844044097875773,0.34976593102130504
0.9844044097875773,0.3497993502770877
0.9844044097875773,0.34983277591973244
0.9844044097875773,0.3498662079510703
0.9844044097875773,0.3498996463729332
0.9844044097875773,0.3499330911871535
0.9844044097875773,0.34996654239556446
0.9844044097875773,0.35
0.9844044097875773,0.3500334640022947
0.9838666308147351,0.3499091517643684
0.9838666308147351,0.3499426166794185
0.9838666308147351,0.3499760879961741
0.9838666308147351,0.35004304984215057
0.9838666308147351,0.3500765403750478
0.9838666308147351,0.35011003731700313
0.9838666308147351,0.3501435406698565
0.9838666308147351,0.3501770504354484
0.9838666308147351,0.3502105666156202
0.9838666308147351,0.35024408921221406
0.9838666308147351,0.35027761822707254
0.9838666308147351,0.35031115366203924
0.9838666308147351,0.35034469551895825
0.9838666308147351,0.3503782437996744
0.9838666308147351,0.3504117985060333
0.9838666308147351,0.3504453596398812
0.983597741328314,0.3503831417624521
0.983597741328314,0.35041670658109014
0.983597741328314,0.35045027783100213
0.983597741328314,0.3504838555140366
0.983597741328314,0.3505174396320429
0.983597741328314,0.3505510301868711
0.983597741328314,0.35058462718037187
0.983597741328314,0.3506182306143966
0.983328851841893,0.35055598159509205
0.983328851841893,0.35058958872591317
0.983328851841893,0.35065682232237033
0.9830599623554719,0.3505945531261987
0.9830599623554719,0.35062817684856623
0.9830599623554719,0.35066180702090927
0.9830599623554719,0.3506954436450839
0.9830599623554719,0.35072908672294706
0.9830599623554719,0.3507627362563561
0.9830599623554719,0.35079639224716946
0.9830599623554719,0.35083005469724593
0.9830599623554719,0.3508637236084453
0.9830599623554719,0.3508973989826279
0.9830599623554719,0.3509310808216548
0.9830599623554719,0.35096476912738794
0.9830599623554719,0.3509984639016897
0.9830599623554719,0.35106587286345303
0.9830599623554719,0.3510995870546432
0.9830599623554719,0.3511333077218594
0.9830599623554719,0.35116703486696765
0.9830599623554719,0.3512007684918348
0.9830599623554719,0.3512345085983284
0.9830599623554719,0.35126825518831667
0.9830599623554719,0.3513357678262541
0.9830599623554719,0.35140330642060746
0.9830599623554719,0.35147087098634877
0.9830599623554719,0.3515046630131718
0.9830599623554719,0.3515384615384615
0.9830599623554719,0.3515722665640927
0.9827910728690509,0.35150990575110597
0.9825221833826298,0.3514475329421949
0.9825221833826298,0.35148133897652944
0.9825221833826298,0.3515151515151515
0.9825221833826298,0.35154897055993845
0.9825221833826298,0.3515827961127682
0.9825221833826298,0.35161662817551964
0.9822532938962086,0.35155422962178806
0.9822532938962086,0.35158806544754573
0.9822532938962086,0.35165575664227955
0.9822532938962086,0.35168961201501875
0.9822532938962086,0.3517234739071827
0.9822532938962086,0.3517573423206548
0.9822532938962086,0.35179121725731893
0.9822532938962086,0.35182509871906
0.9822532938962086,0.35185898670776344
0.9822532938962086,0.3518928812253155
0.9822532938962086,0.3519267822736031
0.9822532938962086,0.3519606898545139
0.9822532938962086,0.3519946039699364
0.9822532938962086,0.35209638554216866
0.9822532938962086,0.35213032581453635
0.9822532938962086,0.3521642726308686
0.9822532938962086,0.3521982259930582
0.9822532938962086,0.35223218590299876
0.9822532938962086,0.35226615236258435
0.9822532938962086,0.3523001253737101
0.9822532938962086,0.3523341049382716
0.9822532938962086,0.35236809105816536
0.9822532938962086,0.3524020837352884
0.9822532938962086,0.35243608297153883
0.9822532938962086,0.35247008876881514
0.9822532938962086,0.3525041011290167
0.9822532938962086,0.3525381200540436
0.9822532938962086,0.35257214554579674
0.9822532938962086,0.35260617760617763
0.9822532938962086,0.3526402162370885
0.9822532938962086,0.3526742614404325
0.9822532938962086,0.35270831321811336
0.9822532938962086,0.35274237157203553
0.9822532938962086,0.3527764365041043
0.9819844044097876,0.3527139269847402
0.9819844044097876,0.35274799575002413
0.9819844044097876,0.3527820710973725
0.9819844044097876,0.3528161530286929
0.9819844044097876,0.35288433665088415
0.9817155149233665,0.3528218013142636
0.9817155149233665,0.3528559002609452
0.9817155149233665,0.35289000579934277
0.9817155149233665,0.3529241179313678
0.9817155149233665,0.3529582366589327
0.9817155149233665,0.3529923619839505
0.9817155149233665,0.35302649390833496
0.9817155149233665,0.3530606324340006
0.9817155149233665,0.35309477756286267
0.9817155149233665,0.3531289292968372
0.9817155149233665,0.35319725258779144
0.9817155149233665,0.3532314241486068
0.9817155149233665,0.3532656023222061
0.9814466254369454,0.3532030191600542
0.9814466254369454,0.3532372012000387
0.9814466254369454,0.3532713898567557
0.9814466254369454,0.3533055851321266
0.9811777359505244,0.35324298160697
0.9811777359505244,0.3533113865220759
0.9811777359505244,0.3533455989154643
0.9811777359505244,0.3533798179353089
0.9811777359505244,0.3534140435835351
0.9811777359505244,0.35344827586206895
0.9811777359505244,0.3534825147728374
0.9811777359505244,0.35351676031776785
0.9811777359505244,0.35358527131782946
0.9811777359505244,0.35361953677681945
0.9811777359505244,0.3536538088776895
0.9811777359505244,0.35368808762237086
0.9811777359505244,0.35372237301279563
0.9811777359505244,0.35375666505089676
0.9811777359505244,0.35379096373860774
0.9811777359505244,0.3538252690778629
0.9811777359505244,0.35385958107059734
0.9811777359505244,0.35389389971874696
0.9811777359505244,0.3539282250242483
0.9811777359505244,0.3539625569890387
0.9811777359505244,0.35399689561505626
0.9811777359505244,0.3540312409042398
0.9811777359505244,0.354065592858529
0.9811777359505244,0.3540999514798641
0.9811777359505244,0.3541343167701863
0.9811777359505244,0.3541686887314374
0.9811777359505244,0.35420306736556006
0.9811777359505244,0.35423745267449763
0.9811777359505244,0.3542718446601942
0.9811777359505244,0.3543062433245946
0.9811777359505244,0.3543406486696446
0.9811777359505244,0.35437506069729047
0.9811777359505244,0.3544094794094794
0.9811777359505244,0.3544439048081593
0.9811777359505244,0.3544783368952788
0.9811777359505244,0.35451277567278733
0.9811777359505244,0.35454722114263504
0.9811777359505244,0.3545816733067729
0.9811777359505244,0.3546161321671526
0.9809088464641033,0.3545534065506852
0.9809088464641033,0.3545878693623639
0.9809088464641033,0.35465681508846975
0.9809088464641033,0.35469129800680604
0.9809088464641033,0.3547257876312719
0.9809088464641033,0.3547602839638238
0.9809088464641033,0.354794787006419
0.9809088464641033,0.3548292967610155
0.9806399569776821,0.35476653696498056
0.9806399569776821,0.35480105068586437
0.9806399569776821,0.3548355711227865
0.9806399569776821,0.35490463215258855
0.9806399569776821,0.35493917274939174
0.9806399569776821,0.3549737200700798
0.9806399569776821,0.3550082741166164
0.9806399569776821,0.3550428348909657
0.9806399569776821,0.355077402395093
0.9806399569776821,0.355111976630964
0.9806399569776821,0.3551465576005453
0.9806399569776821,0.3551811453058044
0.9806399569776821,0.35521573974870946
0.9806399569776821,0.3552503409312293
0.9806399569776821,0.3553888130968622
0.9806399569776821,0.35542344800701686
0.9806399569776821,0.355458089668616
0.9806399569776821,0.3554927380836339
0.9806399569776821,0.35552739325404564
0.9803710674912611,0.3554645607877547
0.9803710674912611,0.35549921996879874
0.9803710674912611,0.3555338859093125
0.9803710674912611,0.3555685586112736
0.9803710674912611,0.3556379243074522
0.9803710674912611,0.3556726173056287
0.9803710674912611,0.3557073170731707
0.9803710674912611,0.3557420236120597
0.9803710674912611,0.3557767369242779
0.9803710674912611,0.35581145701180833
0.9803710674912611,0.3558461838766348
0.9803710674912611,0.3558809175207418
0.9803710674912611,0.3559156579461148
0.9803710674912611,0.3559504051547398
0.9803710674912611,0.35601991992969434
0.9803710674912611,0.3560546875
0.9803710674912611,0.3560894618615099
0.9803710674912611,0.3561242430162141
0.9803710674912611,0.35615903096610335
0.98010217800484,0.3561657221027946
0.98010217800484,0.3562005277044855
0.98010217800484,0.3562353401094605
0.98010217800484,0.3562701593197146
0.98010217800484,0.3563049853372434
0.98010217800484,0.3563398181640434
0.98010217800484,0.35637465780211186
0.98010217800484,0.35640950425344675
0.98010217800484,0.35644435752004694
0.98010217800484,0.356479217603912
0.98010217800484,0.3565489582314389
0.98010217800484,0.3565838387791039
0.98010217800484,0.3566536203522505
0.98010217800484,0.3566885213817399
0.98010217800484,0.3567234292425132
0.98010217800484,0.3567583439365763
0.98010217800484,0.35679326546593576
0.98010217800484,0.3568281938325991
0.98010217800484,0.3568631290385745
0.98010217800484,0.35689807108587096
0.98010217800484,0.35700293829578844
0.98010217800484,0.3570379077284749
0.98010217800484,0.35707288401253917
0.98010217800484,0.3571078671499951
0.9798332885184189,0.3570448755633941
0.9798332885184189,0.3570798628123469
0.9798332885184189,0.35711485691885536
0.9798332885184189,0.3571848657126054
0.9798332885184189,0.357219880403882
0.9798332885184189,0.3572549019607843
0.9798332885184189,0.3572899303853319
0.9798332885184189,0.357324965679545
0.9798332885184189,0.35736000784544475
0.9798332885184189,0.35739505688505296
0.9795643990319979,0.3573320255026974
0.9795643990319979,0.35736707867372963
0.9795643990319979,0.3574021387226528
0.9795643990319979,0.35743720565149134
0.9795643990319979,0.3574722794622706
0.9795643990319979,0.3575073601570167
0.9795643990319979,0.35771798900235663
0.9795643990319979,0.3577531179416675
0.9795643990319979,0.35778825378118245
0.9795643990319979,0.3578233965229349
0.9795643990319979,0.35785854616895874
0.9795643990319979,0.35792886618196107
0.9792955095455768,0.3578657757688906
0.9792955095455768,0.3579009433962264
0.9792955095455768,0.35793611793611796
0.9792955095455768,0.3579712993906035
0.9792955095455768,0.3580064877617222
0.9792955095455768,0.35804168305151396
0.9790266200591556,0.35801376597836776
0.9790266200591556,0.35804897236699773
0.9790266200591556,0.3580841856805665
0.9790266200591556,0.35811940592111735
0.9790266200591556,0.35815463309069445
0.9790266200591556,0.3581898671913428
0.9790266200591556,0.3582251082251082
0.9790266200591556,0.35829561110017716
0.9790266200591556,0.3583308729455762
0.9790266200591556,0.3583661417322835
0.9790266200591556,0.35840141746234866
0.9790266200591556,0.3584367001378224
0.9790266200591556,0.3584719897607561
0.9790266200591556,0.35850728633320206
0.9790266200591556,0.3585425898572132
0.9790266200591556,0.35857790033484344
0.9790266200591556,0.35864854215918046
0.9787577305727346,0.35858536104817257
0.9787577305727346,0.3586206896551724
0.9787577305727346,0.35865602522416
0.9787577305727346,0.3586913677571935
0.9784888410863135,0.3586281659603824
0.9784888410863135,0.3586635127143702
0.9784888410863135,0.35873422712933756
0.9784888410863135,0.35876959479443954
0.9784888410863135,0.35880496943403667
0.9784888410863135,0.35887573964497044
0.9782199515998924,0.358812506164316
0.9782199515998924,0.3588478989938844
0.9782199515998924,0.35888329880635295
0.9782199515998924,0.35891870560378847
0.9782199515998924,0.3589541193882585
0.9782199515998924,0.35898954016183143
0.9782199515998924,0.3590249679265765
0.9782199515998924,0.35906040268456374
0.9782199515998924,0.35909584443786396
0.9782199515998924,0.35920221169036337
0.9782199515998924,0.3592376814456404
0.9782199515998924,0.3592731582065969
0.9782199515998924,0.35930864197530865
0.9782199515998924,0.35934413275385224
0.9782199515998924,0.35937963054430505
0.9782199515998924,0.3594151353487453
0.9782199515998924,0.35945064716925207
0.9782199515998924,0.3594861660079051
0.9782199515998924,0.35952169186678523
0.9782199515998924,0.3595572247479739
0.9782199515998924,0.35959276465355344
0.9782199515998924,0.3596638655462185
0.9782199515998924,0.3597349945614556
0.9782199515998924,0.35977056962025317
0.9782199515998924,0.3598061517159529
0.9782199515998924,0.3598773370264121
0.9782199515998924,0.3599129402453502
0.9782199515998924,0.3599485505095478
0.9782199515998924,0.3599841678210964
0.9782199515998924,0.36001979218208807
0.9782199515998924,0.360055423594616
0.9782199515998924,0.360091062060774
0.9782199515998924,0.3601267075826569
0.9782199515998924,0.36016236016236014
0.9782199515998924,0.3601980198019802
0.9782199515998924,0.3602336865036142
0.9782199515998924,0.3602693602693603
0.9782199515998924,0.3603050411013172
0.9782199515998924,0.36034072900158476
0.9782199515998924,0.3603764239722635
0.9782199515998924,0.36041212601545475
0.9782199515998924,0.3604478351332607
0.9782199515998924,0.36048355132778437
0.9782199515998924,0.3605192746011297
0.9782199515998924,0.3605550049554014
0.9782199515998924,0.3606264869151467
0.9782199515998924,0.3606622385248339
0.9782199515998924,0.3606979972238747
0.9782199515998924,0.36073376301437776
0.9782199515998924,0.360769535898453
0.9779510621134714,0.36070613904591886
0.9779510621134714,0.3607419162864511
0.9779510621134714,0.360777700624938
0.9779510621134714,0.3608492906042266
0.9779510621134714,0.3608850962492558
0.9779510621134714,0.3609209090006947
0.9779510621134714,0.360956728860659
0.9779510621134714,0.3609925558312655
0.9779510621134714,0.3610283899146317
0.9779510621134714,0.361064231112876
0.9779510621134714,0.36110007942811756
0.9779510621134714,0.3611717974180735
0.9776821726270503,0.3611083523686563
0.9776821726270503,0.36114421930870083
0.9776821726270503,0.36118009337439155
0.9776821726270503,0.36121597456785215
0.9776821726270503,0.36125186289120714
0.9776821726270503,0.3612877583465819
0.9776821726270503,0.3613236609361026
0.9776821726270503,0.3613595706618962
0.9776821726270503,0.3614314115308151
0.9776821726270503,0.36146734267819863
0.9776821726270503,0.3615032809703718
0.9776821726270503,0.36153922640946606
0.9776821726270503,0.3615751789976134
0.9776821726270503,0.3616471056296002
0.9776821726270503,0.36168307967770813
0.9776821726270503,0.3617190608834063
0.9776821726270503,0.36186305732484075
0.9776821726270503,0.3618990743505524
0.9776821726270503,0.36193509854668526
0.9776821726270503,0.3619711299153808
0.9776821726270503,0.36200716845878134
0.9776821726270503,0.3620432141790302
0.9776821726270503,0.36207926707827126
0.9776821726270503,0.3621153271586495
0.9776821726270503,0.36215139442231076
0.9776821726270503,0.3621874688714015
0.9776821726270503,0.3622235505080693
0.9776821726270503,0.3623679489734901
0.9776821726270503,0.36240406658028507
0.9776821726270503,0.3624401913875598
0.9776821726270503,0.3624763233974678
0.9776821726270503,0.3625124626121635
0.9776821726270503,0.362548609033802
0.9774132831406293,0.36248504188272834
0.9774132831406293,0.36252119277949535
0.9774132831406293,0.362557350887692
0.9774132831406293,0.36259351620947633
0.9774132831406293,0.3626296887470072
0.9774132831406293,0.36266586850244437
0.9774132831406293,0.36270205547794854
0.9774132831406293,0.3627382496756811
0.9774132831406293,0.3627744510978044
0.9774132831406293,0.3628106597464817
0.9774132831406293,0.362846875623877
0.9774132831406293,0.36288309873215535
0.9774132831406293,0.36291932907348246
0.9774132831406293,0.362955566650025
0.9774132831406293,0.3629918114639505
0.9774132831406293,0.36302806351742734
0.9774132831406293,0.36306432281262485
0.9774132831406293,0.36310058935171313
0.9774132831406293,0.36313686313686316
0.9774132831406293,0.36317314417024676
0.9774132831406293,0.36320943245403675
0.9774132831406293,0.3632457279904067
0.9774132831406293,0.3633183408295852
0.9774132831406293,0.3633546581367453
0.9774132831406293,0.36339098270518844
0.9774132831406293,0.3634273145370926
0.9774132831406293,0.36346365363463656
0.9774132831406293,0.3635
0.9774132831406293,0.3635363536353635
0.9774132831406293,0.36357271454290857
0.9774132831406293,0.36360908272481746
0.9774132831406293,0.36368184092046024
0.9774132831406293,0.36371823093856315
0.9771443936542081,0.3636545581907335
0.9771443936542081,0.36369095276220975
0.9771443936542081,0.36372735461915723
0.976875504167787,0.36366366366366365
0.976875504167787,0.36370007007708477
0.976875504167787,0.36373648378053663
0.976606614681366,0.3636727746069891
0.976606614681366,0.363709192870018
0.976606614681366,0.36374561842764147
0.976606614681366,0.36378205128205127
0.976606614681366,0.36381849143544026
0.976606614681366,0.363854938890002
0.976606614681366,0.3640737770649559
0.976606614681366,0.36411027568922305
0.976606614681366,0.36414678163224384
0.976606614681366,0.3641832948962198
0.976606614681366,0.3642198154833534
0.976606614681366,0.36425634339584795
0.976606614681366,0.3642928786359077
0.976606614681366,0.3643294212057378
0.976606614681366,0.36436597110754415
0.976606614681366,0.36440252834353365
0.976606614681366,0.3644390929159141
0.976606614681366,0.36447566482689414
0.976606614681366,0.36451224407868327
0.9763377251949449,0.36444845929940783
0.9763377251949449,0.3644850431640233
0.9763377251949449,0.3645216343740588
0.9763377251949449,0.3645582329317269
0.9763377251949449,0.3645948388392409
0.9763377251949449,0.36463145209881503
0.9763377251949449,0.36466807271266444
0.9763377251949449,0.3647047006830052
0.9763377251949449,0.3647413360120542
0.9763377251949449,0.3647779787020293
0.9763377251949449,0.3648146287551492
0.9763377251949449,0.36488795095970256
0.9763377251949449,0.3649246231155779
0.9763377251949449,0.36496130264348176
0.9763377251949449,0.36499798954563734
0.9763377251949449,0.3650346838242686
0.9763377251949449,0.3650713854816006
0.9763377251949449,0.3651080945198592
0.9760688357085238,0.36504424778761063
0.9760688357085238,0.3651176825588413
0.9760688357085238,0.3651544110250478
0.9760688357085238,0.36519114688128773
0.9760688357085238,0.36522789012979173
0.9760688357085238,0.3652646407727913
0.9760688357085238,0.3653013988125189
0.9760688357085238,0.36533816425120774
0.9760688357085238,0.3653749370910921
0.9760688357085238,0.3654117173344071
0.9760688357085238,0.3654485049833887
0.9760688357085238,0.36548530004027385
0.9757999462221028,0.36542140771322124
0.9755310567356816,0.3653575025176234
0.9755310567356816,0.36539429952663915
0.9755310567356816,0.3654311039484287
0.9755310567356816,0.3654679157852322
0.9755310567356816,0.36550473503929076
0.9755310567356816,0.3655783958081419
0.9752621672492605,0.3655144613524136
0.9752621672492605,0.3655513001411006
0.9752621672492605,0.3655881463562141
0.9752621672492605,0.365625
0.9752621672492605,0.3656618610747051
0.9752621672492605,0.36569872958257715
0.9752621672492605,0.3657356055258647
0.9752621672492605,0.36577248890681724
0.9752621672492605,0.36580937972768535
0.9752621672492605,0.36584627799072017
0.9752621672492605,0.36592009685230026
0.9752621672492605,0.36595701745535264
0.9752621672492605,0.36599394550958625
0.9752621672492605,0.36603088101725706
0.9752621672492605,0.3660678239806217
0.9752621672492605,0.366104774401938
0.9752621672492605,0.3661417322834646
0.9752621672492605,0.36617869762746086
0.9752621672492605,0.3662156704361874
0.9752621672492605,0.3662526507119055
0.9749932777628395,0.3661886487578267
0.9749932777628395,0.36622563377436623
0.9749932777628395,0.3662626262626263
0.9749932777628395,0.36633663366336633
0.9749932777628395,0.3663736485803779
0.9749932777628395,0.366410670978173
0.9749932777628395,0.36644770085901973
0.9749932777628395,0.36648473822518696
0.9749932777628395,0.36652178307894473
0.9749932777628395,0.3665588354225637
0.9749932777628395,0.3666329625884732
0.9749932777628395,0.36667003741530996
0.9749932777628395,0.3667071197411003
0.9749932777628395,0.36674420956811976
0.9749932777628395,0.3667813068986445
0.9749932777628395,0.36681841173495194
0.9749932777628395,0.3668555240793201
0.9749932777628395,0.36689264393402815
0.9749932777628395,0.366929771301356
0.9749932777628395,0.3669669061835847
0.9749932777628395,0.36700404858299596
0.9749932777628395,0.36704119850187267
0.9749932777628395,0.3670783559424985
0.9749932777628395,0.36711552090715804
0.9749932777628395,0.3671526933981369
0.9749932777628395,0.3671898734177215
0.9749932777628395,0.3672270609681993
0.9749932777628395,0.3672642560518586
0.9749932777628395,0.3673014586709887
0.9749932777628395,0.36733866882787963
0.9749932777628395,0.36737588652482267
0.9749932777628395,0.36741311176410985
0.9749932777628395,0.36745034454803405
0.9749932777628395,0.3675248327589702
0.9749932777628395,0.36756208819057273
0.9749932777628395,0.3675993511759935
0.9749932777628395,0.36763662171753014
0.9749932777628395,0.36771118547814624
0.9744554987899973,0.36758291916015823
0.9744554987899973,0.3676202069385271
0.9744554987899973,0.36765750228264177
0.9741866093035763,0.36759334415584416
0.9739177198171551,0.3675291730086251
0.9739177198171551,0.36756647046884516
0.9739177198171551,0.36760377549984774
0.9739177198171551,0.3676410881039383
0.9739177198171551,0.367678408283423
0.9739177198171551,0.36771573604060914
0.9739177198171551,0.36775307137780483
0.9739177198171551,0.36779041429731923
0.9739177198171551,0.3678277648014624
0.9739177198171551,0.36790248857287966
0.9739177198171551,0.36793986184477856
0.9739177198171551,0.3679772427105557
0.9739177198171551,0.3680146311725259
0.9739177198171551,0.3680520272330048
0.9739177198171551,0.36808943089430896
0.9739177198171551,0.36812684215875596
0.9739177198171551,0.36820168750635357
0.9739177198171551,0.36823912159414396
0.9739177198171551,0.3682765632943569
0.9739177198171551,0.3683140126093146
0.9739177198171551,0.3683514695413404
0.9739177198171551,0.36838893409275836
0.973648830330734,0.36832468721391515
0.973648830330734,0.3683621566632757
0.973648830330734,0.368399633736901
0.973379940844313,0.36833536833536834
0.973379940844313,0.36837285031036937
0.973379940844313,0.3684103399145125
0.973379940844313,0.36844783715012724
0.973379940844313,0.36848534201954397
0.973379940844313,0.36852285452509415
0.973379940844313,0.3685603746691102
0.973379940844313,0.36859790245392526
0.973379940844313,0.36863543788187375
0.973379940844313,0.3686729809552908
0.9731110513578919,0.36860867793848034
0.9731110513578919,0.3686462259346032
0.9731110513578919,0.3686837815810921
0.9728421618714709,0.36861946001018847
0.9728421618714709,0.36865702058284083
0.9728421618714709,0.3686945888107612
0.9725732723850498,0.3686302486750917
0.9725732723850498,0.36866782183263686
0.9723043828986286,0.36860346585117226
0.9723043828986286,0.36864104393923947
0.9723043828986286,0.36867862969004894
0.9723043828986286,0.3687162231059447
0.9723043828986286,0.3687538241892719
0.9723043828986286,0.3687914329423763
0.9723043828986286,0.3688290493676051
0.9720354934122076,0.36876466387840456
0.9720354934122076,0.3688022852479086
0.9717666039257865,0.36873788388939904
0.9717666039257865,0.36881314419838757
0.9717666039257865,0.3688507858746683
0.9717666039257865,0.3688884352352761
0.9717666039257865,0.3689260922825643
0.9717666039257865,0.3689637570188872
0.97015326700726,0.36861463015937884
0.97015326700726,0.368652293859201
0.9698843775208389,0.3685877784590231
0.9698843775208389,0.36862544711292794
0.9696154880344179,0.3685609157808667
0.9696154880344179,0.36859858938975776
0.9693465985479968,0.36853404211817625
0.9693465985479968,0.36857172068295674
0.9693465985479968,0.36860940695296524
0.9693465985479968,0.3686471009305655
0.9693465985479968,0.3686848026181223
0.9693465985479968,0.36872251201800144
0.9693465985479968,0.36876022913256956
0.9693465985479968,0.36879795396419435
0.9693465985479968,0.36887342678808965
0.9693465985479968,0.36891117478510027
0.9693465985479968,0.368948930508648
0.9693465985479968,0.36898669396110545
0.9693465985479968,0.36902446514484594
0.9693465985479968,0.3690622440622441
0.9693465985479968,0.3691000307156752
0.9690777090615756,0.3690354290395249
0.9690777090615756,0.3690732206861239
0.9688088195751546,0.3690086030315444
0.9688088195751546,0.3690463996722319
0.9685399300887335,0.3689817660315509
0.9685399300887335,0.3690195676672472
0.9685399300887335,0.36920869208692086
0.9685399300887335,0.3692465402357765
0.9685399300887335,0.3692843961451712
0.9685399300887335,0.36932225981749206
0.9685399300887335,0.3693601312551272
0.9685399300887335,0.3693980104604656
0.9685399300887335,0.36943589743589744
0.9685399300887335,0.3694737921838137
0.9685399300887335,0.3695116947066065
0.9685399300887335,0.3695496050066687
0.9685399300887335,0.3695875230863944
0.9685399300887335,0.36962544894817856
0.9685399300887335,0.36966338259441706
0.9685399300887335,0.36970132402750694
0.9685399300887335,0.369739273249846
0.9685399300887335,0.3697772302638333
0.9685399300887335,0.3698151950718686
0.9685399300887335,0.3698531676763528
0.9685399300887335,0.3698911480796878
0.9685399300887335,0.3699291362842765
0.9685399300887335,0.3699671322925226
0.9685399300887335,0.370005136106831
0.9685399300887335,0.37004314772960756
0.9685399300887335,0.370081167163259
0.9682710406023125,0.3700164406083025
0.9682710406023125,0.3700544651114993
0.9682710406023125,0.37009249743062694
0.9682710406023125,0.37016858552631576
0.9682710406023125,0.3702066413077002
0.9682710406023125,0.3702447049146617
0.9682710406023125,0.3702827763496144
0.9682710406023125,0.37032085561497324
0.9682710406023125,0.3703589427131544
0.9682710406023125,0.3703970376465748
0.9682710406023125,0.3704351404176525
0.9682710406023125,0.37047325102880657
0.9682710406023125,0.37051136948245705
0.9682710406023125,0.37058762992693217
0.9682710406023125,0.3706257719226019
0.9663888141973649,0.37017200535585537
0.9663888141973649,0.37021013597033375
0.9663888141973649,0.37024827444112496
0.9661199247109438,0.370183391716464
0.9661199247109438,0.3702215352910871
0.9661199247109438,0.37025968672712284
0.9661199247109438,0.37029784602700194
0.9661199247109438,0.37033601319315607
0.9661199247109438,0.3703741882280177
0.9661199247109438,0.37041237113402065
0.9661199247109438,0.3704505619135993
0.9661199247109438,0.3704887605691895
0.9661199247109438,0.3705269671032278
0.9661199247109438,0.3705651815181518
0.9661199247109438,0.3706034038164002
0.9658510352245228,0.37053847740870643
0.9655821457381016,0.37047353760445684
0.9655821457381016,0.37051176227816757
0.9655821457381016,0.3705499948405737
0.9655821457381016,0.37058823529411766
0.9655821457381016,0.3706264836412426
0.9655821457381016,0.3706647398843931
0.9655821457381016,0.37070300402601425
0.9655821457381016,0.37074127606855256
0.9655821457381016,0.37077955601445534
0.9655821457381016,0.37085613962614894
0.9655821457381016,0.3708944432968395
0.9655821457381016,0.37093275488069416
0.9653132562516805,0.37086776859504134
0.9653132562516805,0.37090608533939456
0.9650443667652595,0.3708410828683612
0.9650443667652595,0.3708794047742069
0.9647754772788384,0.3708143861099628
0.9645065877924173,0.37074935400516795
0.9642376983059963,0.3706843084556543
0.9642376983059963,0.3707226300010338
0.9642376983059963,0.37076095947063686
0.9642376983059963,0.3707992968669217
0.9642376983059963,0.37083764219234744
0.9642376983059963,0.3708759954493743
0.9642376983059963,0.371067880794702
0.9642376983059963,0.371106281693056
0.9639688088195751,0.3710411922997309
0.9639688088195751,0.37107959838526033
0.9639688088195751,0.3711564344135004
0.9639688088195751,0.371233302267785
0.9639688088195751,0.37127174813587405
0.9639688088195751,0.3713102019678923
0.9639688088195751,0.3713486637663145
0.9639688088195751,0.37138713353361646
0.9639688088195751,0.3714256112722752
0.9639688088195751,0.3714640969847684
0.9639688088195751,0.3715025906735751
0.9639688088195751,0.37154109234117527
0.9639688088195751,0.37157960199004975
0.9639688088195751,0.37161811962268065
0.9639688088195751,0.3716566452415509
0.9639688088195751,0.37169517884914466
0.9639688088195751,0.3717337204479469
0.9639688088195751,0.37177227004044383
0.9639688088195751,0.3718108276291226
0.963699919333154,0.37174566953635513
0.963699919333154,0.37178423236514524
0.963699919333154,0.3718228031953522
0.963699919333154,0.37186138202946667
0.963699919333154,0.3718999688699803
0.963699919333154,0.37197716658017643
0.963699919333154,0.37201577745484743
0.963699919333154,0.3720543963458943
0.963699919333154,0.37209302325581395
0.963699919333154,0.37213165818710414
0.963699919333154,0.37217030114226374
0.963699919333154,0.37220895212379274
0.963699919333154,0.3722476111341919
0.963699919333154,0.37228627817596344
0.963699919333154,0.37232495325161025
0.963699919333154,0.37236363636363634
0.963699919333154,0.372402327514547
0.963699919333154,0.3724410267068482
0.963699919333154,0.3724797339430472
0.963431029846733,0.3724145099262031
0.963431029846733,0.37245322245322243
0.963431029846733,0.37249194302942096
0.963431029846733,0.3725306716573092
0.963431029846733,0.372569408339399
0.9631621403603119,0.37250415973377704
0.9631621403603119,0.37254290171606863
0.9631621403603119,0.3725816517578531
0.9628932508738909,0.37251638406324766
0.9628932508738909,0.372555139409072
0.9628932508738909,0.3725939028196858
0.9628932508738909,0.37263267429760666
0.9628932508738909,0.37267145384535333
0.9628932508738909,0.37271024146544546
0.9626243613874698,0.3726449463932549
0.9626243613874698,0.37268373932958565
0.9626243613874698,0.37272254034357105
0.9626243613874698,0.37276134943773426
0.9626243613874698,0.3728001666145996
0.9626243613874698,0.37283899187669234
0.9626243613874698,0.3728778252265389
0.9626243613874698,0.3729166666666667
0.9626243613874698,0.3729555161996041
0.9626243613874698,0.3729943738278808
0.9626243613874698,0.3730332395540273
0.9623554719010486,0.37296790329303875
0.9623554719010486,0.3730456535334584
0.9623554719010486,0.373084540811008
0.9623554719010486,0.3731234361968307
0.9623554719010486,0.37316233969346263
0.9623554719010486,0.37320125130344106
0.9623554719010486,0.3732401710293044
0.9620865824146276,0.37317480183562785
0.9620865824146276,0.3732137269218734
0.9620865824146276,0.3732526601293553
0.9620865824146276,0.3733695085046436
0.9620865824146276,0.3734084742225005
0.9620865824146276,0.37344744807431374
0.9620865824146276,0.3734864300626305
0.9620865824146276,0.37352542018999896
0.9620865824146276,0.3735644184589685
0.9620865824146276,0.37360342487208936
0.9620865824146276,0.3736424394319131
0.9620865824146276,0.3737595320171315
0.9620865824146276,0.37379857918930215
0.9620865824146276,0.3738376345209487
0.9618176929282065,0.37377220480668755
0.9618176929282065,0.373811265544989
0.9618176929282065,0.3738503344481605
0.9618176929282065,0.3738894115187624
0.9615488034417854,0.3738239598578298
0.9615488034417854,0.3738630423418714
0.9615488034417854,0.3739021329987453
0.9615488034417854,0.37394123183101535
0.9615488034417854,0.3739803388412466
0.9615488034417854,0.37405857740585774
0.9615488034417854,0.3740977089653729
0.9615488034417854,0.37417599665166895
0.9615488034417854,0.37421515278359146
0.9615488034417854,0.37425431711145996
0.9615488034417854,0.37429348963784803
0.9615488034417854,0.37433267036533024
0.9612799139553644,0.3742671691792295
0.9612799139553644,0.37430635535546014
0.9612799139553644,0.3743455497382199
0.9612799139553644,0.37438475233008695
0.9612799139553644,0.37442396313364057
0.9612799139553644,0.3744631821514612
0.9610110244689433,0.37439765346742093
0.9607421349825221,0.37433211105290726
0.9607421349825221,0.374371332774518
0.9607421349825221,0.374410562716127
0.9604732454961011,0.37434500104799834
0.9604732454961011,0.37438423645320196
0.9604732454961011,0.37442348008385745
0.9604732454961011,0.37446273194255164
0.96020435600968,0.3743971482491088
0.96020435600968,0.37443640557827407
0.96020435600968,0.3744756711409396
0.96020435600968,0.37451494493969584
0.9596665770368379,0.3743837197104794
0.9596665770368379,0.374422996223248
0.9596665770368379,0.3744622809778617
0.9596665770368379,0.374501573976915
0.9596665770368379,0.37454087522300344
0.9596665770368379,0.3745801847187238
0.9596665770368379,0.37461950246667364
0.9596665770368379,0.37465882846945203
0.9596665770368379,0.3746981627296588
0.9596665770368379,0.374737505249895
0.9596665770368379,0.3747768560327628
0.9596665770368379,0.3748162150808654
0.9596665770368379,0.37485558239680705
0.9596665770368379,0.3748949579831933
0.9596665770368379,0.3749343418426305
0.9593976875504168,0.37486866988863204
0.9593976875504168,0.3749080592623726
0.9593976875504168,0.37494745691467
0.9593976875504168,0.37498686284813454
0.9591287980639956,0.374921168803868
0.9591287980639956,0.3749605802585935
0.9591287980639956,0.375
0.9588599085775746,0.3749342866154978
0.9588599085775746,0.3749737118822292
0.9588599085775746,0.375013145441161
0.9585910190911535,0.37494741270509047
0.9585910190911535,0.3750262991794656
0.9585910190911535,0.3750657548658601
0.9585910190911535,0.37510521885521886
0.9585910190911535,0.3751446911501631
0.9585910190911535,0.3751841717533151
0.9585910190911535,0.3752236606672982
0.9585910190911535,0.37526315789473685
0.9585910190911535,0.37530266343825663
0.9585910190911535,0.3753421773004843
0.9585910190911535,0.3753816994840476
0.9585910190911535,0.37546076882569773
0.9585910190911535,0.3755003159890457
0.9585910190911535,0.37553987148425155
0.9583221296047325,0.3754740834386852
0.9583221296047325,0.3755532139093783
0.9583221296047325,0.3755927916534935
0.9583221296047325,0.37563237774030356
0.9583221296047325,0.3756719721724465
0.9583221296047325,0.3757115749525617
0.9580532401183114,0.3756457564575646
0.9580532401183114,0.3756853648249684
0.9580532401183114,0.37572498154592426
0.9580532401183114,0.3757646066230753
0.9580532401183114,0.3758042400590655
0.9580532401183114,0.3758438818565401
0.9580532401183114,0.3758835320181454
0.9580532401183114,0.3759231905465288
0.9580532401183114,0.37596285744433894
0.9580532401183114,0.3760025327142254
0.9580532401183114,0.37604221635883905
0.9580532401183114,0.3760819083808318
0.9580532401183114,0.37612160878285655
0.9580532401183114,0.37616131756756754
0.9580532401183114,0.3762010347376201
0.9580532401183114,0.37624076029567055
0.9580532401183114,0.3762804942443764
0.9580532401183114,0.3763202365863963
0.9580532401183114,0.37635998732438997
0.9580532401183114,0.37639974646101837
0.9580532401183114,0.3764395139989435
0.9580532401183114,0.3764792899408284
0.9580532401183114,0.3765190742893374
0.9580532401183114,0.3765588670471359
0.9580532401183114,0.3765986682168904
0.9580532401183114,0.3766384778012685
0.9580532401183114,0.376678295802939
0.9580532401183114,0.3767181222245718
0.9580532401183114,0.3767579570688379
0.9580532401183114,0.3768376520359598
0.9580532401183114,0.3768775121641633
0.9577843506318903,0.37681159420289856
0.9577843506318903,0.3768514600084638
0.9577843506318903,0.3768913342503439
0.9577843506318903,0.37693121693121695
0.9577843506318903,0.3769711080537623
0.9577843506318903,0.3770110076206605
0.9577843506318903,0.377050915634593
0.9577843506318903,0.3770908320982426
0.9577843506318903,0.37713075701429327
0.9577843506318903,0.3771706903854299
0.9577843506318903,0.37721063221433865
0.9577843506318903,0.37725058250370685
0.9577843506318903,0.37729054125622286
0.9577843506318903,0.3773305084745763
0.9577843506318903,0.3773704841614578
0.9577843506318903,0.3774104683195592
0.9575154611454693,0.3773444950725866
0.9575154611454693,0.37738448495125054
0.9572465716590481,0.3773184949655538
0.9572465716590481,0.37735849056603776
0.9572465716590481,0.3773984946464539
0.9572465716590481,0.37743850720949956
0.9572465716590481,0.377478528257873
0.9572465716590481,0.37751855779427357
0.9572465716590481,0.37755859582140205
0.9572465716590481,0.3775986423419601
0.9572465716590481,0.3776386973586507
0.9572465716590481,0.3776787608741778
0.9572465716590481,0.3777188328912467
0.9572465716590481,0.3777589134125637
0.956977682172627,0.3776928791255439
0.956977682172627,0.37773296540012735
0.956977682172627,0.37777306018469375
0.956977682172627,0.3778131634819533
0.956977682172627,0.37785327529461726
0.956977682172627,0.3779335244770097
0.956977682172627,0.3779736618521665
0.956977682172627,0.37801380775358473
0.956977682172627,0.3780539621839813
0.956977682172627,0.3780941251460746
0.956977682172627,0.3781342966425839
0.956708792686206,0.37806821804271595
0.956708792686206,0.37810839532412327
0.956708792686206,0.37814858114571154
0.956708792686206,0.3781887755102041
0.956708792686206,0.37822897842032527
0.956708792686206,0.37826918987880076
0.956708792686206,0.37830940988835726
0.956708792686206,0.37834963845172265
0.956708792686206,0.37838987557162607
0.956708792686206,0.3784301212507977
0.956708792686206,0.37847037549196894
0.956708792686206,0.37851063829787235
0.956708792686206,0.3785509096712416
0.956708792686206,0.37859118961481164
0.956708792686206,0.37863147813131853
0.9564399031997849,0.37856534695615157
0.9564399031997849,0.37860564129856306
0.9564399031997849,0.3786459442197147
0.9564399031997849,0.37868625572234643
0.9564399031997849,0.37872657580919933
0.9564399031997849,0.37876690448301564
0.9564399031997849,0.37880724174653885
0.9564399031997849,0.3788475876025136
0.9561710137133638,0.3787814230933106
0.9559021242269428,0.37871524448705657
0.9559021242269428,0.37875559343703386
0.9559021242269428,0.37879595098561536
0.9556332347405216,0.3787297527706735
0.9556332347405216,0.37877011616753703
0.9556332347405216,0.37881048816883395
0.9556332347405216,0.37885086877731583
0.9556332347405216,0.3788912579957356
0.9556332347405216,0.37893165582684724
0.9556332347405216,0.37897206227340585
0.9556332347405216,0.37901247733816784
0.9556332347405216,0.3790529010238908
0.9556332347405216,0.37909333333333334
0.9556332347405216,0.3791337742692554
0.9553643452541005,0.37906753440734026
0.9553643452541005,0.37910798122065725
0.9553643452541005,0.379148436666311
0.9553643452541005,0.3791889007470651
0.9553643452541005,0.3792293734656847
0.9553643452541005,0.37926985482493597
0.9553643452541005,0.3793103448275862
0.9553643452541005,0.379350843476404
0.9553643452541005,0.3793913507741591
0.9553643452541005,0.3794318667236224
0.9553643452541005,0.37947239132756594
0.9553643452541005,0.37951292458876307
0.9550954557676795,0.3794466403162055
0.9550954557676795,0.37948717948717947
0.9548265662812584,0.37942087829896354
0.9548265662812584,0.3794614233810643
0.9548265662812584,0.3795425395468149
0.9548265662812584,0.3795831106360235
0.9548265662812584,0.37962369039982896
0.9548265662812584,0.37966427884101356
0.9545576767948373,0.3795979469632164
0.9545576767948373,0.3796385413324778
0.9545576767948373,0.37967914438502676
0.9545576767948373,0.3797197561236496
0.9545576767948373,0.3797603765511339
0.9545576767948373,0.37980100567026853
0.9545576767948373,0.37984164348384336
0.9545576767948373,0.37988228999464957
0.9545576767948373,0.3799229452054795
0.9545576767948373,0.37996360911912663
0.9545576767948373,0.3800042817383858
0.9542887873084163,0.37993790814687933
0.9542887873084163,0.3799785867237687
0.9542887873084163,0.38001927401220686
0.9542887873084163,0.3800599700149925
0.9542887873084163,0.3801006747349256
0.9542887873084163,0.3801413881748072
0.9542887873084163,0.38018211033743976
0.9542887873084163,0.3802228412256267
0.9542887873084163,0.38026358084217293
0.9542887873084163,0.38030432918988427
0.9540198978219951,0.3802379166220127
0.9540198978219951,0.3803194340229392
0.9540198978219951,0.38036020583190394
0.953751008335574,0.38029377077302456
0.953751008335574,0.3803345485738795
0.953751008335574,0.3803753351206434
0.953751008335574,0.3804161304161304
0.953751008335574,0.38045693446315565
0.953751008335574,0.3804977472645355
0.953751008335574,0.3805385688230877
0.953751008335574,0.3805793991416309
0.953751008335574,0.3806610860699721
0.953751008335574,0.38070194268541374
0.953751008335574,0.38074280807213395
0.953751008335574,0.3807836822329576
0.953751008335574,0.3808245651707108
0.953482118849153,0.3807580801030817
0.953482118849153,0.38079896907216493
0.953482118849153,0.38083986682418647
0.953482118849153,0.38088077336197634
0.953482118849153,0.3809216886883661
0.9532132293627319,0.38085517834121185
0.9532132293627319,0.3808960997098958
0.9532132293627319,0.38097796883396023
0.9532132293627319,0.3810189165950129
0.9532132293627319,0.381059873159196
0.9532132293627319,0.3811008385293485
0.9532132293627319,0.3811827956989247
0.9529443398763109,0.3811162490590386
0.9529443398763109,0.38119823599010433
0.9529443398763109,0.3812392426850258
0.9529443398763109,0.3812802582033351
0.9529443398763109,0.38132128254788034
0.9529443398763109,0.3813623157215108
0.9529443398763109,0.38140335772707706
0.9529443398763109,0.38144440856743084
0.9529443398763109,0.3814854682454252
0.9529443398763109,0.3815265367639143
0.9529443398763109,0.3815676141257537
0.9529443398763109,0.38164979539091104
0.9529443398763109,0.38169089929994615
0.9529443398763109,0.3817320120637656
0.9529443398763109,0.3817731336852311
0.9529443398763109,0.3818142641672053
0.9529443398763109,0.38185540351255254
0.9529443398763109,0.38189655172413794
0.9529443398763109,0.3819377088048281
0.9529443398763109,0.3819788747574908
0.9529443398763109,0.38202004958499514
0.9529443398763109,0.3820612332902113
0.9529443398763109,0.3821024258760108
0.9529443398763109,0.38214362734526636
0.9529443398763109,0.38218483770085193
0.9529443398763109,0.3822260569456428
0.9529443398763109,0.3822672850825154
0.9529443398763109,0.38230852211434735
0.9529443398763109,0.3823497680440177
0.9529443398763109,0.38239102287440657
0.9526754503898898,0.38232437682097764
0.9526754503898898,0.3823656378156702
0.9526754503898898,0.3824069077172153
0.9526754503898898,0.38244818652849744
0.9526754503898898,0.38248947425240204
0.9526754503898898,0.38253077089181603
0.9524065609034686,0.382464096749811
0.9524065609034686,0.38250539956803453
0.9524065609034686,0.3825467113079166
0.9524065609034686,0.38258803197234825
0.9524065609034686,0.38262936156422167
0.9524065609034686,0.38267070008643045
0.9524065609034686,0.38271204754186927
0.9524065609034686,0.3827534039334342
0.9524065609034686,0.3827947692640225
0.9524065609034686,0.38283614353653267
0.9524065609034686,0.38287752675386444
0.9524065609034686,0.38291891891891894
0.9524065609034686,0.38296032003459834
0.9524065609034686,0.3830017301038062
0.9524065609034686,0.38308457711442784
0.9524065609034686,0.38316745997403723
0.9524065609034686,0.3832089148544845
0.9524065609034686,0.38325037870590783
0.9524065609034686,0.3832918515312196
0.9524065609034686,0.38333333333333336
0.9521376714170476,0.38326658729299706
0.9521376714170476,0.3833080753409829
0.9521376714170476,0.38334957237198225
0.9521376714170476,0.38339107838891295
0.9521376714170476,0.3834325933946941
0.9521376714170476,0.38347411739224607
0.9518687819306265,0.3834073432253872
0.9515998924442054,0.383340554592721
0.9515998924442054,0.3833820821146138
0.9515998924442054,0.3834236186348862
0.9515998924442054,0.3834651641564633
0.9515998924442054,0.3835067186822714
0.9515998924442054,0.3835482822152379
0.9513310029577844,0.3834814654238023
0.9513310029577844,0.3835230352303523
0.9510621134713633,0.38345620121422375
0.9510621134713633,0.3834977772958907
0.9510621134713633,0.38353936239427455
0.9510621134713633,0.38358095651230883
0.9510621134713633,0.3836225596529284
0.9510621134713633,0.3836641718190693
0.9510621134713633,0.3837057930136689
0.9507932239849421,0.383638928067701
0.9507932239849421,0.3836805555555556
0.9507932239849421,0.38372219207813346
0.9505243344985211,0.3836553071413067
0.9505243344985211,0.3836969499620102
0.9505243344985211,0.3837386018237082
0.9502554450121,0.38367169688416025
0.9502554450121,0.38371335504885995
0.9502554450121,0.3837550222608318
0.9502554450121,0.38379669852302345
0.9499865555256789,0.383729770826545
0.9499865555256789,0.38377145339995655
0.9499865555256789,0.38381314502987507
0.9497176660392579,0.38374619730551934
0.9497176660392579,0.3837878952515484
0.9497176660392579,0.38382960226037816
0.9497176660392579,0.3838713183349636
0.9497176660392579,0.3839130434782609
0.9497176660392579,0.3839547776932275
0.9497176660392579,0.38399652098282233
0.9497176660392579,0.38403827335000545
0.9497176660392579,0.38408003479773817
0.9497176660392579,0.38412180532898316
0.9494487765528368,0.3840548183597999
0.9494487765528368,0.38409659523550527
0.9494487765528368,0.3841383812010444
0.9494487765528368,0.38418017625938417
0.9491798870664157,0.38411316648531013
0.9491798870664157,0.38415496789639786
0.9491798870664157,0.3841967784066173
0.9491798870664157,0.3842385980189398
0.9491798870664157,0.38432226456178553
0.9491798870664157,0.38436411149825783
0.9491798870664157,0.38440596754873135
0.9491798870664157,0.3844478327161838
0.9491798870664157,0.38448970700359436
0.9489109975799946,0.3844226579520697
0.9489109975799946,0.3844645386207648
0.9489109975799946,0.38450642841577687
0.9489109975799946,0.38454832734008937
0.9489109975799946,0.384590235396687
0.9489109975799946,0.3846321525885559
0.9489109975799946,0.3846740789186832
0.9489109975799946,0.38471601439005776
0.9489109975799946,0.38475795900566945
0.9489109975799946,0.38479991276850944
0.9489109975799946,0.38484187568157036
0.9489109975799946,0.384883847747846
0.9489109975799946,0.38492582897033156
0.9489109975799946,0.38496781935202357
0.9489109975799946,0.38500981889591973
0.9489109975799946,0.3850518276050191
0.9486421080935735,0.3849847228284592
0.9486421080935735,0.3850267379679144
0.9486421080935735,0.3850687622789784
0.9483732186071525,0.3850016373758323
0.9483732186071525,0.38504366812227075
0.9483732186071525,0.38508570804673
0.9483732186071525,0.38512775715221664
0.9483732186071525,0.38516981544173856
0.9483732186071525,0.38521188291830494
0.9483732186071525,0.38525395958492625
0.9483732186071525,0.3852960454446144
0.9483732186071525,0.3853381405003824
0.9483732186071525,0.38538024475524474
0.9483732186071525,0.38542235821221726
0.9483732186071525,0.38546448087431695
0.9481043291207314,0.3853973111815499
0.9481043291207314,0.3854394403148229
0.9481043291207314,0.3854815786596698
0.9481043291207314,0.3855237262191122
0.9478354396343103,0.38545653362493165
0.9475665501478893,0.38538932633420825
0.9475665501478893,0.385431477633162
0.9475665501478893,0.3854736381535769
0.9475665501478893,0.3855158078984794
0.9475665501478893,0.38555798687089715
0.9475665501478893,0.3856001750738593
0.9475665501478893,0.3856423725103961
0.9475665501478893,0.38568457918353943
0.9475665501478893,0.38572679509632224
0.9472976606614681,0.38565955117679257
0.947028771175047,0.3855922925333917
0.947028771175047,0.3856345122084748
0.947028771175047,0.385676741130092
0.947028771175047,0.38571897930128135
0.947028771175047,0.3857612267250822
0.946759881688626,0.38569394238142185
0.946759881688626,0.3857361963190184
0.946759881688626,0.3857784595157226
0.946759881688626,0.3858207319745781
0.946759881688626,0.38586301369863013
0.946759881688626,0.38590530469092504
0.946759881688626,0.3859476049545106
0.946759881688626,0.38598991449243586
0.946759881688626,0.3860322333077513
0.9464909922022049,0.38596491228070173
0.9462221027157838,0.3858975764886501
0.9459532132293628,0.3858302259267383
0.9459532132293628,0.38587254579357244
0.9459532132293628,0.38591487494515136
0.9459532132293628,0.385957213384531
0.9459532132293628,0.38599956111476846
0.9459532132293628,0.3860419181389224
0.9459532132293628,0.38608428446005266
0.9459532132293628,0.3861266600812205
0.9459532132293628,0.3861690450054885
0.9456843237429416,0.38610165770117466
0.9456843237429416,0.3861440491875274
0.9456843237429416,0.38618644998352913
0.9456843237429416,0.3862288600922469
0.9456843237429416,0.38627127951674906
0.9456843237429416,0.38631370826010547
0.9456843237429416,0.38635614632538723
0.9454154342565205,0.3862887277521424
0.9454154342565205,0.3863311723986375
0.9454154342565205,0.3863736263736264
0.9454154342565205,0.3865010443003188
0.9454154342565205,0.3865435356200528
0.9454154342565205,0.38662854629425997
0.9454154342565205,0.3866710656548994
0.9454154342565205,0.38671359436867575
0.9454154342565205,0.3867561324386756
0.9454154342565205,0.38679867986798677
0.9454154342565205,0.38684123665969855
0.9454154342565205,0.38688380281690143
0.9454154342565205,0.38692637834268734
0.9454154342565205,0.3869689632401497
0.9454154342565205,0.38701155751238303
0.9454154342565205,0.3870541611624835
0.9454154342565205,0.3870967741935484
0.9454154342565205,0.3871393966086765
0.9454154342565205,0.38718202841096794
0.9454154342565205,0.38722466960352425
0.9454154342565205,0.38726732018944815
0.9454154342565205,0.38730998017184404
0.9454154342565205,0.3873526495538173
0.9454154342565205,0.3873953283384751
0.9454154342565205,0.3874380165289256
0.9454154342565205,0.3875234211396451
0.9454154342565205,0.38756613756613756
0.9454154342565205,0.3876088634108698
0.9454154342565205,0.387651598676957
0.9454154342565205,0.38769434336751574
0.9454154342565205,0.3877370974856639
0.9454154342565205,0.3877798610345208
0.9454154342565205,0.3878226340172071
0.9454154342565205,0.387865416436845
0.9454154342565205,0.3879082082965578
0.9451465447700995,0.38784067085953877
0.9451465447700995,0.3878834694327963
0.9451465447700995,0.38792627745281977
0.9451465447700995,0.3879690949227373
0.9451465447700995,0.38801192184567834
0.9451465447700995,0.3880547582247737
0.9451465447700995,0.3880976040631556
0.9451465447700995,0.3881404593639576
0.9451465447700995,0.38818332413031476
0.9451465447700995,0.3882261983653634
0.9451465447700995,0.38826908207224126
0.9451465447700995,0.3883119752540875
0.9451465447700995,0.3883977900552486
0.9448776552836784,0.38833020223229087
0.9448776552836784,0.3883731211317418
0.9448776552836784,0.38841604951917763
0.9443398763108363,0.3882808181315644
0.9443398763108363,0.38832375055285273
0.9443398763108363,0.38836669246931327
0.9443398763108363,0.38840964388409643
0.9443398763108363,0.38845260480035393
0.9440709868244151,0.3883849557522124
0.9440709868244151,0.3884279234428587
0.9440709868244151,0.3884709006417349
0.9440709868244151,0.3885138873519973
0.9440709868244151,0.3885568835768039
0.9440709868244151,0.3885998893193138
0.9440709868244151,0.38864290458268763
0.9440709868244151,0.38868592937008745
0.9438020973379941,0.38861824623560676
0.9438020973379941,0.3886612778208393
0.9438020973379941,0.38870431893687707
0.9438020973379941,0.3887473695868867
0.9438020973379941,0.38879042977403633
0.9438020973379941,0.38883349950149554
0.9438020973379941,0.3888765787724352
0.9438020973379941,0.3889196675900277
0.9438020973379941,0.38896276595744683
0.943533207851573,0.388895045993572
0.943533207851573,0.3889381511859898
0.943533207851573,0.38898126593504045
0.943533207851573,0.38902439024390245
0.9432643183651519,0.38895664707839006
0.9432643183651519,0.38899977822133514
0.9432643183651519,0.3890429189309083
0.9432643183651519,0.38912922906267333
0.9427265393923098,0.38899367580161986
0.9416509814466254,0.38872238872238873
0.9416509814466254,0.38876554174067496
0.9416509814466254,0.38880870434106807
0.9416509814466254,0.3888950583009439
0.9416509814466254,0.38893824966681473
0.9413820919602044,0.388870376541153
0.9413820919602044,0.389
0.9413820919602044,0.38904322702522504
0.9413820919602044,0.3890864636585908
0.9413820919602044,0.3891297099033011
0.9413820919602044,0.38917296576256116
0.9413820919602044,0.38921623123957755
0.9411132024737833,0.38914832110295755
0.9411132024737833,0.3891915934615812
0.9411132024737833,0.38923487544483987
0.9408443129873622,0.3891669447225003
0.9405754235009411,0.3890989988876529
0.9405754235009411,0.38914228501501835
0.9405754235009411,0.3891855807743658
0.94030653401452,0.38911761433181263
0.94030653401452,0.38916091698197197
0.94030653401452,0.38920422927100723
0.94030653401452,0.3892475512021371
0.94030653401452,0.38929088277858176
0.94030653401452,0.38933422400356266
0.9400376445280989,0.38926622870504396
0.9400376445280989,0.38930957683741646
0.9400376445280989,0.3893529346252367
0.9400376445280989,0.38939630207173087
0.9400376445280989,0.389439679180127
0.9400376445280989,0.3894830659536542
0.9397687550416779,0.3894150417827298
0.9397687550416779,0.38945843548027637
0.9397687550416779,0.389501838849883
0.9397687550416779,0.3895452518947838
0.9397687550416779,0.3895886746182142
0.9397687550416779,0.3896321070234114
0.9397687550416779,0.3896755491136136
0.9397687550416779,0.3897190008920607
0.9397687550416779,0.38976246236199397
0.9397687550416779,0.38980593352665627
0.9397687550416779,0.3898494143892917
0.9397687550416779,0.38989290495314594
0.9397687550416779,0.38993640522146605
0.9397687550416779,0.3899799151975006
0.9397687550416779,0.3900234348844995
0.9394998655552568,0.3899553571428571
0.9394998655552568,0.389998883803996
0.9394998655552568,0.39004242018307655
0.9392309760688357,0.3899743217595177
0.9392309760688357,0.3900178651183564
0.9392309760688357,0.3900614182021217
0.9392309760688357,0.3901049810140719
0.9392309760688357,0.39014855355746675
0.9389620865824146,0.3900804289544236
0.9389620865824146,0.39016759776536314
0.9389620865824146,0.3902111967817633
0.9389620865824146,0.39025480554313813
0.9389620865824146,0.3902984240527551
0.9386931970959935,0.39023027051196063
0.9386931970959935,0.3902738960313024
0.9386931970959935,0.3903175313059034
0.9386931970959935,0.3903611763390361
0.9386931970959935,0.3904048311339745
0.9384243076095725,0.39033665138127727
0.9384243076095725,0.39038031319910516
0.9384243076095725,0.39042398478577023
0.9381554181231514,0.39035578429178786
0.9381554181231514,0.39039946290701577
0.9381554181231514,0.39044315129811996
0.9381554181231514,0.39048684946838275
0.9378865286367303,0.39041862547571077
0.9378865286367303,0.39046233068398073
0.9378865286367303,0.3905060456784595
0.9378865286367303,0.3905497704624342
0.9378865286367303,0.3905935050391937
0.9378865286367303,0.3906372494120282
0.9376176391503093,0.3905689964157706
0.9376176391503093,0.3906127478436205
0.9376176391503093,0.39065650907461347
0.9373487496638881,0.3905882352941176
0.9373487496638881,0.39063200358583594
0.9373487496638881,0.39067578168777317
0.9373487496638881,0.39071956960322796
0.937079860177467,0.3906512722788925
0.937079860177467,0.390695067264574
0.937079860177467,0.39073887207085994
0.937079860177467,0.39078268670105404
0.937079860177467,0.39082651115846134
0.937079860177467,0.3908703454463885
0.937079860177467,0.39091418956814356
0.937079860177467,0.3909580435270361
0.936810970691046,0.3910213243546577
0.9365420812046249,0.390952968907846
0.9365420812046249,0.39099685675797036
0.9365420812046249,0.3910407544627821
0.9362731917182038,0.39097237817201885
0.9362731917182038,0.3910162829870859
0.9362731917182038,0.39106019766397127
0.9362731917182038,0.391104122205998
0.9362731917182038,0.39114805661649066
0.9360043022317828,0.3910796539714639
0.9360043022317828,0.391123595505618
0.9360043022317828,0.39116754691538375
0.9360043022317828,0.3912115082040908
0.9360043022317828,0.39125547937507027
0.9360043022317828,0.3912994604316547
0.9360043022317828,0.3913434513771782
0.9360043022317828,0.3913874522149764
0.9357354127453616,0.391319014955583
0.9357354127453616,0.3913630229419703
0.9354665232589405,0.3912945675402092
0.9354665232589405,0.39133858267716537
0.9351976337725195,0.39127010912363597
0.9351976337725195,0.3913141314131413
0.9349287442860984,0.3912456396984359
0.9349287442860984,0.3912896691424713
0.9349287442860984,0.3913337084974676
0.9349287442860984,0.39137775776677175
0.9346598547996773,0.3913092423730722
0.9346598547996773,0.3913532988065751
0.9346598547996773,0.3913973651615809
0.9346598547996773,0.39144144144144144
0.9346598547996773,0.39148552764951006
0.9346598547996773,0.3915296237891417
0.9346598547996773,0.3915737298636927
0.9343909653132563,0.3915051825146462
0.9343909653132563,0.39154929577464787
0.9343909653132563,0.3916375521244224
0.9343909653132563,0.3916816952209197
0.9338531863404141,0.3915445321307779
0.933584296853993,0.3914759273875296
0.933584296853993,0.39152007216959855
0.933584296853993,0.3915642269087628
0.933584296853993,0.3916083916083916
0.933584296853993,0.39165256627185563
0.9327776283947298,0.39144662604378244
0.9327776283947298,0.3914908023925065
0.9327776283947298,0.3916233912847144
0.9327776283947298,0.3917118337850045
0.9327776283947298,0.3917560700169396
0.9327776283947298,0.3918003162412469
0.9327776283947298,0.39188883868052415
0.9327776283947298,0.39193311490227095
0.9327776283947298,0.3919774011299435
0.9327776283947298,0.3920216973669341
0.9327776283947298,0.3920660036166365
0.9327776283947298,0.39211031988244605
0.9327776283947298,0.3921546461677594
0.9327776283947298,0.392243328810493
0.9327776283947298,0.39228768517471446
0.9327776283947298,0.39233205157204254
0.9325087389083087,0.39226331862911434
0.9322398494218876,0.3921945701357466
0.9322398494218876,0.3922389410566806
0.9322398494218876,0.39228332201855626
0.9322398494218876,0.39232771302478214
0.9322398494218876,0.39237211407876865
0.9322398494218876,0.39241652518392756
0.9322398494218876,0.3924609463436722
0.9319709599354665,0.39239216574210345
0.9319709599354665,0.39243659420289856
0.9319709599354665,0.3924810327256256
0.9319709599354665,0.3925254813137033
0.9317020704490454,0.3924566768603466
0.9317020704490454,0.3925011327594019
0.9317020704490454,0.3925900747790619
0.9317020704490454,0.3926345609065156
0.9317020704490454,0.3926790571169538
0.9317020704490454,0.3927235634138048
0.9317020704490454,0.39276807980049877
0.9317020704490454,0.39281260628046705
0.9317020704490454,0.39285714285714285
0.9314331809626244,0.3927882979929697
0.9314331809626244,0.39283284191426626
0.9311642914762033,0.39276397867755475
0.9311642914762033,0.39280852994555354
0.9311642914762033,0.3928530913216109
0.9308954019897822,0.39278420694349897
0.9308954019897822,0.3928287756723023
0.9308954019897822,0.3928733545165683
0.9306265125033611,0.3928044489842243
0.93035762301694,0.3927355278093076
0.93035762301694,0.3927801112498581
0.93035762301694,0.3928693085045986
0.93035762301694,0.392913922325687
0.93035762301694,0.3929585462805224
0.93035762301694,0.39300318037255794
0.93035762301694,0.39304782460524823
0.9298198440440979,0.3929098966026588
0.9298198440440979,0.39295454545454545
0.9298198440440979,0.3929992044550517
0.9298198440440979,0.3930438736076381
0.9298198440440979,0.3930885529157667
0.9298198440440979,0.3931332423829013
0.9298198440440979,0.3931779420125071
0.9298198440440979,0.39322265180805094
0.9298198440440979,0.39326737177300125
0.9298198440440979,0.39331210191082805
0.9295509545576768,0.39324308952337617
0.9292820650712557,0.3931740614334471
0.9292820650712557,0.3932187962225509
0.9290131755848346,0.3931497496586254
0.9287442860984135,0.39308068737908275
0.9287442860984135,0.3931254268153881
0.9287442860984135,0.3931701764371087
0.9284753966119925,0.39310109289617484
0.9284753966119925,0.39314584993737905
0.9284753966119925,0.3931906171714871
0.9284753966119925,0.39323539460198154
0.9284753966119925,0.39328018223234623
0.9284753966119925,0.39332498006606675
0.9284753966119925,0.3933697881066302
0.9284753966119925,0.39341460635752534
0.9284753966119925,0.3934594348222425
0.9284753966119925,0.3935042735042735
0.9284753966119925,0.39359398153425285
0.9284753966119925,0.39363885088919287
0.9284753966119925,0.39368373047543037
0.9279376176391503,0.3935454441783556
0.9276687281527293,0.39347627737226276
0.9276687281527293,0.3935211588912969
0.9276687281527293,0.3935660506502396
0.9276687281527293,0.39361095265259555
0.9276687281527293,0.39365586490187127
0.9276687281527293,0.3937007874015748
0.9273998386663082,0.39363159096096784
0.9273998386663082,0.3936765209450976
0.9273998386663082,0.3937214611872146
0.9273998386663082,0.39376641169083226
0.927130949179887,0.39369719113952956
0.927130949179887,0.39374214913783256
0.926862059693466,0.3936729100045683
0.926862059693466,0.39371787549971443
0.926862059693466,0.39376285126799176
0.9265931702070449,0.3936935907688792
0.9265931702070449,0.3937385740402194
0.9263242807206238,0.3936692949377214
0.9260553912342028,0.3936
0.9260553912342028,0.3936899862825789
0.9260553912342028,0.393734994855379
0.9260553912342028,0.393780013720558
0.9260553912342028,0.39382504288164666
0.9260553912342028,0.3938700823421775
0.9257865017477817,0.39380075488962596
0.9255176122613605,0.3937314115762983
0.9255176122613605,0.3937764557830912
0.9255176122613605,0.39382151029748286
0.9255176122613605,0.39386657512301176
0.9252487227749395,0.3937972075989929
0.9252487227749395,0.39384227995879595
0.9249798332885184,0.39377289377289376
0.9249798332885184,0.3938179736691471
0.9247109438020973,0.3937485688115411
0.9247109438020973,0.3937936562464216
0.9247109438020973,0.39383875400824553
0.9247109438020973,0.3938838621005612
0.9244420543156763,0.3938144329896907
0.9244420543156763,0.3938595486310001
0.9241731648292552,0.39379010082493127
0.9241731648292552,0.3938352240174172
0.9239042753428341,0.393765757506303
0.9239042753428341,0.393810888252149
0.9239042753428341,0.39385602934433744
0.9239042753428341,0.39390118078642666
0.9233664963699919,0.3937621832358674
0.9233664963699919,0.39380733944954127
0.9233664963699919,0.39389768295480615
0.9233664963699919,0.3939880679210647
0.9233664963699919,0.3940332759609868
0.9233664963699919,0.3940784943768648
0.9233664963699919,0.39412372317227135
0.9233664963699919,0.3941689623507805
0.9233664963699919,0.39421421191596834
0.9233664963699919,0.3942594718714122
0.9233664963699919,0.39430474222069123
0.9233664963699919,0.3943500229673863
0.9233664963699919,0.39439531411507983
0.9230976068835709,0.3943257523546979
0.9225598279107287,0.3941865808823529
0.9225598279107287,0.39423187406641386
0.9225598279107287,0.39427717766030795
0.9225598279107287,0.3943224916676244
0.9225598279107287,0.39436781609195404
0.9225598279107287,0.3944131509368893
0.9222909384243076,0.39434352724764316
0.9222909384243076,0.3943888697251926
0.9222909384243076,0.39443422263109473
0.9222909384243076,0.39447958596894767
0.9222909384243076,0.394524959742351
0.9222909384243076,0.39457034395490626
0.9220220489378865,0.39450069028992174
0.9220220489378865,0.39454608215395237
0.9220220489378865,0.39459148446490216
0.9220220489378865,0.3946368972263782
0.9220220489378865,0.394682320441989
0.9220220489378865,0.3947277541153448
0.9220220489378865,0.3947731982500576
0.9217531594514654,0.3947035118019574
0.9214842699650444,0.394633809304468
0.9214842699650444,0.3946792583208569
0.9212153804786233,0.3946095369730477
0.9212153804786233,0.3946549936643244
0.9212153804786233,0.39470046082949306
0.9209464909922022,0.39463071782463416
0.9206776015057812,0.3945609587462549
0.9206776015057812,0.3946064307940532
0.9206776015057812,0.3946519133241125
0.9206776015057812,0.3946974063400576
0.9206776015057812,0.39474290984551536
0.9206776015057812,0.3947884238441139
0.9206776015057812,0.3948339483394834
0.9206776015057812,0.39487948333525547
0.9206776015057812,0.3949250288350634
0.9206776015057812,0.3949705848425424
0.9201398225329389,0.39483096803969076
0.9201398225329389,0.39487652896376646
0.9201398225329389,0.39492210040392384
0.9198709330465179,0.3948522622345337
0.9198709330465179,0.3948978413944361
0.9198709330465179,0.3949434310782729
0.9198709330465179,0.39498903128968943
0.9198709330465179,0.3950346420323326
0.9198709330465179,0.395080263309851
0.9198709330465179,0.39512589512589513
0.9198709330465179,0.3951715374841169
0.9198709330465179,0.39521719038817005
0.9198709330465179,0.39526285384171
0.9198709330465179,0.3953085278483938
0.9198709330465179,0.3953542124118803
0.9198709330465179,0.3953999075358299
0.9198709330465179,0.39544561322390476
0.9198709330465179,0.3954913294797688
0.9198709330465179,0.3955370563070875
0.9196020435600968,0.3954671600370028
0.9193331540736758,0.3953972476003238
0.9193331540736758,0.39544297941244505
0.9193331540736758,0.3954887218045113
0.9193331540736758,0.3955344747801944
0.9193331540736758,0.39558023834316786
0.9193331540736758,0.39562601249710716
0.9193331540736758,0.3956717972456892
0.9193331540736758,0.3957175925925926
0.9193331540736758,0.39576339854149784
0.9193331540736758,0.3958092150960871
0.9193331540736758,0.3959008800370542
0.9193331540736758,0.39594672843080486
0.9193331540736758,0.39599258744498494
0.9193331540736758,0.39603845708328506
0.9190642645872547,0.3959684893419833
0.9190642645872547,0.3960143668172865
0.9190642645872547,0.39606025492468133
0.9190642645872547,0.39610615366786417
0.9190642645872547,0.39615206305053313
0.9190642645872547,0.3961979830763881
0.9190642645872547,0.39624391374913054
0.9190642645872547,0.3962898550724638
0.9190642645872547,0.39633580705009275
0.9187953751008335,0.39626580076539486
0.9187953751008335,0.3963577311216796
0.9187953751008335,0.39644970414201186
0.9187953751008335,0.39649570666047806
0.9187953751008335,0.39654171985609843
0.9187953751008335,0.39658774373259054
0.9185264856144125,0.39651770168311085
0.9185264856144125,0.3965637334571628
0.9182575961279914,0.39649367235574134
0.9179887066415703,0.39642359498374363
0.9179887066415703,0.39646963186621764
0.9174509276687282,0.39632942269717736
0.9174509276687282,0.39637546468401486
0.9174509276687282,0.3964215173695829
0.9174509276687282,0.39646758075761096
0.9174509276687282,0.3965136548518303
0.9174509276687282,0.39655973965597396
0.9174509276687282,0.39665194140897464
0.917182038182307,0.396581792814789
0.917182038182307,0.3966740318641703
0.917182038182307,0.3967201674808095
0.916913148695886,0.3966499941840177
0.9166442592094649,0.3965798045602606
0.9166442592094649,0.3966259453170448
0.9166442592094649,0.3966720968117291
0.9166442592094649,0.39671825904806235
0.9166442592094649,0.39676443202979517
0.9166442592094649,0.3968106157606798
0.9166442592094649,0.39685681024447034
0.9166442592094649,0.39690301548492257
0.9166442592094649,0.39694923148579414
0.9163753697230438,0.39687900314428787
0.9163753697230438,0.3969252271139064
0.9163753697230438,0.39697146185206755
0.9163753697230438,0.39701770736253494
0.9163753697230438,0.39706396364907376
0.9163753697230438,0.39711023071545093
0.9163753697230438,0.3971565085654353
0.9163753697230438,0.3972027972027972
0.9163753697230438,0.39724909663130903
0.9163753697230438,0.3972954068547447
0.9163753697230438,0.39734172787688005
0.9161064802366228,0.3972714552238806
0.9161064802366228,0.3973177842565598
0.9161064802366228,0.39741047474629654
0.9158375907502017,0.3973401773215119
0.9158375907502017,0.39743290548424737
0.9158375907502017,0.3974792857976427
0.9158375907502017,0.3975256769374416
0.9158375907502017,0.3975720789074355
0.9158375907502017,0.3976184917114172
0.9158375907502017,0.39766491535318155
0.9158375907502017,0.397711349836525
0.9158375907502017,0.39775779516524584
0.9158375907502017,0.3978042513431441
0.9158375907502017,0.39785071837402175
0.9158375907502017,0.39789719626168224
0.9152998117773595,0.3977564851600841
0.9152998117773595,0.3978029683300222
0.9152998117773595,0.3978494623655914
0.9152998117773595,0.397895967270602
0.9152998117773595,0.39798900970419737
0.9150309222909384,0.39791861552853136
0.9150309222909384,0.39796515027482166
0.9150309222909384,0.39801169590643276
0.9147620328045173,0.39798783341132427
0.9147620328045173,0.39803439803439805
0.9147620328045173,0.3980809735548795
0.9147620328045173,0.3981275599765945
0.9147620328045173,0.3981741573033708
0.9147620328045173,0.3982207655390378
0.9147620328045173,0.39831401475237094
0.9144931433180963,0.3982435597189696
0.9144931433180963,0.3982901979154468
0.9144931433180963,0.39833684703677674
0.9144931433180963,0.39838350708679865
0.9144931433180963,0.3984301780693533
0.9144931433180963,0.3984768599882835
0.9144931433180963,0.39857025665065043
0.9139553643452542,0.39842925800023443
0.9139553643452542,0.3984759671746776
0.9139553643452542,0.39852268730214563
0.9139553643452542,0.39856941838649157
0.9139553643452542,0.39861616043157033
0.9139553643452542,0.39866291344123855
0.9139553643452542,0.3987096774193548
0.9139553643452542,0.39875645236977947
0.9139553643452542,0.398850035203004
0.913686474858833,0.3987794859758244
0.913686474858833,0.3988262910798122
0.9134175853724119,0.39875572250264113
0.9134175853724119,0.39880253580652736
0.9134175853724119,0.3988493601033228
0.9134175853724119,0.39889619539689997
0.9131486958859909,0.398825601879037
0.9131486958859909,0.3989192998942793
0.9131486958859909,0.39896616541353386
0.9128798063995698,0.3988955469392551
0.9128798063995698,0.3989424206815511
0.9128798063995698,0.39898930544129746
0.9126109169131487,0.3989186647860837
0.9126109169131487,0.3989655577759492
0.9123420274267277,0.398894897719257
0.9123420274267277,0.39894179894179893
0.9120731379403065,0.3988711194731891
0.9120731379403065,0.39891802893096556
0.9120731379403065,0.398964949423665
0.9120731379403065,0.39905882352941174
0.9120731379403065,0.39910577715025297
0.9120731379403065,0.3991527418216051
0.9120731379403065,0.39919971754736966
0.9120731379403065,0.3992937021777516
0.9120731379403065,0.3993407110901813
0.9120731379403065,0.3993877310726481
0.9120731379403065,0.39943476212906265
0.9120731379403065,0.3994818042633376
0.9120731379403065,0.3995288574793875
0.9120731379403065,0.3995759217811285
0.9120731379403065,0.3996229971724788
0.9115353589674644,0.39948149893942964
0.9115353589674644,0.39952857984678847
0.9115353589674644,0.39957567185289955
0.9112664694810433,0.39950489213721563
0.9112664694810433,0.39955199245460976
0.9112664694810433,0.3995991038792595
0.9112664694810433,0.39964622641509434
0.9112664694810433,0.3996933600660455
0.9109975799946222,0.3996225524887945
0.9109975799946222,0.3996696944673823
0.9107286905082012,0.39959886739027844
0.9107286905082012,0.39964601769911506
0.9107286905082012,0.39969317913618124
0.9107286905082012,0.3997403517054172
0.91045980102178,0.39966949952785646
0.91045980102178,0.3997166804391453
0.91045980102178,0.3997638724911452
0.91045980102178,0.39981107568780255
0.91045980102178,0.39985829003306567
0.91045980102178,0.3999055155308846
0.91045980102178,0.3999527521852114
0.91045980102178,0.4
0.91045980102178,0.40004725897920607
0.91045980102178,0.40009452912678717
0.91045980102178,0.4001418104467029
0.91045980102178,0.40018910294291454
0.91045980102178,0.40023640661938537
0.91045980102178,0.4002837214800804
0.9101909115353589,0.40021281626862143
0.9101909115353589,0.40035481963335307
0.9101909115353589,0.4004021764845044
0.9101909115353589,0.40049692380501656
0.9101909115353589,0.40054431428233345
0.9101909115353589,0.40059171597633136
0.9101909115353589,0.400639128890993
0.9101909115353589,0.40068655303030304
0.9101909115353589,0.4007339883982479
0.9101909115353589,0.400781434998816
0.9101909115353589,0.40082889283599765
0.9101909115353589,0.40087636191378495
0.9101909115353589,0.400923842236172
0.9101909115353589,0.4009713338071547
0.9101909115353589,0.40101883663073096
0.9101909115353589,0.40106635071090047
0.9101909115353589,0.4011138760516649
0.9101909115353589,0.4011614126570277
0.9101909115353589,0.4012565196775723
0.9101909115353589,0.4013040901007706
0.9101909115353589,0.4013516718046004
0.9101909115353589,0.4013992647930748
0.9101909115353589,0.4014468690702087
0.9101909115353589,0.40149448464001897
0.9101909115353589,0.4015421115065243
0.9101909115353589,0.4015897496737454
0.9101909115353589,0.4016373991457048
0.9101909115353589,0.40168505992642695
0.9101909115353589,0.4017327320199383
0.9101909115353589,0.40178041543026705
0.9101909115353589,0.4018281101614435
0.9099220220489379,0.40175709367208834
0.9099220220489379,0.40180479696034194
0.9096531325625168,0.4017337608360052
0.9096531325625168,0.4017814726840855
0.9096531325625168,0.40182919586649246
0.9096531325625168,0.4018769303872654
0.9096531325625168,0.40192467625044553
0.9096531325625168,0.40197243346007605
0.9093842430760958,0.40190136660724896
0.9093842430760958,0.40194913239838365
0.9093842430760958,0.40204469805040416
0.9093842430760958,0.4020924979193913
0.9091153535896747,0.40202140309155765
0.9091153535896747,0.4020692115590439
0.9091153535896747,0.4021648626144879
0.9091153535896747,0.4022127052105639
0.9088464641032535,0.40214158239143366
0.9083086851304114,0.4019992859692967
0.9083086851304114,0.4020471316353249
0.9080397956439903,0.4019759552434234
0.9080397956439903,0.4020238095238095
0.9080397956439903,0.4020716751994285
0.9080397956439903,0.40211955227435103
0.9080397956439903,0.40216744075264976
0.9080397956439903,0.40221534063839925
0.9077709061575693,0.4021441334127457
0.9077709061575693,0.40219204193471525
0.9077709061575693,0.4022399618729894
0.9077709061575693,0.40233583601477774
0.9077709061575693,0.4026717557251908
0.9077709061575693,0.40271979005129427
0.9077709061575693,0.40276783583870196
0.9077709061575693,0.40281589309151655
0.9077709061575693,0.4028639618138425
0.9077709061575693,0.40291204200978636
0.9075020166711482,0.40284077345428504
0.907233127184727,0.4027694878834905
0.907233127184727,0.4028175740210124
0.907233127184727,0.40286567164179105
0.907233127184727,0.4029137807499403
0.906964237698306,0.4028424698435447
0.906964237698306,0.40289058767319635
0.906964237698306,0.4029387169991638
0.906964237698306,0.4029868578255675
0.906964237698306,0.40303501015653004
0.906964237698306,0.40313134934863154
0.906964237698306,0.4031795362180253
0.906964237698306,0.40322773460848776
0.9066953482118849,0.4031563845050215
0.9066953482118849,0.4032045916537128
0.9066953482118849,0.40325281033245636
0.9066953482118849,0.4033010405453893
0.9066953482118849,0.40334928229665074
0.9066953482118849,0.4033975355903816
0.9066953482118849,0.40344580043072503
0.9064264587254638,0.403374416656695
0.9064264587254638,0.4034226902824318
0.9064264587254638,0.4034709754637941
0.9064264587254638,0.4035192722049318
0.9064264587254638,0.4035675805099964
0.9061575692390428,0.40349616858237547
0.9061575692390428,0.40354448569033646
0.9061575692390428,0.4035928143712575
0.9061575692390428,0.4036411546292969
0.9061575692390428,0.40368950646861523
0.9056197902662005,0.4035466091540858
0.9056197902662005,0.4035949670461354
0.9056197902662005,0.40364333652924256
0.9056197902662005,0.4036917176075752
0.9056197902662005,0.40374011028530327
0.9056197902662005,0.40378851456659876
0.9056197902662005,0.4038369304556355
0.9056197902662005,0.40393379707363875
0.9053509007797795,0.4038623005877414
0.9053509007797795,0.40391074856046066
0.9053509007797795,0.40400767938564913
0.9053509007797795,0.4040561622464899
0.9053509007797795,0.4041046567450792
0.9053509007797795,0.404153162885608
0.9053509007797795,0.4042016806722689
0.9053509007797795,0.4042502101092568
0.9050820112933584,0.404178674351585
0.9048131218069374,0.40410712141227334
0.9045442323205163,0.4040355512851309
0.9045442323205163,0.4040840840840841
0.9045442323205163,0.40413262854396925
0.9045442323205163,0.40418118466898956
0.9045442323205163,0.40422975246335013
0.9045442323205163,0.4042783319312583
0.9045442323205163,0.4043269230769231
0.9045442323205163,0.40437552590455583
0.9045442323205163,0.4044241404183698
0.9045442323205163,0.40447276662258025
0.9045442323205163,0.4045214045214045
0.9045442323205163,0.40457005411906194
0.9045442323205163,0.4046187154197739
0.9045442323205163,0.40466738842776373
0.9045442323205163,0.404716073147257
0.9045442323205163,0.40476476958248103
0.9045442323205163,0.4048621976170418
0.9045442323205163,0.4049109292248435
0.9045442323205163,0.40495967256530635
0.9045442323205163,0.405008427642668
0.9045442323205163,0.40505719446116795
0.9045442323205163,0.4051059730250482
0.9045442323205163,0.4051547633385523
0.9045442323205163,0.4052035654059263
0.9045442323205163,0.4052523792314179
0.9045442323205163,0.4053012048192771
0.9045442323205163,0.40535004217375586
0.9045442323205163,0.4053988912991082
0.9045442323205163,0.40544775219959023
0.9045442323205163,0.40549662487946
0.9045442323205163,0.4055455093429777
0.9045442323205163,0.40559440559440557
0.9045442323205163,0.405643313638008
0.9042753428340952,0.40557163531114326
0.9042753428340952,0.40562055240622363
0.9042753428340952,0.4056694813027744
0.9040064533476742,0.40559778019061404
0.9040064533476742,0.40564671814671815
0.9040064533476742,0.4056956679135996
0.9040064533476742,0.40574462949553464
0.9040064533476742,0.40579360289680144
0.9040064533476742,0.40584258812168034
0.9040064533476742,0.4058915851744537
0.9040064533476742,0.40594059405940597
0.9040064533476742,0.40598961478082357
0.9040064533476742,0.40603864734299516
0.9040064533476742,0.40608769175021137
0.9040064533476742,0.4061367480067649
0.9040064533476742,0.4061858161169506
0.9040064533476742,0.40623489608506524
0.9040064533476742,0.4062839879154079
0.9040064533476742,0.40633309161227943
0.9040064533476742,0.40648047394510944
0.9040064533476742,0.4065296251511487
0.9040064533476742,0.40657878824525334
0.9040064533476742,0.40662796323173683
0.9034686743748319,0.4064843939027341
0.9034686743748319,0.40653357531760437
0.9034686743748319,0.40658276863504356
0.9034686743748319,0.4066319738593731
0.9034686743748319,0.4066811909949165
0.9034686743748319,0.4067304200459993
0.9034686743748319,0.4067796610169492
0.9034686743748319,0.4068289139120959
0.9034686743748319,0.40687817873577137
0.9031997848884109,0.4068063461305559
0.9031997848884109,0.40685562015503873
0.9031997848884109,0.4069049061175045
0.9029308954019898,0.4068330506421129
0.9029308954019898,0.4068823458136435
0.9029308954019898,0.4069316529326224
0.9029308954019898,0.4069809720033935
0.9029308954019898,0.407030303030303
0.9029308954019898,0.40707964601769914
0.9026620059155687,0.40700775945683804
0.9023931164291477,0.4069358554625925
0.9023931164291477,0.4069852049478535
0.9023931164291477,0.40703456640388114
0.9023931164291477,0.40708393983503155
0.9023931164291477,0.407133325245663
0.9023931164291477,0.4071827226401359
0.9023931164291477,0.4072321320228128
0.9023931164291477,0.40728155339805827
0.9023931164291477,0.4073309867702391
0.9023931164291477,0.4073804321437242
0.9023931164291477,0.40742988952288456
0.9023931164291477,0.40747935891209325
0.9023931164291477,0.40752884031572556
0.9023931164291477,0.4075783337381588
0.9023931164291477,0.4076278391837726
0.9023931164291477,0.4076773566569485
0.9023931164291477,0.4077268861620702
0.9021242269427265,0.40765492102065615
0.9021242269427265,0.40770445983716125
0.9021242269427265,0.4077540106951872
0.9021242269427265,0.40780357359912484
0.9021242269427265,0.40785314855336735
0.9021242269427265,0.40790273556231005
0.9021242269427265,0.4079523346303502
0.9021242269427265,0.40800194576188736
0.9021242269427265,0.4080515689613233
0.9021242269427265,0.4081012042330617
0.9018553374563054,0.40802919708029195
0.9015864479698844,0.40795717240540214
0.9015864479698844,0.4080068143100511
0.9015864479698844,0.40805646829743214
0.9015864479698844,0.40810613437195714
0.9013175584834633,0.4080340839926963
0.9013175584834633,0.4083820662768031
0.9013175584834633,0.40843182648958204
0.9007797795106212,0.4082876294942108
0.9007797795106212,0.4083373963920039
0.9007797795106212,0.4083871754236255
0.9007797795106212,0.40843696659351375
0.9007797795106212,0.408486769906109
0.9007797795106212,0.40853658536585363
0.9007797795106212,0.40858641297719234
0.9007797795106212,0.4086362527445718
0.9002420005377789,0.4084919472913616
0.9002420005377789,0.4085417937766931
0.9002420005377789,0.4086415232515562
0.9002420005377789,0.40869140625
0.9002420005377789,0.40874130142839704
0.9002420005377789,0.4087912087912088
0.9002420005377789,0.408841128342899
0.9002420005377789,0.4088910600879336
0.9002420005377789,0.4089410040307805
0.9002420005377789,0.4089909601759101
0.9002420005377789,0.4090409285277947
0.8999731110513579,0.40896871945259045
0.8997042215649368,0.40889649272882805
0.8997042215649368,0.40894646785626987
0.8997042215649368,0.40899645520107564
0.8997042215649368,0.40904645476772616
0.8997042215649368,0.40909646656070425
0.8997042215649368,0.409146490584495
0.8997042215649368,0.40919652684358565
0.8991664425920947,0.4090519877675841
0.8991664425920947,0.4091020308294593
0.8991664425920947,0.40915208613728127
0.8988975531056735,0.4090797846304454
0.8986286636192525,0.4090074654265084
0.8986286636192525,0.4090575275397797
0.8986286636192525,0.40910760190965845
0.8983597741328314,0.4090352595494613
0.8983597741328314,0.4090853434553692
0.8980908846464103,0.40901298065148173
0.8978219951599893,0.40894060012247396
0.8978219951599893,0.4089906908378246
0.8978219951599893,0.40904079382579933
0.8978219951599893,0.4090909090909091
0.8978219951599893,0.40914103663766693
0.8978219951599893,0.4091911764705882
0.8975531056735682,0.4091187645544797
0.8975531056735682,0.40916891394949745
0.8975531056735682,0.40921907564055415
0.8975531056735682,0.40926924963217265
0.8975531056735682,0.409319435928878
0.8975531056735682,0.4093696345351974
0.8975531056735682,0.4094198454556605
0.897284216187147,0.4093473994111874
0.897284216187147,0.4093976199239357
0.897284216187147,0.4094478527607362
0.897284216187147,0.4094980979261259
0.897284216187147,0.4095483554246441
0.897284216187147,0.4095986252608322
0.897284216187147,0.409648907439234
0.897284216187147,0.40969920196439535
0.897284216187147,0.40985015966592975
0.897015326700726,0.40977766859108217
0.8967464372143049,0.4097051597051597
0.8967464372143049,0.40975549821845436
0.8967464372143049,0.4098058491029737
0.8967464372143049,0.40985621236327885
0.8967464372143049,0.40990658800393315
0.8967464372143049,0.40995697602950215
0.8967464372143049,0.4101082144613871
0.8967464372143049,0.41015865207231583
0.8967464372143049,0.4102091020910209
0.8967464372143049,0.41025956452208145
0.8964775477278838,0.41018700787401574
0.8962086582414628,0.41011443337024733
0.8962086582414628,0.41016490278119616
0.8959397687550417,0.4100923076923077
0.8959397687550417,0.4101427868045298
0.8959397687550417,0.4101932783454389
0.8959397687550417,0.4102437823196257
0.8956708792686205,0.41017116118704594
0.8954019897821995,0.4100985221674877
0.8954019897821995,0.41019955654101997
0.8954019897821995,0.41025009239866944
0.8951331002957784,0.4101774273040907
0.8951331002957784,0.4102279728897104
0.8948642108093574,0.41015528715799854
0.8948642108093574,0.41020584247504005
0.8948642108093574,0.41025641025641024
0.8948642108093574,0.41030699050671926
0.8948642108093574,0.4103575832305795
0.8948642108093574,0.41040818843260574
0.8948642108093574,0.4104588061174149
0.8945953213229363,0.41038608609843347
0.8945953213229363,0.41043671354552186
0.8945953213229363,0.41048735348550275
0.8945953213229363,0.410538005923001
0.8945953213229363,0.41058867086264345
0.8945953213229363,0.4106393483090595
0.8945953213229363,0.4106900382668806
0.8945953213229363,0.41074074074074074
0.8945953213229363,0.410791455735276
0.8945953213229363,0.4108421832551247
0.8945953213229363,0.41089292330492777
0.8945953213229363,0.41094367588932806
0.8945953213229363,0.41099444101297095
0.8945953213229363,0.4110452186805041
0.8945953213229363,0.41109600889657727
0.8945953213229363,0.4111468116658428
0.8945953213229363,0.41119762699295515
0.8945953213229363,0.41124845488257106
0.8945953213229363,0.4112992953393497
0.8945953213229363,0.41140101397304313
0.8943264318365152,0.4113282216176107
0.8943264318365152,0.41137909709338283
0.8943264318365152,0.41142998515586343
0.8940575423500942,0.411357169367809
0.8940575423500942,0.4114080673100718
0.8940575423500942,0.4114589778492761
0.8940575423500942,0.411509900990099
0.893788652863673,0.41148799207724684
0.893788652863673,0.41153893772440264
0.893788652863673,0.4115898959881129
0.893788652863673,0.411640866873065
0.893788652863673,0.41169185038394845
0.893788652863673,0.41174284652545523
0.893788652863673,0.41179385530227947
0.893788652863673,0.41184487671911785
0.8935197633772519,0.41177199504337053
0.8935197633772519,0.4118230263973231
0.8935197633772519,0.4118740704015865
0.8935197633772519,0.41192512706086526
0.8935197633772519,0.4119761963798661
0.8935197633772519,0.4120272783632982
0.8935197633772519,0.412078373015873
0.8935197633772519,0.41212948034230434
0.8935197633772519,0.4122317330356035
0.8935197633772519,0.4122828784119107
0.8935197633772519,0.41233403648095296
0.8935197633772519,0.4123852072474559
0.8935197633772519,0.41243639071614746
0.8935197633772519,0.4124875868917577
0.8935197633772519,0.41253879577901925
0.8935197633772519,0.412590017382667
0.8932508738908309,0.4125170743822178
0.8932508738908309,0.412568306010929
0.8932508738908309,0.4126195503664141
0.8932508738908309,0.41267080745341617
0.8929819844044098,0.41264910536779326
0.8927130949179887,0.41257611532248045
0.8927130949179887,0.4126273924931643
0.8927130949179887,0.4126786824114357
0.8927130949179887,0.4127299850820487
0.8927130949179887,0.41278130050976003
0.8927130949179887,0.4128326286993285
0.8927130949179887,0.4128839696555155
0.8924442054315677,0.4128109452736318
0.8924442054315677,0.41286229630551063
0.8924442054315677,0.41291366011445635
0.8924442054315677,0.41296503670523826
0.8921753159451465,0.41289198606271776
0.8921753159451465,0.4129433727442439
0.8921753159451465,0.4129947722180732
0.8921753159451465,0.41304618448898295
0.8921753159451465,0.413097609561753
0.8921753159451465,0.413200498132005
0.8921753159451465,0.4132519616390584
0.8921753159451465,0.4133034379671151
0.8921753159451465,0.4133549271209667
0.8921753159451465,0.4134064291054074
0.8921753159451465,0.41387052513409006
0.8919064264587254,0.41379740518962077
0.8919064264587254,0.41384903306300685
0.8919064264587254,0.4139006738208136
0.8919064264587254,0.4139523274678647
0.8916375369723044,0.41387918122815776
0.8916375369723044,0.413930845088004
0.8916375369723044,0.4139825218476904
0.8916375369723044,0.41403421151204894
0.8916375369723044,0.4140859140859141
0.8913686474858833,0.4140127388535032
0.8913686474858833,0.41406445166125405
0.8913686474858833,0.4141161773891318
0.8910997579994622,0.4140429785107446
0.8910997579994622,0.41409471448206925
0.8910997579994622,0.41414646338415395
0.8910997579994622,0.4141982252218473
0.8910997579994622,0.41425
0.8910997579994622,0.41430178772346543
0.8910997579994622,0.4143535883970993
0.8910997579994622,0.41440540202575965
0.8908308685130412,0.4143321660830415
0.89056197902662,0.41425891181988744
0.89056197902662,0.4143625672463406
0.89056197902662,0.4144144144144144
0.89056197902662,0.41446627455887874
0.8902930895401989,0.4143929912390488
0.8902930895401989,0.41444486168481665
0.8900242000537779,0.414371557336004
0.8900242000537779,0.4145791583166333
0.8900242000537779,0.4146310910685206
0.8900242000537779,0.41468303683287394
0.8897553105673568,0.414609698032828
0.8894864210809358,0.4145363408521303
0.8894864210809358,0.4146402607169717
0.8894864210809358,0.41469224019054785
0.8894864210809358,0.4147442326980943
0.8892175315945147,0.4146708463949843
0.8892175315945147,0.4147228492600953
0.8892175315945147,0.4148789361435203
0.8889486421080935,0.4148055207026349
0.8889486421080935,0.414857573095746
0.8886797526216725,0.41478413654618473
0.8884108631352514,0.4147106815614409
0.8884108631352514,0.4147627416520211
0.8884108631352514,0.4148148148148148
0.8884108631352514,0.4148669010547464
0.8884108631352514,0.41491900037674245
0.8881419736488303,0.4148455162019593
0.8881419736488303,0.4148976259263912
0.8878730841624093,0.4148241206030151
0.8878730841624093,0.4148762407337605
0.8878730841624093,0.41492837396330734
0.8876041946759882,0.4148548447907503
0.8876041946759882,0.4149069884364002
0.8876041946759882,0.4150113150616042
0.8876041946759882,0.4150634980510499
0.887335305189567,0.414989939637827
0.887335305189567,0.41504213306502324
0.887066415703146,0.4149685534591195
0.887066415703146,0.4150207573279658
0.887066415703146,0.4150729743331656
0.887066415703146,0.4151252044796779
0.8867975262167249,0.415051598288447
0.8867975262167249,0.41510383889238517
0.8867975262167249,0.41515609264853975
0.8867975262167249,0.4152083595618784
0.8867975262167249,0.4152606396373709
0.8867975262167249,0.41531293287998994
0.8865286367303038,0.41523929471032744
0.8865286367303038,0.41529159843809044
0.8862597472438828,0.41521793902746285
0.8859908577574617,0.41514426105581453
0.8859908577574617,0.4151965725806452
0.8859908577574617,0.4152488972904852
0.8859908577574617,0.41530123519032014
0.8857219682710405,0.4152275305685113
0.8857219682710405,0.4152798789712557
0.8857219682710405,0.41533224057495904
0.8857219682710405,0.4153846153846154
0.8857219682710405,0.41543700340522133
0.8857219682710405,0.415489404641776
0.8857219682710405,0.41554181909928095
0.8857219682710405,0.4155942467827404
0.8857219682710405,0.4156466876971609
0.8854530787846195,0.415572942958102
0.8854530787846195,0.4156253944213051
0.8854530787846195,0.4156778591264832
0.8854530787846195,0.4157303370786517
0.8854530787846195,0.4157828282828283
0.8854530787846195,0.41583533274403334
0.8851841892981984,0.41576155594847186
0.8851841892981984,0.41581407098648476
0.8849152998117774,0.41574027286508336
0.8846464103253563,0.4156664560960202
0.8846464103253563,0.41571897902451355
0.8846464103253563,0.4157715152281056
0.8846464103253563,0.41582406471183014
0.8846464103253563,0.415929203539823
0.8846464103253563,0.4159817928941712
0.8846464103253563,0.41603439554881133
0.8846464103253563,0.4160870115087897
0.8846464103253563,0.41613964077915505
0.8846464103253563,0.4161922833649589
0.8843775208389352,0.4161184210526316
0.8843775208389352,0.4161710742755915
0.8843775208389352,0.41622374082510755
0.8843775208389352,0.4162764207062397
0.8843775208389352,0.41632911392405064
0.8841086313525142,0.4162552221800228
0.8841086313525142,0.41630792605722966
0.883839741866093,0.4162340129162973
0.883839741866093,0.41628672745694023
0.883839741866093,0.4163394553514883
0.8835708523796719,0.41626551811502405
0.8833019628932509,0.4161915621436716
0.8833019628932509,0.41624429802331475
0.8833019628932509,0.41629704726904065
0.8833019628932509,0.41640258587907214
0.8833019628932509,0.4164553752535497
0.8833019628932509,0.41650817801445417
0.8830330734068298,0.41643418716713165
0.8830330734068298,0.4164870006341154
0.8827641839204087,0.41641298833079654
0.8827641839204087,0.41646581250792847
0.8827641839204087,0.41651865008880995
0.8827641839204087,0.41657150107854335
0.8824952944339877,0.416497461928934
0.8824952944339877,0.4165503236451326
0.8824952944339877,0.4166031987814166
0.8824952944339877,0.41665608734289705
0.8824952944339877,0.41670898933468764
0.8824952944339877,0.4167619047619048
0.8824952944339877,0.41681483362966726
0.8824952944339877,0.41686777594309665
0.8824952944339877,0.4169207317073171
0.8822264049475665,0.4168466522678186
0.8819575154611454,0.4167725540025413
0.8819575154611454,0.41682551785487354
0.8816886259747244,0.41675139806812406
0.8816886259747244,0.4168043726960722
0.8816886259747244,0.41685736079328756
0.8816886259747244,0.4169103623649078
0.8816886259747244,0.41696337741607326
0.8814197364883033,0.416889228030014
0.8811508470018822,0.4168150597812261
0.8811508470018822,0.4168680829411016
0.8811508470018822,0.4169211195928753
0.8811508470018822,0.41697416974169743
0.8808819575154612,0.4168999745482311
0.880344178542619,0.41675152749490835
0.880344178542619,0.41680458306810947
0.880344178542619,0.4168576521517698
0.880344178542619,0.41691073475105056
0.8800752890561979,0.41683647478349467
0.8800752890561979,0.4168895682078716
0.8800752890561979,0.41694267515923567
0.8800752890561979,0.416995795642757
0.8800752890561979,0.41704892966360857
0.8800752890561979,0.41710207722696574
0.8798063995697768,0.41702778485852665
0.8798063995697768,0.41708094327597195
0.8798063995697768,0.4171873007777636
0.8798063995697768,0.4172404998724815
0.8798063995697768,0.41729371253666625
0.8798063995697768,0.4173469387755102
0.8798063995697768,0.41740017859420847
0.8798063995697768,0.41745343199795865
0.8798063995697768,0.4175066989919612
0.8798063995697768,0.4175599795814191
0.8795375100833558,0.4174856413529036
0.8795375100833558,0.4175389328567781
0.8795375100833558,0.4175922379675731
0.8795375100833558,0.4176455566905005
0.8795375100833558,0.4176988890307751
0.8789997311105135,0.4175501341167454
0.8789997311105135,0.4176034747061829
0.8789997311105135,0.41765682892551426
0.8789997311105135,0.41771019677996424
0.8789997311105135,0.4177635782747604
0.8789997311105135,0.4178169734151329
0.8789997311105135,0.4178703822063147
0.8789997311105135,0.4179238046535413
0.8787308416240925,0.41784937987469634
0.8787308416240925,0.41790281329923273
0.8787308416240925,0.4179562603913544
0.8787308416240925,0.41800972115630597
0.8787308416240925,0.4181166837256909
0.8787308416240925,0.418170185540627
0.8784619521376714,0.4180957256206808
0.8781930626512503,0.418021246640215
0.8781930626512503,0.4180747567844342
0.8781930626512503,0.41812828062988094
0.8781930626512503,0.41818181818181815
0.8781930626512503,0.4182889344262295
0.8776552836784082,0.4181398923904689
0.8776552836784082,0.41819346572709803
0.8776552836784082,0.41824705279343927
0.8776552836784082,0.41830065359477125
0.8776552836784082,0.4183542681363753
0.8776552836784082,0.41846153846153844
0.8776552836784082,0.4185151942556738
0.8776552836784082,0.41856886381123365
0.8776552836784082,0.4186225471335129
0.877386394191987,0.4185479733196511
0.877386394191987,0.41860166773572804
0.877386394191987,0.41865537593020274
0.877117504705566,0.41858077762094187
0.8768486152191449,0.41850616016427106
0.8768486152191449,0.41855987678090106
0.8765797257327238,0.4184852374839538
0.8763108362463028,0.41841057902169726
0.8763108362463028,0.4184643040575244
0.8763108362463028,0.4185180428919995
0.8763108362463028,0.4185717955304393
0.8763108362463028,0.41862556197816314
0.8760419467598817,0.4185508735868448
0.8760419467598817,0.4186046511627907
0.8760419467598817,0.4187122477830613
0.8760419467598817,0.4187660668380463
0.8760419467598817,0.4188198997300424
0.8760419467598817,0.41887374646438674
0.8760419467598817,0.41898148148148145
0.8757730572734606,0.41890675241157554
0.8757730572734606,0.41896063802418315
0.8757730572734606,0.4190145375016081
0.8757730572734606,0.41906845084920225
0.8757730572734606,0.41912237807232017
0.8757730572734606,0.4191763191763192
0.8755041677870395,0.4191015574720041
0.8755041677870395,0.4191555097837281
0.8755041677870395,0.419209475988155
0.8752352783006184,0.4191346896729333
0.8752352783006184,0.4191886670959433
0.8752352783006184,0.41924265842349306
0.8752352783006184,0.4192966636609558
0.8752352783006184,0.4193506828137078
0.8752352783006184,0.41940471588712797
0.8752352783006184,0.41945876288659795
0.8752352783006184,0.41951282381750227
0.8752352783006184,0.4195668986852282
0.8752352783006184,0.41962098749516563
0.8752352783006184,0.4196750902527076
0.8752352783006184,0.4197292069632495
0.8749663888141974,0.41965437193706473
0.8746974993277763,0.41957951760608797
0.8746974993277763,0.41963364293085653
0.8746974993277763,0.41974193548387095
0.8744286098413552,0.41966705381339525
0.8744286098413552,0.4197212183789365
0.8744286098413552,0.41977539692784305
0.8744286098413552,0.4198837959974177
0.8744286098413552,0.4199380165289256
0.8744286098413552,0.4199922510654785
0.8744286098413552,0.42004649961250323
0.8744286098413552,0.4201007621754295
0.8741597203549342,0.4200258397932817
0.873890830868513,0.4199508980488435
0.873890830868513,0.4200051692943913
0.873890830868513,0.4201137538779731
0.873890830868513,0.42016806722689076
0.8736219413820919,0.42009309542280837
0.8736219413820919,0.4201474201474201
0.8736219413820919,0.4202017589239524
0.8733530518956709,0.4201267623852024
0.8733530518956709,0.4201811125485123
0.8730841624092498,0.42010609393194465
0.8730841624092498,0.42016045548654246
0.8730841624092498,0.4202148311116863
0.8730841624092498,0.42032362459546924
0.8730841624092498,0.420378042465044
0.8728152729228287,0.42068429237947125
0.8728152729228287,0.4207388204795852
0.8728152729228287,0.4207933627171377
0.8728152729228287,0.42084791909762737
0.8728152729228287,0.420902489626556
0.8728152729228287,0.4209570743094281
0.8728152729228287,0.421011673151751
0.8728152729228287,0.4210662861590349
0.8728152729228287,0.42112091333679297
0.8728152729228287,0.4211755546905411
0.8728152729228287,0.4212302102257981
0.8728152729228287,0.42128487994808567
0.8725463834364077,0.4212097611630322
0.8725463834364077,0.4212644424250292
0.8725463834364077,0.4213191378862633
0.8725463834364077,0.4213738475522659
0.8722774939499865,0.4212987012987013
0.8722774939499865,0.4214081579631073
0.8722774939499865,0.4214629076263479
0.8722774939499865,0.4215176715176715
0.8722774939499865,0.4215724496426251
0.8720086044635654,0.4214972706004679
0.8720086044635654,0.4215520603145717
0.8720086044635654,0.421606864274571
0.8717397149771444,0.42153166038226497
0.8717397149771444,0.4215864759427828
0.8717397149771444,0.42164130576147746
0.8717397149771444,0.42169614984391257
0.8717397149771444,0.421751008195655
0.8714708254907233,0.4216757741347905
0.8712019360043022,0.4216005204944697
0.87066415703146,0.4214499544448783
0.87066415703146,0.4215048164540484
0.870395267545039,0.4214295013670095
0.870395267545039,0.421484375
0.870395267545039,0.4217040125065138
0.8701263780586179,0.421628664495114
0.8701263780586179,0.4216836069846234
0.8701263780586179,0.42173856379512575
0.8701263780586179,0.42179353493222105
0.8698574885721968,0.4217181593012645
0.8695885990857758,0.4216427640156454
0.8685130411400914,0.42134098617271065
0.8682441516536703,0.4212654924983692
0.8682441516536703,0.4213204592901879
0.8682441516536703,0.4213754404280308
0.8679752621672493,0.42129992169146435
0.8679752621672493,0.4213549145020232
0.867168593707986,0.42112823191433796
0.867168593707986,0.42118323103042965
0.8666308147351438,0.4210320052253429
0.8666308147351438,0.4210870133263653
0.8663619252487228,0.42101136809094475
0.8663619252487228,0.42106638787245165
0.8660930357623017,0.4209907201672984
0.8660930357623017,0.42104575163398694
0.8658241462758807,0.4209700614459406
0.8658241462758807,0.42102510460251047
0.8658241462758807,0.42113523410933823
0.8658241462758807,0.421190320470896
0.8658241462758807,0.42124542124542125
0.8655552567894595,0.42116969776265867
0.8655552567894595,0.4212248102590945
0.8655552567894595,0.42139023432386435
0.8655552567894595,0.4214454045561665
0.8655552567894595,0.4215005892366112
0.8655552567894595,0.4215557883708748
0.8652863673030384,0.4214800261951539
0.8652863673030384,0.42153523709719676
0.8652863673030384,0.4215904624656098
0.8652863673030384,0.4216457023060797
0.8652863673030384,0.42170095662429563
0.8652863673030384,0.4217562254259502
0.8652863673030384,0.4218115087167388
0.8650174778166174,0.4217357105401154
0.8650174778166174,0.4217910056378655
0.8644796988437752,0.4216393442622951
0.8644796988437752,0.421694648478489
0.8644796988437752,0.42174996720451263
0.8644796988437752,0.42180530044607717
0.8644796988437752,0.42186064820889646
0.8644796988437752,0.42191601049868765
0.8644796988437752,0.42197138732117073
0.8644796988437752,0.4220267786820688
0.8644796988437752,0.4220821845871078
0.8644796988437752,0.4221376050420168
0.8644796988437752,0.4221930400525279
0.8642108093573542,0.4221171526136065
0.8642108093573542,0.4221725995008538
0.8642108093573542,0.4222835369859414
0.8642108093573542,0.42233902759526937
0.8642108093573542,0.42239453279011696
0.8642108093573542,0.4224500525762355
0.8642108093573542,0.4225055869593795
0.8642108093573542,0.4225611359453063
0.863941919870933,0.42248520710059173
0.863941919870933,0.42254076801683327
0.863941919870933,0.42259634354859926
0.863941919870933,0.42265193370165743
0.863941919870933,0.4227075384817787
0.8636730303845119,0.4226315789473684
0.8634041408980909,0.4225555994209764
0.8634041408980909,0.4226668421745426
0.8634041408980909,0.4227781435154707
0.8634041408980909,0.42283381617066107
0.8631352514116698,0.42275780323982615
0.8625974724388277,0.42260571729679886
0.8623285829524066,0.4225296442687747
0.8623285829524066,0.42258532085913825
0.8623285829524066,0.42264101212440697
0.8623285829524066,0.42269671807038356
0.8623285829524066,0.4227524387028737
0.8620596934659854,0.42267633487145684
0.8617908039795644,0.42260021097046413
0.8617908039795644,0.42265594092048003
0.8615219144931433,0.4225797942495384
0.8615219144931433,0.4226355362089434
0.8615219144931433,0.42269129287598944
0.8615219144931433,0.4227470642564982
0.8615219144931433,0.42280285035629456
0.8615219144931433,0.4228586511812063
0.8615219144931433,0.4229144667370644
0.8615219144931433,0.42297029702970296
0.8615219144931433,0.4230261420649591
0.8615219144931433,0.4230820018486729
0.8612530250067222,0.4230058108821976
0.8612530250067222,0.4230616827367587
0.8612530250067222,0.42311756935270806
0.8612530250067222,0.4231734707358964
0.8609841355203012,0.42309725158562367
0.8609841355203012,0.42315316505880796
0.8609841355203012,0.4232090933121861
0.86071524603388,0.423132848645076
0.860446356547459,0.4230565838180857
0.860446356547459,0.4231125214861827
0.860446356547459,0.42316847394869084
0.860446356547459,0.42322444121147995
0.860446356547459,0.42328042328042326
0.860446356547459,0.423336420161397
0.860446356547459,0.42339243186028047
0.860446356547459,0.4234484583829562
0.860446356547459,0.4235044997353097
0.8601774670610379,0.42342819324950365
0.8601774670610379,0.4234842467566852
0.8601774670610379,0.4235403151065802
0.8601774670610379,0.4235963983050847
0.8601774670610379,0.42365249635809826
0.8601774670610379,0.42370860927152315
0.8601774670610379,0.42376473705126505
0.8601774670610379,0.4238208797032326
0.8601774670610379,0.42387703723333775
0.8601774670610379,0.4239893969516236
0.8601774670610379,0.4240455991516437
0.8601774670610379,0.42410181625348004
0.8601774670610379,0.4241580482630602
0.8601774670610379,0.4242142951863148
0.8596396880881958,0.42406154662422074
0.8593707986017747,0.42398514194746617
0.8593707986017747,0.4240413957808146
0.8591019091153536,0.4239649681528662
0.8591019091153536,0.4240212342402123
0.8591019091153536,0.4240775152641359
0.8591019091153536,0.4241338112305854
0.8591019091153536,0.4241901221455125
0.8591019091153536,0.4242464480148719
0.8591019091153536,0.4243027888446215
0.8591019091153536,0.4244155154091392
0.8591019091153536,0.424471901155839
0.8591019091153536,0.42452830188679247
0.8591019091153536,0.4245847176079734
0.8591019091153536,0.4246411483253589
0.8591019091153536,0.4246975940449289
0.8591019091153536,0.42481053051455925
0.8591019091153536,0.42486702127659576
0.8591019091153536,0.42492352706476927
0.8588330196289325,0.42484703378558125
0.8588330196289325,0.42490355194891577
0.8588330196289325,0.42496008515167644
0.8588330196289325,0.42501663339986695
0.8585641301425114,0.42494011179132285
0.8585641301425114,0.42499667243444694
0.8585641301425114,0.42505324813631523
0.8585641301425114,0.42510983890294235
0.8582952406560903,0.42503328894806924
0.8582952406560903,0.42508989212944465
0.8582952406560903,0.4251465103889185
0.8577574616832482,0.4249933386624034
0.8577574616832482,0.42504996668887407
0.8577574616832482,0.42510660980810233
0.8577574616832482,0.42516326802612286
0.8577574616832482,0.4252199413489736
0.8577574616832482,0.42527662978269565
0.8574885721968271,0.4252
0.857219682710406,0.4251233497799707
0.857219682710406,0.4251800480128034
0.857219682710406,0.42523676137121513
0.8569507932239849,0.42516008537886874
0.8569507932239849,0.4252168112074716
0.8569507932239849,0.4252735521750734
0.8569507932239849,0.4253303082877352
0.8569507932239849,0.4253870795515216
0.8569507932239849,0.4255006675567423
0.8569507932239849,0.4255574843103218
0.8569507932239849,0.4256143162393162
0.8569507932239849,0.4256711633498063
0.8569507932239849,0.42572802564787604
0.8566819037375638,0.42565130260521045
0.8566819037375638,0.42570817744521644
0.8564130142511428,0.4256314312441534
0.8561441247647217,0.425554664528201
0.8558752352783007,0.42547787728913244
0.8556063457918796,0.4254010695187166
0.8556063457918796,0.4254579489236529
0.8556063457918796,0.42551484354105373
0.8556063457918796,0.42557175337702285
0.8553374563054584,0.4254949170679508
0.8553374563054584,0.42555183946488295
0.8550685668190374,0.4254749799304255
0.8550685668190374,0.425531914893617
0.8550685668190374,0.42558886509635974
0.8550685668190374,0.4256458305447731
0.8550685668190374,0.42570281124497994
0.8550685668190374,0.4257598072031062
0.8550685668190374,0.4258168184252812
0.8550685668190374,0.4258738449176376
0.8550685668190374,0.4259308866863113
0.8550685668190374,0.42598794373744137
0.8550685668190374,0.42604501607717044
0.8550685668190374,0.4261021037116441
0.8550685668190374,0.4261592066470115
0.8550685668190374,0.426216324889425
0.8547996773326163,0.42613941018766754
0.8547996773326163,0.4261965410912991
0.8547996773326163,0.42625368731563423
0.8547996773326163,0.4263108488668365
0.8547996773326163,0.42636802575107297
0.8545307878461952,0.4262910798122066
0.8545307878461952,0.4263482693855648
0.853993008873353,0.42619431025228127
0.8537241193869319,0.42634617966966565
0.8534552299005109,0.4262691377921031
0.8531863404140898,0.4261920752182673
0.8529174509276687,0.4261149919398173
0.8526485614412477,0.4260378879484079
0.8526485614412477,0.42609513571620533
0.8526485614412477,0.4261523988711195
0.8526485614412477,0.4262669713671192
0.8526485614412477,0.42632428072062384
0.8523796719548266,0.4262471426650531
0.8523796719548266,0.42636180228648285
0.8523796719548266,0.42641915523271456
0.8523796719548266,0.42647652361092425
0.8523796719548266,0.4265339074273412
0.8523796719548266,0.4265913066881981
0.8523796719548266,0.4266487213997308
0.8523796719548266,0.4267635971997846
0.8523796719548266,0.4268210583007944
0.8523796719548266,0.4268785348774576
0.8523796719548266,0.42693602693602695
0.8523796719548266,0.4269935344827586
0.8523796719548266,0.42705105752391215
0.8523796719548266,0.42710859606575047
0.8523796719548266,0.42716615011453984
0.8521107824684054,0.427088948787062
0.8521107824684054,0.42714651570292494
0.8521107824684054,0.42720409813966026
0.8521107824684054,0.4272616961035459
0.8518418929819844,0.42718446601941745
0.8515730034955633,0.4271072151045179
0.8513041140091422,0.4270299433504181
0.8513041140091422,0.42708754890058004
0.8513041140091422,0.42714516999460334
0.8513041140091422,0.4272028066387802
0.8510352245227212,0.4271255060728745
0.8510352245227212,0.42718315562154136
0.8510352245227212,0.4272408207343413
0.8510352245227212,0.42729850141757797
0.8510352245227212,0.4273561976775587
0.8510352245227212,0.4274139095205942
0.8510352245227212,0.4274716369529984
0.8510352245227212,0.42752937998108875
0.8510352245227212,0.4275871386111862
0.8507663350363001,0.42750979597351707
0.850497445549879,0.42743243243243245
0.850497445549879,0.4274902013785647
0.8502285560634579,0.42741281427412814
0.8502285560634579,0.42747059618764366
0.8499596665770368,0.42739318550567873
0.8496907770906158,0.427315753887762
0.8496907770906158,0.42737354611847445
0.8496907770906158,0.4274313539834979
0.8496907770906158,0.42754701664186173
0.8494218876041947,0.42746955345060894
0.8494218876041947,0.42752740560292324
0.8494218876041947,0.42758527341635083
0.8494218876041947,0.4276431568972519
0.8494218876041947,0.42770105605199027
0.8494218876041947,0.427758970886933
0.8491529981177736,0.42768147345612134
0.8491529981177736,0.4277394013273737
0.8488841086313526,0.42766188024925494
0.8488841086313526,0.4277198211624441
0.8486152191449314,0.4276422764227642
0.8486152191449314,0.4277002303835208
0.8486152191449314,0.4277582000542152
0.8480774401720893,0.42760303687635576
0.8480774401720893,0.4277190127474912
0.8480774401720893,0.42777702427777026
0.8480774401720893,0.42783505154639173
0.8478085506856682,0.42775742775742776
0.8478085506856682,0.4278154681139756
0.8478085506856682,0.42787352422309677
0.8478085506856682,0.42798968372471835
0.8478085506856682,0.42810590631364565
0.8478085506856682,0.428164041281912
0.8478085506856682,0.42822219204128753
0.8478085506856682,0.428280358598207
0.8475396611992471,0.4282026898519223
0.847270771712826,0.428125
0.847270771712826,0.42818317706210085
0.847270771712826,0.428241369937483
0.847270771712826,0.4282995786325948
0.847270771712826,0.428357803153888
0.847270771712826,0.4284160435078178
0.847270771712826,0.42847429970084305
0.8470018822264049,0.4283965728274174
0.8470018822264049,0.4284548422198041
0.8470018822264049,0.42851312746565096
0.8470018822264049,0.42857142857142855
0.8470018822264049,0.4286297455436114
0.8467329927399838,0.42855198693522045
0.8467329927399838,0.4286103171362461
0.8467329927399838,0.42866866321807784
0.8467329927399838,0.4287270251872022
0.8467329927399838,0.4287854030501089
0.8467329927399838,0.42884379681329154
0.8467329927399838,0.42890220648324706
0.8467329927399838,0.42901907356948227
0.8467329927399838,0.42907753099877366
0.8467329927399838,0.42913600436086125
0.8467329927399838,0.42919449366225976
0.8464641032535628,0.4291166848418757
0.8464641032535628,0.429175187457396
0.8464641032535628,0.42923370602672484
0.8461952137671417,0.42915587072139644
0.8456574347942996,0.4290001364070386
0.8456574347942996,0.42905866302864937
0.8456574347942996,0.42911720562150363
0.8456574347942996,0.42917576419213976
0.8456574347942996,0.42923433874709976
0.8448507663350363,0.429000546149645
0.8448507663350363,0.4290591287723611
0.8448507663350363,0.4291177273968861
0.8448507663350363,0.42917634202977734
0.8448507663350363,0.42923497267759564
0.8448507663350363,0.4292936193469053
0.8448507663350363,0.42941096077627444
0.8445818768486152,0.4293329688354292
0.8443129873621942,0.42925495557074506
0.8443129873621942,0.42931364506426034
0.8440440978757731,0.4292356078216874
0.8440440978757731,0.42929431072210067
0.8440440978757731,0.4293530296813021
0.8440440978757731,0.4294117647058823
0.8437752083893519,0.42933369818032563
0.8437752083893519,0.4293924466338259
0.8435063189029309,0.4293143560968934
0.8435063189029309,0.42937311798521766
0.8435063189029309,0.4294906900328587
0.8432374294165098,0.42941257017663975
0.8432374294165098,0.4294713777047384
0.8432374294165098,0.42953020134228187
0.8432374294165098,0.4295890410958904
0.8432374294165098,0.42964789697218797
0.8432374294165098,0.42970676897780213
0.8432374294165098,0.4297656571193641
0.8432374294165098,0.4298245614035088
0.8432374294165098,0.4298834818368746
0.8432374294165098,0.42994241842610365
0.8426996504436677,0.429786066922655
0.8424307609572466,0.4297078590042518
0.8418929819844044,0.42955137878995747
0.8418929819844044,0.4296103183315038
0.8418929819844044,0.42966927404967753
0.8418929819844044,0.4297872340425532
0.8418929819844044,0.4298462383305876
0.8418929819844044,0.42990525882191405
0.8418929819844044,0.4299642955232079
0.8418929819844044,0.4300233484411482
0.8418929819844044,0.4300824175824176
0.8418929819844044,0.43014150295370246
0.8416240924979833,0.4300632041769717
0.8416240924979833,0.4301223031469012
0.8416240924979833,0.43018141836173723
0.8416240924979833,0.4302405498281787
0.8416240924979833,0.43029969755292824
0.8416240924979833,0.43035886154269215
0.8416240924979833,0.4304180418041804
0.8416240924979833,0.4304772383441067
0.8416240924979833,0.4305364511691884
0.8416240924979833,0.43059568028614664
0.8416240924979833,0.4306549257017061
0.8416240924979833,0.4307141874225953
0.8416240924979833,0.4307734654555464
0.8413552030115623,0.43069511355815554
0.8413552030115623,0.4307544052863436
0.8413552030115623,0.4308137133415944
0.8413552030115623,0.4308730377306527
0.8410863135251412,0.43079465638341824
0.8410863135251412,0.4308539944903581
0.8410863135251412,0.4309133489461358
0.8410863135251412,0.43097271975750895
0.8410863135251412,0.4310321069312388
0.8408174240387201,0.4309536934950386
0.8408174240387201,0.431013094417643
0.8408174240387201,0.431072511717673
0.8408174240387201,0.43113194540190264
0.8408174240387201,0.4311913954771098
0.8408174240387201,0.43125086195007584
0.8408174240387201,0.43131034482758623
0.840548534552299,0.4312318940543523
0.8402796450658779,0.4311534216335541
0.8400107555794568,0.43107492755623017
0.8400107555794568,0.4311344189897875
0.8400107555794568,0.43119392684610075
0.8400107555794568,0.4312534511319713
0.8397418660930358,0.43117492751622255
0.8394729766066147,0.4310963822148578
0.8394729766066147,0.43115591769092665
0.8394729766066147,0.4312154696132597
0.8394729766066147,0.43127503798867245
0.8394729766066147,0.43133462282398455
0.8394729766066147,0.4313942241260191
0.8392040871201936,0.43209192856153955
0.8392040871201936,0.43221160504085304
0.8392040871201936,0.4322714681440443
0.8392040871201936,0.4323313478321097
0.8392040871201936,0.43239124411194235
0.8389351976337726,0.43231259526118887
0.8389351976337726,0.43237250554323725
0.8389351976337726,0.43243243243243246
0.8389351976337726,0.43249237593568063
0.8389351976337726,0.43261231281198004
0.8389351976337726,0.4326723061988628
0.8389351976337726,0.43273231622746183
0.8389351976337726,0.4327923429047025
0.8389351976337726,0.4328523862375139
0.8389351976337726,0.4329124462328292
0.8386663081473514,0.43283374965306687
0.8386663081473514,0.43289382373351837
0.8386663081473514,0.4329539144919489
0.8386663081473514,0.43301402193530475
0.8386663081473514,0.43307414607053596
0.8386663081473514,0.4331342869045966
0.8386663081473514,0.43319444444444444
0.8386663081473514,0.43325461869704124
0.8386663081473514,0.4333148096693526
0.8383974186609303,0.43323607058496594
0.8383974186609303,0.4332962757087271
0.8383974186609303,0.4333564975677554
0.8378596396880882,0.43319894341721116
0.8375907502016671,0.4331201334816463
0.8375907502016671,0.4331803643443193
0.8375907502016671,0.433240611961057
0.8370529712288249,0.4330829159710629
0.8370529712288249,0.43314317517740364
0.8370529712288249,0.4332034511550237
0.8370529712288249,0.43326374391092554
0.8370529712288249,0.43332405345211583
0.8370529712288249,0.43350508285754075
0.8370529712288249,0.43356545961002785
0.8370529712288249,0.43362585318289454
0.8367840817424038,0.43354694901086654
0.8367840817424038,0.4336073568343319
0.8367840817424038,0.4336677814938685
0.8367840817424038,0.4337282229965157
0.8367840817424038,0.433788681349317
0.8362463027695617,0.4336307863915226
0.8359774132831407,0.43355180588481385
0.8357085237967196,0.43347280334728033
0.8357085237967196,0.433533268238248
0.8357085237967196,0.43359375
0.8357085237967196,0.43365424863959817
0.8357085237967196,0.4337147641641083
0.8354396343102984,0.433635729239358
0.8354396343102984,0.4337568058076225
0.8351707448238774,0.433677743647026
0.8351707448238774,0.43373830470604663
0.8351707448238774,0.43379888268156425
0.8351707448238774,0.4338594775806677
0.8351707448238774,0.43398071817800754
0.8351707448238774,0.43404136389044157
0.8351707448238774,0.43410202655485675
0.8349018553374563,0.43402292423818845
0.8349018553374563,0.4340836012861736
0.8349018553374563,0.4341442953020134
0.8349018553374563,0.43420500629282616
0.8346329658510352,0.4341258741258741
0.8346329658510352,0.434186599524409
0.8346329658510352,0.434247341913822
0.8346329658510352,0.43430810130124525
0.8346329658510352,0.4343688776938147
0.8346329658510352,0.43449048152295633
0.8346329658510352,0.43455130897382055
0.8346329658510352,0.43461215345841503
0.8343640763646142,0.43453297857442935
0.8343640763646142,0.434593837535014
0.8343640763646142,0.4346547135453145
0.8343640763646142,0.4347156066124965
0.8343640763646142,0.43477651674372986
0.8343640763646142,0.43483744394618834
0.8343640763646142,0.43489838822704974
0.8340951868781931,0.4348191757779647
0.8338262973917719,0.43473994111874387
0.8338262973917719,0.4348618707053709
0.8335574079053509,0.43478260869565216
0.8335574079053509,0.4348435965773601
0.8335574079053509,0.43490460157126826
0.8335574079053509,0.43496562368457975
0.8335574079053509,0.4350266629245018
0.8332885184189298,0.43494736842105264
0.8332885184189298,0.4350084222346996
0.8332885184189298,0.4350694931910712
0.8332885184189298,0.43513058129738835
0.8332885184189298,0.43519168656087626
0.8332885184189298,0.43525280898876406
0.8332885184189298,0.43531394858828487
0.8332885184189298,0.435375105366676
0.8332885184189298,0.43543627933117884
0.8330196289325087,0.4353569421023047
0.8330196289325087,0.43547933651953896
0.8330196289325087,0.4355405595388725
0.8330196289325087,0.4356017997750281
0.8330196289325087,0.4356630572352693
0.8327507394460877,0.43558368495077354
0.8327507394460877,0.4356449570966381
0.8324818499596666,0.4355655599324705
0.8324818499596666,0.4356268467707894
0.8324818499596666,0.4356881508584295
0.8324818499596666,0.4357494722026742
0.8324818499596666,0.4358108108108108
0.8324818499596666,0.43587216669013096
0.8324818499596666,0.43593353984793015
0.8322129604732454,0.435854105055626
0.8319440709868244,0.43577464788732395
0.8319440709868244,0.4358360332441189
0.8319440709868244,0.4358974358974359
0.8319440709868244,0.43595885585458644
0.8319440709868244,0.43602029312288615
0.8319440709868244,0.4360817477096547
0.8319440709868244,0.43614321962221597
0.8319440709868244,0.4362047088678979
0.8319440709868244,0.4362662154540327
0.8319440709868244,0.43632773938795655
0.8319440709868244,0.4363892806770099
0.8319440709868244,0.4364508393285372
0.8319440709868244,0.4366356195314705
0.8319440709868244,0.43669724770642204
0.8319440709868244,0.4367588932806324
0.8292551761226136,0.4359626802374894
0.8292551761226136,0.4360243178283614
0.8292551761226136,0.43608597285067874
0.8292551761226136,0.4361476453118371
0.8292551761226136,0.4362093352192362
0.8292551761226136,0.4362710425802801
0.8289862866361926,0.43619128466327106
0.8289862866361926,0.4364382785956965
0.8287173971497714,0.4363584878946623
0.8287173971497714,0.43642027754177287
0.8287173971497714,0.4364820846905538
0.8284485076633503,0.43640226628895185
0.8284485076633503,0.43646408839779005
0.8284485076633503,0.4365877851778376
0.8281796181769293,0.4365079365079365
0.8281796181769293,0.4365698086463501
0.8281796181769293,0.43669360555791864
0.8281796181769293,0.4367555303460011
0.8281796181769293,0.43681747269890797
0.8279107286905082,0.43673758865248224
0.8279107286905082,0.43679954603489857
0.8279107286905082,0.43686152099886494
0.8279107286905082,0.43692351355186604
0.8279107286905082,0.4369855237013909
0.8276418392040871,0.4369056068133428
0.8273729497176661,0.4368256672345258
0.8273729497176661,0.4368876899048701
0.8273729497176661,0.4369497301902869
0.8273729497176661,0.4370117880982815
0.8271040602312449,0.4369318181818182
0.8271040602312449,0.4369938911777241
0.8271040602312449,0.4370559818130151
0.8271040602312449,0.437118090095211
0.8271040602312449,0.43718021603183627
0.8268351707448238,0.4376601195559351
0.8268351707448238,0.4377224199288256
0.8265662812584028,0.43764236902050113
0.8265662812584028,0.4377046846077175
0.8265662812584028,0.4377670179436058
0.8262973917719817,0.43768693918245266
0.8260285022855607,0.4376068376068376
0.8260285022855607,0.4376691836443938
0.8260285022855607,0.4377315474494158
0.8260285022855607,0.43779392902949976
0.8260285022855607,0.4378563283922463
0.8260285022855607,0.43798118049615054
0.8260285022855607,0.43804363325253104
0.8260285022855607,0.4381061038220194
0.8260285022855607,0.4381685922122379
0.8260285022855607,0.43823109843081315
0.8260285022855607,0.43829362248537596
0.8260285022855607,0.4383561643835616
0.8257596127991396,0.43827600970458114
0.8254907233127184,0.4381958321438767
0.8254907233127184,0.4383209594517419
0.8254907233127184,0.43838354990718265
0.8254907233127184,0.4384461582405027
0.8252218338262974,0.438365947721754
0.8252218338262974,0.43842857142857145
0.8252218338262974,0.4384912130304329
0.8252218338262974,0.43855387253501
0.8249529443398763,0.4384736315563813
0.8249529443398763,0.43853630646083475
0.8246840548534552,0.43845604002859184
0.8246840548534552,0.43851873034029165
0.8246840548534552,0.43858143858143855
0.8246840548534552,0.4386441647597254
0.8246840548534552,0.43870690888284936
0.8246840548534552,0.43876967095851216
0.8246840548534552,0.4388324509944198
0.8244151653670342,0.43875214653692046
0.823877386394192,0.4385914686515889
0.823877386394192,0.4386542591267001
0.823877386394192,0.43871706758304696
0.823877386394192,0.4387798940283546
0.823877386394192,0.43909429635998853
0.823877386394192,0.43915723090153364
0.823877386394192,0.43922018348623854
0.8236084969077709,0.43913978494623657
0.8233396074213498,0.4390593633495842
0.8230707179349287,0.4389789186863617
0.8230707179349287,0.43904188181296616
0.8230707179349287,0.4391048630038732
0.8228018284485077,0.43902439024390244
0.8228018284485077,0.4390873869995695
0.8228018284485077,0.439150401836969
0.8225329389620866,0.4390699009616765
0.8222640494756654,0.4389893769738731
0.8222640494756654,0.4390524048815506
0.8222640494756654,0.4391785150078989
0.8222640494756654,0.43924159724217177
0.8222640494756654,0.4393046976009194
0.8222640494756654,0.439367816091954
0.8222640494756654,0.4394309527230924
0.8222640494756654,0.4394941075021558
0.8222640494756654,0.43955728043696995
0.8222640494756654,0.43962047153536515
0.8222640494756654,0.4396836808051761
0.8222640494756654,0.4397469082542422
0.8222640494756654,0.439810153890407
0.8222640494756654,0.439873417721519
0.8222640494756654,0.43993669975543087
0.8222640494756654,0.44
0.8219951599892444,0.43991941286516045
0.8219951599892444,0.43998272884283246
0.8217262705028233,0.43990211602130413
0.8217262705028233,0.4399654477397063
0.8214573810164023,0.4398848092152628
0.8214573810164023,0.43994815668202764
0.8214573810164023,0.4400115223966585
0.8211884915299812,0.4399308556611927
0.8211884915299812,0.4399942371416222
0.8211884915299812,0.4400576368876081
0.8211884915299812,0.4401210549070471
0.8211884915299812,0.44018449120784087
0.8211884915299812,0.44024794579789533
0.8211884915299812,0.4403114186851211
0.8211884915299812,0.44037490987743333
0.8211884915299812,0.44043841938275163
0.8211884915299812,0.44050194720900043
0.8211884915299812,0.4405654933641085
0.8209196020435601,0.44048477853123646
0.8209196020435601,0.4405483405483405
0.8206507125571391,0.44046759994227164
0.8206507125571391,0.4405311778290993
0.8206507125571391,0.44059477407247005
0.8206507125571391,0.44065838868033497
0.8179618176929282,0.4399132321041215
0.8179618176929282,0.4399768585478739
0.8179618176929282,0.44004050339939244
0.8179618176929282,0.4401041666666667
0.8179618176929282,0.44042275951932824
0.8179618176929282,0.44048653344917466
0.8179618176929282,0.4405503258508327
0.8179618176929282,0.4406141367323291
0.8179618176929282,0.4406779661016949
0.8179618176929282,0.4407418139669661
0.8179618176929282,0.44080568033618317
0.8179618176929282,0.4408695652173913
0.8179618176929282,0.44093346861864036
0.8179618176929282,0.4409973905479849
0.8179618176929282,0.4410613310134841
0.8179618176929282,0.44112529002320183
0.8179618176929282,0.44118926758520666
0.8179618176929282,0.4412532637075718
0.8176929282065071,0.44117220368489773
0.8176929282065071,0.4412362159024956
0.8176929282065071,0.44130024669859236
0.8176929282065071,0.4413642960812772
0.8174240387200861,0.441283205109595
0.8174240387200861,0.4413472706155633
0.817155149233665,0.44126615362276755
0.817155149233665,0.4413943355119826
0.817155149233665,0.44145845438698433
0.817155149233665,0.44152259189306986
0.817155149233665,0.44158674803836095
0.817155149233665,0.4416509228309839
0.817155149233665,0.4417151162790698
0.8168862597472439,0.44163395842418957
0.8168862597472439,0.441698168072114
0.8168862597472439,0.44176239639377635
0.8168862597472439,0.441826643397324
0.8168862597472439,0.4418909090909091
0.8166173702608228,0.44180971777713124
0.8166173702608228,0.44187399970900626
0.8166173702608228,0.4420026197060108
0.8166173702608228,0.4420669577874818
0.8166173702608228,0.4421313146018343
0.8163484807744017,0.44205008736167734
0.8160795912879807,0.4419688364642493
0.8160795912879807,0.44203320710748617
0.8158107018015596,0.4419519300801165
0.8158107018015596,0.442016317016317
0.8158107018015596,0.4420807227160134
0.8155418123151384,0.44199941707956864
0.8152729228287174,0.4419180877423116
0.8152729228287174,0.44198250728862976
0.8152729228287174,0.4420469456188949
0.8152729228287174,0.442111402741324
0.8152729228287174,0.44224037339556593
0.8152729228287174,0.44230488694383663
0.8152729228287174,0.4424339705238582
0.8152729228287174,0.44249854057209576
0.8147351438558752,0.44233576642335765
0.8147351438558752,0.44240035041611914
0.8144662543694542,0.44231892523364486
0.8141973648830331,0.44223747626697824
0.8141973648830331,0.4423020742039147
0.8141973648830331,0.44236669101533965
0.8141973648830331,0.4424313267095266
0.8136595859101909,0.442268342589886
0.8136595859101909,0.44233299225259465
0.8133906964237698,0.4422514619883041
0.8133906964237698,0.44231612808890186
0.8133906964237698,0.44238081310324656
0.8131218069373487,0.44236395552954944
0.8131218069373487,0.44242867593269936
0.8128529174509277,0.44234708808896694
0.8128529174509277,0.44241182496707154
0.8125840279645066,0.44233021077283374
0.8125840279645066,0.44239496413409457
0.8125840279645066,0.4424597364568082
0.8125840279645066,0.44252452774930445
0.8125840279645066,0.442589338019918
0.8125840279645066,0.4426541672769884
0.8125840279645066,0.4427190155288602
0.8125840279645066,0.4427838827838828
0.8125840279645066,0.442913674336802
0.8125840279645066,0.44297859865142186
0.8123151384780855,0.4428969359331476
0.8123151384780855,0.44296187683284455
0.8123151384780855,0.44302683677958643
0.8123151384780855,0.44309181578175416
0.8123151384780855,0.4431568138477336
0.8120462489916644,0.443075117370892
0.8120462489916644,0.4431401320616288
0.8120462489916644,0.4432051658350455
0.8120462489916644,0.44327021869954497
0.8120462489916644,0.4434654919236417
0.8117773595052433,0.44338375679248054
0.8117773595052433,0.443448883666275
0.8115084700188223,0.44336712208021156
0.8115084700188223,0.4434322656479577
0.8115084700188223,0.4434974283614989
0.8115084700188223,0.4435626102292769
0.8115084700188223,0.4436278112597383
0.8115084700188223,0.4436930314613349
0.8115084700188223,0.4437582708425232
0.8112395805324012,0.4436764705882353
0.8112395805324012,0.44374172672451834
0.8112395805324012,0.44380700205942925
0.8112395805324012,0.44387229660144184
0.8112395805324012,0.44393761035903473
0.8112395805324012,0.4440029433406917
0.8109706910459801,0.4439211068589932
0.8109706910459801,0.4439864566465479
0.8109706910459801,0.44405182567726736
0.8109706910459801,0.4441172139596525
0.8107018015595591,0.44403534609720174
0.8107018015595591,0.44410075121520104
0.8107018015595591,0.44416617560400706
0.8107018015595591,0.4442316192721379
0.8107018015595591,0.4442970822281167
0.810432912073138,0.44421518054532055
0.810432912073138,0.44428066037735847
0.810432912073138,0.44434615951643813
0.8101640225867168,0.4442642288410498
0.8101640225867168,0.4443297448753871
0.8101640225867168,0.4443952802359882
0.8101640225867168,0.4444608349314058
0.8101640225867168,0.4445264089701977
0.8101640225867168,0.44465761511216056
0.8101640225867168,0.4447232472324723
0.8101640225867168,0.4447888987304399
0.8101640225867168,0.44485456961464637
0.8101640225867168,0.44492025989367984
0.8101640225867168,0.4449859695761335
0.8101640225867168,0.4450516986706056
0.8101640225867168,0.4451174471856995
0.8101640225867168,0.4451832151300236
0.8101640225867168,0.4452490025121915
0.8101640225867168,0.44531480934082174
0.8098951331002958,0.4452328159645233
0.8098951331002958,0.44529863985807216
0.8098951331002958,0.44536448321750705
0.8096262436138747,0.4452824608104111
0.8096262436138747,0.44534832125425233
0.8096262436138747,0.44541420118343195
0.8096262436138747,0.4454801006065986
0.8096262436138747,0.445546019532406
0.8096262436138747,0.4456119579695131
0.8096262436138747,0.4456779159265838
0.8096262436138747,0.4457438934122872
0.8096262436138747,0.4458098904352976
0.8090884646410326,0.4456457345971564
0.8090884646410326,0.4457117464079396
0.8088195751546114,0.44562962962962965
0.8088195751546114,0.4456956586160913
0.8088195751546114,0.4457617071724956
0.8088195751546114,0.44595997034840623
0.8085506856681903,0.4458778173190985
0.8082817961817693,0.445795639922883
0.8082817961817693,0.44586176208840106
0.8082817961817693,0.4459279038718291
0.8080129066953482,0.44584569732937684
0.8077440172089271,0.44576346638967207
0.8074751277225061,0.44568121104185215
0.8074751277225061,0.44574736529612585
0.807206238236085,0.44566508313539194
0.8069373487496639,0.4455827765404603
0.8069373487496639,0.4457151344125947
0.8069373487496639,0.44578134284016635
0.8069373487496639,0.4458475709404249
0.8066684592632428,0.4457652303120357
0.8066684592632428,0.44583147570218457
0.8066684592632428,0.44589774078478
0.8066684592632428,0.44596402556860415
0.8066684592632428,0.44603033006244425
0.8066684592632428,0.44609665427509293
0.8063995697768217,0.4460142772159429
0.8063995697768217,0.44608061877138183
0.8063995697768217,0.4461469800654567
0.8061306802904007,0.4460645737241482
0.8061306802904007,0.4461309523809524
0.8061306802904007,0.44619735079624945
0.8058617908039796,0.4461149151533194
0.8058617908039796,0.44618133095131757
0.8058617908039796,0.44624776652769504
0.8055929013175585,0.44616530156366346
0.8055929013175585,0.4462317545427465
0.8055929013175585,0.4463647199046484
0.8053240118311374,0.44628222321561617
0.8053240118311374,0.4463487332339791
0.8053240118311374,0.4464152630794455
0.8053240118311374,0.4464818127608825
0.8050551223447163,0.4463992843298047
0.8050551223447163,0.44646585147628987
0.8050551223447163,0.4465324384787472
0.8050551223447163,0.44659904534606204
0.8047862328582952,0.44651648515590037
0.8045173433718742,0.44643390032826025
0.8042484538854531,0.4463512908521116
0.8042484538854531,0.4464179104477612
0.803979564399032,0.4463352739214808
0.803979564399032,0.4464019110182144
0.803710674912611,0.4463192474242198
0.8034417854261898,0.44623655913978494
0.8034417854261898,0.44630321135175505
0.8034417854261898,0.44636988347774126
0.8034417854261898,0.44643657552666965
0.8034417854261898,0.4465032875074716
0.8034417854261898,0.44657001942908386
0.8034417854261898,0.44663677130044843
0.8034417854261898,0.4467035431305128
0.8034417854261898,0.44677033492822965
0.8034417854261898,0.4468371467025572
0.8034417854261898,0.4469039784624589
0.8034417854261898,0.44697083021690354
0.8034417854261898,0.44703770197486536
0.8034417854261898,0.44710459374532396
0.8034417854261898,0.4471715055372643
0.8031728959397687,0.44708875916778923
0.8029040064533477,0.4470059880239521
0.8029040064533477,0.44707291510705194
0.8029040064533477,0.4471398622342019
0.8026351169669266,0.4470570615545904
0.8023662274805056,0.4469742360695027
0.8023662274805056,0.4470411985018727
0.8023662274805056,0.447108181000899
0.8023662274805056,0.44717518357560315
0.8023662274805056,0.447242206235012
0.8023662274805056,0.4473092489881577
0.8023662274805056,0.4474433948118159
0.8023662274805056,0.4475104979004199
0.8023662274805056,0.44757762111894406
0.8020973379940844,0.4474947494749475
0.8020973379940844,0.44756189047261813
0.8020973379940844,0.44762905162064826
0.8020973379940844,0.44769623292811045
0.8020973379940844,0.44776343440408284
0.8020973379940844,0.447830656057649
0.8020973379940844,0.4478978978978979
0.8018284485076633,0.4478149872353206
0.8018284485076633,0.4478822469209973
0.8018284485076633,0.4479495268138801
0.8015595590212423,0.44786658653846156
0.8012906695348212,0.44778362133734034
0.8012906695348212,0.44785091674180943
0.8012906695348212,0.4479182323763716
0.8010217800484001,0.4478352375225496
0.8007528905619791,0.4477522177116223
0.8007528905619791,0.44781954887218045
0.8007528905619791,0.4478869002857573
0.8007528905619791,0.4479542719614922
0.8007528905619791,0.44802166390853015
0.800484001075558,0.44800601956358166
0.800484001075558,0.44807344972907887
0.800484001075558,0.4481409001956947
0.800484001075558,0.44820837097259864
0.800484001075558,0.4482758620689655
0.800484001075558,0.4483433734939759
0.800484001075558,0.44841090525681576
0.8002151115891368,0.44832780958119917
0.8002151115891368,0.4483953593491035
0.8002151115891368,0.4484629294755877
0.8002151115891368,0.4485305199698568
0.8002151115891368,0.4485981308411215
0.8002151115891368,0.44866576209859793
0.8002151115891368,0.4487334137515078
0.8002151115891368,0.44880108580907857
0.7999462221027158,0.44871794871794873
0.7999462221027158,0.44878563885955647
0.7996773326162947,0.44870247435123717
0.7996773326162947,0.44883791125867795
0.7994084431298736,0.44875471698113206
0.7994084431298736,0.44929726462142966
0.7994084431298736,0.44936517533252723
0.7994084431298736,0.4494331065759637
0.7994084431298736,0.4495010583610523
0.7994084431298736,0.44956903069711174
0.7994084431298736,0.4496370235934664
0.7991395536434526,0.4495537740130086
0.7991395536434526,0.4496217851739788
0.7991395536434526,0.4496898169163262
0.7991395536434526,0.44975786924939465
0.7988706641570315,0.4496745875586499
0.7988706641570315,0.4497426581895247
0.7988706641570315,0.4498107494322483
0.7988706641570315,0.44987886129618415
0.7988706641570315,0.4499469937907012
0.7983328851841893,0.4497803363126799
0.7983328851841893,0.44984848484848483
0.7983328851841893,0.4499166540384907
0.7983328851841893,0.44998484389208854
0.7977951062113471,0.4498180715585203
0.7975262167249261,0.44973464746019715
0.797257327238505,0.44971939936296074
0.797257327238505,0.44985586405704747
0.796988437752084,0.44977238239757206
0.796988437752084,0.44984064349673697
0.796988437752084,0.44990892531876137
0.7967195482656628,0.449825413693639
0.7967195482656628,0.44989371393865774
0.7967195482656628,0.44996203492786635
0.7964506587792417,0.4498784933171324
0.7961817692928207,0.44979492632538354
0.7961817692928207,0.44986326344576116
0.7961817692928207,0.44993162133414377
0.7961817692928207,0.45
0.7961817692928207,0.45006839945280436
0.7961817692928207,0.4501368197020371
0.7961817692928207,0.45020526075718414
0.7961817692928207,0.45027372262773724
0.7961817692928207,0.4503422053231939
0.7961817692928207,0.4504107088530575
0.7961817692928207,0.4504792332268371
0.7961817692928207,0.4505477784540475
0.7961817692928207,0.4506163445442094
0.7959128798063996,0.4505327245053272
0.7959128798063996,0.4506013091794794
0.7956439903199785,0.45051766138855054
0.7956439903199785,0.45058626465661644
0.7956439903199785,0.45065488882120014
0.7956439903199785,0.4507235338918507
0.7956439903199785,0.4507921998781231
0.7953751008335574,0.4507085174462898
0.7953751008335574,0.45077720207253885
0.7953751008335574,0.4508459076360311
0.7953751008335574,0.4509146341463415
0.7953751008335574,0.4509833816130508
0.7951062113471363,0.45089966453186947
0.7951062113471363,0.4509684306847644
0.7945684323742942,0.45080091533180777
0.7942995428878731,0.450717119316448
0.7942995428878731,0.450785899587975
0.794030653401452,0.4507020757020757
0.794030653401452,0.45077087467562205
0.794030653401452,0.45083969465648854
0.793761763915031,0.45075584058634904
0.793761763915031,0.4508246792913867
0.793761763915031,0.4508935390255079
0.793761763915031,0.4509624197983501
0.793761763915031,0.4510313216195569
0.793761763915031,0.4511002444987775
0.793761763915031,0.4511691884456671
0.7934928744286098,0.45108529501681444
0.7934928744286098,0.4511542577587525
0.7932239849421887,0.4510703363914373
0.7932239849421887,0.4511393179385227
0.7932239849421887,0.45120832058733557
0.7929550954557677,0.45112436897659475
0.7929550954557677,0.4511933904528764
0.7926862059693466,0.45110941086457534
0.7926862059693466,0.4511784511784512
0.7924173164829256,0.4510944435940609
0.7924173164829256,0.4511635027556644
0.7924173164829256,0.4512325830653805
0.7924173164829256,0.45130168453292496
0.7924173164829256,0.4513708071680196
0.7924173164829256,0.45143995098039214
0.7921484269965045,0.4513559062356366
0.7918795375100833,0.4512718357339871
0.7916106480236623,0.4511877394636015
0.7916106480236623,0.4512568976088289
0.7916106480236623,0.4513260769584547
0.7916106480236623,0.45139527752223246
0.7913417585372412,0.45131114859684096
0.7913417585372412,0.4513803680981595
0.7913417585372412,0.451449608835711
0.7913417585372412,0.4515188708192697
0.7913417585372412,0.4515881540586159
0.7908039795643991,0.4514198004604758
0.7897284216187147,0.45108278298264476
0.7897284216187147,0.4511520737327189
0.7897284216187147,0.4512213857735443
0.7894595321322936,0.45113706207744314
0.7894595321322936,0.4512063931151068
0.7894595321322936,0.45127574546572397
0.7894595321322936,0.45134511913912373
0.7891906426458726,0.4512607626076261
0.7891906426458726,0.45133015531293247
0.7891906426458726,0.45139956936327286
0.7891906426458726,0.45146900476849716
0.7891906426458726,0.45153846153846156
0.7891906426458726,0.45160793968302815
0.7891906426458726,0.45167743921206527
0.7891906426458726,0.45174696013544713
0.7891906426458726,0.4518165024630542
0.7891906426458726,0.4518860662047729
0.7891906426458726,0.45209488601355513
0.7891906426458726,0.4521645355107071
0.7891906426458726,0.4522342064714946
0.7889217531594515,0.4521497919556172
0.7889217531594515,0.45221948212083846
0.7889217531594515,0.4522891937721597
0.7889217531594515,0.45235892691951896
0.7889217531594515,0.4524286815728604
0.7889217531594515,0.4524984577421345
0.7886528636730303,0.4524140058614839
0.7886528636730303,0.4524838012958963
0.7883839741866093,0.45239932109242403
0.7883839741866093,0.4524691358024691
0.7881150847001882,0.4523846272572928
0.7881150847001882,0.4524544612534733
0.7878461952137671,0.45236992434769185
0.7878461952137671,0.45243977764051885
0.7878461952137671,0.4525096525096525
0.7878461952137671,0.4525795489650911
0.7875773057273461,0.45249497914413717
0.787308416240925,0.45241038318912236
0.787308416240925,0.4524802967083913
0.787308416240925,0.45255023183925813
0.787308416240925,0.45262018859174524
0.787308416240925,0.45269016697588127
0.787308416240925,0.45276016700170096
0.787308416240925,0.4528301886792453
0.787308416240925,0.4529002320185615
0.787308416240925,0.452970297029703
0.787308416240925,0.45304038372272937
0.787308416240925,0.4531104921077066
0.787308416240925,0.45318062219470673
0.787308416240925,0.45325077399380803
0.787039526754504,0.45316612478711876
0.787039526754504,0.45323629606689375
0.787039526754504,0.45330648908161686
0.787039526754504,0.45337670384138784
0.787039526754504,0.45344694035631294
0.787039526754504,0.45351719863650447
0.787039526754504,0.4535874786920812
0.787039526754504,0.453657780533168
0.787039526754504,0.4537281041698961
0.787039526754504,0.4538688168708327
0.7867706372680828,0.45378411910669975
0.7865017477816617,0.45369939506747325
0.7865017477816617,0.45376977970834625
0.7865017477816617,0.4538401861908456
0.7862328582952407,0.4537554314090627
0.7859639688088196,0.4536706503181748
0.7859639688088196,0.4537410742005588
0.7859639688088196,0.45381151995031827
0.7856950793223985,0.45372670807453414
0.7856950793223985,0.45379717347414195
0.7856950793223985,0.4538676607642125
0.7854261898359775,0.4537828180829579
0.7854261898359775,0.4538533250466128
0.7854261898359775,0.4539238539238539
0.7851573003495563,0.45383898041653714
0.7851573003495563,0.45390952899113945
0.7846195213767142,0.4537396983361841
0.7846195213767142,0.45381026438569205
0.7846195213767142,0.4538808523876186
0.7846195213767142,0.45402209428971524
0.7846195213767142,0.45409274821039525
0.7846195213767142,0.4542341220423412
0.7846195213767142,0.4543048419741554
0.7846195213767142,0.4543755839302398
0.7846195213767142,0.4544463479208846
0.7846195213767142,0.45451713395638627
0.7843506318902931,0.4544321545412058
0.7843506318902931,0.45450296042380806
0.7843506318902931,0.4545737883746299
0.7843506318902931,0.45464463840399
0.7843506318902931,0.45471551052221354
0.7843506318902931,0.45478640473963206
0.7843506318902931,0.4548573210665835
0.784081742403872,0.45477230193387397
0.784081742403872,0.4548432381843706
0.783812852917451,0.4547581903276131
0.783812852917451,0.4548291465127165
0.783812852917451,0.4549711253316685
0.783812852917451,0.45504214798626286
0.7835439634310298,0.45495706479313036
0.7832750739446087,0.45487195502810746
0.7830061844581877,0.4547868186787443
0.7830061844581877,0.4548578569197126
0.7830061844581877,0.454928917356663
0.7827372949717666,0.45484375
0.7827372949717666,0.4549148304422566
0.7827372949717666,0.454985933104095
0.7827372949717666,0.4550570579959356
0.7827372949717666,0.4551282051282051
0.7827372949717666,0.45519937451133696
0.7824684054853456,0.4551141695339381
0.7824684054853456,0.4553278047253951
0.7824684054853456,0.45539906103286387
0.7824684054853456,0.45547033964626704
0.7824684054853456,0.45554164057608015
0.7824684054853456,0.4556129638327853
0.7821995159989245,0.4555277168806765
0.7821995159989245,0.4555990602975724
0.7821995159989245,0.4556704260651629
0.7821995159989245,0.4557418141939527
0.7821995159989245,0.4558132246944531
0.7821995159989245,0.4558846575771823
0.7821995159989245,0.4559561128526646
0.7821995159989245,0.45602759053143127
0.7821995159989245,0.45609909062402004
0.7821995159989245,0.4561706131409754
0.7821995159989245,0.4562421580928482
0.7821995159989245,0.45631372549019605
0.7821995159989245,0.4563853153435833
0.7821995159989245,0.45652856246076584
0.7821995159989245,0.4566002197457228
0.7819306265125033,0.4565149136577708
0.7819306265125033,0.4565865913016172
0.7819306265125033,0.4566582914572864
0.7819306265125033,0.4567300141353856
0.7819306265125033,0.45680175934652845
0.7816617370260823,0.45671641791044776
0.7813928475396612,0.45663104965430545
0.7813928475396612,0.4567028131384567
0.7813928475396612,0.45677459918264696
0.7813928475396612,0.4568464077975161
0.7813928475396612,0.4569182389937107
0.7813928475396612,0.45699009278188396
0.7813928475396612,0.4570619691726958
0.7813928475396612,0.45713386817681295
0.7811239580532401,0.45704845814977973
0.7808550685668191,0.45696302124311566
0.7808550685668191,0.45703493862134087
0.780586179080398,0.4569494726900677
0.780586179080398,0.4570214105793451
0.780586179080398,0.45709337112265785
0.780586179080398,0.45716535433070865
0.780586179080398,0.45723736021420697
0.780586179080398,0.45730938878386895
0.780586179080398,0.45738144005041753
0.7803172895939768,0.4572959344468957
0.7800484001075558,0.45721040189125295
0.7800484001075558,0.4572824716267339
0.7800484001075558,0.45735456408639447
0.7800484001075558,0.4574266792809839
0.7800484001075558,0.45757097791798107
0.7800484001075558,0.45764316138192146
0.7800484001075558,0.4577153676238561
0.7800484001075558,0.4577875966545684
0.7800484001075558,0.4578598484848485
0.7797795106211347,0.4577742699289661
0.7797795106211347,0.45784654246921375
0.7797795106211347,0.4579188378335702
0.7797795106211347,0.457991156032849
0.7797795106211347,0.4580634970778708
0.7797795106211347,0.45813586097946285
0.7795106211347136,0.45805024490440827
0.7795106211347136,0.4581226295828066
0.7795106211347136,0.45819503714240556
0.7792417316482926,0.4581093898197913
0.7792417316482926,0.45825426944971537
0.7792417316482926,0.4583267436343508
0.7792417316482926,0.45839924074659916
0.7792417316482926,0.45854430379746836
0.7792417316482926,0.4587620706031344
0.7792417316482926,0.45883470550981637
0.7789728421618715,0.4587490102929533
0.7787039526754503,0.4586632879315806
0.7784350631890293,0.45857753841279897
0.7781661737026082,0.4584917617237009
0.7778972842161872,0.4584059578513706
0.7776283947297661,0.4583201267828843
0.7776283947297661,0.4583927722301474
0.7776283947297661,0.4585381322340257
0.7776283947297661,0.4586108468125595
0.7776283947297661,0.4586835844567803
0.7776283947297661,0.45875634517766495
0.777359505243345,0.45867047437728065
0.777359505243345,0.4587432561091717
0.777090615756924,0.45865735597524204
0.777090615756924,0.4587301587301587
0.777090615756924,0.45887583359796763
0.7768217262705028,0.45878989995235825
0.7768217262705028,0.4588627700127065
0.7768217262705028,0.4589356632247816
0.7762839472976607,0.45876370570475133
0.7762839472976607,0.458836617927527
0.7760150578112396,0.4587505960896519
0.7760150578112396,0.4588235294117647
0.7760150578112396,0.45889648592781046
0.7760150578112396,0.45896946564885494
0.7760150578112396,0.45904246858597103
0.7760150578112396,0.4591154947502386
0.7760150578112396,0.4591885441527446
0.7760150578112396,0.45926161680458305
0.7757461683248185,0.45917555307973895
0.7757461683248185,0.45924864692773004
0.7754772788383975,0.4591625537334819
0.7752083893519763,0.4590764331210191
0.7749394998655552,0.4589902850772416
0.7749394998655552,0.4590633959859828
0.7749394998655552,0.459136530189581
0.7749394998655552,0.4592096876991714
0.7746706103791342,0.45912350597609564
0.7744017208927131,0.4590372967803634
0.7744017208927131,0.45911047345767575
0.7744017208927131,0.45918367346938777
0.774132831406292,0.45909743262637537
0.774132831406292,0.459170653907496
0.774132831406292,0.4592438985484128
0.774132831406292,0.4593171665603063
0.774132831406292,0.4593904579543641
0.773863941919871,0.4593041812958825
0.773863941919871,0.4593774940143655
0.7725194944877656,0.4589456869009585
0.7725194944877656,0.4590190126218246
0.7725194944877656,0.45909236177692553
0.7725194944877656,0.4591657343774972
0.7725194944877656,0.4592391304347826
0.7725194944877656,0.45931254996003196
0.7725194944877656,0.4593859929645027
0.7725194944877656,0.4594594594594595
0.7725194944877656,0.459532949456174
0.7725194944877656,0.45960646296592544
0.7725194944877656,0.45968
0.7725194944877656,0.45975356056969113
0.7725194944877656,0.4598271446862996
0.7725194944877656,0.45990075236113337
0.7725194944877656,0.4599743836055075
0.7719817155149233,0.45980140935297886
0.7719817155149233,0.4599487343800064
0.7717128260285023,0.4598622015702612
0.7717128260285023,0.4599358974358974
0.7714439365420812,0.45984933482929957
0.7714439365420812,0.45992305226033986
0.7714439365420812,0.45999679333012666
0.7711750470556601,0.45991019884541373
0.7711750470556601,0.4599839615076183
0.7711750470556601,0.4600577478344562
0.7711750470556601,0.4601315578373175
0.7709061575692391,0.46004492939666236
0.770637268082818,0.45995827315037713
0.7703683785963968,0.45987158908507225
0.7703683785963968,0.4599454165997752
0.7700994891099758,0.4598587026332691
0.7700994891099758,0.4599325517905894
0.7700994891099758,0.46008032128514054
0.7698305996235547,0.45999357326478146
0.7698305996235547,0.46006749156355453
0.7698305996235547,0.4601414336226294
0.7695617101371336,0.46005465359267
0.7695617101371336,0.4602766162753297
0.7695617101371336,0.4603506514396011
0.7695617101371336,0.46042471042471045
0.7695617101371336,0.4604987932421561
0.7695617101371336,0.46057289990344386
0.7692928206507126,0.4604860775792693
0.7692928206507126,0.460560206052801
0.7692928206507126,0.4606343583963935
0.7692928206507126,0.4607085346215781
0.7692928206507126,0.46078273473989373
0.7692928206507126,0.46085695876288657
0.7692928206507126,0.4609312067021105
0.7690239311642915,0.46084434418304865
0.7690239311642915,0.46091861402095086
0.7690239311642915,0.46099290780141844
0.7690239311642915,0.46106722553603097
0.7687550416778703,0.46098032892615287
0.7687550416778703,0.4610546686018384
0.7687550416778703,0.4611290322580645
0.7687550416778703,0.4612778315585673
0.7684861521914493,0.46119089882201064
0.7684861521914493,0.46126533247256296
0.7684861521914493,0.46133979015334947
0.7684861521914493,0.46141427187600903
0.7684861521914493,0.46148877765218793
0.7682172627050282,0.4614018087855297
0.7682172627050282,0.4614763366176708
0.7682172627050282,0.4615508885298869
0.7682172627050282,0.4616254645338504
0.7679483732186072,0.46153846153846156
0.7679483732186072,0.4616130596411831
0.7679483732186072,0.46168768186226966
0.7679483732186072,0.46176232821341956
0.7679483732186072,0.46183699870633893
0.7679483732186072,0.4619116933527414
0.7679483732186072,0.4619864121643481
0.7679483732186072,0.46206115515288787
0.7679483732186072,0.4621359223300971
0.7676794837321861,0.4620488752225279
0.7676794837321861,0.4621236646163807
0.7676794837321861,0.4621984782256759
0.7676794837321861,0.46227331606217614
0.767410594245765,0.4621862348178138
0.767410594245765,0.4622610949141561
0.767410594245765,0.4623359792645391
0.767141704759344,0.4623237724842003
0.7668728152729228,0.4622366288492707
0.7668728152729228,0.4623115577889447
0.7668728152729228,0.46238651102464334
0.7668728152729228,0.46246148856818553
0.7668728152729228,0.462536490431398
0.7668728152729228,0.46261151662611516
0.7668728152729228,0.4626865671641791
0.7663350363000807,0.4625121713729309
0.7663350363000807,0.46258724233079046
0.7663350363000807,0.46266233766233766
0.7663350363000807,0.4627374573794447
0.7660661468136596,0.46265021110750243
0.7660661468136596,0.4627253532564561
0.7660661468136596,0.4628005198180637
0.7660661468136596,0.4628757108042242
0.7660661468136596,0.4629509262268443
0.7657972573272385,0.46286364375101574
0.7657972573272385,0.46293888166449937
0.7655283678408175,0.4628515688505934
0.7652594783543963,0.4627642276422764
0.7649905888679752,0.46267685802569525
0.7649905888679752,0.46275211450878334
0.7649905888679752,0.4628273954774687
0.7649905888679752,0.4629780309194467
0.7649905888679752,0.4630533854166667
0.7647216993815542,0.46296597753540614
0.7647216993815542,0.4630413546076197
0.7647216993815542,0.46311675622862725
0.7647216993815542,0.4631921824104234
0.7647216993815542,0.4632676331650106
0.7644528098951331,0.4631801889866406
0.7644528098951331,0.4632556623757536
0.764183920408712,0.46316818774445895
0.764183920408712,0.46331920443430064
0.764183920408712,0.4633947497146584
0.763915030922291,0.46330724070450097
0.7636461414358698,0.4632197031479367
0.7636461414358698,0.4632952691680261
0.7633772519494488,0.46320770109316367
0.7628394729766066,0.4630324791904684
0.7628394729766066,0.46310806398955273
0.7628394729766066,0.46318367346938777
0.7628394729766066,0.463259307642064
0.7628394729766066,0.46333496651967987
0.7628394729766066,0.46341065011434174
0.7628394729766066,0.4634863584381637
0.7625705834901856,0.46339869281045754
0.7625705834901856,0.463474423925478
0.7625705834901856,0.4635501797973194
0.7625705834901856,0.46362596043812326
0.7625705834901856,0.46370176586003925
0.7625705834901856,0.46377759607522484
0.7623016940037645,0.4636898920510304
0.7620328045173433,0.46360215933256993
0.7620328045173433,0.4636780104712042
0.7620328045173433,0.4637538864342988
0.7617639150309223,0.4636661211129296
0.7617639150309223,0.46374201997053527
0.7617639150309223,0.4638179436804191
0.7617639150309223,0.4638938922547896
0.7617639150309223,0.46396986570586307
0.7614950255445012,0.4638820638820639
0.7614950255445012,0.4639580602883355
0.7612261360580801,0.4638702277568409
0.7612261360580801,0.4639462471320878
0.7612261360580801,0.4640222914276348
0.7609572465716591,0.4639344262295082
0.760688357085238,0.46384653221839645
0.760688357085238,0.46392259757297477
0.760688357085238,0.4639986878792849
0.760688357085238,0.4640748031496063
0.760688357085238,0.4641509433962264
0.760688357085238,0.4642271086314408
0.760688357085238,0.4643795141168746
0.760688357085238,0.4644557543917255
0.7604194675988168,0.46436781609195404
0.7601505781123958,0.46427984890786667
0.7601505781123958,0.46435611038107755
0.7601505781123958,0.4644323969114506
0.7598816886259747,0.46434439697666774
0.7598816886259747,0.4644207066557108
0.7598816886259747,0.46449704142011833
0.7598816886259747,0.46457340128226204
0.7598816886259747,0.4646497862545215
0.7596127991395536,0.46456174971221836
0.7596127991395536,0.46463815789473684
0.7596127991395536,0.46471459121566044
0.7596127991395536,0.46479104968739715
0.7596127991395536,0.464867533322363
0.7596127991395536,0.46494404213298224
0.7593439096531326,0.4648559670781893
0.7593439096531326,0.4649324991768192
0.7582683517074482,0.4645799011532125
0.7582683517074482,0.46473302570863545
0.7582683517074482,0.4648096258447338
0.7582683517074482,0.4648862512363996
0.7579994622210272,0.46479802143446003
0.7579994622210272,0.4648746701846966
0.7577305727346061,0.4647864093682995
0.7577305727346061,0.464863081491257
0.7577305727346061,0.46493977891437055
0.7577305727346061,0.465016501650165
0.757461683248185,0.4649282059745833
0.757192793761764,0.464839881148894
0.757192793761764,0.4649166253921083
0.757192793761764,0.46499339498018494
0.757192793761764,0.4650701899256813
0.757192793761764,0.4651470102411629
0.757192793761764,0.4652238559392037
0.757192793761764,0.46537762353330026
0.757192793761764,0.46545454545454545
0.7569239042753428,0.4653661762274756
0.7569239042753428,0.4654431216931217
0.7569239042753428,0.4655200926079047
0.7569239042753428,0.4655970889844525
0.7569239042753428,0.46567411083540117
0.7566550147889217,0.46558570483123757
0.7566550147889217,0.46566275028959125
0.7566550147889217,0.4657398212512413
0.7563861253025007,0.4656513822214865
0.7563861253025007,0.46572847682119206
0.7555794568432375,0.4654629783004804
0.7555794568432375,0.4655400927766733
0.7553105673568163,0.46545153272576634
0.7550416778703952,0.46536294332118
0.7547727883839742,0.4652743245483176
0.7547727883839742,0.46535145888594165
0.7547727883839742,0.4654286188028519
0.7547727883839742,0.46550580431177446
0.7547727883839742,0.46558301542544367
0.7545038988975531,0.4654943596549436
0.754235009411132,0.46540567446490794
0.754235009411132,0.4654829074012612
0.754235009411132,0.46556016597510375
0.754235009411132,0.46563745019920316
0.754235009411132,0.4657147600863357
0.754235009411132,0.465792095649286
0.7526216724926056,0.4652593085106383
0.7526216724926056,0.4653366583541147
0.7526216724926056,0.46541403392085134
0.7526216724926056,0.4655688622754491
0.7526216724926056,0.4656463150890035
0.7523527830061845,0.46555740432612314
0.7523527830061845,0.4656348810118156
0.7523527830061845,0.46571238348868177
0.7523527830061845,0.4657899117696021
0.7523527830061845,0.46586746586746586
0.7520838935197633,0.46577851790174857
0.7520838935197633,0.46585609593604266
0.7520838935197633,0.4659336998167583
0.7520838935197633,0.4660113295568144
0.7518150040333423,0.46592234627562074
0.7515461145469212,0.4658333333333333
0.7515461145469212,0.46591098516419405
0.7515461145469212,0.4659886628876292
0.7512772250605001,0.46589961647490413
0.7512772250605001,0.46597731821214144
0.7510083355740791,0.4658882402001668
0.7510083355740791,0.46596596596596596
0.7510083355740791,0.4660437176706157
0.7510083355740791,0.4661214953271028
0.7510083355740791,0.46619929894842266
0.750739446087658,0.466110183639399
0.750739446087658,0.4661880113541493
0.7502016671148158,0.4660096876565893
0.7502016671148158,0.46608753758770466
0.7502016671148158,0.46616541353383456
0.7502016671148158,0.4662433155080214
0.7502016671148158,0.46632124352331605
0.7499327776283947,0.46623202942159814
0.7496638881419736,0.4661427854873767
0.7496638881419736,0.4662207357859532
0.7496638881419736,0.46629871215922397
0.7496638881419736,0.46637671462027436
0.7493949986555526,0.4662874351681446
0.7488572196827104,0.4661087866108787
0.7488572196827104,0.46618680950786745
0.7488572196827104,0.4662648585300519
0.7488572196827104,0.4663429336905559
0.7485883301962893,0.46625355886786135
0.7483194407098682,0.4661641541038526
0.7483194407098682,0.46624225163343946
0.7483194407098682,0.46632037533512066
0.7483194407098682,0.46639852522205466
0.7480505512234472,0.4663090848139457
0.7480505512234472,0.4663872590108969
0.7480505512234472,0.4664654594232059
0.7480505512234472,0.4666219389466622
0.7477816617370261,0.4665324609964771
0.747512772250605,0.4664429530201342
0.747512772250605,0.4665212283940258
0.747243882764184,0.46643168848606914
0.747243882764184,0.46650998824911866
0.747243882764184,0.4665883143049026
0.7467061037913417,0.46640913671481354
0.7467061037913417,0.4664874853015286
0.7467061037913417,0.46656586021505375
0.7464372143049207,0.4664762224836162
0.7464372143049207,0.46655462184873947
0.7464372143049207,0.46663304757102037
0.7464372143049207,0.4667114996637525
0.7461683248184996,0.46662182613082226
0.7461683248184996,0.4667003027245207
0.7458994353320785,0.46661059714045416
0.7458994353320785,0.4666890982503365
0.7458994353320785,0.4667676257782265
0.7458994353320785,0.4668461797374621
0.7456305458456575,0.4667564383100488
0.7456305458456575,0.4668350168350168
0.7456305458456575,0.46691362182185553
0.7456305458456575,0.466992253283934
0.7456305458456575,0.46714959568733155
0.7456305458456575,0.46722830665543386
0.7456305458456575,0.46754341595009274
0.7453616563592363,0.46745362563237775
0.7450927668728152,0.46736380502614266
0.7450927668728152,0.467442645074224
0.7450927668728152,0.46752151172599965
0.7450927668728152,0.46760040499493755
0.7450927668728152,0.46767932489451475
0.7450927668728152,0.4677582714382174
0.7448238773863942,0.4676684112780685
0.7445549878999731,0.4675785207700101
0.7445549878999731,0.46765749028880255
0.7445549878999731,0.46773648648648647
0.7445549878999731,0.4678155093765839
0.7445549878999731,0.4678945589726259
0.7445549878999731,0.4679736352881528
0.7445549878999731,0.468052738336714
0.7445549878999731,0.46813186813186813
0.7445549878999731,0.46821102468718295
0.7445549878999731,0.4682902080162354
0.7445549878999731,0.4683694181326116
0.744286098413552,0.468279478937574
0.744286098413552,0.4683587140439932
0.744286098413552,0.46843797596886105
0.744286098413552,0.4685172647257955
0.744017208927131,0.46842728965633995
0.744017208927131,0.46850660345411443
0.744017208927131,0.46858594411515664
0.744017208927131,0.46866531165311653
0.744017208927131,0.4687447060816534
0.744017208927131,0.4688241274144358
0.744017208927131,0.4689035756651415
0.7421349825221834,0.46827281981676283
0.7418660930357623,0.46818258951298153
0.7418660930357623,0.4682620502376103
0.7415972035493412,0.46817178747241556
0.7415972035493412,0.46825127334465194
0.7415972035493412,0.4683307862115809
0.7413283140629201,0.46824048913043476
0.7413283140629201,0.46832002717852894
0.7410594245764991,0.4682296975874958
0.7410594245764991,0.4683092608326253
0.7410594245764991,0.46838885112168593
0.740790535090078,0.4682984871664117
0.740790535090078,0.46837810268616115
0.740790535090078,0.4684577452814147
0.740790535090078,0.4685374149659864
0.7405216456036569,0.4684470147984351
0.7405216456036569,0.46852670976522626
0.7405216456036569,0.4686064318529862
0.7402527561172358,0.4685159972770592
0.7402527561172358,0.4685957446808511
0.7399838666308147,0.4685052774940415
0.7399838666308147,0.46858505022986546
0.7399838666308147,0.46866485013623976
0.7399838666308147,0.4687446772270482
0.7399838666308147,0.468824531516184
0.7399838666308147,0.4689044130175498
0.7399838666308147,0.46898432174505794
0.7394460876579726,0.4688032730992158
0.7394460876579726,0.46912316615489597
0.7394460876579726,0.46928327645051193
0.7391771981715515,0.4691926949991466
0.7391771981715515,0.4692727893479003
0.7391771981715515,0.46935291104661087
0.7391771981715515,0.4694330601092896
0.7391771981715515,0.4695132365499573
0.7391771981715515,0.46959344038264433
0.7391771981715515,0.46967367162139073
0.7391771981715515,0.4697539302802461
0.7389083086851305,0.46966330541787726
0.7389083086851305,0.46974358974358976
0.7389083086851305,0.4698239015216276
0.7389083086851305,0.46990424076607384
0.7389083086851305,0.46998460749102106
0.7389083086851305,0.4700650017105713
0.7386394191987093,0.4699743370402053
0.7386394191987093,0.4700547570157426
0.7386394191987093,0.47013520451822693
0.7386394191987093,0.4702156795617939
0.7386394191987093,0.47029618216058894
0.7386394191987093,0.4703767123287671
0.7386394191987093,0.47053785542994175
0.7386394191987093,0.4706184683912969
0.7386394191987093,0.47069910897875256
0.7386394191987093,0.47077977720651243
0.7386394191987093,0.47086047308878987
0.7386394191987093,0.470941196639808
0.7386394191987093,0.47102194787379975
0.7386394191987093,0.4711027268050077
0.7383705297122882,0.4710120068610635
0.7383705297122882,0.4710928118030537
0.7383705297122882,0.4711736444749485
0.7383705297122882,0.47125450489102455
0.7383705297122882,0.47133539306556815
0.7383705297122882,0.4714163090128755
0.7383705297122882,0.47149725274725274
0.7383705297122882,0.4715782242830156
0.7381016402258672,0.4714874613534868
0.7381016402258672,0.4715684590276585
0.7378327507394461,0.47147766323024054
0.7378327507394461,0.4716397387418357
0.737563861253025,0.4715489083720131
0.737563861253025,0.4716299862448418
0.737294971766604,0.4715391229578676
0.737294971766604,0.4716202270381837
0.737294971766604,0.47170135902287974
0.737294971766604,0.47178251892635925
0.737294971766604,0.47194492254733217
0.737294971766604,0.4720261662936822
0.737294971766604,0.47210743801652894
0.7370260822801828,0.4720165317719993
0.7370260822801828,0.47209782983120907
0.7370260822801828,0.47217915590008613
0.7367571927937617,0.4720882150241213
0.7367571927937617,0.47216956746510425
0.7367571927937617,0.4722509479489831
0.7364883033073407,0.4721599724185485
0.7362194138209196,0.47206896551724137
0.7362194138209196,0.4721503707535782
0.7329927399838666,0.4710558147572144
0.7329927399838666,0.4711372277912202
0.7329927399838666,0.47121866897147796
0.7329927399838666,0.47130013831258644
0.7329927399838666,0.47138163582915443
0.7329927399838666,0.4715447154471545
0.7329927399838666,0.4716262975778547
0.7329927399838666,0.47170790794255063
0.7329927399838666,0.4717895465559017
0.7327238504974456,0.4716981132075472
0.7327238504974456,0.4717797783933518
0.7327238504974456,0.47186147186147187
0.7327238504974456,0.47194319362660203
0.7327238504974456,0.4720249437034471
0.7327238504974456,0.4721067221067221
0.7324549610110245,0.4720152486570785
0.7319171820381823,0.4718322066215982
0.7319171820381823,0.4719140083217753
0.7319171820381823,0.47199583839084447
0.7319171820381823,0.4720776968435657
0.7319171820381823,0.47215958369470945
0.7316482925517612,0.4720680083275503
0.7316482925517612,0.4721499219156689
0.7313794030653401,0.4720583130857341
0.7313794030653401,0.47214025342822424
0.7313794030653401,0.4722222222222222
0.7311105135789191,0.47213057822538634
0.7311105135789191,0.4722125738103508
0.730841624092498,0.47212089630015636
0.7303038451196558,0.47193744569939183
0.7303038451196558,0.4720194647201946
0.7303038451196558,0.47210151225447594
0.7303038451196558,0.4721835883171071
0.7303038451196558,0.47226569292296994
0.7303038451196558,0.4723478260869565
0.7303038451196558,0.4724299878239694
0.7303038451196558,0.4725121781489214
0.7303038451196558,0.4725943970767357
0.7303038451196558,0.472676644622346
0.7303038451196558,0.47275892080069626
0.7303038451196558,0.47284122562674097
0.7303038451196558,0.47292355911544487
0.7303038451196558,0.47300592128178337
0.7303038451196558,0.47317073170731705
0.7303038451196558,0.47325317999651506
0.7303038451196558,0.47333565702335306
0.7303038451196558,0.47341816280285864
0.7303038451196558,0.4735006973500697
0.7303038451196558,0.47358326068003487
0.7300349556332347,0.473491454482037
0.7294971766603926,0.47330774598743897
0.7292282871739715,0.4732158436573024
0.7292282871739715,0.4732984293193717
0.7289593976875505,0.4732064932798045
0.7289593976875505,0.4732891061452514
0.7289593976875505,0.4733717478610093
0.7289593976875505,0.4734544184421935
0.7289593976875505,0.4735371179039301
0.7289593976875505,0.47361984626135567
0.7286905082011293,0.47352786999825264
0.7286905082011293,0.47361062565536527
0.7286905082011293,0.4736934102429645
0.7284216187147082,0.4736013986013986
0.7281527292282872,0.4735093547823046
0.7281527292282872,0.47359216509268975
0.7281527292282872,0.47367500437292287
0.7278838397418661,0.47358292512246325
0.7278838397418661,0.473665791776028
0.7278838397418661,0.4737486874343717
0.7278838397418661,0.47383161211272534
0.727614950255445,0.4737394957983193
0.727614950255445,0.47382244790754685
0.727346060769024,0.47373029772329245
0.727346060769024,0.47381327728148537
0.727346060769024,0.47389628591450594
0.724119386931971,0.4728709394205443
0.724119386931971,0.4729539866526168
0.724119386931971,0.4730370630598981
0.724119386931971,0.4731201686577653
0.7238504974455499,0.47302758741873135
0.7238504974455499,0.4731107205623902
0.7238504974455499,0.473193882931974
0.7238504974455499,0.4732770745428973
0.7238504974455499,0.47336029541058555
0.7235816079591288,0.4732676749912065
0.7235816079591288,0.47335092348284963
0.7233127184727077,0.4732582688247713
0.7233127184727077,0.4733415449586486
0.7233127184727077,0.47342485040478705
0.7233127184727077,0.4735081851786657
0.7227749394998656,0.47332276809297413
0.7225060500134445,0.47323001056710107
0.7225060500134445,0.47331336973753746
0.7225060500134445,0.4733967582804792
0.7222371605270234,0.47330396475770925
0.7219682710406023,0.4732111385266126
0.7219682710406023,0.47329455314648333
0.7216993815541812,0.47320169252468264
0.7216993815541812,0.4732851348968436
0.7214304920677601,0.4731922398589065
0.7211616025813391,0.4730993120479802
0.7211616025813391,0.47318278052223006
0.7211616025813391,0.4732662784542086
0.7211616025813391,0.47334980585951286
0.7211616025813391,0.4734333627537511
0.720892713094918,0.473340395480226
0.720892713094918,0.47342398022249693
0.7206238236084969,0.4733309784528435
0.7206238236084969,0.4734145910616499
0.7203549341220759,0.473321554770318
0.7203549341220759,0.47340519526418096
0.7200860446356547,0.47331212442559206
0.7198171551492336,0.47321902068234045
0.7198171551492336,0.47338638373121134
0.7195482656628126,0.4732932437212593
0.7192793761763915,0.4732000707588891
0.7190104866899705,0.4731068648266101
0.7190104866899705,0.4731905857370377
0.7187415972035494,0.4730973451327434
0.7187415972035494,0.47326487252124644
0.7184727077171282,0.4731715955374535
0.7182038182307072,0.4730782855118668
0.7179349287442861,0.47298494242692646
0.7179349287442861,0.47332033327424217
0.7179349287442861,0.4734042553191489
0.7179349287442861,0.47357218871940404
0.7179349287442861,0.4736562001064396
0.717666039257865,0.4735628105039035
0.717397149771444,0.47346938775510206
0.717397149771444,0.47355342563010294
0.717397149771444,0.47363749334280136
0.7171282602850229,0.4735440340909091
0.7171282602850229,0.47362812999467235
0.7171282602850229,0.47371225577264653
0.7168593707986017,0.47361875999289393
0.7165904813121807,0.47352523098791754
0.7163215918257596,0.47343166874000353
0.7160527023393385,0.4733380732314255
0.7160527023393385,0.47342222222222224
0.7160527023393385,0.4735064011379801
0.7160527023393385,0.4735906099946648
0.7160527023393385,0.4736748488082533
0.7157838128529175,0.4735812133072407
0.7157838128529175,0.47366548042704626
0.7157838128529175,0.47374977754048764
0.7157838128529175,0.47383410466358133
0.7157838128529175,0.47391846181235536
0.7157838128529175,0.474002849002849
0.7157838128529175,0.4740872662511131
0.7155149233664964,0.47399358745992165
0.7155149233664964,0.4740780331373597
0.7155149233664964,0.4741625089094797
0.7152460338800752,0.4740687934414543
0.7152460338800752,0.4741532976827095
0.7147082549072331,0.4739657631954351
0.7144393654208121,0.47387194578205816
0.7144393654208121,0.47395647520513734
0.714170475934391,0.4738626226583408
0.714170475934391,0.4739471805852962
0.7139015864479699,0.47385329287881495
0.7139015864479699,0.47393787932881115
0.7139015864479699,0.4740224959828602
0.7139015864479699,0.47410714285714284
0.7136326969615489,0.4740132166458296
0.7136326969615489,0.47409789210432296
0.7136326969615489,0.47418259782026084
0.7136326969615489,0.4742673338098642
0.7136326969615489,0.4743521000893655
0.7136326969615489,0.47477638640429337
0.7136326969615489,0.4748613347647164
0.7136326969615489,0.4749463135289907
0.7133638074751277,0.4748523357794881
0.7133638074751277,0.474937343358396
0.7133638074751277,0.4750223813786929
0.7133638074751277,0.4751925488088841
0.7133638074751277,0.47527767825152273
0.7133638074751277,0.47536283820103925
0.7133638074751277,0.4754480286738351
0.7133638074751277,0.4755332496863237
0.7128260285022856,0.47534516765285995
0.7125571390158645,0.4752510760401722
0.7125571390158645,0.47533632286995514
0.7122882495294434,0.47524219590958017
0.7122882495294434,0.47532747173874035
0.7122882495294434,0.4754127781765973
0.7120193600430224,0.47531861425237837
0.7120193600430224,0.47540394973070016
0.7117504705566012,0.4753097504040223
0.7117504705566012,0.47539511494252873
0.7117504705566012,0.47548051014909287
0.7117504705566012,0.47556593604024433
0.7114815810701801,0.47547169811320755
0.7114815810701801,0.4755571531272466
0.7114815810701801,0.47564263886392233
0.7114815810701801,0.47572815533980584
0.7112126915837591,0.4756338787987772
0.7106749126109169,0.4754452239611441
0.7106749126109169,0.4755307664627564
0.7106749126109169,0.47561633975166456
0.7098682441516536,0.4753330932661145
0.7098682441516536,0.47541869259859537
0.7098682441516536,0.4755043227665706
0.7098682441516536,0.4755899837867051
0.7098682441516536,0.4756756756756757
0.7098682441516536,0.4757613984501712
0.7098682441516536,0.47584715212689255
0.7098682441516536,0.4759329367225527
0.7098682441516536,0.4760187522538767
0.7098682441516536,0.47610459873760147
0.7098682441516536,0.47627638462926214
0.7098682441516536,0.4763623240707326
0.7095993546652326,0.4762678216928352
0.7093304651788115,0.47617328519855595
0.7093304651788115,0.47625925257266655
0.7090615756923905,0.4761646803900325
0.7090615756923905,0.4762506772620553
0.7085237967195482,0.4760614272809395
0.7082549072331272,0.47596675099385616
0.7082549072331272,0.47605277426350984
0.7082549072331272,0.4761388286334056
0.7082549072331272,0.47622491412041223
0.7082549072331272,0.4763110307414105
0.7082549072331272,0.47639717851329355
0.7079860177467061,0.4763024602026049
0.7079860177467061,0.47638863759724986
0.7079860177467061,0.47647484618168656
0.707717128260285,0.47638009049773755
0.707717128260285,0.47646632874728456
0.707717128260285,0.47655259822560203
0.707717128260285,0.47663889894965594
0.707717128260285,0.47681159420289854
0.707717128260285,0.4768979887660808
0.707717128260285,0.4769844146429866
0.707448238773864,0.476889613920609
0.707448238773864,0.4769760696156635
0.707448238773864,0.4770625566636446
0.707448238773864,0.4771490750816104
0.707448238773864,0.47723562488663157
0.707448238773864,0.477322206095791
0.7071793492874429,0.47722736345490835
0.7071793492874429,0.47731397459165154
0.7071793492874429,0.4774006171719005
0.7071793492874429,0.4774872912127814
0.7069104598010217,0.47739240966043217
0.7066415703146007,0.4772974936432982
0.7066415703146007,0.4773841961852861
0.7066415703146007,0.47747093023255816
0.7066415703146007,0.4775576958022897
0.7066415703146007,0.4776444929116685
0.7066415703146007,0.47773132157789494
0.7066415703146007,0.4778181818181818
0.7066415703146007,0.4779050736497545
0.7063726808281796,0.4778101127682794
0.7063726808281796,0.4778970347462252
0.7063726808281796,0.4779839883551674
0.7063726808281796,0.4780709736123749
0.7063726808281796,0.47815799053512925
0.7063726808281796,0.4782450391407246
0.7063726808281796,0.4783321194464676
0.7061037913417585,0.4782371152795484
0.7061037913417585,0.47832422586520945
0.7061037913417585,0.47841136819092733
0.7061037913417585,0.4784985422740525
0.7061037913417585,0.47858574813194826
0.7061037913417585,0.4786729857819905
0.7061037913417585,0.4787602552415679
0.7061037913417585,0.4788475565280817
0.7058349018553375,0.47875250775123107
0.7058349018553375,0.4788398394746443
0.7058349018553375,0.4789272030651341
0.7058349018553375,0.479014598540146
0.7058349018553375,0.4791020259171382
0.7058349018553375,0.4791894852135816
0.7055660123689164,0.4790943947416469
0.7052971228824952,0.4789992695398101
0.7052971228824952,0.4790867579908676
0.7052971228824952,0.479174278407015
0.7052971228824952,0.4792618308057738
0.7052971228824952,0.4793494152046784
0.7052971228824952,0.4794370316212758
0.7052971228824952,0.47952468007312615
0.7050282333960742,0.4794295117937466
0.7050282333960742,0.4796049021401134
0.7047593439096531,0.47950969630442736
0.7047593439096531,0.47959743824336687
0.7044904544232321,0.479502196193265
0.7044904544232321,0.4795899688815669
0.7044904544232321,0.479677773709264
0.7044904544232321,0.4797656106940121
0.7044904544232321,0.47985347985347987
0.7039526754503899,0.4796628801758886
0.7039526754503899,0.4797507788161994
0.7036837859639689,0.47965542521994137
0.7031460069911266,0.47946461312797944
0.7028771175047056,0.4793691545938016
0.7028771175047056,0.47945707997065296
0.7028771175047056,0.4795450376077784
0.7026082280182845,0.47944954128440365
0.7026082280182845,0.47953752982198566
0.7023393385318634,0.47944199706314244
0.7020704490454424,0.47934642922709747
0.7020704490454424,0.4794344473007712
0.7020704490454424,0.4795224977043159
0.7018015595590212,0.47942689199118294
0.7015326700726001,0.4793312511482638
0.7015326700726001,0.4794193311282617
0.7015326700726001,0.4795074434846536
0.7015326700726001,0.47959558823529413
0.7015326700726001,0.47968376539805113
0.7015326700726001,0.4797719749908054
0.7015326700726001,0.47986021703145115
0.7012637805861791,0.4797645327446652
0.7012637805861791,0.47985280588776447
0.7012637805861791,0.4799411115200589
0.7012637805861791,0.4800294496594883
0.7012637805861791,0.4801178203240059
0.7012637805861791,0.480206223531578
0.7012637805861791,0.48029465930018417
0.7012637805861791,0.48038312764781727
0.7012637805861791,0.48047162859248344
0.700994891099758,0.480375898286346
0.7007260016133369,0.4802801326944342
0.7004571121269159,0.480184331797235
0.7004571121269159,0.48027286135693215
0.7001882226404947,0.48017702378757143
0.7001882226404947,0.4802655846551088
0.7001882226404947,0.4803541781959048
0.7001882226404947,0.48044280442804427
0.6999193331540737,0.4803469274773944
0.6999193331540737,0.4804355850867479
0.6996504436676526,0.48033967140483663
0.6996504436676526,0.4804283604135894
0.6991126646948105,0.4802364240857037
0.6991126646948105,0.48032514317384073
0.6991126646948105,0.4804138950480414
0.6988437752083894,0.48031787100351137
0.6988437752083894,0.48040665434380775
0.6985748857219682,0.4803105934553522
0.6983059962355472,0.4802144970414201
0.6980371067491261,0.4801183650823007
0.6980371067491261,0.4802071772105068
0.6980371067491261,0.4802960222016651
0.697768217262705,0.48019985196151
0.697768217262705,0.4804665802629143
0.697499327776284,0.4803703703703704
0.697499327776284,0.4804593443230228
0.6972304382898629,0.4803630974434976
0.6969615488034417,0.4802668148971651
0.6969615488034417,0.48035581912527797
0.6969615488034417,0.4804448563484708
0.6966926593170207,0.4803485354097145
0.6966926593170207,0.4804376043018728
0.6966926593170207,0.480526706231454
0.6966926593170207,0.48061584121684287
0.6964237698305996,0.4805194805194805
0.6964237698305996,0.48060864724438673
0.6964237698305996,0.4806978470675575
0.6964237698305996,0.48078708000742526
0.6964237698305996,0.48087634608243596
0.6964237698305996,0.4809656453110492
0.6964237698305996,0.4810549777117385
0.6958859908577575,0.4808621330360461
0.6956171013713364,0.480765656941089
0.6953482118849152,0.48066914498141267
0.6953482118849152,0.4807585052983826
0.6953482118849152,0.4809373256462712
0.6953482118849152,0.4810267857142857
0.6953482118849152,0.48111627906976745
0.6953482118849152,0.48120580573129884
0.6953482118849152,0.4813849590469099
0.6950793223984942,0.48128840067026624
0.6950793223984942,0.4813780260707635
0.6948104329120731,0.4812814304339728
0.6948104329120731,0.481371087928465
0.6945415434256521,0.48127445500279487
0.6945415434256521,0.4813641446142378
0.6945415434256521,0.4814538676607642
0.6945415434256521,0.4816334141338803
0.6945415434256521,0.48172323759791125
0.6945415434256521,0.48181309457190824
0.6945415434256521,0.48190298507462687
0.694272653939231,0.4819861862983013
0.694272653939231,0.4820761762509335
0.694272653939231,0.48216619981325864
0.694272653939231,0.48225625700410907
0.694272653939231,0.4823463478423314
0.694272653939231,0.48243647234678627
0.694272653939231,0.48252663053634837
0.694272653939231,0.48261682242990656
0.694272653939231,0.48270704804636383
0.6940037644528099,0.4826103216155572
0.6937348749663889,0.48251355900504955
0.6937348749663889,0.48269410664172124
0.6937348749663889,0.48278443113772457
0.6937348749663889,0.4829651815799326
0.6918526485614412,0.48228678537956887
0.6915837590750201,0.48218972628421447
0.6915837590750201,0.48228014250890683
0.6915837590750201,0.48237059264816207
0.6913148695885991,0.48227349465391106
0.6913148695885991,0.4823639774859287
0.6913148695885991,0.48245449427659975
0.691045980102178,0.48235735735735735
0.691045980102178,0.4824479068894312
0.691045980102178,0.48253849042433344
0.691045980102178,0.48262910798122066
0.691045980102178,0.4827197595792637
0.691045980102178,0.48281044523764793
0.6907770906157569,0.4827132656895904
0.6907770906157569,0.4828039842134937
0.6907770906157569,0.48289473684210527
0.6907770906157569,0.4829855235946606
0.6907770906157569,0.4830763444904099
0.6905082011293359,0.48297912356592065
0.6905082011293359,0.48306997742663654
0.6905082011293359,0.48316086547507053
0.6905082011293359,0.48325178773052313
0.6902393116429147,0.4831545266327875
0.6902393116429147,0.48324548192771083
0.6902393116429147,0.483518553399887
0.6899704221564937,0.48342125094197436
0.6897015326700726,0.4833239118145845
0.6894326431836515,0.48322653599698456
0.6894326431836515,0.4833176248821866
0.6891637536972305,0.48322021116138764
0.6888948642108094,0.48312276070148974
0.6888948642108094,0.48321388155413053
0.6888948642108094,0.4833050367855122
0.6888948642108094,0.48339622641509433
0.6888948642108094,0.48348745046235136
0.6888948642108094,0.48357870894677235
0.6886259747243882,0.4834812157825184
0.6886259747243882,0.48357250755287007
0.6883570852379672,0.48347497639282344
0.6880881957515461,0.48337740838685306
0.687819306265125,0.4832798035140752
0.687819306265125,0.48346248346248344
0.687819306265125,0.4835538752362949
0.687819306265125,0.48364530156929475
0.687819306265125,0.48373676248108927
0.687819306265125,0.4838282579912994
0.687550416778704,0.4837306091562618
0.6872815272922829,0.4836329233680227
0.6872815272922829,0.4837244511733535
0.6872815272922829,0.4838160136286201
0.6870126378058617,0.4837182885270731
0.6870126378058617,0.4838098844915736
0.6870126378058617,0.48390151515151514
0.6870126378058617,0.4839931805266149
0.6867437483194407,0.4838954149298977
0.6867437483194407,0.48398711389046806
0.6867437483194407,0.4840788476118271
0.6867437483194407,0.48417061611374407
0.6867437483194407,0.484262419416003
0.6864748588330196,0.4841646121752323
0.6864748588330196,0.4842564491654021
0.6864748588330196,0.48434832100170744
0.6862059693465985,0.4842504743833017
0.6862059693465985,0.48434237995824636
0.6862059693465985,0.4844343204252088
0.6862059693465985,0.48452629580406303
0.6862059693465985,0.4846183061146981
0.6862059693465985,0.48471035137701807
0.6862059693465985,0.4848024316109423
0.6862059693465985,0.4850788823417601
0.6862059693465985,0.48517110266159696
0.6862059693465985,0.48526335805286175
0.6862059693465985,0.4855403348554033
0.6862059693465985,0.4856327307326356
0.6862059693465985,0.4857251617814998
0.6859370798601775,0.48562726061298306
0.6856681903737564,0.48552932216298555
0.6856681903737564,0.485621786326414
0.6856681903737564,0.4857142857142857
0.6856681903737564,0.4858068203467327
0.6851304114009142,0.48561082523346677
0.6851304114009142,0.4857033930613801
0.6848615219144931,0.4856053384175405
0.6848615219144931,0.4856979405034325
0.6848615219144931,0.48579057791340835
0.6848615219144931,0.48588325066768406
0.6848615219144931,0.48597595878649114
0.6848615219144931,0.4860687022900763
0.6848615219144931,0.48616148119870206
0.6845926324280721,0.4860633829705995
0.6845926324280721,0.4861561962955891
0.684323742941651,0.48605805958747134
0.684323742941651,0.48615090735434574
0.684323742941651,0.48624379059992356
0.684323742941651,0.48633670934454426
0.6840548534552299,0.48623853211009177
0.6837859639688089,0.4861403173389409
0.6835170744823877,0.4860420650095602
0.6835170744823877,0.4861350162554982
0.6835170744823877,0.4862280030604438
0.6832481849959666,0.4861297111153625
0.6832481849959666,0.4862227324913892
0.6832481849959666,0.4863157894736842
0.6829792955095456,0.48621745788667686
0.6829792955095456,0.48631054949262875
0.6829792955095456,0.4864036767522022
0.6829792955095456,0.4864968396858839
0.6829792955095456,0.48659003831417624
0.6829792955095456,0.48668327265759725
0.6827104060231245,0.48658489842851665
0.6824415165367034,0.4864864864864865
0.6821726270502824,0.48638803680981596
0.6821726270502824,0.48648130393096833
0.6819037375638612,0.48638281549673956
0.6816348480774401,0.486284289276808
0.6816348480774401,0.4863775901765157
0.6816348480774401,0.48647092688543464
0.6816348480774401,0.4865642994241843
0.6816348480774401,0.4866577078133999
0.6816348480774401,0.4867511520737327
0.6816348480774401,0.48684463222584984
0.681097069104598,0.4866474543707973
0.681097069104598,0.4867409684857802
0.681097069104598,0.4868345185469921
0.681097069104598,0.4869281045751634
0.6808281796181769,0.4868294558738704
0.6808281796181769,0.4869230769230769
0.6808281796181769,0.4870167339873053
0.6808281796181769,0.48711042708734126
0.6805592901317559,0.487011737540889
0.6800215111589137,0.48681424446583255
0.6800215111589137,0.486907970735464
0.6797526216724926,0.4868091661852494
0.6797526216724926,0.4869029275808937
0.6794837321860715,0.4868040839915238
0.6794837321860715,0.48689788053949906
0.6792148426996505,0.48679899788013103
0.6792148426996505,0.48689282960678487
0.6792148426996505,0.4869866975130133
0.6792148426996505,0.4870806016197455
0.6792148426996505,0.4871745419479267
0.6792148426996505,0.48726851851851855
0.6792148426996505,0.4873625313524986
0.6792148426996505,0.48745658047086066
0.6786770637268082,0.48725868725868726
0.6786770637268082,0.48735277080517475
0.6786770637268082,0.48744689069138664
0.6786770637268082,0.4875410469383813
0.6786770637268082,0.48763523956723337
0.6786770637268082,0.4877294685990338
0.6786770637268082,0.4878237340548898
0.6784081742403872,0.4877247245312198
0.6781392847539661,0.4876256767208043
0.677870395267545,0.48752659060143105
0.677870395267545,0.48762088974854934
0.677870395267545,0.4877152253820855
0.677870395267545,0.48780959752321984
0.677870395267545,0.48790400619314883
0.677870395267545,0.48799845141308557
0.6773326162947029,0.4878001549186677
0.6773326162947029,0.48789463490218865
0.6773326162947029,0.4879891514916699
0.6773326162947029,0.48808370470838985
0.6773326162947029,0.4881782945736434
0.6773326162947029,0.488272921108742
0.6773326162947029,0.4883675843350136
0.6773326162947029,0.4884622842738026
0.6773326162947029,0.48855702094647013
0.6773326162947029,0.48865179437439377
0.6773326162947029,0.4887466045789678
0.6770637268082818,0.48864738986997863
0.6770637268082818,0.48874223602484473
0.6767948373218607,0.48864298194525335
0.6765259478354396,0.48854368932038833
0.6765259478354396,0.4886385705962323
0.6762570583490185,0.48853923853923853
0.6762570583490185,0.48863415581892367
0.6762570583490185,0.48872910998834046
0.6762570583490185,0.48882410106899904
0.6762570583490185,0.48891912908242613
0.6762570583490185,0.4890141940501653
0.6762570583490185,0.4891092959937767
0.6762570583490185,0.48920443493483756
0.6762570583490185,0.4892996108949416
0.6762570583490185,0.48939482389569955
0.6759881688625975,0.48929544569871547
0.6757192793761764,0.4891960288105898
0.6757192793761764,0.48929127725856697
0.6754503898897554,0.48919182083739043
0.6754503898897554,0.4892871055707051
0.6754503898897554,0.4893824274303526
0.6751815004033342,0.4892829306313328
0.6749126109169131,0.48918339504969793
0.6749126109169131,0.48927875243664715
0.6749126109169131,0.4893741470072139
0.6749126109169131,0.48946957878315134
0.6749126109169131,0.4895650477862298
0.6749126109169131,0.48966055403823644
0.6749126109169131,0.4897560975609756
0.6746437214304921,0.4896565183450429
0.6746437214304921,0.48975209837985556
0.6746437214304921,0.48984771573604063
0.674374831944071,0.4897480960749854
0.6741059424576499,0.4896484375
0.6741059424576499,0.48974409064270363
0.6741059424576499,0.4898397811645174
0.6741059424576499,0.4899355090873559
0.6738370529712289,0.48983580922595776
0.6738370529712289,0.48993157380254154
0.6738370529712289,0.490027375831052
0.6735681634848077,0.48992763543907686
0.6735681634848077,0.49002347417840375
0.6735681634848077,0.4901193504206613
0.6735681634848077,0.49021526418786693
0.6735681634848077,0.4903112155020552
0.6735681634848077,0.490407204385278
0.6735681634848077,0.49050323085960446
0.6732992739983866,0.49040344692518606
0.6730303845119656,0.4903036238981391
0.6727614950255445,0.4902037617554859
0.6727614950255445,0.49029982363315694
0.6727614950255445,0.49039592316738534
0.6727614950255445,0.49049206038031756
0.6719548265662812,0.4901922322479404
0.6716859370798601,0.4900922111045713
0.6716859370798601,0.4901883830455259
0.671148158107018,0.48998822143698467
0.6708792686205969,0.4898880816807383
0.6708792686205969,0.48998428908091124
0.6708792686205969,0.49008053427617365
0.6708792686205969,0.4901768172888016
0.6708792686205969,0.49027313814108864
0.6708792686205969,0.4903694968553459
0.6708792686205969,0.4904658934539021
0.6706103791341759,0.4903657097915847
0.6706103791341759,0.4904621435594887
0.6706103791341759,0.490558615263572
0.6706103791341759,0.49065512492622465
0.6706103791341759,0.4907516725698544
0.6706103791341759,0.49094488188976376
0.6706103791341759,0.49104154361094704
0.6703414896477548,0.49094131547853487
0.6703414896477548,0.49103801457553675
0.6703414896477548,0.49113475177304966
0.6703414896477548,0.4912315270935961
0.6700726001613337,0.49113125739061886
0.6700726001613337,0.49122807017543857
0.6698037106749126,0.49112776025236593
0.6698037106749126,0.49122461053046734
0.6698037106749126,0.49132149901380673
0.6698037106749126,0.49141842572499506
0.6698037106749126,0.4915153906866614
0.6698037106749126,0.49161239392145256
0.6695348211884915,0.491609081934847
0.6695348211884915,0.4918032786885246
0.6692659317020705,0.49170288423548003
0.6692659317020705,0.4918000395178818
0.6689970422156494,0.491699604743083
0.6687281527292283,0.4915991302628978
0.6684592632428072,0.4914986160537762
0.6684592632428072,0.49159580779118056
0.6684592632428072,0.49169303797468356
0.6681903737563861,0.49159248269040556
0.6681903737563861,0.4916897506925208
0.667921484269965,0.49158915495745104
0.667652594783544,0.4914885193982581
0.667652594783544,0.49158582458919026
0.667652594783544,0.4916831683168317
0.667652594783544,0.49178055060408
0.6673837052971229,0.4916798732171157
0.6673837052971229,0.4917772934416485
0.6673837052971229,0.4918747522790329
0.6673837052971229,0.4919722497522299
0.6671148158107018,0.4918715305313243
0.6668459263242807,0.49177077136625025
0.6668459263242807,0.4918683062276874
0.6665770368378596,0.4917675064471335
0.6665770368378596,0.49186507936507934
0.6665770368378596,0.4919626910101211
0.6663081473514385,0.49186184994045257
0.6663081473514385,0.4919594997022037
0.6663081473514385,0.4920571882446386
0.6663081473514385,0.49215491559086394
0.6660392578650175,0.4920540325784664
0.6660392578650175,0.4921517981323266
0.6657703683785964,0.49205087440381556
0.6657703683785964,0.4921486781951898
0.6657703683785964,0.4922465208747515
0.6657703683785964,0.49234440246569894
0.6657703683785964,0.492442322991249
0.6657703683785964,0.49254028247463694
0.6657703683785964,0.4926382809391166
0.6657703683785964,0.49273631840796017
0.6652325894057542,0.4925343420266773
0.6652325894057542,0.49263241736360014
0.6649636999193331,0.492531368253336
0.6649636999193331,0.4927276349870492
0.6649636999193331,0.4928258270227182
0.6649636999193331,0.49302232854864436
0.6649636999193331,0.49312063808574275
0.6649636999193331,0.4932189868368568
0.6649636999193331,0.49341580207501995
0.6649636999193331,0.49351426860906006
0.6649636999193331,0.4936127744510978
0.6646948104329121,0.4935116789778399
0.664425920946491,0.4934105431309904
0.664425920946491,0.49350908727781106
0.6641570314600699,0.49340791050739113
0.6638881419736489,0.4933066933066933
0.6638881419736489,0.4934052757793765
0.6638881419736489,0.4935038976614032
0.6638881419736489,0.4936025589764094
0.6638881419736489,0.4937012597480504
0.6638881419736489,0.4938
0.6638881419736489,0.4938987797559512
0.6638881419736489,0.4939975990396158
0.6638881419736489,0.49409645787472484
0.6638881419736489,0.49419535628502803
0.6638881419736489,0.4942942942942943
0.6638881419736489,0.49439327192631155
0.6638881419736489,0.49449228920488686
0.6638881419736489,0.49459134615384615
0.6638881419736489,0.49469044279703467
0.6638881419736489,0.4947895791583166
0.6638881419736489,0.49488875526157544
0.6636192524872278,0.49478748997594224
0.6636192524872278,0.49498596068993184
0.6636192524872278,0.4950852557673019
0.6633503630008066,0.49498394863563405
0.6633503630008066,0.49508328316275335
0.6633503630008066,0.49518265756724206
0.6630814735143856,0.4950813089741016
0.6630814735143856,0.4951807228915663
0.6625436945415434,0.49497790277219766
0.6622748050551224,0.4948764315852923
0.6620059155687013,0.49477491961414793
0.6620059155687013,0.4948743718592965
0.6620059155687013,0.4949738640932851
0.6620059155687013,0.4950733963402373
0.6617370260822801,0.49497184231697505
0.6617370260822801,0.49537037037037035
0.6614681365958591,0.49526877390779145
0.6614681365958591,0.49536850583971004
0.6614681365958591,0.4954682779456193
0.6614681365958591,0.49556809024979853
0.6614681365958591,0.49566794277654647
0.661199247109438,0.49556630390971385
0.661199247109438,0.4956661963313848
0.660930357623017,0.49556451612903224
0.660930357623017,0.4956644484775156
0.660930357623017,0.4957644211375555
0.6606614681365959,0.4956626992132338
0.6606614681365959,0.4957627118644068
0.6606614681365959,0.4958627648839556
0.6606614681365959,0.4959628582963262
0.6606614681365959,0.49606299212598426
0.6606614681365959,0.4961631663974152
0.6606614681365959,0.4962633811351242
0.6606614681365959,0.49636363636363634
0.6606614681365959,0.49646393210749645
0.6606614681365959,0.4965642683912692
0.6606614681365959,0.4966646452395391
0.6603925786501748,0.49656287909421754
0.6601236891637537,0.49646107178968657
0.6598547996773326,0.4963592233009709
0.6598547996773326,0.49645963989480074
0.6595859101909115,0.49635774989882636
0.6595859101909115,0.4964582068407205
0.6593170207044905,0.49635627530364373
0.6590481312180694,0.49625430249038266
0.6587792417316483,0.4961522883758607
0.6587792417316483,0.49625278509216125
0.6587792417316483,0.49635332252836306
0.6587792417316483,0.49645390070921985
0.6587792417316483,0.4965545196595055
0.6585103522452272,0.49645246300425705
0.6585103522452272,0.49655312246553124
0.6585103522452272,0.49665382275400527
0.6582414627588061,0.496551724137931
0.6582414627588061,0.4966524650030432
0.6582414627588061,0.4967532467532468
0.657972573272385,0.4966511061497869
0.657972573272385,0.49675192854242795
0.657972573272385,0.4968527918781726
0.657972573272385,0.4969536961819659
0.657972573272385,0.4973577235772358
0.657972573272385,0.49745883309615774
0.657972573272385,0.4975599837332249
0.657972573272385,0.4976611755135245
0.657703683785964,0.49755899104963386
0.657703683785964,0.49766022380467956
0.657703683785964,0.49776149776149775
0.6574347942995429,0.49765927132098514
0.6574347942995429,0.49776058631921827
0.6574347942995429,0.49786194257788635
0.6571659048131218,0.49775967413441957
0.6571659048131218,0.4978610715013241
0.6568970153267008,0.49775876120619394
0.6566281258402796,0.49765640921133075
0.6563592363538585,0.49755401549123524
0.6563592363538585,0.49765545361875635
0.6563592363538585,0.4977569331158238
0.6560903468674375,0.4976544972465837
0.6558214573810164,0.4975520195838433
0.6558214573810164,0.49765354009385837
0.6552836784081743,0.49744845886915695
0.6552836784081743,0.49765162344292424
0.6552836784081743,0.4977532679738562
0.6552836784081743,0.4978549540347293
0.6552836784081743,0.4979566816510012
0.6552836784081743,0.4980584508481504
0.6550147889217531,0.49795584627964024
0.6547458994353321,0.4978531997546514
0.6547458994353321,0.49795501022494887
0.654477009948911,0.49785232153814685
0.654477009948911,0.4979541734860884
0.6542081204624899,0.4978514426028238
0.6542081204624899,0.4979533360622186
0.6542081204624899,0.49805527123848514
0.6536703414896478,0.4978496825721892
0.6531325625168056,0.4976439254251178
0.6528636730303845,0.49754098360655735
0.6528636730303845,0.4976429596228735
0.6528636730303845,0.4977449774497745
0.6525947835439634,0.49764199302850115
0.6523258940575424,0.4975389663658737
0.6523258940575424,0.49764102564102564
0.6523258940575424,0.4977431267952401
0.6523258940575424,0.4978452698542992
0.6523258940575424,0.49794745484400654
0.6520570045711213,0.4978443851365223
0.6517881150847001,0.497741273100616
0.6515192255982791,0.4976381187102074
0.651250336111858,0.49753492193919474
0.651250336111858,0.49763714814053833
0.651250336111858,0.49773941635840524
0.651250336111858,0.497841726618705
0.651250336111858,0.4979440789473684
0.651250336111858,0.4980464733703475
0.651250336111858,0.4981489099136158
0.651250336111858,0.4982513886031681
0.651250336111858,0.49835390946502056
0.650981446625437,0.4982506688619057
0.6507125571390159,0.4981473857554549
0.6507125571390159,0.4982499485278979
0.6507125571390159,0.49835255354200986
0.6507125571390159,0.4984552008238929
0.6507125571390159,0.49855789039967036
0.6504436676525948,0.49845456418710077
0.6504436676525948,0.4985572959604287
0.6504436676525948,0.4986600700886415
0.6504436676525948,0.49876288659793816
0.6504436676525948,0.4988657455145391
0.6504436676525948,0.49896864686468645
0.6504436676525948,0.4990715906746441
0.6504436676525948,0.4991745769706975
0.6504436676525948,0.49927760577915375
0.6504436676525948,0.4993806771263419
0.6501747781661738,0.4992773074540574
0.6501747781661738,0.4993804213135068
0.6499058886797526,0.4992770088824623
0.6496369991933315,0.4991735537190083
0.6496369991933315,0.4992767100640628
0.6496369991933315,0.499483150713252
0.6493681097069105,0.4993796526054591
0.6493681097069105,0.49948293691830403
0.6493681097069105,0.49958626396359124
0.6490992202204894,0.4994827229464101
0.6490992202204894,0.4995860927152318
0.6490992202204894,0.4996895052784103
0.6490992202204894,0.4997929606625259
0.6488303307340683,0.499689376682543
0.6485614412476473,0.4995857497928749
0.6485614412476473,0.4996892479801119
0.6482925517612261,0.49968911917098446
0.648023662274805,0.4995854063018242
0.648023662274805,0.499688990255028
0.648023662274805,0.4997926171712982
0.648023662274805,0.4998962870773698
0.647754772788384,0.49979253112033195
0.6474858833019629,0.49968873210209586
0.6474858833019629,0.49979244499792447
0.6474858833019629,0.49989620095495124
0.6474858833019629,0.5
0.6472169938155418,0.49989615784008307
0.6472169938155418,0.5
0.6472169938155418,0.5001038853106171
0.6469481043291208,0.5
0.6469481043291208,0.500103928497194
0.6466792148426996,0.5
0.6466792148426996,0.5001039717196922
0.6466792148426996,0.5002079866888519
0.6466792148426996,0.5003120449344706
0.6466792148426996,0.5004161464835623
0.6466792148426996,0.5005202913631633
0.6466792148426996,0.5006244796003331
0.6466792148426996,0.5007287112221528
0.6466792148426996,0.5008329862557268
0.6466792148426996,0.5009373047281817
0.6466792148426996,0.5010416666666667
0.6461414358698575,0.5008336807002918
0.6461414358698575,0.50093808630394
0.6456036568970154,0.5007299270072992
0.6456036568970154,0.500834376303713
0.6453347674105943,0.5007302315877321
0.6453347674105943,0.5008347245409015
0.6453347674105943,0.5009392611145899
0.6453347674105943,0.5010438413361169
0.6450658779241731,0.5009396533723115
0.6450658779241731,0.5011489450595362
0.6447969884377521,0.501044713748433
0.6447969884377521,0.5011494252873563
0.6447969884377521,0.5012541806020067
0.644528098951331,0.5011499059167887
0.644528098951331,0.5013595482116712
0.644528098951331,0.5014644351464436
0.644528098951331,0.5015693659761457
0.644528098951331,0.5016743407283382
0.644528098951331,0.501779359430605
0.6442592094649099,0.501675041876047
0.6442592094649099,0.5017801047120419
0.6442592094649099,0.5019903624554788
0.6442592094649099,0.5022007964787256
0.6439903199784889,0.5020964360587002
0.6439903199784889,0.5022017194380374
0.6439903199784889,0.5023070469798657
0.6439903199784889,0.5024124187119782
0.6439903199784889,0.5025178346621905
0.6439903199784889,0.5026232948583421
0.6439903199784889,0.5027287993282955
0.6437214304920678,0.5026243963888306
0.6437214304920678,0.502729945401092
0.6437214304920678,0.502835538752363
0.6437214304920678,0.5029411764705882
0.6434525410056466,0.5028367304055474
0.6431836515192256,0.5027322404371585
0.6426458725463834,0.5025231286795626
0.6426458725463834,0.5026288117770767
0.6423769830599624,0.5025241901556584
0.6423769830599624,0.5026299179465601
0.6423769830599624,0.5027356902356902
0.6423769830599624,0.5028415070511472
0.6423769830599624,0.5029473684210526
0.6423769830599624,0.5030532743735523
0.6421080935735413,0.5029486099410277
0.6418392040871201,0.5028439014114178
0.6418392040871201,0.5029498525073747
0.6415703146006991,0.5028451001053741
0.6415703146006991,0.5029510961214165
0.6415703146006991,0.503057136833228
0.641301425114278,0.5029523407844791
0.641301425114278,0.5030584264923011
0.6407636461414359,0.5028487022578603
0.6407636461414359,0.5030610090774752
0.6404947566550148,0.502956081081081
0.6404947566550148,0.5030623020063358
0.6404947566550148,0.5031685678073511
0.6404947566550148,0.5032748785125714
0.6402258671685938,0.5031699070160609
0.6402258671685938,0.503276262946523
0.6402258671685938,0.5033826638477801
0.6399569776821726,0.5032776485514908
0.6396880881957515,0.5031725888324873
0.6396880881957515,0.5032790353289612
0.6396880881957515,0.5033855268726195
0.6396880881957515,0.5034920634920635
0.6396880881957515,0.5035986452159187
0.6396880881957515,0.5037052720728351
0.6396880881957515,0.5038119440914867
0.6396880881957515,0.503918661300572
0.6394191987093305,0.5038135593220339
0.6388814197364883,0.5036032217041119
0.6388814197364883,0.5037099851600594
0.6388814197364883,0.5038167938931297
0.6388814197364883,0.5039236479321315
0.6388814197364883,0.5040305473058974
0.6388814197364883,0.5041374920432845
0.6388814197364883,0.5042444821731749
0.6388814197364883,0.5043515177244746
0.6388814197364883,0.5044585987261146
0.6388814197364883,0.5045657252070503
0.6386125302500673,0.5044604927782498
0.6386125302500673,0.5045676651795199
0.6386125302500673,0.5046748831279217
0.6386125302500673,0.5047821466524973
0.6383436407636461,0.5046768707482994
0.6383436407636461,0.5047841803104401
0.6383436407636461,0.5048915355168013
0.638074751277225,0.5047862156987875
0.638074751277225,0.5050010640561822
0.637805861790804,0.5048957002979991
0.6372680828179618,0.5046848381601363
0.6372680828179618,0.5047923322683706
0.6369991933315408,0.5046868342564976
0.6369991933315408,0.5047943746004688
0.6367303038451196,0.5046888320545609
0.6367303038451196,0.5047964186740567
0.6367303038451196,0.5049040511727079
0.6364614143586986,0.5047984644913628
0.6364614143586986,0.5049061433447098
0.6361925248722775,0.5048005120546192
0.6359236353858564,0.5046948356807511
0.6359236353858564,0.5048025613660619
0.6356547458994354,0.5046968403074296
0.6356547458994354,0.5048046124279308
0.6353858564130143,0.5046988466467321
0.6351169669265931,0.5045930356761376
0.6348480774401721,0.5044871794871795
0.634579187953751,0.5043812780508655
0.634579187953751,0.5044890979050877
0.634579187953751,0.504596963865726
0.634579187953751,0.504704875962361
0.6343102984673299,0.5045989304812835
0.6343102984673299,0.5048148940723304
0.6343102984673299,0.5049229452054794
0.6343102984673299,0.5050310426032969
0.6340414089809089,0.5049250535331906
0.6337725194944878,0.5048190190618976
0.6337725194944878,0.5049271636675235
0.6335036300080666,0.5048210842082709
0.6324280720623824,0.5043963113875187
0.6321591825759613,0.5042900042900043
0.6318902930895401,0.5041836515769148
0.6318902930895401,0.5042918454935622
0.6316214036031191,0.5041854475209272
0.6316214036031191,0.504293688278231
0.6316214036031191,0.5045103092783505
0.6316214036031191,0.5046186895810956
0.6316214036031191,0.5047271164589601
0.631352514116698,0.5046206748334408
0.6305458456574348,0.5043010752688172
0.6305458456574348,0.5045180722891566
0.6302769561710138,0.5044114482461803
0.6302769561710138,0.5045200172191132
0.6300080666845926,0.5044133476856836
0.6300080666845926,0.5045219638242894
0.6297391771981715,0.5044152487615766
0.6294702877117505,0.50430848772081
0.6294702877117505,0.504417151475975
0.6294702877117505,0.5045258620689655
0.6294702877117505,0.5046346195300712
0.6294702877117505,0.5047434238896076
0.6294702877117505,0.5048522751779168
0.6294702877117505,0.5049611734253667
0.6292013982253294,0.5048543689320388
0.6292013982253294,0.5049633146309883
0.6289325087389083,0.5048564644938485
0.6289325087389083,0.5049654576856649
0.6286636192524873,0.5048585618656878
0.6283947297660661,0.5047516198704104
0.6283947297660661,0.5049697493517719
0.6283947297660661,0.5050788848065701
0.6283947297660661,0.5051880674448768
0.6283947297660661,0.5052972972972973
0.628125840279645,0.5051903114186851
0.628125840279645,0.5052995890114644
0.627856950793224,0.5051925573344872
0.627856950793224,0.5053018827093703
0.627856950793224,0.5054112554112554
0.627856950793224,0.5055206754708812
0.627856950793224,0.5056301429190125
0.627856950793224,0.5057396577864414
0.627856950793224,0.5059588299024919
0.627856950793224,0.5060684872128305
0.627856950793224,0.5061781920659008
0.6275880613068029,0.5060711188204683
0.6275880613068029,0.5061808718282368
0.6275880613068029,0.5062906724511931
0.6273191718203818,0.5061835539162508
0.6270502823339608,0.5060763888888888
0.6270502823339608,0.5061862383329716
0.6270502823339608,0.5062961354754668
0.6270502823339608,0.5064060803474484
0.6270502823339608,0.5065160729800173
0.6270502823339608,0.5066261134043015
0.6270502823339608,0.5067362016514559
0.6270502823339608,0.5068463377526624
0.6270502823339608,0.5069565217391304
0.6270502823339608,0.5070667536420961
0.6270502823339608,0.507177033492823
0.6267813928475396,0.5070698281487926
0.6267813928475396,0.5072905331882481
0.6265125033611186,0.5071832825424467
0.6265125033611186,0.5072937078162421
0.6262436138746975,0.5071864111498258
0.6262436138746975,0.5072968852101939
0.6262436138746975,0.5074074074074074
0.6259747243882764,0.5073000653737197
0.6259747243882764,0.5074106364428945
0.6257058349018554,0.5073032483104426
0.6254369454154343,0.5071958133449629
0.6254369454154343,0.5073064340239912
0.6251680559290131,0.5071989528795812
0.6248991664425921,0.5070914248308968
0.6248991664425921,0.5072020951549542
0.6248991664425921,0.5073128137961144
0.6248991664425921,0.5074235807860262
0.6248991664425921,0.507534396156366
0.6248991664425921,0.5076452599388379
0.624630276956171,0.507537688442211
0.624630276956171,0.5076486013986014
0.6243613874697499,0.5075409836065574
0.6243613874697499,0.5076519457804984
0.6240924979833289,0.5075442816531818
0.6240924979833289,0.507655293088364
0.6240924979833289,0.5077663530956027
0.6240924979833289,0.5078774617067834
0.6235547190104866,0.507661996497373
0.6232858295240656,0.5075541931245895
0.6232858295240656,0.5076653526062199
0.6232858295240656,0.507776560788609
0.6230169400376445,0.5076687116564417
0.6227480505512234,0.5075608152531229
0.6227480505512234,0.507672073651907
0.6227480505512234,0.5077833808375356
0.6224791610648024,0.5076754385964912
0.6222102715783813,0.5075674490019741
0.6219413820919603,0.5074594120228171
0.6216724926055391,0.5073513276278253
0.6216724926055391,0.5074626865671642
0.6216724926055391,0.5075740944017563
0.6216724926055391,0.5076855511638121
0.6216724926055391,0.50779705688557
0.6216724926055391,0.5080202153372885
0.6216724926055391,0.5081318681318682
0.6216724926055391,0.508243570015388
0.621403603119118,0.5081354441512753
0.621403603119118,0.5082471959533759
0.621134713632697,0.508139023317202
0.621134713632697,0.5082508250825083
0.6208658241462759,0.5081426056338029
0.6208658241462759,0.5082544574069998
0.6205969346598548,0.50814619110524
0.6205969346598548,0.5082580929310725
0.6205969346598548,0.5083700440528635
0.6203280451734338,0.5082617316589557
0.6200591556870126,0.5081533715293081
0.6200591556870126,0.5082653735948864
0.6200591556870126,0.5083774250440917
0.6200591556870126,0.5084895259095921
0.6200591556870126,0.5086016762240847
0.6200591556870126,0.5087138760202956
0.6200591556870126,0.5088261253309797
0.6195213767141705,0.5086092715231788
0.6192524872277494,0.508500772797527
0.6192524872277494,0.508613074204947
0.6192524872277494,0.5087254252264193
0.6192524872277494,0.5088378258948298
0.6187147082549073,0.5086206896551724
0.6184458187684861,0.5085120495246518
0.618176929282065,0.5084033613445378
0.617908039795644,0.5082946250829462
0.6176391503092229,0.5081858407079646
0.6176391503092229,0.5082982960832042
0.6176391503092229,0.5084108012394865
0.614681365958591,0.5072110051031729
0.614681365958591,0.507323568575233
0.6144124764721699,0.5072142064372919
0.6144124764721699,0.5073268206039077
0.6138746974993278,0.5071079520213239
0.6138746974993278,0.5072206176405243
0.6136058080129067,0.5071111111111111
0.6136058080129067,0.5072238275172261
0.6136058080129067,0.5073365940417963
0.6136058080129067,0.5074494107182567
0.6133369185264856,0.5073398576512456
0.6133369185264856,0.5074527252502781
0.6133369185264856,0.5075656430796618
0.6133369185264856,0.5076786111729357
0.6133369185264856,0.5077916295636687
0.6130680290400645,0.5076820307281229
0.6130680290400645,0.5077951002227171
0.6127991395536434,0.5076854533303631
0.6125302500672224,0.5075757575757576
0.6125302500672224,0.5076888789837308
0.6125302500672224,0.5078020508247882
0.6125302500672224,0.5079152731326645
0.6125302500672224,0.508028545941124
0.6125302500672224,0.5081418692839617
0.6122613605808013,0.5080321285140562
0.6122613605808013,0.5081455032358848
0.6122613605808013,0.5083724045545881
0.6122613605808013,0.5084859312192943
0.6119924710943803,0.5083761447397811
0.6117235816079591,0.508266309204647
0.6117235816079591,0.5083798882681564
0.6117235816079591,0.5084935181046044
0.611454692121538,0.5083836351441985
0.611454692121538,0.5084973166368515
0.611185802635117,0.5083873853723999
0.611185802635117,0.5085011185682327
0.6109169131486959,0.5083911389572612
0.6103791341758538,0.5081710320125363
0.6103791341758538,0.5082848186296463
0.6101102446894326,0.5081746920492721
0.6098413552030115,0.5080645161290323
0.6095724657165905,0.5079542908357607
0.6095724657165905,0.5080681308830121
0.6095724657165905,0.5082959641255606
0.6095724657165905,0.5084099573895492
0.6095724657165905,0.5085240017945267
0.6095724657165905,0.5086380973749158
0.6095724657165905,0.5087522441651705
0.6095724657165905,0.5088664421997755
0.6095724657165905,0.5089806915132465
0.6095724657165905,0.5090949921401302
0.6095724657165905,0.5092093441150045
0.6095724657165905,0.5093237474724781
0.6095724657165905,0.5095527084738143
0.607959128798064,0.5088903893765474
0.6076902393116429,0.5087798289058982
0.6074213498252218,0.5086692186444495
0.6071524603388008,0.5085585585585586
0.6071524603388008,0.5086731245776076
0.6071524603388008,0.508787742226228
0.6068835708523797,0.5086770340320036
0.6068835708523797,0.5087917042380523
0.6066146813659586,0.5086809470124014
0.6066146813659586,0.5087956698240866
0.6063457918795375,0.5086848635235732
0.6060769023931164,0.5085740072202166
0.6060769023931164,0.5086887835703001
0.6060769023931164,0.508803611738149
0.6060769023931164,0.5089184917588621
0.6060769023931164,0.50903342366757
0.6060769023931164,0.5091484074994352
0.6060769023931164,0.509263443289652
0.6060769023931164,0.5093785310734463
0.6060769023931164,0.509493670886076
0.6058080129066954,0.5093827718742935
0.6058080129066954,0.5094979647218453
0.6058080129066954,0.5096132096810676
0.6058080129066954,0.5097285067873303
0.6058080129066954,0.5098438560760353
0.6058080129066954,0.5099592575826166
0.6058080129066954,0.5100747113425402
0.6055391234202743,0.509963768115942
0.6055391234202743,0.510079275198188
0.6055391234202743,0.5101948346171273
0.6052702339338532,0.5100838431905733
0.6052702339338532,0.5101994560290117
0.6052702339338532,0.5103151212876899
0.6052702339338532,0.5104308390022676
0.6052702339338532,0.5105466092084373
0.6052702339338532,0.5106624319419237
0.6052702339338532,0.5107783072384843
0.6052702339338532,0.5108942351339083
0.6050013444474321,0.5107832009080591
0.6050013444474321,0.510899182561308
0.6050013444474321,0.5110152168975698
0.6050013444474321,0.5112474437627812
0.6050013444474321,0.5113636363636364
0.604732454961011,0.511252557399409
0.604732454961011,0.511368804001819
0.6044635654745899,0.5112576756879691
0.6044635654745899,0.5113739763421292
0.6044635654745899,0.511490329920364
0.6044635654745899,0.5116067364588075
0.6041946759881689,0.5114955611199635
0.6041946759881689,0.5116120218579235
0.6041946759881689,0.5118451025056948
0.6041946759881689,0.5119617224880383
0.6041946759881689,0.5120783956244302
0.6041946759881689,0.5121951219512195
0.6039257865017478,0.5120839033287734
0.6039257865017478,0.5122006841505131
0.6039257865017478,0.5123175182481752
0.6039257865017478,0.512434405658225
0.6036568970153267,0.5123231401186673
0.6033880075289056,0.5122118237845241
0.6033880075289056,0.5123287671232877
0.6033880075289056,0.5124457638730304
0.6033880075289056,0.5125628140703518
0.6033880075289056,0.5126799177518848
0.6033880075289056,0.5127970749542962
0.6033880075289056,0.5129142857142858
0.6033880075289056,0.5130315500685871
0.6033880075289056,0.5131488680539675
0.6031191180424845,0.5130375114364135
0.6031191180424845,0.5131548844657973
0.6031191180424845,0.5132723112128147
0.6028502285560634,0.5131609063859006
0.6028502285560634,0.5132783882783882
0.6025813390696424,0.5131669338218456
0.6023124495832213,0.5130554283096656
0.6020435600968003,0.5129438717067583
0.6020435600968003,0.5130614115490376
0.6020435600968003,0.5132966529115085
0.6020435600968003,0.5135321100917432
0.6020435600968003,0.5136499197063547
0.6017746706103791,0.5135383203304268
0.6017746706103791,0.5136561854487033
0.601505781123958,0.513544536271809
0.601505781123958,0.5136624569460391
0.601236891637537,0.5135507579237483
0.6009680021511159,0.5134390075809786
0.6009680021511159,0.5135569852941176
0.6006991126646948,0.5134451850149391
0.6004302231782738,0.5134513681306048
0.6004302231782738,0.5136876006441223
0.6001613336918526,0.5135757017947538
0.6001613336918526,0.5136939010356731
0.6001613336918526,0.5138121546961326
0.5998924442054315,0.5137002072300253
0.5998924442054315,0.5138185168125288
0.5998924442054315,0.5139368809030177
0.5998924442054315,0.5140552995391705
0.5996235547190105,0.5139433049089652
0.5996235547190105,0.5140617796219455
0.5996235547190105,0.5141803089693336
0.5996235547190105,0.5142988929889298
0.5996235547190105,0.5144175317185697
0.5993546652325894,0.5143054914628519
0.5990857757461683,0.5141933994922686
0.5990857757461683,0.5143120960295475
0.5988168862597473,0.5141999538212884
0.5988168862597473,0.5143187066974596
0.5988168862597473,0.5144375144375144
0.5988168862597473,0.5145563770794824
0.5985479967733262,0.5144441876588861
0.598279107286905,0.5143319463707813
0.598010217800484,0.5142196531791907
0.5977413283140629,0.5141073080481036
0.5977413283140629,0.5142262317834837
0.5974724388276419,0.5141138361869505
0.5972035493412208,0.5140013885674612
0.5972035493412208,0.5141203703703704
0.5972035493412208,0.5142394072702015
0.5972035493412208,0.5143584993052339
0.5972035493412208,0.5144776465137827
0.5969346598547997,0.5143651529193698
0.5969346598547997,0.5144843568945539
0.5966657703683786,0.5143718127028281
0.5963968808819575,0.5142592163227452
0.5961279913955364,0.5141465677179963
0.5961279913955364,0.5142658315935977
0.5961279913955364,0.5143851508120649
0.5955902124226943,0.5141597028783659
0.5955902124226943,0.5142790805665196
0.5953213229362732,0.5142857142857142
0.5953213229362732,0.5144052044609665
0.5953213229362732,0.514524750174297
0.5953213229362732,0.5146443514644351
0.5953213229362732,0.5147640083701465
0.5953213229362732,0.515003489183531
0.5953213229362732,0.5151233131689158
0.5950524334498521,0.5150104724226204
0.5945146544770099,0.5147846332945285
0.5945146544770099,0.5149045179319981
0.5945146544770099,0.5151444547996272
0.5942457649905889,0.515031461197856
0.5942457649905889,0.5151515151515151
0.5942457649905889,0.515271625087433
0.5939768755041678,0.5151585820895522
0.5939768755041678,0.5152787497084208
0.5937079860177467,0.5151656556229585
0.5937079860177467,0.5152858809801634
0.5937079860177467,0.5154061624649859
0.5937079860177467,0.5155265001167406
0.5937079860177467,0.5156468939747781
0.5934390965313256,0.5155337537958421
0.5931702070449045,0.5154205607476635
0.5929013175584834,0.5153073147931759
0.5929013175584834,0.5154277699859747
0.5926324280720624,0.5153144727612813
0.5926324280720624,0.5154349859681946
0.5926324280720624,0.5155555555555555
0.5926324280720624,0.5156761815629387
0.5926324280720624,0.5159176029962547
0.5923635385856413,0.5158042612971201
0.5923635385856413,0.5159250585480094
0.5923635385856413,0.5160459123916609
0.5920946490992203,0.5159325210871603
0.5918257596127992,0.5158190766346379
0.591556870126378,0.5157055789967182
0.591556870126378,0.5158264947245017
0.591287980639957,0.5157129455909943
0.5907502016671148,0.515485687470671
0.5907502016671148,0.5156066651020887
0.5907502016671148,0.5157276995305164
0.5907502016671148,0.5158487907959615
0.5904813121806938,0.5157350868952559
0.5904813121806938,0.5158562367864693
0.5904813121806938,0.5159774436090225
0.5904813121806938,0.5160987074030552
0.5904813121806938,0.5162200282087447
0.5904813121806938,0.5163414060663062
0.5872546383436408,0.5149728837538317
0.5872546383436408,0.5150943396226415
0.5872546383436408,0.5152158527954707
0.5872546383436408,0.5153374233128835
0.5869857488572197,0.5152230351663913
0.5869857488572197,0.5153446647780925
0.5869857488572197,0.5154663518299882
0.5867168593707986,0.5153519130845536
0.5864479698843775,0.5152374202693125
0.5861790803979564,0.5151228733459358
0.5859101909115354,0.5150082722760577
0.5859101909115354,0.515130023640662
0.5859101909115354,0.5152518325845353
0.5856413014251143,0.5151371807000946
0.5853724119386932,0.5150224745682517
0.5851035224522722,0.514907714150497
0.5851035224522722,0.5150295857988165
0.5851035224522722,0.5153955471340597
0.584834632965851,0.5152807391613362
0.584834632965851,0.5154028436018957
0.5845657434794299,0.5152879829343446
0.5845657434794299,0.5154101469890944
0.5845657434794299,0.5155323689826892
0.5842968539930089,0.5154174573055028
0.5842968539930089,0.5155397390272836
0.5842968539930089,0.5156620787850024
0.5840279645065878,0.5155471160693093
0.5840279645065878,0.5156695156695157
0.5837590750201667,0.5155545001187366
0.5837590750201667,0.5156769596199525
0.5837590750201667,0.5157994773105251
0.5837590750201667,0.5159220532319392
0.5834901855337457,0.5158069883527454
0.5834901855337457,0.5160523186682521
0.5834901855337457,0.5161750713606089
0.5832212960473245,0.5160599571734475
0.5832212960473245,0.5161827701094717
0.5832212960473245,0.5163056415139252
0.5829524065609034,0.5161904761904762
0.5829524065609034,0.5163134079542748
0.5826835170744824,0.5161981896141019
0.5826835170744824,0.5163211817965213
0.5824146275880613,0.5162059103908484
0.5824146275880613,0.5163289630512515
0.5824146275880613,0.5164520743919886
0.5824146275880613,0.5166984732824428
0.5824146275880613,0.5168217609162491
0.5821457381016403,0.5167064439140812
0.5818768486152192,0.516591071854858
0.5818768486152192,0.5167144221585482
0.581607959128798,0.5165989968951517
0.581339069642377,0.5164835164835165
0.5810701801559559,0.51636798088411
0.5810701801559559,0.516491395793499
0.5808012906695348,0.5163758068371982
0.5808012906695348,0.5164992826398852
0.5808012906695348,0.5166228175077733
0.5808012906695348,0.5167464114832536
0.5808012906695348,0.5168700646087581
0.5805324011831138,0.5167544279559598
0.5802635116966927,0.5166387359348815
0.5802635116966927,0.5167624521072797
0.5802635116966927,0.5168862275449102
0.5802635116966927,0.5170100622903689
0.5802635116966927,0.5171339563862928
0.5799946222102715,0.5170182166826462
0.5799946222102715,0.5171421721409734
0.5797257327238505,0.5170263788968825
0.5797257327238505,0.5171503957783641
0.5794568432374294,0.5170345489443378
0.5794568432374294,0.5171586273098152
0.5791879537510083,0.5170427268362938
0.5791879537510083,0.5171668667466987
0.5789190642645873,0.5170509125840538
0.578381285291745,0.5168188370975493
0.578381285291745,0.5169430425378515
0.578381285291745,0.5170673076923077
0.578381285291745,0.5171916326039914
0.578381285291745,0.5173160173160173
0.578381285291745,0.5175649663137633
0.578112395805324,0.5174488567990373
0.5778435063189029,0.5173326913818007
0.5775746168324819,0.517216470021671
0.5773057273460608,0.5171001926782274
0.5773057273460608,0.5172247651168393
0.5773057273460608,0.5173493975903615
0.5773057273460608,0.5174740901422029
0.5773057273460608,0.5175988428158148
0.5773057273460608,0.5177236556546901
0.5773057273460608,0.5178485287023638
0.5773057273460608,0.5180984555984556
0.5770368378596397,0.5179821385469466
0.5770368378596397,0.5181071945919845
0.5762301694003764,0.5177579125392607
0.5762301694003764,0.5178830352827453
0.5762301694003764,0.5180082185158327
0.5759612799139554,0.5178916827852998
0.5759612799139554,0.5180169286577992
0.5756923904275343,0.5179003386550556
0.5754235009411132,0.5177836922332446
0.5754235009411132,0.5179090029041626
0.5754235009411132,0.5180343742435246
0.5754235009411132,0.5181598062953995
0.5751546114546922,0.5180431097117946
0.574885721968271,0.5179263565891473
0.574885721968271,0.5180518536467168
0.574885721968271,0.5181774115365972
0.574885721968271,0.5183030303030303
0.5746168324818499,0.5181862269641125
0.5743479429954289,0.5180693669658016
0.5743479429954289,0.5181950509461426
0.5743479429954289,0.5183207959233196
0.5743479429954289,0.5184466019417475
0.5740790535090078,0.5183296916727361
0.5735412745361657,0.5180957007529755
0.5735412745361657,0.5182215743440233
0.5732723850497445,0.5181044957472661
0.5730034955633235,0.5179873602333496
0.5730034955633235,0.5181132992949186
0.5730034955633235,0.518239299610895
0.5730034955633235,0.5183653612259791
0.5727346060769024,0.5182481751824818
0.5727346060769024,0.5183743003163787
0.5724657165904813,0.5182570593963
0.5724657165904813,0.5183832481129779
0.5721968271040603,0.5182659522649781
0.5719279376176392,0.5181485992691839
0.5719279376176392,0.5182748538011696
0.5719279376176392,0.5184011698757007
0.571659048131218,0.5182837640175524
0.571659048131218,0.5184101438673494
0.5711212691583759,0.5181751646743108
0.5708523796719548,0.5180575890678379
0.5708523796719548,0.5181840371003174
0.5708523796719548,0.518310546875
0.5708523796719548,0.5184371184371185
0.5705834901855338,0.5183194919394235
0.5705834901855338,0.5184461275348156
0.5700457112126915,0.518210706428746
0.5700457112126915,0.5183374083129584
0.5700457112126915,0.5184641721692346
0.5700457112126915,0.5185909980430529
0.5700457112126915,0.5187178859799364
0.5700457112126915,0.5188448360254527
0.5700457112126915,0.5189718482252142
0.5700457112126915,0.5190989226248776
0.5697768217262705,0.5189811413176586
0.5697768217262705,0.5191082802547771
0.5697768217262705,0.5192354814996324
0.5695079322398494,0.5191176470588236
0.5695079322398494,0.5192449129688649
0.5692390427534283,0.519127023050515
0.5687012637805862,0.5188910696761531
0.5687012637805862,0.5190184049079755
0.5687012637805862,0.5191458026509573
0.568163484807744,0.5189096267190569
0.5678945953213229,0.5187914517317612
0.5678945953213229,0.518918918918919
0.5678945953213229,0.5190464487589088
0.5678945953213229,0.5191740412979351
0.5678945953213229,0.5193016965822473
0.5678945953213229,0.5194294146581406
0.5678945953213229,0.5195571955719557
0.5678945953213229,0.5199409158050221
0.5678945953213229,0.5200689485348436
0.5678945953213229,0.5201970443349754
0.5676257058349019,0.5200788371520079
0.5673568163484808,0.519960571710202
0.5673568163484808,0.5200887355188563
0.5670879268620597,0.5199704142011834
0.5665501478892175,0.5197335964479527
0.5665501478892175,0.5198618307426598
0.5665501478892175,0.5201184892619106
0.5665501478892175,0.5202469135802469
0.5662812584027964,0.5201284267720425
0.5657434794299543,0.5198912774894984
0.5657434794299543,0.5200197726149284
0.5654745899435332,0.5199011124845488
0.5654745899435332,0.5200296735905044
0.5652057004571122,0.5199109572099926
0.5652057004571122,0.5200395843641762
0.564936810970691,0.5199208116802772
0.564936810970691,0.5200495049504951
0.564936810970691,0.5201782619460262
0.564936810970691,0.520307082714215
0.5646679214842699,0.5201882586078771
0.5643990319978489,0.5200693756194251
0.5643990319978489,0.5201982651796778
0.5643990319978489,0.5203272186415469
0.5641301425114278,0.5202082816761716
0.5641301425114278,0.5203373015873016
0.5641301425114278,0.5204663855122799
0.5638612530250067,0.5203473945409429
0.5638612530250067,0.5204765450483991
0.5635923635385857,0.5203574975173784
0.5635923635385857,0.5204867146759374
0.5633234740521645,0.5204968944099378
0.5630545845657435,0.5203777335984096
0.5627856950793224,0.5202585135471042
0.5627856950793224,0.5203878667329687
0.5627856950793224,0.5205172842576473
0.5627856950793224,0.5206467661691542
0.5627856950793224,0.5207763125155511
0.5627856950793224,0.5210355987055016
0.5625168055929013,0.5209163346613546
0.5622479161064803,0.5207970112079701
0.561710137133638,0.5205581858958386
0.561710137133638,0.5206879361914257
0.561441247647217,0.5205684367988033
0.561441247647217,0.5206982543640898
0.561441247647217,0.520828136692442
0.561441247647217,0.5209580838323353
0.561441247647217,0.5210880958322935
0.5611723581607959,0.5209685471792311
0.5609034686743748,0.5208489388264669
0.5606345791879538,0.5207292707292708
0.5595590212422694,0.52025
0.5595590212422694,0.5203800950237559
0.5595590212422694,0.5205102551275638
0.5595590212422694,0.5206404803602702
0.5595590212422694,0.5207707707707707
0.5595590212422694,0.52090112640801
0.5595590212422694,0.5210315473209814
0.5595590212422694,0.5211620335587278
0.5592901317558483,0.5210420841683366
0.5592901317558483,0.5211726384364821
0.5592901317558483,0.5213032581453634
0.5592901317558483,0.5215646940822467
0.5592901317558483,0.5216955104088287
0.5590212422694273,0.5215755143000502
0.5584834632965852,0.5213353413654619
0.5584834632965852,0.5214662314838062
0.5584834632965852,0.5215971873430437
0.558214573810164,0.5214770158251696
0.558214573810164,0.521608040201005
0.558214573810164,0.5217391304347826
0.558214573810164,0.521870286576169
0.5579456843237429,0.5217500628614533
0.5579456843237429,0.5218812877263581
0.5579456843237429,0.5220125786163522
0.5576767948373219,0.5218922999496729
0.5576767948373219,0.5220236597029952
0.5576767948373219,0.5222865776882397
0.5574079053509008,0.5221662468513854
0.5574079053509008,0.5222978080120937
0.5574079053509008,0.522429435483871
0.5574079053509008,0.5225611293168642
0.5574079053509008,0.5226928895612708
0.5574079053509008,0.5228247162673392
0.5571390158644797,0.5227043390514632
0.5571390158644797,0.5228362351753721
0.5568701263780587,0.5227158001009591
0.5566012368916375,0.522595304216107
0.5566012368916375,0.5228593079060369
0.5563323474052164,0.5227387569479535
0.5563323474052164,0.5228708617639626
0.5560634579187954,0.5227502527805864
0.5560634579187954,0.522882427307206
0.5557945684323743,0.5227617602427921
0.5557945684323743,0.5228940045535037
0.5557945684323743,0.5230263157894737
0.5557945684323743,0.5231586940015186
0.5552567894595322,0.5229171942263864
0.554987899973111,0.5227963525835866
0.5547190104866899,0.5226754497086394
0.5544501210002689,0.5225544855549924
0.5544501210002689,0.5226869455006337
0.5541812315138478,0.5225659229208925
0.5541812315138478,0.522698452954603
0.5541812315138478,0.5228310502283106
0.5541812315138478,0.5229637147931997
0.5539123420274267,0.5228426395939086
0.5539123420274267,0.522975374460523
0.5539123420274267,0.5231081767394616
0.5539123420274267,0.523241046482093
0.5536434525410057,0.523119918699187
0.5536434525410057,0.5232528589580686
0.5536434525410057,0.5233858668022369
0.5536434525410057,0.5235189422832444
0.5536434525410057,0.5236520854526958
0.5536434525410057,0.5237852963622488
0.5533745630545845,0.5236641221374045
0.5531056735681635,0.523542886230593
0.5528367840817424,0.5234215885947047
0.5528367840817424,0.5235548764960529
0.5528367840817424,0.5236882322975038
0.5528367840817424,0.5238216560509554
0.5528367840817424,0.5239551478083588
0.5528367840817424,0.5240887076217181
0.5528367840817424,0.5242223355430903
0.5525678945953213,0.5241009946442234
0.5520301156224792,0.523858127073233
0.5520301156224792,0.5239918325676366
0.5520301156224792,0.5241256063313761
0.551761226136058,0.5240040858018387
0.5512234471632159,0.5237608584568216
0.5512234471632159,0.5238947099412216
0.5512234471632159,0.5240286298568507
0.5512234471632159,0.5242966751918159
0.5512234471632159,0.5244308007162958
0.5512234471632159,0.5245649948822927
0.5509545576767948,0.5244433068850781
0.5509545576767948,0.5245775729646698
0.5509545576767948,0.5247119078104994
0.5509545576767948,0.5248463114754098
0.5509545576767948,0.5249807840122982
0.5506856681903738,0.5248590466427473
0.5501478892175315,0.5246153846153846
0.5498789997311105,0.524493459861503
0.5498789997311105,0.5246280143663418
0.5498789997311105,0.5247626379266103
0.5498789997311105,0.5250320924261874
0.5498789997311105,0.5251669234720082
0.5498789997311105,0.5253018237862831
0.5493412207582683,0.5250578257517348
0.5490723312718473,0.5249357326478149
0.5488034417854262,0.5248135767549499
0.5488034417854262,0.5249485596707819
0.5488034417854262,0.5250836120401338
0.5488034417854262,0.5252187339166238
0.5488034417854262,0.5253539253539253
0.5488034417854262,0.5254891864057673
0.5488034417854262,0.5256245171259336
0.5488034417854262,0.5257599175682638
0.5485345522990052,0.5256377222365369
0.5485345522990052,0.5257731958762887
0.5485345522990052,0.525908739365816
0.548265662812584,0.5257864878803507
0.548265662812584,0.5259221047201444
0.5479967733261629,0.5257997936016512
0.5479967733261629,0.5259354838709678
0.5479967733261629,0.5260712441920495
0.5477278838397419,0.5259488768396592
0.5477278838397419,0.5260847107438017
0.5474589943533208,0.5259622836476363
0.5474589943533208,0.5260981912144703
0.5471901048668997,0.5259757043163609
0.5471901048668997,0.5261116856256464
0.5469212153804787,0.525989138867339
0.5469212153804787,0.5261251939989653
0.5466523258940575,0.5260025873221216
0.5466523258940575,0.5261387163561076
0.5466523258940575,0.526274915868496
0.5463834364076364,0.5261522527187985
0.5463834364076364,0.5262885262885263
0.5458456574347943,0.5260430163254729
0.5455767679483732,0.5259201658890617
0.5453078784619522,0.5257972517500649
0.5453078784619522,0.5259336099585062
0.5453078784619522,0.5260700389105059
0.5453078784619522,0.5263431092655074
0.545038988975531,0.5262201453790238
0.545038988975531,0.5263567904440405
0.545038988975531,0.5264935064935065
0.545038988975531,0.5266302935827488
0.545038988975531,0.5267671517671517
0.545038988975531,0.5269040811021575
0.5447700994891099,0.5267810712428497
0.5447700994891099,0.5269180754226268
0.5447700994891099,0.5270551508844953
0.5447700994891099,0.5271922976841009
0.5447700994891099,0.5273295158771473
0.5447700994891099,0.527466805519396
0.5447700994891099,0.5276041666666667
0.5445012100026889,0.527481114873665
0.5442323205162678,0.5273579989577906
0.5439634310298467,0.527234818868908
0.5436945415434257,0.52711157455683
0.5436945415434257,0.5272490221642764
0.5436945415434257,0.5273865414710485
0.5434256520570045,0.5272632402817636
0.5431567625705835,0.5271398747390397
0.5428878730841624,0.5270164447924823
0.5423500941113203,0.5270446825189443
0.5420812046248992,0.5269210663878725
0.5420812046248992,0.5270588235294118
0.541812315138478,0.5269351464435147
0.541812315138478,0.5270729793356003
0.541543425652057,0.5269492412349556
0.5412745361656359,0.5268254383669196
0.5410056466792148,0.5267015706806283
0.5407367571927938,0.5265776381251637
0.5404678677063727,0.5264536406495547
0.5404678677063727,0.526591564055541
0.5399300887335305,0.526343381389253
0.5399300887335305,0.5264813843733613
0.5399300887335305,0.5266194597429845
0.5399300887335305,0.5267576075550892
0.5396611992471094,0.5266334295460509
0.5396611992471094,0.5267716535433071
0.5391234202742673,0.5265231092436975
0.5391234202742673,0.5266614131862358
0.5388545307878462,0.5265370467682606
0.5385856413014252,0.5264126149802891
0.5385856413014252,0.5265509989484752
0.538316751815004,0.5264265053904812
0.538316751815004,0.5265649658074697
0.538316751815004,0.5267034990791897
0.5380478623285829,0.526578947368421
0.5380478623285829,0.5267175572519084
0.5380478623285829,0.5268562401263823
0.5380478623285829,0.5269949960495127
0.5377789728421619,0.5268703898840885
0.5377789728421619,0.5270092226613966
0.5377789728421619,0.5271481286241434
0.5375100833557408,0.5270234642762984
0.5375100833557408,0.5271624472573839
0.5372411938693197,0.5270377209179636
0.5369723043828987,0.5269129287598945
0.5369723043828987,0.5270519926101874
0.5369723043828987,0.5271911298838438
0.5367034148964775,0.5270662793768154
0.5367034148964775,0.5272054939249868
0.5364345254100564,0.5270805812417437
0.5361656359236354,0.5269556025369979
0.5361656359236354,0.5270948982289189
0.5361656359236354,0.5272342675832893
0.5361656359236354,0.527373710658556
0.5358967464372143,0.5272486772486773
0.5358967464372143,0.5273881979359619
0.5358967464372143,0.5275277924827951
0.5356278569507932,0.5274027005559968
0.5356278569507932,0.527542372881356
0.5356278569507932,0.5276821192052981
0.5353589674643722,0.5275569687334393
0.5353589674643722,0.5276967930029155
0.5353589674643722,0.5278366914103924
0.5353589674643722,0.5279766640148502
0.5353589674643722,0.5281167108753315
0.535090077977951,0.5279915096842663
0.5348211884915299,0.5278662420382165
0.5348211884915299,0.5280063711176002
0.5348211884915299,0.528146574614976
0.5348211884915299,0.5282868525896415
0.5345522990051089,0.5281615302869288
0.5345522990051089,0.5283018867924528
0.5342834095186878,0.5281765018607124
0.5342834095186878,0.5283169369848445
0.5340145200322668,0.5281914893617021
0.5340145200322668,0.5283320031923384
0.5337456305458457,0.5282064928153273
0.5337456305458457,0.528347085440511
0.5332078515730035,0.5280958721704394
0.5332078515730035,0.5282365476824721
0.5329389620865824,0.5281108446576073
0.5326700726001613,0.5279850746268657
0.5326700726001613,0.5281258331111703
0.5324011831137403,0.528
0.5324011831137403,0.5281408375566817
0.5324011831137403,0.528281750266809
0.5321322936273192,0.5281558580197492
0.531863404140898,0.5280298985584624
0.531863404140898,0.5281708945260347
0.531594514654477,0.5280448717948718
0.5313256251680559,0.5279187817258884
0.5310567356816348,0.5277926242650989
0.5310567356816348,0.5279337075648223
0.5310567356816348,0.5280748663101604
0.5310567356816348,0.5282161005616475
0.5310567356816348,0.5283574103798823
0.5307878461952138,0.5282312014985282
0.5302500672223716,0.5279785809906292
0.5302500672223716,0.5281199785752544
0.5302500672223716,0.5282614519153496
0.5299811777359505,0.5281350482315113
0.5299811777359505,0.5282766014473331
0.5297122882495294,0.5281501340482574
0.5297122882495294,0.5282917672298203
0.5297122882495294,0.5284334763948498
0.5297122882495294,0.5285752616045076
0.5297122882495294,0.5287171229200215
0.5297122882495294,0.5288590604026846
0.5294433987631083,0.5287325456498388
0.5291745092766873,0.5286059629331185
0.5291745092766873,0.5287479849543256
0.5291745092766873,0.5288900833109379
0.5291745092766873,0.5290322580645161
0.5291745092766873,0.5291745092766873
0.5291745092766873,0.5293168370091447
0.5289056197902662,0.5291902071563088
0.5286367303038452,0.5290635091496233
0.5286367303038452,0.5293484114162628
0.5286367303038452,0.5294909776461083
0.528367840817424,0.529364224137931
0.5280989513310029,0.5292374023174347
0.5278300618445819,0.5291105121293801
0.5278300618445819,0.5292531679698032
0.5275611723581608,0.529126213592233
0.5272922828717397,0.5289991907202589
0.5272922828717397,0.5291419320021586
0.5272922828717397,0.5292847503373819
0.5270233933853187,0.5291576673866091
0.5267545038988976,0.5290305157980016
0.5264856144124764,0.5289032955159373
0.5264856144124764,0.5291891891891892
0.5264856144124764,0.5293322519599892
0.5262167249260554,0.5292049756625202
0.5259478354396343,0.5290776305112254
0.5259478354396343,0.5292207792207793
0.5259478354396343,0.5293640054127199
0.5256789459532132,0.5292365998917163
0.5256789459532132,0.5293799079339291
0.5254100564667922,0.5292524377031419
0.5254100564667922,0.529539295392954
0.525141166980371,0.5294117647058824
0.525141166980371,0.5295553145336226
0.525141166980371,0.5296989422294548
0.525141166980371,0.5298426478567553
0.5248722774939499,0.5297150610583446
0.5246033880075289,0.5295874049945711
0.5243344985211078,0.5294596796090144
0.5243344985211078,0.5296034763715373
0.5243344985211078,0.529891304347826
0.5240656090346868,0.5297635226963849
0.5240656090346868,0.5299075584556824
0.5240656090346868,0.5300516725591515
0.5240656090346868,0.530195865070729
0.5237967195482657,0.5300680272108843
0.5235278300618446,0.5299401197604791
0.5235278300618446,0.5300843996732916
0.5232589405754235,0.5299564270152506
0.5229900510890024,0.5298283846363389
0.5229900510890024,0.5299727520435967
0.5227211616025813,0.5298446443172526
0.5224522721161603,0.5297164667393675
0.5224522721161603,0.5298609217343878
0.5224522721161603,0.5300054555373704
0.5224522721161603,0.5301500682128241
0.5224522721161603,0.5302947598253275
0.5224522721161603,0.5304395304395304
0.5224522721161603,0.5308743169398907
0.5224522721161603,0.5310194042088002
0.5221833826297392,0.5308911973756151
0.5221833826297392,0.5310363686081487
0.5221833826297392,0.5311816192560175
0.5221833826297392,0.531326949384405
0.521645603656897,0.5310703531344101
0.5213767141704759,0.5309419496166484
0.5213767141704759,0.5310873733223774
0.5213767141704759,0.5312328767123288
0.5211078246840548,0.5311044121677172
0.5211078246840548,0.53125
0.5208389351976338,0.5311214697011242
0.5208389351976338,0.5312671420735052
0.5208389351976338,0.5314128943758574
0.5205700457112127,0.531284302963776
0.5205700457112127,0.53143013999451
0.5203011562247916,0.5313014827018122
0.5203011562247916,0.531447404559187
0.5203011562247916,0.5315934065934066
0.5203011562247916,0.5317394888705689
0.5203011562247916,0.5318856514568444
0.5203011562247916,0.5320318944184768
0.5200322667383706,0.5319031903190319
0.5200322667383706,0.5320495185694636
0.5197633772519494,0.5319207484865163
0.5197633772519494,0.5320671621249656
0.5197633772519494,0.5322136563876652
0.5197633772519494,0.5323602313412283
0.5194944877655284,0.5322314049586777
0.5194944877655284,0.5323780655828052
0.5192255982791073,0.5322491730981257
0.5192255982791073,0.5323959194926937
0.5192255982791073,0.5325427468284611
0.5192255982791073,0.5326896551724138
0.5192255982791073,0.5328366445916115
0.5192255982791073,0.532983715153188
0.5192255982791073,0.5331308669243512
0.5192255982791073,0.5332780999723833
0.5189567087926862,0.5331491712707183
0.5186878193062652,0.5330201713180437
0.5186878193062652,0.533167495854063
0.5186878193062652,0.5333149018523639
0.5186878193062652,0.5334623893805309
0.5186878193062652,0.5336099585062241
0.518418929819844,0.533480907581627
0.518418929819844,0.5336285635206199
0.518418929819844,0.5337763012181617
0.518418929819844,0.5339241207421767
0.518418929819844,0.5342200055417013
0.5168055929013176,0.5334443519289481
0.5168055929013176,0.5335924486396446
0.5168055929013176,0.5337406276034435
0.5165367034148964,0.5336111111111111
0.5165367034148964,0.5337593776048902
0.5162678139284754,0.5336297943301834
0.5159989244420543,0.5335001390047261
0.5157300349556332,0.5333704115684094
0.5154611454692122,0.533240611961057
0.5151922559827911,0.5331107401224263
0.5151922559827911,0.5332591149457278
0.5151922559827911,0.5335561125034809
0.5151922559827911,0.5337047353760446
0.5151922559827911,0.5338534410699359
0.5149233664963699,0.5337235228539576
0.5149233664963699,0.5338723166991916
0.5149233664963699,0.534021193530396
0.5146544770099489,0.5338912133891214
0.5146544770099489,0.5340401785714286
0.5143855875235278,0.533910131174993
0.5143855875235278,0.5340591848129537
0.5143855875235278,0.5343575418994413
0.5143855875235278,0.5345068454875663
0.5143855875235278,0.5346562325321409
0.5143855875235278,0.5348057031031591
0.5143855875235278,0.5349552572706935
0.5143855875235278,0.5351048951048951
0.5143855875235278,0.5352546166759933
0.5141166980371068,0.535124545200112
0.5141166980371068,0.5352743561030235
0.5141166980371068,0.5357242925189128
0.5141166980371068,0.5358744394618834
0.5141166980371068,0.5361749859786876
0.5141166980371068,0.5363253856942497
0.5138478085506857,0.5361952861952862
0.5138478085506857,0.5363457760314342
0.5138478085506857,0.5364963503649635
0.5135789190642646,0.5363661892726762
0.5130411400914224,0.5361056476538354
0.5130411400914224,0.5362563237774031
0.5130411400914224,0.5364070846218724
0.5130411400914224,0.5365579302587177
0.5127722506050013,0.5364275668073136
0.5125033611185803,0.5362971299943725
0.5122344716321592,0.536166619757951
0.5122344716321592,0.5363175675675675
0.5119655821457381,0.5361869895803999
0.5114278031728959,0.5359256128486898
0.5111589136864748,0.5357948139797069
0.5108900242000538,0.5356639413588948
0.5106211347136327,0.5355329949238579
0.5103522452272116,0.5354019746121298
0.5103522452272116,0.5355530474040632
0.5103522452272116,0.5357042054755856
0.5100833557407906,0.5355731225296443
0.5098144662543694,0.5354419655464558
0.5095455767679484,0.5353107344632768
0.5095455767679484,0.5354619949138174
0.5095455767679484,0.5356133408705483
0.5095455767679484,0.5357647724059937
0.5095455767679484,0.5359162895927602
0.5095455767679484,0.5363713557882819
0.5095455767679484,0.5365232163080408
0.5092766872815273,0.5363919569527046
0.5092766872815273,0.5365439093484419
0.5082011293358429,0.536322360953462
0.5082011293358429,0.5366269165247018
0.5079322398494219,0.5364953138312979
0.5079322398494219,0.5366477272727272
0.5076633503630008,0.5365160556976414
0.5073944608765797,0.5363843092666287
0.5071255713901587,0.5362524879158374
0.5071255713901587,0.5364050056882821
0.5071255713901587,0.5367103016505407
0.5068566819037376,0.5365784230002847
0.5068566819037376,0.5367312072892938
0.5068566819037376,0.5368840786100826
0.5068566819037376,0.5370370370370371
0.5068566819037376,0.5371900826446281
0.5068566819037376,0.5373432155074116
0.5065877924173164,0.5372112917023096
0.5065877924173164,0.5373645179691957
0.5063189029308954,0.5372325249643367
0.5060500134444743,0.5371004566210046
0.5060500134444743,0.5372537824721667
0.5060500134444743,0.537407195888064
0.5057811239580532,0.5372750642673522
0.5057811239580532,0.5374285714285715
0.5057811239580532,0.5375821663332381
0.5057811239580532,0.5377358490566038
0.5057811239580532,0.5378896196740063
0.5057811239580532,0.5381974248927038
0.5055122344716322,0.5380652547223812
0.5055122344716322,0.5382192957343258
0.5055122344716322,0.5383734249713631
0.5055122344716322,0.5385276425093096
0.5055122344716322,0.5386819484240688
0.5052433449852111,0.5385497277156779
0.5052433449852111,0.538704128440367
0.5049744554987899,0.5385718382563809
0.5049744554987899,0.5387263339070568
0.5049744554987899,0.538880918220947
0.5049744554987899,0.5390355912743973
0.5049744554987899,0.5391903531438416
0.5049744554987899,0.5393452039058013
0.5049744554987899,0.5395001436368859
0.5047055660123689,0.539367816091954
0.5047055660123689,0.5395228513940787
0.5044366765259478,0.5393904542840713
0.5044366765259478,0.5397008055235903
0.5044366765259478,0.5400115141047783
0.5041677870395268,0.539879067088972
0.5041677870395268,0.54019014693172
0.5041677870395268,0.5403458213256485
0.5041677870395268,0.5405015854713174
0.5038988975531057,0.5403690888119954
0.5038988975531057,0.5405249495240843
0.5036300080666846,0.5403923831506059
0.5033611185802636,0.5402597402597402
0.5030922290938424,0.5401270207852193
0.5028233396074213,0.5399942246606988
0.5028233396074213,0.5401502021952629
0.5028233396074213,0.540306269864201
0.5028233396074213,0.5404624277456648
0.5025544501210003,0.5403295750216826
0.5025544501210003,0.5404858299595142
0.5020166711481581,0.5402199074074074
0.5020166711481581,0.5405327156919514
0.5020166711481581,0.5406892557196641
0.5020166711481581,0.540845886442642
0.5020166711481581,0.5410026079397277
0.5020166711481581,0.5411594202898551
0.5020166711481581,0.5413163235720498
0.5020166711481581,0.5414733178654292
0.5020166711481581,0.5416304032492022
0.5020166711481581,0.5417875798026698
0.5020166711481581,0.541944847605225
0.5017477816617371,0.5418118466898955
0.5017477816617371,0.5419692128957304
0.5017477816617371,0.5421266705403835
0.5017477816617371,0.5422842197035745
0.5014788921753159,0.5421511627906976
0.5012100026888948,0.542018028496656
0.5009411132024738,0.5418848167539267
0.5009411132024738,0.5420424789060226
0.5009411132024738,0.5422002328288708
0.5009411132024738,0.5423580786026201
0.5009411132024738,0.5425160163075131
0.5009411132024738,0.5426740460238858
0.5006722237160527,0.5425407925407926
0.5006722237160527,0.542698921597202
0.5006722237160527,0.5428571428571428
0.5006722237160527,0.5430154564012831
0.5006722237160527,0.5431738623103851
0.5006722237160527,0.5433323606653049
0.5004033342296316,0.5431990659661413
0.5001344447432106,0.5430656934306569
0.49986555525678944,0.5429322429906542
0.4995966657703684,0.5427987145778557
0.4993277762839473,0.5426651081239041
0.4990588867975262,0.5425314235603624
0.4987899973111051,0.5423976608187134
0.49852110782468406,0.5422638198303598
0.49852110782468406,0.5424224692802808
0.49852110782468406,0.5425812115891132
0.498252218338263,0.542447306791569
0.4977144393654208,0.5421792618629174
0.49744554987899975,0.5420451215939056
0.49744554987899975,0.5422039859320047
0.49744554987899975,0.5423629434183523
0.49717666039257863,0.5422287390029326
0.49717666039257863,0.5423877970079202
0.49717666039257863,0.5425469483568075
0.49717666039257863,0.5427061931317875
0.49717666039257863,0.5430249632892805
0.49690777090615756,0.5428907168037603
0.4966388814197365,0.5427563914193358
0.4966388814197365,0.5429159318048207
0.4963699919333154,0.5427815348426933
0.4961011024468943,0.5426470588235294
0.4961011024468943,0.5428067078552515
0.49583221296047325,0.5426721600941731
0.4955633234740522,0.5425375331174566
0.49529443398763107,0.5424028268551236
0.49529443398763107,0.5427224513847967
0.49529443398763107,0.5428824049513705
0.49529443398763107,0.5430424528301887
0.49502554450121,0.5429076968445886
0.49421887604194675,0.5425029515938606
0.49421887604194675,0.5426631237082964
0.49421887604194675,0.5428233904311872
0.49421887604194675,0.5429837518463811
0.4939499865555257,0.5428486997635934
0.4939499865555257,0.5430091634643808
0.4936810970691046,0.5428740390301596
0.4934122075826835,0.5427388346643005
0.4934122075826835,0.5428994082840237
0.4934122075826835,0.543060076945842
0.4934122075826835,0.5432208407341622
0.49314331809626244,0.5430855789161978
0.4928744286098414,0.5429502369668247
0.49260553912342026,0.5428148148148149
0.4923366496369992,0.5426793123888559
0.4923366496369992,0.5428402016009487
0.49152998117773594,0.542433234421365
0.49152998117773594,0.5425942416147225
0.49152998117773594,0.5427553444180523
0.4912610916913149,0.5426195426195426
0.4912610916913149,0.5427807486631016
0.4912610916913149,0.5429420505200594
0.4912610916913149,0.5431034482758621
0.4912610916913149,0.5432649420160571
0.4912610916913149,0.5434265318262939
0.4912610916913149,0.5435882177923237
0.4912610916913149,0.54375
0.4909922022048938,0.5436141708841917
0.4909922022048938,0.5439380399165922
0.4907233127184727,0.5438021454112039
0.49045442323205163,0.5438282647584973
0.49045442323205163,0.5439904563077841
0.49045442323205163,0.5441527446300716
0.49018553374563056,0.5440167114294241
0.48991664425920944,0.5438805970149254
0.4896477547727884,0.5437444013138251
0.4896477547727884,0.5439068100358423
0.4896477547727884,0.5440693158051987
0.4896477547727884,0.5442319187089062
0.4893788652863673,0.5440956651718983
0.4891099757999462,0.5439593301435407
0.4891099757999462,0.5441220460664075
0.48884108631352513,0.5439856373429084
0.48857219682710407,0.5438491469619874
0.488303307340683,0.5437125748502994
0.4880344178542619,0.5435759209344115
0.4877655283678408,0.5434391851408029
0.48749663888141975,0.5433023673958646
0.48722774939499863,0.5431654676258992
0.48722774939499863,0.543328335832084
0.48695885990857757,0.5431913617276545
0.48695885990857757,0.5433543354335434
0.4866899704221565,0.5432172869147659
0.4866899704221565,0.5433803662563794
0.4866899704221565,0.5435435435435435
0.48642108093573544,0.5434064283568639
0.48642108093573544,0.5437330928764653
0.4861521914493143,0.5435959110042092
0.48588330196289325,0.5434586466165413
0.48426996504436676,0.5429605064817606
0.4840010755579457,0.5428226779252111
0.48373218607152463,0.5426847662141779
0.4834632965851035,0.5425467712733857
0.48319440709868244,0.5424086930274675
0.48319440709868244,0.542572463768116
0.48319440709868244,0.5427363334340078
0.48319440709868244,0.5429003021148037
0.48319440709868244,0.543064369900272
0.48319440709868244,0.5432285368802902
0.48319440709868244,0.5433928031448443
0.4829255176122614,0.543254688445251
0.48265662812584026,0.5431164901664145
0.48265662812584026,0.5432808716707022
0.48265662812584026,0.5434453527096579
0.4823877386394192,0.5433070866141733
0.481849959666577,0.5430303030303031
0.4813121806937349,0.5427531837477259
0.4813121806937349,0.5429178040643009
0.4813121806937349,0.5430825242718447
0.4813121806937349,0.5434122647237402
0.4813121806937349,0.5435772851503189
0.4810432912073138,0.5434386391251519
0.4810432912073138,0.5436037678517168
0.4810432912073138,0.5437689969604863
0.4807744017208927,0.5436302827607176
0.4807744017208927,0.5437956204379562
0.4807744017208927,0.5439610587161545
0.48050551223447163,0.543822276323798
0.48023662274805057,0.5436834094368341
0.48023662274805057,0.5438489646772229
0.48023662274805057,0.5440146207736826
0.47996773326162945,0.5438756855575868
0.4796988437752084,0.5437366656507162
0.4796988437752084,0.5439024390243903
0.4796988437752084,0.5440683135102166
0.4794299542887873,0.5439292251372788
0.4794299542887873,0.5440952090326518
0.47916106480236625,0.5439560439560439
0.47916106480236625,0.5441221374045802
0.47889217531594513,0.5439828955406231
0.47889217531594513,0.5441490986862206
0.47889217531594513,0.5444818098440843
0.47862328582952407,0.5443425076452599
0.47862328582952407,0.5445090241664118
0.47862328582952407,0.5446756425948592
0.478354396343103,0.5445362718089991
0.4778166173702608,0.5442572741194487
0.4778166173702608,0.5444240196078431
0.4778166173702608,0.5445908673000307
0.47754772788383976,0.5444512568976089
0.47754772788383976,0.5446182152713891
0.47754772788383976,0.5449524393985885
0.47727883839741864,0.5448127685696746
0.47700994891099757,0.5446730119742094
0.4767410594245765,0.5445331695331695
0.4767410594245765,0.5447004608294931
0.4767410594245765,0.5448678549477566
0.47647216993815544,0.5447279434368275
0.47647216993815544,0.5448954489544895
0.4762032804517343,0.544755459858505
0.4762032804517343,0.544923076923077
0.4762032804517343,0.5450907971683595
0.47593439096531326,0.5449507389162561
0.47593439096531326,0.5451185709886048
0.47593439096531326,0.5454545454545454
0.4756655014788922,0.5453144266337855
0.4753966119924711,0.5451742213999383
0.47512772250605,0.5450339296730413
0.47512772250605,0.5452020981178649
0.47512772250605,0.5453703703703704
0.47512772250605,0.5455387465267058
0.47512772250605,0.5457072266831378
0.47485883301962895,0.5455668829162805
0.4745899435332078,0.5454264524103832
0.47432105404678676,0.5452859350850078
0.47432105404678676,0.5454545454545454
0.47432105404678676,0.5456232601299102
0.47432105404678676,0.5457920792079208
0.47432105404678676,0.5459610027855153
0.47378327507394463,0.5456797770207494
0.47378327507394463,0.5458488228004956
0.47378327507394463,0.546187228766274
0.47378327507394463,0.5463565891472868
0.4735143855875235,0.5462158808933002
0.47324549610110245,0.5460750853242321
0.47324549610110245,0.5462445685909373
0.47324549610110245,0.5464141570940702
0.4729766066146814,0.5462732919254658
0.4729766066146814,0.5464429947188568
0.47270771712826026,0.5463020509633313
0.47270771712826026,0.5464718682001866
0.4724388276418392,0.5463308457711443
0.47216993815541813,0.546189735614308
0.47216993815541813,0.5463596764156814
0.47190104866899707,0.5462184873949579
0.47163215918257595,0.5460772104607721
0.4713632696961549,0.5459358455309873
0.4713632696961549,0.5461059190031152
0.4710943802097338,0.5459644749143036
0.4710943802097338,0.5463049579045838
0.4710943802097338,0.5464753587024329
0.4710943802097338,0.5466458658346334
0.4710943802097338,0.5468164794007491
0.4708254907233127,0.5466749921948174
0.47055660123689164,0.5465334166146159
0.47055660123689164,0.5467041549515776
0.47055660123689164,0.546875
0.47028771175047057,0.5467333541731791
0.47028771175047057,0.5469043151969981
0.47028771175047057,0.5470753831717234
0.47028771175047057,0.5472465581977471
0.47028771175047057,0.5474178403755868
0.47028771175047057,0.5475892298058861
0.47001882226404945,0.5474475414970248
0.47001882226404945,0.5476190476190477
0.47001882226404945,0.5477906612347226
0.4697499327776284,0.5476489028213166
0.4697499327776284,0.5478206334274067
0.4694810432912073,0.5476787954830615
0.4694810432912073,0.547850643238155
0.4694810432912073,0.5480225988700564
0.46921215380478626,0.5478806907378336
0.46921215380478626,0.5480527638190955
0.46894326431836514,0.5479107759974866
0.46894326431836514,0.5480829666876178
0.4686743748319441,0.547940899088337
0.468405485345523,0.5477987421383648
0.468405485345523,0.5481434864694776
0.468405485345523,0.5483160214038401
0.468405485345523,0.5484886649874056
0.4681365958591019,0.5483464566929134
0.4681365958591019,0.5485192186515437
0.4681365958591019,0.5488650693568726
0.4681365958591019,0.5490381583096815
0.4681365958591019,0.549211356466877
0.4678677063726808,0.5490691069738087
0.46759881688625976,0.5489267676767676
0.46759881688625976,0.5491000947268708
0.46759881688625976,0.549273531269741
0.46732992739983864,0.54913112164297
0.46732992739983864,0.5493046776232617
0.4670610379134176,0.5491621877963958
0.4670610379134176,0.5493358633776091
0.4670610379134176,0.5495096488453021
0.4670610379134176,0.5496835443037975
0.4667921484269965,0.5495409939854384
0.46652325894057545,0.5493983533882204
0.4662543694541543,0.5492556224263542
0.4662543694541543,0.5494296577946768
0.4662543694541543,0.5496038034865293
0.46598547996773326,0.5494610019023463
0.4657165904813122,0.5493181097367587
0.4654477009948911,0.5491751269035533
0.4654477009948911,0.5493494128847984
0.4654477009948911,0.5495238095238095
0.46490992202204895,0.5492376111817027
0.46490992202204895,0.5494121385446457
0.46464103253562783,0.5492689129052766
0.46464103253562783,0.5494435612082671
0.46464103253562783,0.549618320610687
0.46464103253562783,0.549793191218581
0.46464103253562783,0.5499681731381286
0.4641032535627857,0.5496815286624204
0.4641032535627857,0.5498566422427524
0.46383436407636464,0.5497131931166348
0.46383436407636464,0.5498884284348103
0.46383436407636464,0.5500637755102041
0.4635654745899435,0.549920255183413
0.46329658510352245,0.54977664326739
0.46329658510352245,0.5499521225662305
0.4630276956171014,0.5498084291187739
0.46275880613068027,0.5496646438837433
0.46275880613068027,0.5498402555910543
0.4624899166442592,0.5496963886225631
0.46222102715783814,0.5495524296675192
0.46222102715783814,0.54972817396866
0.4619521376714171,0.5495841330774153
0.4619521376714171,0.54976
0.4619521376714171,0.5501120717259046
0.4619521376714171,0.5502882767456758
0.4619521376714171,0.5504645946811919
0.4619521376714171,0.5506410256410257
0.4619521376714171,0.5508175697338891
0.4619521376714171,0.5509942270686338
0.4619521376714171,0.5511709977542509
0.4619521376714171,0.5513478818998716
0.4619521376714171,0.5515248796147673
0.4619521376714171,0.5517019910083494
0.4614143586985749,0.5514138817480719
0.4611454692121538,0.5512696882031501
0.4608765797257327,0.5511254019292604
0.46060769023931164,0.5509810228369251
0.4603388007528906,0.5508365508365508
0.46006991126646946,0.5506919858384294
0.46006991126646946,0.5508692852543464
0.46006991126646946,0.5510466988727858
0.46006991126646946,0.5512242268041238
0.46006991126646946,0.5514018691588785
0.46006991126646946,0.5515796260477112
0.46006991126646946,0.5517574975814253
0.4595321322936273,0.5514682155534043
0.45926324280720626,0.5513234344738541
0.45899435332078514,0.5511785598966742
0.45899435332078514,0.5513565891472868
0.45899435332078514,0.5515347334410339
0.4587254638343641,0.5513897866839044
0.4587254638343641,0.5515680569026835
0.4587254638343641,0.5517464424320828
0.458456574347943,0.5516014234875445
0.458456574347943,0.551779935275081
0.4581876848615219,0.5516348332793785
0.4581876848615219,0.5518134715025906
0.45764990588867976,0.5515230071289695
0.45764990588867976,0.5517017828200973
0.45764990588867976,0.5518806744487679
0.45764990588867976,0.5522388059701493
0.45738101640225864,0.5520934761441091
0.4571121269158376,0.551948051948052
0.4571121269158376,0.5521273140630075
0.4568432374294165,0.5519818063677713
0.45657434794299545,0.5518362040948976
0.45630545845657433,0.5516905071521456
0.45603656897015327,0.5515447154471544
0.4557676794837322,0.5513988288874431
0.45388545307878464,0.5503749592435605
0.4536165635923635,0.5502283105022832
0.45334767410594246,0.5500815660685155
0.4530787846195214,0.549934725848564
0.4530787846195214,0.5501142670584395
0.4530787846195214,0.5502939255388635
0.45280989513310027,0.5501470107807906
0.45280989513310027,0.550326797385621
0.45280989513310027,0.5505067015364499
0.45280989513310027,0.5506867233485938
0.4525410056466792,0.55053974484789
0.4525410056466792,0.5507198952879581
0.4525410056466792,0.5510805500982319
0.45227211616025814,0.5509335080248935
0.45227211616025814,0.5511140235910879
0.45227211616025814,0.5512946574893478
0.45227211616025814,0.5514754098360656
0.45227211616025814,0.5516562807477862
0.45227211616025814,0.5518372703412073
0.4520032266738371,0.5516901870692484
0.45173433718741596,0.551543007222587
0.4514654477009949,0.5513957307060755
0.45119655821457383,0.5512483574244416
0.45119655821457383,0.5514295103516267
0.4509276687281527,0.5512820512820513
0.45065877924173164,0.5511344952318317
0.4503898897553106,0.5509868421052632
0.45012100026888946,0.5508390918065152
0.45012100026888946,0.5510204081632653
0.44958322129604733,0.5507246376811594
0.44931433180962627,0.5505766062602966
0.44904544232320515,0.5504284772577456
0.4487765528367841,0.5502802505769865
0.448507663350363,0.5501319261213721
0.448507663350363,0.5503134279115803
0.448507663350363,0.5504950495049505
0.448507663350363,0.5506767910201387
0.4482387738639419,0.5505284015852048
0.44796988437752083,0.550379914106376
0.44770099489109977,0.5502313284864507
0.4471632159182576,0.5499338624338624
0.4468943264318365,0.5499669093315684
0.44635654745899433,0.5496688741721855
0.44608765797257327,0.5495197085127526
0.4458187684861522,0.5493704440026508
0.4458187684861522,0.5495525356314219
0.4455498789997311,0.5494031830238727
0.44528098951331,0.5492537313432836
0.44528098951331,0.5494359654943597
0.44528098951331,0.549618320610687
0.4447432105404679,0.549319163068748
0.4444743210540468,0.5491694352159469
0.4444743210540468,0.5493519441674976
0.4444743210540468,0.5495345744680851
0.4444743210540468,0.5497173262387762
0.4442054315676257,0.5495675316034597
0.44393654208120464,0.5494176372712146
0.44393654208120464,0.5496005326231691
0.44339876310836246,0.5493004663557628
0.44339876310836246,0.5494835054981673
0.4431298736219414,0.5493333333333333
0.4428609841355203,0.5491830610203401
0.4428609841355203,0.5493662441627751
0.4428609841355203,0.5495495495495496
0.4428609841355203,0.5499165275459098
0.4428609841355203,0.5501002004008017
0.4425920946490992,0.5499498830604744
0.4425920946490992,0.5501336898395722
0.4415165367034149,0.5495314591700133
0.44124764721699383,0.5493806494810847
0.44124764721699383,0.5495646349631614
0.44124764721699383,0.549748743718593
0.44124764721699383,0.5499329758713136
0.4409787577305727,0.5497820985584981
0.4409787577305727,0.5499664654594232
0.44070986824415165,0.5498154981549815
0.44070986824415165,0.5505542492442056
0.4404409787577306,0.5504032258064516
0.4401720892713095,0.5502521008403362
0.4401720892713095,0.5504371217215871
0.4399031997848884,0.550471063257066
0.43963431029846733,0.5503197576573544
0.43936542081204627,0.5501683501683502
0.43936542081204627,0.5503536544291007
0.43909653132562515,0.5502021563342318
0.43909653132562515,0.5503875968992248
0.4388276418392041,0.550236008091706
0.438558752352783,0.5500843170320405
0.4382898628663619,0.5499325236167342
0.4382898628663619,0.5501181235234559
0.43775208389351977,0.5498142519419115
0.43775208389351977,0.55
0.4374831944070987,0.5498479215951335
0.4374831944070987,0.5500338066260987
0.4372143049206776,0.549881636794048
0.4369454154342565,0.5497293640054127
0.4369454154342565,0.5499153976311336
0.43667652594783546,0.5497630331753555
0.43667652594783546,0.5499492041991195
0.43667652594783546,0.550321924771264
0.43667652594783546,0.5505084745762712
0.43667652594783546,0.5506951508986097
0.4361387469749933,0.5503902273498473
0.4358698574885722,0.5502376103190767
0.4356009680021511,0.5500848896434635
0.43533207851573,0.5499320652173914
0.43533207851573,0.5503059143439837
0.43533207851573,0.5504930295817749
0.43533207851573,0.5506802721088435
0.43506318902930896,0.5505273902687989
0.4345254100564668,0.5502213142662581
0.4345254100564668,0.5504087193460491
0.4345254100564668,0.5505962521294719
0.4345254100564668,0.5507839127471029
0.4342565205700457,0.5506307534947154
0.43398763108362465,0.5504774897680764
0.4337187415972035,0.5503241214602524
0.43344985211078246,0.5501706484641639
0.43344985211078246,0.5503584841242745
0.4331809626243614,0.5502049180327869
0.4331809626243614,0.5503928937478647
0.4331809626243614,0.550580997949419
0.43291207313794033,0.5504273504273505
0.4326431836515192,0.5502735978112175
0.4326431836515192,0.5504618542593226
0.43237429416509815,0.5503080082135524
0.4321054046786771,0.5501540568298527
0.43183651519225597,0.55
0.43183651519225597,0.5501884206920178
0.4315676257058349,0.5500342700479781
0.4315676257058349,0.5502228316763799
0.43129873621941384,0.5500685871056241
0.4310298467329927,0.5499142367066895
0.43076095724657165,0.5497597803706246
0.43076095724657165,0.5499485066941298
0.4304920677601506,0.5497939560439561
0.4304920677601506,0.5499828237718997
0.4304920677601506,0.550171821305842
0.4304920677601506,0.5503609487796494
0.4304920677601506,0.5505502063273727
0.4302231782737295,0.5503955968352253
0.4302231782737295,0.5505849965588437
0.4299542887873084,0.5504302925989673
0.4299542887873084,0.5506198347107438
0.4299542887873084,0.5508095074061315
0.42968539930088734,0.5506547208821503
0.42968539930088734,0.5508445363667701
0.4294165098144663,0.5506896551724138
0.428609841355203,0.5502243700379703
0.4283409518687819,0.5500690607734806
0.4283409518687819,0.550259067357513
0.4283409518687819,0.550449205252246
0.42807206238236084,0.5502938126512271
0.4278031728959398,0.5501383125864454
0.4275342834095187,0.5499827049463853
0.4275342834095187,0.5501730103806228
0.4275342834095187,0.5503634475597092
0.4275342834095187,0.5505540166204986
0.4272653939230976,0.5503983373744371
0.4272653939230976,0.5505890505890506
0.4272653939230976,0.5507798960138648
0.4272653939230976,0.5509708737864077
0.4272653939230976,0.5511619840443982
0.4272653939230976,0.5517361111111111
0.4269965044366765,0.5515804098645363
0.42672761495025546,0.5514246004169562
0.42672761495025546,0.5516162669447341
0.42645872546383434,0.5514603616133519
0.42645872546383434,0.5516521739130434
0.4261898359774133,0.5514961725817675
0.4261898359774133,0.5518802228412256
0.4261898359774133,0.5520724486241727
0.4261898359774133,0.5522648083623694
0.4261898359774133,0.5524573021958871
0.4259209464909922,0.5523012552301255
0.4256520570045711,0.5521450994070457
0.4256520570045711,0.552337752965806
0.42538316751815003,0.5521815008726003
0.42538316751815003,0.5523743016759777
0.42538316751815003,0.5525672371638142
0.42538316751815003,0.5527603074772887
0.42511427803172896,0.552603984620762
0.42511427803172896,0.5527972027972028
0.42511427803172896,0.55299055613851
0.42511427803172896,0.553184044786564
0.42511427803172896,0.5533776688834442
0.42511427803172896,0.5535714285714286
0.42511427803172896,0.5537653239929947
0.42511427803172896,0.5539593552908199
0.4248453885453079,0.5538030143708377
0.4248453885453079,0.5539971949509116
0.4248453885453079,0.554191511750263
0.4245764990588868,0.5540350877192982
0.4245764990588868,0.5542295542295542
0.4243076095724657,0.5540730337078652
0.4243076095724657,0.5542676501580611
0.42403872008604465,0.5541110330288124
0.42376983059962353,0.5539543057996485
0.42376983059962353,0.5541490857946554
0.42376983059962353,0.5543440028139289
0.42350094111320247,0.5541871921182266
0.42350094111320247,0.5543822597676874
0.42350094111320247,0.5545774647887324
0.42350094111320247,0.5547728073265235
0.42350094111320247,0.554968287526427
0.42350094111320247,0.5551639055340148
0.42350094111320247,0.5553596614950634
0.42350094111320247,0.5559477585598306
0.42350094111320247,0.5563405157188273
0.42350094111320247,0.5565371024734982
0.42350094111320247,0.5567338282078473
0.4232320516267814,0.5565770862800565
0.42296316214036034,0.556420233463035
0.42296316214036034,0.556617126680821
0.42296316214036034,0.5568141592920354
0.42296316214036034,0.5570113314447592
0.4226942726539392,0.5568544102019128
0.4226942726539392,0.5570517363571935
0.4226942726539392,0.5572492024104927
0.4226942726539392,0.5574468085106383
0.4226942726539392,0.5576445548066691
0.4226942726539392,0.5578424414478353
0.4226942726539392,0.5580404685835996
0.42242538316751815,0.5578835227272727
0.42242538316751815,0.5580817051509769
0.42188760419467597,0.5581643543223053
0.42188760419467597,0.5583629893238434
0.42188760419467597,0.558561765752937
0.42134982522183384,0.558247239045244
0.4210809357354127,0.5580898075552387
0.4210809357354127,0.558288770053476
0.4210809357354127,0.5584878744650499
0.4210809357354127,0.558687120941848
0.4210809357354127,0.5588865096359743
0.42081204624899166,0.55872902534809
0.42081204624899166,0.5589285714285714
0.42081204624899166,0.5591282600928903
0.42081204624899166,0.5593280914939243
0.42081204624899166,0.5595280657847694
0.4205431567625706,0.5593705293276109
0.4205431567625706,0.5595706618962433
0.4205431567625706,0.5597709377236937
0.4202742672761495,0.5596133190118152
0.4200053777897284,0.5594555873925502
0.4200053777897284,0.5596560372626299
0.4200053777897284,0.5598566308243728
0.4200053777897284,0.5600573682323413
0.4200053777897284,0.5606604450825556
0.4200053777897284,0.5608617594254938
0.41973648830330734,0.5607040229885057
0.4194675988168863,0.5605461731943946
0.4194675988168863,0.5607476635514018
0.4194675988168863,0.5609492988133765
0.4194675988168863,0.5611510791366906
0.4189298198440441,0.5608351331893449
0.4189298198440441,0.5610370903853079
0.41866093035762303,0.5608789625360231
0.41866093035762303,0.5610810810810811
0.41866093035762303,0.5612833453496756
0.41866093035762303,0.5614857554994591
0.4183920408712019,0.5613275613275613
0.4183920408712019,0.5615301335258029
0.4183920408712019,0.5617328519855596
0.41812315138478084,0.5615745756590828
0.4178542618983598,0.5614161849710982
0.4178542618983598,0.5616190820383087
0.4178542618983598,0.561822125813449
0.4178542618983598,0.5620253164556962
0.4175853724119387,0.5618668596237337
0.4175853724119387,0.5626811594202898
0.4175853724119387,0.5628851032982964
0.4175853724119387,0.5630891950688905
0.4175853724119387,0.5632934348929997
0.4175853724119387,0.5634978229317852
0.4175853724119387,0.5637023593466425
0.4173164829255176,0.5635439360929557
0.4173164829255176,0.5637486378496186
0.4173164829255176,0.563953488372093
0.41704759343909653,0.5637949836423118
0.41704759343909653,0.564
0.41677870395267547,0.5638413968715896
0.41677870395267547,0.5640465793304221
0.41677870395267547,0.5642519111758282
0.41677870395267547,0.5644573925710124
0.41677870395267547,0.5646630236794171
0.41677870395267547,0.564868804664723
0.41650981446625435,0.5647101713452425
0.41650981446625435,0.5649161196207148
0.41650981446625435,0.5651222181685516
0.41650981446625435,0.5653284671532847
0.4162409249798333,0.5651697699890471
0.4159720354934122,0.5650109569028487
0.4159720354934122,0.5652173913043478
0.4159720354934122,0.5654239766081871
0.4159720354934122,0.5656307129798903
0.41570314600699115,0.5654718361375274
0.41570314600699115,0.5656787413099158
0.41570314600699115,0.5658857979502196
0.41543425652057003,0.5657268399853533
0.41516536703414897,0.5655677655677656
0.41516536703414897,0.5657750091608648
0.41516536703414897,0.5659824046920822
0.4148964775477279,0.5658232489915658
0.4146275880613068,0.5656639765223771
0.4146275880613068,0.5658715596330275
0.4146275880613068,0.566079295154185
0.41408980908846466,0.5657604702424688
0.41382091960204354,0.565600882028666
0.41382091960204354,0.5658088235294118
0.41355203011562247,0.5656491357116586
0.41355203011562247,0.5658572479764533
0.41355203011562247,0.5660655134339345
0.4132831406292014,0.5659057437407953
0.41301425114278034,0.5657458563535912
0.4127453616563592,0.5655858511422255
0.4127453616563592,0.5657943236269812
0.4127453616563592,0.5660029498525073
0.4127453616563592,0.566420664206642
0.4127453616563592,0.5666297526762643
0.41247647216993816,0.5664697193500738
0.41247647216993816,0.5666789804211304
0.41247647216993816,0.5668883961566888
0.4122075826835171,0.566728280961183
0.411938693197096,0.5665680473372781
0.4116698037106749,0.5664076951535331
0.41140091422425384,0.5662472242783123
0.41140091422425384,0.5664568678267309
0.41140091422425384,0.5666666666666667
0.41140091422425384,0.5668766209707299
0.4111320247378327,0.566716085989622
0.41086313525141166,0.5665554319614386
0.41086313525141166,0.5667655786350149
0.41086313525141166,0.5669758812615956
0.41086313525141166,0.5671863400148478
0.4100564667921484,0.5667038275733928
0.4100564667921484,0.5669144981412639
0.40978757730572735,0.5667534399404983
0.40978757730572735,0.5669642857142857
0.40871201936004303,0.5663189269746647
0.40844312987362197,0.5661572866194559
0.40844312987362197,0.5663683818046235
0.40817424038720085,0.5664179104477612
0.4079053509007798,0.5662560656961553
0.4079053509007798,0.5664675130694549
0.4079053509007798,0.5666791184161375
0.4079053509007798,0.5668908819133034
0.4079053509007798,0.5671028037383178
0.4079053509007798,0.5673148840688108
0.4076364614143587,0.567153011597456
0.4076364614143587,0.5673652694610778
0.4073675719279376,0.5672032946461999
0.4073675719279376,0.5674157303370787
0.40709868244151654,0.5672536530535781
0.40682979295509547,0.5670914542728636
0.40682979295509547,0.5673040869891264
0.40656090346867435,0.5671417854463616
0.4062920139822533,0.5669793621013133
0.4060231244958322,0.5668168168168168
0.4060231244958322,0.5672426746806912
0.4060231244958322,0.5674558436677941
0.4060231244958322,0.5676691729323309
0.4060231244958322,0.5678826626551335
0.4060231244958322,0.5680963130173062
0.4060231244958322,0.5683101242002259
0.4060231244958322,0.5685240963855421
0.40575423500941116,0.5683615819209039
0.40575423500941116,0.5685757347400151
0.40575423500941116,0.5690045248868778
0.40575423500941116,0.5692191625801585
0.40575423500941116,0.569433962264151
0.40575423500941116,0.5696489241223103
0.40548534552299004,0.5694864048338368
0.405216456036569,0.5693237627502833
0.4049475665501479,0.5691609977324263
0.4046786770637268,0.5689981096408318
0.4044097875773057,0.5688350983358548
0.4044097875773057,0.5690503216042376
0.40414089809088466,0.56888720666162
0.40414089809088466,0.5691026126467247
0.40414089809088466,0.5693181818181818
0.40414089809088466,0.5695339143615006
0.40387200860446354,0.5693707354056103
0.40387200860446354,0.5695866514979143
0.4036031191180425,0.5694233687405159
0.4033342296316214,0.5692599620493358
0.4033342296316214,0.5694760820045558
0.4033342296316214,0.569692366122294
0.40306534014520035,0.5695288753799392
0.40252756117235816,0.5692015209125475
0.40252756117235816,0.569634703196347
0.4022586716859371,0.5694708793300343
0.4022586716859371,0.5696877380045697
0.4022586716859371,0.5699047619047619
0.4022586716859371,0.5701219512195121
0.4022586716859371,0.5703393061380099
0.4022586716859371,0.5705568268497331
0.401989782199516,0.5703929797787104
0.4017208927130949,0.5702290076335877
0.4017208927130949,0.570446735395189
0.4017208927130949,0.5706646294881589
0.4017208927130949,0.5708826901031716
0.4017208927130949,0.5711009174311926
0.4017208927130949,0.5713193116634799
0.4017208927130949,0.5715378729915838
0.40145200322667385,0.5713738997321087
0.4011831137402528,0.5712098009188361
0.40091422425383166,0.5710455764075067
0.40091422425383166,0.5712643678160919
0.4006453347674106,0.5711000383288616
0.4006453347674106,0.571319018404908
0.4006453347674106,0.5715381664748753
0.4006453347674106,0.5717574827321565
0.4006453347674106,0.5719769673704415
0.4006453347674106,0.5721966205837173
0.40037644528098953,0.5720322704571648
0.40037644528098953,0.5722521137586472
0.4001075557945684,0.5720876585928489
0.4001075557945684,0.5723076923076923
0.4001075557945684,0.5725278953443632
0.39983866630814735,0.5723633564280216
0.3995697768217263,0.5721986907970735
0.3995697768217263,0.5724191063174114
0.3990319978488841,0.5720894371626831
0.3990319978488841,0.5723100655611261
0.39876310836246304,0.5721450617283951
0.398494218876042,0.5719799305287534
0.398494218876042,0.5722007722007721
0.398494218876042,0.5724217844727694
0.398494218876042,0.5726429675425039
0.398494218876042,0.5728643216080402
0.398494218876042,0.5730858468677494
0.39822532938962085,0.5729206963249517
0.39822532938962085,0.5731424148606811
0.3979564399031998,0.572977158343012
0.3976875504167787,0.5728117738187452
0.3976875504167787,0.5730337078651685
0.3976875504167787,0.5732558139534883
0.3974186609303576,0.573090345094998
0.3974186609303576,0.5733126454615981
0.39714977144393654,0.5731470702367093
0.39714977144393654,0.5733695652173914
0.39714977144393654,0.5735922330097087
0.3968808819575155,0.5734265734265734
0.39661199247109435,0.573260785075787
0.39661199247109435,0.5734836702954899
0.39661199247109435,0.573706728899261
0.3960742134982522,0.573374854028805
0.39580532401183116,0.573208722741433
0.395267545038989,0.5728760717069369
0.395267545038989,0.5730994152046783
0.395267545038989,0.5733229329173167
0.3949986555525679,0.573156457276629
0.3949986555525679,0.5733801717408274
0.3949986555525679,0.5736040609137056
0.3949986555525679,0.573828125
0.3947297660661468,0.573661586557249
0.3947297660661468,0.5738858483189992
0.3947297660661468,0.5741102854908096
0.3947297660661468,0.5743348982785602
0.3944608765797257,0.5741682974559686
0.39419198709330466,0.5740015661707126
0.39419198709330466,0.5742264003133568
0.39419198709330466,0.5744514106583072
0.39392309760688354,0.5742845942767543
0.3936542081204625,0.5741176470588235
0.3936542081204625,0.574342879560612
0.3936542081204625,0.5745682888540031
0.3936542081204625,0.574793875147232
0.3933853186340414,0.5746268656716418
0.3933853186340414,0.574852652259332
0.39311642914762035,0.574685534591195
0.39284753966119923,0.5745182854895793
0.39257865017477817,0.5743509047993706
0.39257865017477817,0.5745769382133018
0.3923097606883571,0.5744094488188977
0.3923097606883571,0.5746356833398976
0.3923097606883571,0.5748620961386919
0.392040871201936,0.5746945210878991
0.3917719817155149,0.5745268138801262
0.3917719817155149,0.5747534516765286
0.3917719817155149,0.5749802683504341
0.3917719817155149,0.5752072641136992
0.3917719817155149,0.575434439178515
0.3917719817155149,0.5756617937574081
0.3917719817155149,0.5758893280632411
0.3917719817155149,0.5763449367088608
0.3917719817155149,0.5768012668250198
0.39150309222909385,0.5766336633663366
0.39150309222909385,0.5768621236133122
0.39150309222909385,0.5770907649623465
0.3912342027426728,0.5769230769230769
0.3912342027426728,0.5771519238397461
0.3912342027426728,0.5773809523809523
0.3912342027426728,0.5776101627630011
0.3912342027426728,0.5778395552025417
0.39042753428340954,0.5773359840954274
0.3901586447969884,0.5771678599840891
0.3901586447969884,0.5773975328292877
0.3901586447969884,0.5776273885350318
0.3901586447969884,0.5780876494023904
0.38988975531056735,0.5779194898365883
0.38988975531056735,0.5781499202551834
0.38988975531056735,0.5783805345033906
0.3896208658241463,0.5782122905027933
0.38935197633772517,0.5782747603833865
0.3890830868513041,0.5781062724730324
0.388545307878462,0.5777688924430228
0.388545307878462,0.578
0.38827641839204086,0.5778311324529812
0.38827641839204086,0.578293952743292
0.3880075289056198,0.578125
0.3880075289056198,0.5783567134268537
0.3877386394191987,0.5781876503608661
0.38720086044635654,0.5778491171749599
0.38720086044635654,0.5780810919309515
0.3869319709599355,0.5779116465863454
0.3869319709599355,0.5781438328646042
0.38666308147351436,0.5779742765273312
0.38612530250067223,0.5776347546259051
0.38612530250067223,0.577867203219316
0.38585641301425117,0.5776972624798712
0.38558752352783005,0.5775271848570278
0.385318634041409,0.5773569701853344
0.3850497445549879,0.5771866182990729
0.3847808550685668,0.5770161290322581
0.38451196558214573,0.5768455022186365
0.38451196558214573,0.5770782889426957
0.38451196558214573,0.5773112636253532
0.38451196558214573,0.5775444264943457
0.38424307609572467,0.5773737373737374
0.38424307609572467,0.5776071139854486
0.38424307609572467,0.5778406793368378
0.38424307609572467,0.5780744336569579
0.38424307609572467,0.5783083771752326
0.3839741866093036,0.5781376518218624
0.3839741866093036,0.5783718104495748
0.3839741866093036,0.5786061588330632
0.3837052971228825,0.5784353465747872
0.3834364076364614,0.578264395782644
0.38316751815004035,0.5780933062880325
0.38289862866361923,0.577922077922078
0.38289862866361923,0.5781567194478279
0.38289862866361923,0.578391551584078
0.38262973917719817,0.5782202356765542
0.38262973917719817,0.5784552845528456
0.3823608496907771,0.5782838552257015
0.382091960204356,0.5781122864117169
0.3818230707179349,0.577940577940578
0.3818230707179349,0.5781758957654723
0.3818230707179349,0.5784114052953157
0.3812852917450928,0.5780676722380759
0.38101640225867167,0.5778955954323002
0.38101640225867167,0.5781313749490004
0.3802097337994084,0.5776143790849673
0.3802097337994084,0.5778504290968532
0.3802097337994084,0.5780866721177432
0.3802097337994084,0.5783231083844581
0.37994084431298736,0.5781505728314239
0.3794030653401452,0.5778050778050778
0.3794030653401452,0.5780417861532159
0.3794030653401452,0.5782786885245902
0.3791341758537241,0.5781057810578106
0.37886528636730304,0.5779327317473338
0.378596396880882,0.5777595404185474
0.378596396880882,0.5779967159277504
0.378596396880882,0.5782340862422998
0.378596396880882,0.5784716516023007
0.37832750739446086,0.5782983970406905
0.37832750739446086,0.5785361842105263
0.37832750739446086,0.5787741670094612
0.3780586179080398,0.5786008230452675
0.37778972842161873,0.5784273363524084
0.37778972842161873,0.578665568369028
0.3775208389351976,0.5784919653893696
0.3775208389351976,0.5787304204451772
0.37725194944877655,0.5785567010309278
0.3769830599623555,0.5783828382838284
0.3767141704759344,0.5782088320264135
0.3767141704759344,0.578447563996697
0.3764452809895133,0.5782734407269723
0.3764452809895133,0.5785123966942148
0.3764452809895133,0.5787515502273667
0.3764452809895133,0.5789909015715468
0.3764452809895133,0.5792304509722797
0.3764452809895133,0.5794701986754967
0.37617639150309223,0.579296066252588
0.37590750201667117,0.5791217895608948
0.37590750201667117,0.579361790302528
0.37590750201667117,0.5796019900497512
0.37563861253025005,0.5794276233927831
0.375369723043829,0.5792531120331951
0.375369723043829,0.5794935657949356
0.375369723043829,0.579734219269103
0.375369723043829,0.5799750727046116
0.3751008335574079,0.5798004987531172
0.3751008335574079,0.58004158004158
0.3748319440709868,0.5798668885191348
0.3748319440709868,0.5801081980857262
0.3748319440709868,0.5803497085761865
0.3748319440709868,0.5805914202415661
0.37456305458456574,0.5804166666666667
0.37456305458456574,0.5806586077532305
0.37456305458456574,0.5809007506255213
0.37456305458456574,0.5811430955360868
0.37456305458456574,0.5813856427378965
0.37429416509814467,0.5812108559498956
0.37429416509814467,0.581453634085213
0.37429416509814467,0.5816966151274551
0.37429416509814467,0.5819397993311036
0.37429416509814467,0.5821831869510665
0.37429416509814467,0.5824267782426779
0.3740252756117236,0.5822519882796149
0.3740252756117236,0.5824958123953099
0.3740252756117236,0.5827398408043569
0.3740252756117236,0.5829840737636212
0.3740252756117236,0.5832285115303983
0.3740252756117236,0.5834731543624161
0.3737563861253025,0.5832983634074695
0.3734874966388814,0.5831234256926953
0.37321860715246036,0.5829483410331794
0.37321860715246036,0.5831932773109244
0.37321860715246036,0.5834384195039932
0.37294971766603924,0.5832632464255677
0.3726808281796182,0.5830879259570888
0.3726808281796182,0.5833333333333334
0.3724119386931971,0.5831578947368421
0.372143049206776,0.5829823083403538
0.3718741597203549,0.5828065739570164
0.37160527023393386,0.5826306913996627
0.37160527023393386,0.5828764234500211
0.3713363807475128,0.5827004219409283
0.36999193331540736,0.5818181818181818
0.36999193331540736,0.5820642978003384
0.3697230438289863,0.5818874312314855
0.3697230438289863,0.5821337849280271
0.3697230438289863,0.5823803473104616
0.3697230438289863,0.582874099194574
0.36945415434256523,0.5826972010178118
0.3691852648561441,0.5825201527365295
0.3691852648561441,0.58276740237691
0.36891637536972305,0.5825902335456475
0.36891637536972305,0.5828377230246389
0.36891637536972305,0.5830854228644284
0.36891637536972305,0.5833333333333334
0.36891637536972305,0.5835814547001276
0.368647485883302,0.583404255319149
0.36837859639688086,0.5832269050659855
0.36837859639688086,0.5834752981260647
0.36837859639688086,0.5837239028547081
0.3681097069104598,0.5835464620630861
0.3681097069104598,0.5837953091684435
0.36784081742403874,0.5836177474402731
0.3675719279376176,0.5834400341442595
0.36730303845119655,0.5832621690862511
0.3670341489647755,0.5830841520717642
0.3670341489647755,0.5833333333333334
0.3670341489647755,0.5835827276613937
0.3670341489647755,0.5838323353293413
0.3670341489647755,0.5840821566110398
0.3667652594783544,0.583904109589041
0.3667652594783544,0.5841541755888651
0.36622748050551224,0.5837976853836262
0.36622748050551224,0.5840480274442539
0.3659585910190912,0.5838695838695839
0.36568970153267005,0.5836909871244635
0.36568970153267005,0.583941605839416
0.36568970153267005,0.584192439862543
0.36568970153267005,0.5844434894714224
0.36568970153267005,0.58469475494411
0.365420812046249,0.584516129032258
0.365420812046249,0.5847676419965576
0.365420812046249,0.5852713178294574
0.3651519225598279,0.5850926324859974
0.3648830330734068,0.5849137931034483
0.3648830330734068,0.5851660198361363
0.3643452541005647,0.5848079413034096
0.3643452541005647,0.5850604490500864
0.3643452541005647,0.5853131749460043
0.3643452541005647,0.5855661192739845
0.3640763646141436,0.5853869433635971
0.3638074751277225,0.5852076124567474
0.3638074751277225,0.5854608394634357
0.3638074751277225,0.5857142857142857
0.3635385856413014,0.5855348635773062
0.36326969615488036,0.5853552859618717
0.36326969615488036,0.5856090160381447
0.36300080666845924,0.585429314830876
0.36300080666845924,0.5856832971800434
0.3627319171820382,0.5855034722222222
0.3624630276956171,0.5853234910985671
0.36219413820919605,0.5851433536055604
0.36219413820919605,0.5853976531942634
0.36219413820919605,0.5856521739130435
0.36192524872277493,0.5854719443236189
0.36192524872277493,0.5857267188859878
0.3613874697499328,0.5853658536585366
0.3611185802635117,0.5851851851851851
0.3608496907770906,0.5850043591979076
0.3608496907770906,0.5852594853903184
0.3608496907770906,0.5855148342059336
0.3608496907770906,0.5857704059362724
0.36058080129066955,0.585589519650655
0.36058080129066955,0.5858453473132372
0.36031191180424843,0.5856643356643356
0.36031191180424843,0.5864332603938731
0.36004302231782737,0.5862521891418564
0.3597741328314063,0.5860709592641261
0.3597741328314063,0.5863277826468011
0.3597741328314063,0.5865848312143797
0.35950524334498524,0.5864035087719298
0.35950524334498524,0.586660816147433
0.35950524334498524,0.5871761089152393
0.3592363538585641,0.5869947275922671
0.358698574885722,0.5866314863676341
0.358698574885722,0.5868895732512098
0.35842968539930087,0.5867077464788732
0.35842968539930087,0.586966094231616
0.35842968539930087,0.5872246696035243
0.35842968539930087,0.5874834728955487
0.3581607959128798,0.5873015873015873
0.35789190642645874,0.5871195412439347
0.35789190642645874,0.587378640776699
0.3576230169400376,0.58719646799117
0.35735412745361655,0.5870141342756183
0.35735412745361655,0.587273530711445
0.35735412745361655,0.5875331564986738
0.35735412745361655,0.5877930119416187
0.35735412745361655,0.5880530973451328
0.3570852379671955,0.5878707392651615
0.3570852379671955,0.5881310894596988
0.3570852379671955,0.5883916703588835
0.3570852379671955,0.5886524822695035
0.3570852379671955,0.5889135254988913
0.3570852379671955,0.5891748003549245
0.3568163484807744,0.5889924545051043
0.3568163484807744,0.5892539964476021
0.3568163484807744,0.5895157707685473
0.35627856950793224,0.5891507336594042
0.3560096800215112,0.5889679715302492
0.3560096800215112,0.5892300845571874
0.3560096800215112,0.5894924309884239
0.3560096800215112,0.5897550111358575
0.35574079053509006,0.589572192513369
0.355471901048669,0.589389210878288
0.355471901048669,0.5896520963425513
0.355471901048669,0.5899152164212406
0.355471901048669,0.5901785714285714
0.35520301156224793,0.5899955337204109
0.35520301156224793,0.5902591599642538
0.35520301156224793,0.5905230219043361
0.35520301156224793,0.5907871198568873
0.35520301156224793,0.5910514541387024
0.35520301156224793,0.5913160250671441
0.3549341220758268,0.5911330049261084
0.35466523258940574,0.5909498207885304
0.3543963431029847,0.5907664724338861
0.3543963431029847,0.5910313901345291
0.3538585641301425,0.5906642728904847
0.35358967464372143,0.5904804669959587
0.35332078515730037,0.5902964959568733
0.35332078515730037,0.590561797752809
0.35332078515730037,0.5908273381294964
0.35332078515730037,0.5910931174089069
0.35332078515730037,0.5913591359135913
0.35332078515730037,0.5916253939666817
0.35305189567087925,0.5914414414414414
0.35305189567087925,0.5917079765660207
0.3527830061844582,0.5915238954012624
0.3527830061844582,0.5917907081641859
0.3527830061844582,0.592057761732852
0.3525141166980371,0.5918735891647856
0.35224522721161605,0.5916892502258356
0.35197633772519493,0.5915047446904654
0.35170744823877387,0.5913200723327305
0.35170744823877387,0.5915875169606513
0.3514385587523528,0.5914027149321267
0.3511696692659317,0.5912177455862381
0.3509007797795106,0.5910326086956522
0.3509007797795106,0.5913004077933847
0.35063189029308955,0.5911151405258386
0.35063189029308955,0.5913832199546485
0.35036300080666843,0.5911978221415608
0.35036300080666843,0.5914661824784385
0.35009411132024737,0.5912806539509536
0.35009411132024737,0.5915492957746479
0.3498252218338263,0.5913636363636363
0.34955633234740524,0.5911778080945884
0.34955633234740524,0.5914467697907189
0.3492874428609841,0.5912608101957214
0.34901855337456306,0.5910746812386156
0.348749663888142,0.5908883826879271
0.348749663888142,0.5911577028258888
0.348749663888142,0.5914272685818514
0.34848077440172087,0.5912408759124088
0.3482118849152998,0.5910543130990416
0.3482118849152998,0.591324200913242
0.3482118849152998,0.5915943353129283
0.3482118849152998,0.5918647166361974
0.34794299542887874,0.5916780978509374
0.34794299542887874,0.5919487648673376
0.3476741059424576,0.5917620137299772
0.34740521645603656,0.5915750915750916
0.34740521645603656,0.5918460833715071
0.34740521645603656,0.5921173235563703
0.34740521645603656,0.5923888124713435
0.3471363269696155,0.5922018348623853
0.34686743748319443,0.5920146856356127
0.3465985479967733,0.5918273645546372
0.34632965851035225,0.5916398713826366
0.34632965851035225,0.5919117647058824
0.34632965851035225,0.592183908045977
0.34632965851035225,0.5927289461573861
0.34632965851035225,0.5930018416206262
0.3460607690239312,0.592814371257485
0.3460607690239312,0.5930875576036866
0.3460607690239312,0.5933609958506224
0.3460607690239312,0.5936346863468634
0.34579187953751006,0.5934471619750807
0.345522990051089,0.5932594644506002
0.345522990051089,0.5935334872979214
0.345522990051089,0.5938077634011091
0.345522990051089,0.5940822931114194
0.34525410056466793,0.5938945420906568
0.34525410056466793,0.5941693660342434
0.34498521107824687,0.5939814814814814
0.34498521107824687,0.5942566002779064
0.34498521107824687,0.5945319740500463
0.34471632159182575,0.5943439962911451
0.34471632159182575,0.5946196660482375
0.3444474321054047,0.5944315545243619
0.3439096531325625,0.5940548072457037
0.34364076364614143,0.5938661710037175
0.34364076364614143,0.5941422594142259
0.34337187415972037,0.593953488372093
0.34310298467329925,0.5937645416472778
0.34310298467329925,0.5940409683426443
0.34310298467329925,0.5943176525384257
0.3428340951868782,0.5941286113699907
0.3428340951868782,0.5944055944055944
0.3428340951868782,0.5946828358208955
0.3425652057004571,0.594493700419972
0.3425652057004571,0.5947712418300654
0.3425652057004571,0.595049042503503
0.34229631621403606,0.5948598130841122
0.34229631621403606,0.595137914913511
0.34229631621403606,0.5954162768942938
0.34202742672761494,0.5952269536733739
0.34202742672761494,0.5955056179775281
0.34175853724119387,0.5953161592505855
0.3414896477547728,0.5951265229615745
0.3412207582683517,0.5949367088607594
0.3409518687819306,0.5947467166979362
0.34068297929550956,0.5945565462224308
0.34041408980908844,0.5943661971830986
0.34041408980908844,0.5954844778927564
0.3401452003226674,0.5952941176470589
0.3398763108362463,0.5951035781544256
0.3398763108362463,0.5953838907206783
0.33960742134982524,0.5951932139491046
0.3393385318634041,0.595002357378595
0.3393385318634041,0.5952830188679246
0.33906964237698306,0.5950920245398773
0.338800752890562,0.5949008498583569
0.338800752890562,0.5951818611242324
0.338800752890562,0.5954631379962193
0.338800752890562,0.5957446808510638
0.338800752890562,0.5960264900662252
0.3385318634041409,0.5958353052531945
0.3382629739177198,0.5956439393939394
0.3382629739177198,0.5959261013737566
0.3382629739177198,0.5962085308056873
0.33799408443129875,0.5960170697012802
0.33799408443129875,0.5962998102466793
0.33799408443129875,0.5965828191741813
0.3377251949448777,0.5963912630579298
0.3377251949448777,0.5966745843230403
0.33745630545845656,0.5964828897338403
0.33745630545845656,0.5967665240133143
0.33745630545845656,0.5970504281636536
0.33745630545845656,0.5973346025702047
0.33745630545845656,0.5976190476190476
0.3371874159720355,0.5974273463554073
0.33691852648561443,0.5972354623450906
0.3366496369991933,0.5970433953266572
0.33638074751277225,0.5968511450381679
0.3361118580263512,0.5966587112171837
0.33584296853993006,0.5964660936007641
0.33584296853993006,0.5967510750119446
0.33584296853993006,0.597036328871893
0.335574079053509,0.5968436154949784
0.335574079053509,0.5971291866028708
0.335574079053509,0.5974150311153662
0.33530518956708794,0.5972222222222222
0.33503630008066687,0.5970292285577384
0.33503630008066687,0.5973154362416108
0.33476741059424575,0.5971223021582733
0.33476741059424575,0.5974088291746641
0.33476741059424575,0.5976956313010081
0.3344985211078247,0.5975024015369836
0.3342296316214036,0.5973089860643921
0.3342296316214036,0.5975961538461538
0.3339607421349825,0.5974025974025974
0.3339607421349825,0.5976900866217517
0.3339607421349825,0.5979778526721232
0.3339607421349825,0.5985542168674699
0.33369185264856144,0.5983606557377049
0.33369185264856144,0.5986493005306319
0.33315407367571925,0.5982617093191694
0.3328851841892982,0.5980676328502416
0.3326162947028771,0.597873368777187
0.33234740521645606,0.5979680696661829
0.33207851573003494,0.5977734753146177
0.3318096262436139,0.5975786924939467
0.3318096262436139,0.5978682170542635
0.3315407367571928,0.5976732913233156
0.3312718472707717,0.597478176527643
0.3312718472707717,0.5977680737506065
0.3312718472707717,0.5980582524271845
0.3310029577843506,0.5978630403108305
0.3310029577843506,0.5984443364122508
0.33073406829792956,0.5982490272373541
0.3304651788115085,0.5980535279805352
0.3304651788115085,0.5983446932814022
0.3304651788115085,0.5986361422308817
0.3304651788115085,0.5989278752436648
0.3301962893250874,0.5987323256947831
0.32965851035224525,0.59834065397755
0.32965851035224525,0.5986328125
0.32965851035224525,0.5989252564728872
0.32965851035224525,0.5992179863147605
0.32965851035224525,0.5995110024449878
0.32938962086582413,0.5993150684931506
0.32912073137940306,0.5991189427312775
0.328851841892982,0.598922624877571
0.3285829524065609,0.5987261146496815
0.3283140629201398,0.5985294117647059
0.32804517343371875,0.5983325159391859
0.3277762839472977,0.5981354268891069
0.32750739446087657,0.5979381443298969
0.3272385049744555,0.5977406679764243
0.3272385049744555,0.5980343980343981
0.3272385049744555,0.5983284169124877
0.3272385049744555,0.5986227250368913
0.3267007260016133,0.5982274741506647
0.3267007260016133,0.5985221674876847
0.3267007260016133,0.5988171513060621
0.32643183651519225,0.5986193293885601
0.32643183651519225,0.5989146521953626
0.32643183651519225,0.5992102665350444
0.32643183651519225,0.5995061728395061
0.3261629470287712,0.599308300395257
0.3261629470287712,0.5996045477014336
0.325625168055929,0.599208312716477
0.325625168055929,0.5995049504950495
0.32535627856950794,0.5993065874195146
0.3250873890830869,0.5991080277502477
0.32481849959666576,0.5989092711948438
0.3245496101102447,0.5987103174603174
0.3242807206238236,0.5985111662531017
0.3240118311374025,0.5983118172790467
0.3240118311374025,0.5986090412319921
0.3240118311374025,0.5989065606361829
0.32374294165098144,0.5987071108901044
0.32374294165098144,0.5990049751243781
0.32374294165098144,0.599601593625498
0.32374294165098144,0.5999003487792726
0.32374294165098144,0.6001994017946162
0.32374294165098144,0.600498753117207
0.32374294165098144,0.6007984031936128
0.32374294165098144,0.6010983524712931
0.3234740521645604,0.6008991008991009
0.32320516267813926,0.6006996501749126
0.32320516267813926,0.601
0.32320516267813926,0.6013006503251626
0.3229362731917182,0.6011011011011012
0.3229362731917182,0.6014021031547321
0.32266738370529713,0.6012024048096193
0.32239849421887606,0.6010025062656642
0.32239849421887606,0.6013039117352056
0.32239849421887606,0.601605619668841
0.32212960473245494,0.6014056224899599
0.32212960473245494,0.6017076845806127
0.32212960473245494,0.6023127199597788
0.3218607152460339,0.602112676056338
0.3215918257596128,0.6019124308002013
0.3213229362731917,0.6017119838872105
0.3213229362731917,0.6020151133501259
0.3213229362731917,0.6026222894604135
0.3213229362731917,0.6029263370332997
0.3213229362731917,0.6032306915699142
0.3213229362731917,0.6035353535353535
0.32105404678677063,0.6033350176856999
0.32105404678677063,0.6036400404448938
0.32105404678677063,0.6039453717754173
0.32105404678677063,0.604251012145749
0.32105404678677063,0.6045569620253165
0.32105404678677063,0.6048632218844985
0.32105404678677063,0.6054766734279919
0.32078515730034957,0.6052765093860984
0.3205162678139285,0.6050761421319797
0.3205162678139285,0.6053834433722702
0.3202473783275074,0.6051829268292683
0.3202473783275074,0.6054905948144382
0.3202473783275074,0.6057985757884028
0.3202473783275074,0.6061068702290077
0.3202473783275074,0.6064154786150713
0.3199784888410863,0.6062149770759042
0.3199784888410863,0.6065239551478083
0.3199784888410863,0.6068332483426823
0.31970959935466525,0.6066326530612245
0.31944070986824413,0.6064318529862175
0.31944070986824413,0.6067415730337079
0.31917182038182307,0.6065406234031682
0.3186340414089809,0.6061381074168798
0.3186340414089809,0.6064483111566018
0.3183651519225598,0.6062467997951869
0.31809626243613875,0.6060450819672131
0.3178273729497177,0.6058431573552024
0.3178273729497177,0.6064648537711647
0.3178273729497177,0.606776180698152
0.3178273729497177,0.6070878274268104
0.31755848346329657,0.6068859198355602
0.31755848346329657,0.6071979434447301
0.31755848346329657,0.6075102880658436
0.31755848346329657,0.6078229541945446
0.31755848346329657,0.6090768437338835
0.31755848346329657,0.6097057305110997
0.31755848346329657,0.6100206611570248
0.3172895939768755,0.6098191214470284
0.3172895939768755,0.610134436401241
0.31702070449045444,0.6099327470253492
0.31702070449045444,0.610248447204969
0.31702070449045444,0.6105644743656137
0.31702070449045444,0.6108808290155441
0.31702070449045444,0.6111975116640747
0.31702070449045444,0.6115145228215768
0.3167518150040333,0.6113129216398547
0.31648292551761226,0.6111111111111112
0.31648292551761226,0.6114285714285714
0.31648292551761226,0.6117463617463618
0.3162140360311912,0.6115444617784711
0.3159451465447701,0.6113423517169615
0.3159451465447701,0.6116605934409162
0.315676257058349,0.6114583333333333
0.31540736757192794,0.6112558624283481
0.31540736757192794,0.6115745568300313
0.31540736757192794,0.6118935837245696
0.31540736757192794,0.6122129436325678
0.31486958859908576,0.6118077324973876
0.31486958859908576,0.6121275483533717
0.31486958859908576,0.6124476987447699
0.3146006991126647,0.6122448979591837
0.31433180962624363,0.6120418848167539
0.31433180962624363,0.6123624934520692
0.31433180962624363,0.6126834381551363
0.31433180962624363,0.6130047194546407
0.31433180962624363,0.6136482939632546
0.31433180962624363,0.6139705882352942
0.3140629201398225,0.6137677351550184
0.3140629201398225,0.6147368421052631
0.31379403065340145,0.6145339652448657
0.31379403065340145,0.6148577449947313
0.3135251411669804,0.6146547179757512
0.3135251411669804,0.6149789029535865
0.3135251411669804,0.6153034300791557
0.3129873621941382,0.6148969889064976
0.31271847270771713,0.614693446088795
0.31271847270771713,0.6150185087255421
0.31271847270771713,0.6153439153439153
0.31271847270771713,0.6156696664902065
0.31271847270771713,0.6159957627118644
0.31271847270771713,0.6163222045574986
0.31244958322129607,0.616118769883351
0.31218069373487495,0.6159151193633953
0.31218069373487495,0.6162420382165605
0.3119118042484539,0.6160382368560807
0.3119118042484539,0.6163655685441021
0.3116429147620328,0.6161616161616161
0.3116429147620328,0.6164893617021276
0.3116429147620328,0.6168174560936669
0.3116429147620328,0.6171458998935038
0.31083624630276957,0.6165333333333334
0.3105673568163485,0.6163287086446104
0.3100295778435063,0.6159188034188035
0.30976068835708526,0.615713522180652
0.30949179887066414,0.6155080213903743
0.30949179887066414,0.6158373461744249
0.30922290938424307,0.6156316916488223
0.30922290938424307,0.6159614354579539
0.30922290938424307,0.6162915326902465
0.30922290938424307,0.6166219839142091
0.30814735143855876,0.61579795808705
0.3078784619521377,0.6155913978494624
0.3076095724657166,0.6153846153846154
0.3076095724657166,0.6157158234660925
0.3076095724657166,0.6160473882606354
0.3073406829792955,0.6158405172413793
0.3073406829792955,0.6161725067385445
0.3073406829792955,0.616504854368932
0.30707179349287445,0.616297895304911
0.30707179349287445,0.6166306695464363
0.30707179349287445,0.6169638033495408
0.30707179349287445,0.6172972972972973
0.3068029040064533,0.6170903190914008
0.30653401452003226,0.6168831168831169
0.30599623554719013,0.6164680390032503
0.305727346060769,0.616260162601626
0.30545845657434795,0.6160520607375272
0.3051895670879269,0.6158437330439501
0.3051895670879269,0.6161780673181325
0.3051895670879269,0.6165127648017382
0.3051895670879269,0.6168478260869565
0.3051895670879269,0.6171832517672649
0.30492067760150576,0.6169749727965179
0.30492067760150576,0.6173108328796951
0.30492067760150576,0.6176470588235294
0.3046517881150847,0.6174386920980927
0.30438289862866363,0.6172300981461287
0.3041140091422425,0.6170212765957447
0.3041140091422425,0.61735807860262
0.3041140091422425,0.6176952484980884
0.3041140091422425,0.6180327868852459
0.30384511965582145,0.6178239475123019
0.30384511965582145,0.6181619256017505
0.3035762301694004,0.6179529282977558
0.3035762301694004,0.6182913472070098
0.3030384511965582,0.6178728070175439
0.30276956171013714,0.6176631925397696
0.30276956171013714,0.6180021953896817
0.30250067222371607,0.6177924217462932
0.30250067222371607,0.6181318681318682
0.30223178273729495,0.6179219351291919
0.30223178273729495,0.6182618261826183
0.30223178273729495,0.6186020913593836
0.30223178273729495,0.6189427312775331
0.30223178273729495,0.6192837465564738
0.30223178273729495,0.619625137816979
0.30223178273729495,0.6199669056811914
0.30223178273729495,0.6203090507726269
0.30223178273729495,0.620651573716179
0.30223178273729495,0.6209944751381216
0.30223178273729495,0.6213377556661138
0.3019628932508739,0.6211283185840708
0.3016940037644528,0.6209186496956282
0.3014251142780317,0.6207087486157253
0.3014251142780317,0.6213968957871396
0.3014251142780317,0.6217415418746534
0.3014251142780317,0.6220865704772475
0.3008873353051896,0.6216666666666667
0.3006184458187685,0.6214563646470261
0.3006184458187685,0.6218020022246941
0.3006184458187685,0.6221480244852532
0.3003495563323474,0.6219376391982183
0.3000806668459263,0.6217270194986072
0.29981177735950526,0.6215161649944259
0.29981177735950526,0.6218627997769102
0.29954288787308414,0.6216517857142857
0.2992739983866631,0.6214405360134003
0.299005108900242,0.6212290502793296
0.299005108900242,0.62157629960872
0.299005108900242,0.6219239373601789
0.299005108900242,0.6222719641857862
0.299005108900242,0.6226203807390818
0.29873621941382095,0.6224089635854342
0.29873621941382095,0.6227578475336323
0.29873621941382095,0.6231071228266966
0.2984673299273998,0.622895622895623
0.2984673299273998,0.6232453677709152
0.29819844044097876,0.6230337078651685
0.29819844044097876,0.6233839235525576
0.2979295509545577,0.6231721034870641
0.2979295509545577,0.6235227912211593
0.2973917719817155,0.6230985915492958
0.2973917719817155,0.6234498308906427
0.2973917719817155,0.6241534988713319
0.29712288249529445,0.6239412761151891
0.29712288249529445,0.6246466930469191
0.29712288249529445,0.625
0.29712288249529445,0.6253537068477646
0.29712288249529445,0.6257078142695357
0.29685399300887333,0.6254957507082153
0.29658510352245226,0.6252834467120182
0.2963162140360312,0.6250709018718095
0.2963162140360312,0.6254256526674233
0.2963162140360312,0.6257808063600228
0.29604732454961014,0.6255681818181819
0.295778435063189,0.625355315520182
0.295778435063189,0.6257110352673493
0.295778435063189,0.6260671599317018
0.295778435063189,0.6264236902050114
0.29550954557676795,0.6262108262108262
0.2952406560903469,0.6259977194982896
0.2952406560903469,0.6263548203080433
0.2952406560903469,0.6267123287671232
0.2952406560903469,0.62778730703259
0.2952406560903469,0.6281464530892449
0.2952406560903469,0.6285060103033773
0.29497176660392577,0.6282932416953035
0.29497176660392577,0.6286532951289399
0.29497176660392577,0.6290137614678899
0.29497176660392577,0.6293746414228342
0.29497176660392577,0.629735935706085
0.29497176660392577,0.630097645031591
0.29497176660392577,0.6304597701149425
0.2947028771175047,0.6302472685451409
0.2947028771175047,0.6306098964326813
0.2947028771175047,0.6309729418537708
0.29443398763108364,0.6307603686635944
0.29443398763108364,0.6311239193083573
0.29443398763108364,0.6314878892733564
0.29443398763108364,0.6318522792844777
0.29443398763108364,0.6325823223570191
0.2941650981446625,0.6323699421965318
0.29389620865824145,0.6321573163678427
0.29389620865824145,0.6325231481481481
0.29389620865824145,0.6328894035900405
0.2936273191718204,0.6326767091541136
0.2936273191718204,0.6330434782608696
0.2933584296853993,0.632830626450116
0.2925517612261361,0.6321905868680999
0.29228287173971496,0.6319767441860465
0.2920139822532939,0.631762652705061
0.2920139822532939,0.6321303841676368
0.2917450927668728,0.6319161327897496
0.29120731379403064,0.6314868804664723
0.2909384243076096,0.6312718786464411
0.2906695348211885,0.6310566258026854
0.2904006453347674,0.6308411214953271
0.29013175584834633,0.6306253652834599
0.28986286636192526,0.6304093567251462
0.28959397687550414,0.6301930953774136
0.2893250873890831,0.629976580796253
0.2893250873890831,0.6303456356180434
0.2893250873890831,0.6307151230949589
0.289056197902662,0.6304985337243402
0.289056197902662,0.630868544600939
0.289056197902662,0.631238990017616
0.289056197902662,0.6316098707403055
0.289056197902662,0.631981187536743
0.289056197902662,0.6323529411764706
0.28878730841624095,0.6321365509123014
0.28878730841624095,0.6325088339222615
0.28878730841624095,0.6328815556865056
0.28878730841624095,0.6332547169811321
0.28851841892981983,0.6330383480825958
0.28851841892981983,0.6334120425029516
0.28851841892981983,0.6341607565011821
0.28851841892981983,0.6345357776463632
0.28851841892981983,0.6349112426035503
0.28824952944339877,0.6346950858496152
0.28824952944339877,0.6350710900473934
0.28824952944339877,0.6354475400118553
0.2879806399569777,0.6352313167259787
0.2879806399569777,0.6356083086053412
0.2879806399569777,0.6359857482185273
0.2879806399569777,0.6363636363636364
0.2877117504705566,0.6361474435196195
0.2874428609841355,0.635930993456276
0.2874428609841355,0.6363095238095238
0.2874428609841355,0.6366885050625373
0.2874428609841355,0.6378281622911695
0.2874428609841355,0.6382089552238805
0.2874428609841355,0.6385902031063322
0.28717397149771445,0.6383741781231321
0.28690508201129333,0.6381578947368421
0.28690508201129333,0.6385397965290245
0.28663619252487227,0.6383233532934132
0.2863673030384512,0.6381066506890354
0.2863673030384512,0.6384892086330936
0.285829524065609,0.6380552220888356
0.285829524065609,0.6384384384384384
0.285829524065609,0.6388221153846154
0.28556063457918796,0.6386049308478653
0.28556063457918796,0.6389891696750902
0.28556063457918796,0.6393738711619507
0.2852917450927669,0.6391566265060241
0.2852917450927669,0.6395418927064497
0.2852917450927669,0.6399276236429433
0.2852917450927669,0.6403138201569101
0.2852917450927669,0.6407004830917874
0.28502285560634577,0.6404833836858006
0.2842161871470825,0.6398305084745762
0.2842161871470825,0.6402180496668686
0.2842161871470825,0.6406060606060606
0.2842161871470825,0.6409945421467557
0.2842161871470825,0.6413834951456311
0.28394729766066146,0.6411657559198543
0.28394729766066146,0.6415552855407047
0.2836784081742404,0.6413373860182371
0.28340951868781933,0.6411192214111923
0.28340951868781933,0.6415094339622641
0.28340951868781933,0.6419001218026796
0.2831406292013982,0.6416819012797075
0.2831406292013982,0.6420731707317073
0.2831406292013982,0.6424649176327029
0.2831406292013982,0.6428571428571429
0.28287173971497714,0.6426389737324374
0.2826028502285561,0.6424205378973105
0.28233396074213496,0.6422018348623854
0.28233396074213496,0.642594859241126
0.28233396074213496,0.6429883649724434
0.2820650712557139,0.6427696078431373
0.2820650712557139,0.6431637032495402
0.2820650712557139,0.6435582822085889
0.2820650712557139,0.6439533456108042
0.2820650712557139,0.6443488943488943
0.2820650712557139,0.6447449293177627
0.2820650712557139,0.6451414514145142
0.2820650712557139,0.6455384615384615
0.28179618176929283,0.645320197044335
0.28152729228287177,0.6451016635859519
0.28152729228287177,0.6454993834771886
0.28125840279645065,0.6452806909315237
0.2809895133100296,0.6450617283950617
0.2804517343371874,0.6446229913473424
0.2804517343371874,0.645021645021645
0.28018284485076633,0.6448019801980198
0.28018284485076633,0.6452012383900929
0.28018284485076633,0.6456009913258984
0.28018284485076633,0.6460012399256044
0.28018284485076633,0.6492211838006231
0.27991395536434527,0.649002493765586
0.27964506587792415,0.6487835308796007
0.27964506587792415,0.6491885143570537
0.27964506587792415,0.6495940037476577
0.2793761763915031,0.649375
0.2793761763915031,0.6497811131957474
0.279107286905082,0.6495619524405507
0.279107286905082,0.6507836990595611
0.279107286905082,0.6511919698870765
0.27883839741866095,0.6509730069052103
0.27830061844581877,0.650534255185418
0.2777628394729766,0.6500943989930774
0.2777628394729766,0.6505037783375315
0.2774939499865555,0.6502835538752363
0.27722506050013446,0.650063051702396
0.27722506050013446,0.6504731861198738
0.27722506050013446,0.6508838383838383
0.27695617101371334,0.6506632975363235
0.2766872815272923,0.6504424778761062
0.2766872815272923,0.650853889943074
0.2766872815272923,0.6512658227848102
0.2766872815272923,0.6516782773907537
0.2766872815272923,0.6520912547528517
0.2766872815272923,0.6525047558655676
0.2766872815272923,0.6529187817258884
0.2764183920408712,0.6526984126984127
0.2764183920408712,0.6531130876747141
0.27614950255445014,0.6528925619834711
0.275880613068029,0.6526717557251909
0.27561172358160796,0.6524506683640993
0.27561172358160796,0.6528662420382165
0.2753428340951869,0.6526449968132568
0.2753428340951869,0.6530612244897959
0.2750739446087658,0.6528398213146139
0.2750739446087658,0.6532567049808429
0.2748050551223447,0.6530351437699681
0.27453616563592365,0.6528132992327366
0.27453616563592365,0.653230966090851
0.27453616563592365,0.6536491677336748
0.2742672761495026,0.6534272901985907
0.27399838666308146,0.6532051282051282
0.27399838666308146,0.6536241180243746
0.27399838666308146,0.6540436456996149
0.27399838666308146,0.6544637122671805
0.2737294971766604,0.6542416452442159
0.2737294971766604,0.6546623794212219
0.27346060769023933,0.6544401544401545
0.27346060769023933,0.6548615582743078
0.27346060769023933,0.6552835051546392
0.27346060769023933,0.655705996131528
0.2731917182038182,0.655483870967742
0.2731917182038182,0.6559070367979342
0.27238504974455496,0.6552393272962483
0.27238504974455496,0.6560880829015544
0.27238504974455496,0.6565132858068697
0.27238504974455496,0.6569390402075227
0.2721161602581339,0.6567164179104478
0.2721161602581339,0.6571428571428571
0.27184727077171283,0.6569200779727096
0.27184727077171283,0.6573472041612484
0.27157838128529177,0.657124268054652
0.27157838128529177,0.6575520833333334
0.27130949179887065,0.657328990228013
0.27130949179887065,0.6577574967405476
0.2710406023124496,0.6575342465753424
0.2707717128260285,0.6573107049608355
0.2707717128260285,0.6577400391900718
0.2707717128260285,0.6581699346405229
0.2705028233396074,0.657946370176586
0.2705028233396074,0.6583769633507853
0.2705028233396074,0.6588081204977079
0.27023393385318634,0.6585845347313237
0.26996504436676527,0.658360655737705
0.26996504436676527,0.6587926509186351
0.2694272653939231,0.6583442838370565
0.269158375907502,0.6581196581196581
0.269158375907502,0.6585526315789474
0.269158375907502,0.6589861751152074
0.26888948642108096,0.6587615283267457
0.26888948642108096,0.6591957811470006
0.26888948642108096,0.6596306068601583
0.26888948642108096,0.6600660066006601
0.26862059693465984,0.6598414795244386
0.2683517074482388,0.6596166556510245
0.2683517074482388,0.66005291005291
0.2683517074482388,0.6604897418927862
0.2683517074482388,0.6609271523178808
0.2680828179618177,0.660702451954937
0.2680828179618177,0.6624584717607973
0.2678139284753966,0.6622340425531915
0.2678139284753966,0.6626746506986028
0.2675450389889755,0.6624500665778962
0.2675450389889755,0.6628914057295137
0.2675450389889755,0.6633333333333333
0.26727614950255446,0.6631087391594396
0.2670072600161334,0.6628838451268357
0.2670072600161334,0.6633266533066132
0.2667383705297123,0.6631016042780749
0.2664694810432912,0.662876254180602
0.26620059155687015,0.6626506024096386
0.26620059155687015,0.6630944407233758
0.26620059155687015,0.6635388739946381
0.26620059155687015,0.6639839034205232
0.265931702070449,0.663758389261745
0.26566281258402796,0.6635325721961047
0.2653939230976069,0.6633064516129032
0.2651250336111858,0.6630800268997983
0.2651250336111858,0.6635262449528937
0.2651250336111858,0.663973063973064
0.2648561441247647,0.6637466307277629
0.26458725463834365,0.6635198921105866
0.26458725463834365,0.6639676113360324
0.26458725463834365,0.6644159351789332
0.26458725463834365,0.6648648648648648
0.2643183651519226,0.6646382691007438
0.2643183651519226,0.6650879566982408
0.2637805861790804,0.6646341463414634
0.2637805861790804,0.6650847457627118
0.26351169669265934,0.6648575305291723
0.26351169669265934,0.6653088934147997
0.26351169669265934,0.6657608695652174
0.26351169669265934,0.6662134602311353
0.26351169669265934,0.6666666666666666
0.2632428072062382,0.6664397549353301
0.2632428072062382,0.6668937329700273
0.26297391771981715,0.6666666666666666
0.26297391771981715,0.6671214188267395
0.2627050282333961,0.6668941979522184
0.2627050282333961,0.6673497267759563
0.2627050282333961,0.6678058783321941
0.26243613874697497,0.667578659370725
0.2621672492605539,0.6673511293634496
0.2616294702877118,0.6668951336531871
0.2616294702877118,0.6673525377229081
0.2616294702877118,0.6678105696636926
0.26136058080129065,0.6675824175824175
0.26136058080129065,0.668041237113402
0.26136058080129065,0.6685006877579092
0.26136058080129065,0.6689607708189952
0.2610916913148696,0.668732782369146
0.2610916913148696,0.6691936595451413
0.2610916913148696,0.6696551724137931
0.2610916913148696,0.6705801104972375
0.2610916913148696,0.6710435383552177
0.2608228018284485,0.6708160442600276
0.2605539123420274,0.6705882352941176
0.2605539123420274,0.6710526315789473
0.2605539123420274,0.6715176715176715
0.2605539123420274,0.6719833564493759
0.2605539123420274,0.6724496877168633
0.2605539123420274,0.6729166666666667
0.26028502285560634,0.6726893676164003
0.26028502285560634,0.6731571627260083
0.2600161333691853,0.6729297146833682
0.2597472438827642,0.6727019498607242
0.2597472438827642,0.6731707317073171
0.2594783543963431,0.6729428172942817
0.2594783543963431,0.6734124214933705
0.2594783543963431,0.6738826815642458
0.2594783543963431,0.6743535988819007
0.259209464909922,0.6741258741258741
0.259209464909922,0.6745976207137858
0.259209464909922,0.6750700280112045
0.259209464909922,0.6755430974071479
0.25867168593707984,0.6750877192982456
0.2584027964506588,0.6748595505617978
0.2581339069642377,0.67463106113844
0.2578650174778166,0.6744022503516175
0.2578650174778166,0.6748768472906403
0.2578650174778166,0.6753521126760563
0.2578650174778166,0.6758280479210712
0.25759612799139553,0.6755994358251057
0.25732723850497446,0.6753705010585744
0.25732723850497446,0.6758474576271186
0.2570583490185534,0.6756183745583039
0.2565205700457112,0.6751592356687898
0.2565205700457112,0.6756373937677054
0.2565205700457112,0.6761162296243799
0.25625168055929015,0.6758865248226951
0.25625168055929015,0.6763662171753017
0.25625168055929015,0.6768465909090909
0.25598279107286903,0.6766169154228856
0.25598279107286903,0.6770981507823614
0.25571390158644797,0.6768683274021352
0.25571390158644797,0.6773504273504274
0.2554450121000269,0.67712045616536
0.2551761226136058,0.6768901569186876
0.2551761226136058,0.6773733047822984
0.2551761226136058,0.6778571428571428
0.2551761226136058,0.6783416726233024
0.2551761226136058,0.678826895565093
0.2551761226136058,0.6793128131710809
0.2549072331271847,0.6790830945558739
0.2549072331271847,0.6795698924731183
0.25463834364076365,0.6793400286944046
0.25463834364076365,0.6798277099784638
0.2543694541543426,0.6795977011494253
0.25410056466792147,0.6793673616103523
0.25410056466792147,0.6798561151079137
0.25410056466792147,0.6803455723542117
0.2538316751815004,0.6801152737752162
0.25356278569507934,0.6798846431146359
0.25356278569507934,0.6803751803751804
0.2532938962086582,0.68014440433213
0.2532938962086582,0.680635838150289
0.2532938962086582,0.6811279826464208
0.25302500672223716,0.6808972503617945
0.2527561172358161,0.6806661839246922
0.2527561172358161,0.6811594202898551
0.25248722774939497,0.6809282088469906
0.2522183382629739,0.6806966618287373
0.2522183382629739,0.6811909949164852
0.2522183382629739,0.6816860465116279
0.2522183382629739,0.6821818181818182
0.2522183382629739,0.6826783114992722
0.2522183382629739,0.6831755280407866
0.25194944877655284,0.6829446064139941
0.25194944877655284,0.6834427425237053
0.25194944877655284,0.6839416058394161
0.25194944877655284,0.6844411979547115
0.25194944877655284,0.6849415204678363
0.25194944877655284,0.6854425749817118
0.2516805592901318,0.6852122986822841
0.25141166980371066,0.684981684981685
0.2511427803172896,0.6847507331378299
0.25087389083086853,0.6845194424064563
0.25087389083086853,0.6850220264317181
0.2506050013444474,0.6847905951506246
0.25033611185802634,0.6845588235294118
0.25033611185802634,0.6850625459896983
0.25033611185802634,0.6855670103092784
0.25033611185802634,0.686072218128224
0.2500672223716053,0.6858407079646017
0.2500672223716053,0.6863468634686347
0.2500672223716053,0.6868537666174298
0.2500672223716053,0.6873614190687362
0.2495294433987631,0.6868985936343449
0.2495294433987631,0.6874074074074074
0.24926055391234203,0.687175685693106
0.24926055391234203,0.6876854599406528
0.24926055391234203,0.688195991091314
0.24899166442592094,0.687964338781575
0.24872277493949987,0.6877323420074349
0.24872277493949987,0.6882440476190477
0.24872277493949987,0.6887565152643336
0.24845388545307878,0.6885245901639344
0.24845388545307878,0.6890380313199105
0.24845388545307878,0.6895522388059702
0.2481849959666577,0.6893203883495146
0.2481849959666577,0.6898355754857997
0.2481849959666577,0.6903515332834704
0.2481849959666577,0.6908682634730539
0.2481849959666577,0.6924231057764441
0.2481849959666577,0.6929429429429429
0.2481849959666577,0.6934635612321562
0.24791610648023663,0.6932330827067669
0.24791610648023663,0.6937547027840482
0.24791610648023663,0.6942771084337349
0.24791610648023663,0.6953242835595776
0.24791610648023663,0.6984848484848485
0.24791610648023663,0.6990144048521607
0.24791610648023663,0.6995447647951442
0.24791610648023663,0.7000759301442673
0.24791610648023663,0.7006079027355623
0.24791610648023663,0.7011406844106464
0.24791610648023663,0.7016742770167428
0.24791610648023663,0.7022086824067022
0.24764721699381553,0.7019817073170732
0.24764721699381553,0.7025171624713958
0.24764721699381553,0.7030534351145038
0.24737832750739447,0.7028265851795263
0.24737832750739447,0.7033639143730887
0.24737832750739447,0.703902065799541
0.24737832750739447,0.7044410413476263
0.24737832750739447,0.7049808429118773
0.24737832750739447,0.7055214723926381
0.24710943802097338,0.7052954719877207
0.24710943802097338,0.705837173579109
0.24657165904813122,0.7053846153846154
0.24630276956171013,0.7051578137028484
0.24630276956171013,0.7057010785824345
0.24630276956171013,0.7062451811873555
0.24630276956171013,0.7067901234567902
0.24603388007528906,0.7065637065637066
0.24576499058886797,0.7063369397217929
0.24576499058886797,0.7068832173240526
0.2454961011024469,0.7066563467492261
0.24522721161602581,0.7064291247095275
0.24522721161602581,0.7069767441860465
0.24495832212960472,0.7067494181536075
0.24468943264318366,0.7065217391304348
0.24442054315676257,0.7062937062937062
0.2441516536703415,0.7060653188180405
0.2441516536703415,0.7066147859922179
0.24361387469749932,0.7061574434918161
0.24361387469749932,0.7067082683307332
0.24334498521107825,0.7064793130366901
0.24334498521107825,0.70703125
0.24307609572465716,0.7068021892103206
0.2428072062382361,0.7065727699530516
0.242538316751815,0.706342991386061
0.24200053777897285,0.7058823529411765
0.24173164829255175,0.7056514913657771
0.2414627588061307,0.7054202670856246
0.2411938693197096,0.7051886792452831
0.2409249798332885,0.7049567269866247
0.2409249798332885,0.705511811023622
0.24065609034686744,0.7052797478329393
0.24065609034686744,0.7058359621451105
0.24065609034686744,0.7063930544593529
0.24065609034686744,0.7069510268562401
0.24065609034686744,0.7075098814229249
0.24038720086044635,0.7072784810126582
0.24011831137402528,0.7070467141726049
0.24011831137402528,0.7076069730586371
0.2398494218876042,0.7073750991276765
0.2398494218876042,0.707936507936508
0.23958053240118313,0.7077045274027005
0.23958053240118313,0.7082670906200318
0.23958053240118313,0.7088305489260143
0.23958053240118313,0.7093949044585988
0.23958053240118313,0.7099601593625497
0.23931164291476203,0.7097288676236044
0.23904275342834094,0.7094972067039106
0.23904275342834094,0.7100638977635783
0.23904275342834094,0.7106314948041567
0.23877386394191988,0.7104
0.23850497445549879,0.7101681345076061
0.23850497445549879,0.7107371794871795
0.23823608496907772,0.7105052125100241
0.23823608496907772,0.7110754414125201
0.23769830599623554,0.7106109324758842
0.23769830599623554,0.7111826226870475
0.23742941650981447,0.710950080515298
0.23716052702339338,0.7107171635777598
0.23689163753697232,0.7104838709677419
0.23635385856413013,0.710016155088853
0.23635385856413013,0.7105901374292644
0.23635385856413013,0.7111650485436893
0.23635385856413013,0.7117408906882591
0.23635385856413013,0.7123176661264181
0.23635385856413013,0.7128953771289538
0.23608496907770907,0.7126623376623377
0.23581607959128797,0.7124289195775793
0.2355471901048669,0.7121951219512195
0.2355471901048669,0.7127746135069162
0.2355471901048669,0.7133550488599348
0.2355471901048669,0.7139364303178484
0.2355471901048669,0.7145187601957586
0.2355471901048669,0.7151020408163266
0.23527830061844582,0.7148692810457516
0.23527830061844582,0.7154538021259199
0.23500941113202473,0.7152209492635024
0.23500941113202473,0.7158067158067158
0.23500941113202473,0.7163934426229508
0.23474052164560366,0.716160787530763
0.23474052164560366,0.7167487684729064
0.23474052164560366,0.7173377156943304
0.23447163215918257,0.7171052631578947
0.2342027426727615,0.7168724279835391
0.2339338531863404,0.7166392092257001
0.2339338531863404,0.717230008244023
0.2339338531863404,0.7178217821782178
0.2339338531863404,0.7184145334434352
0.23366496369991932,0.7181818181818181
0.23339607421349826,0.717948717948718
0.23339607421349826,0.7185430463576159
0.23312718472707716,0.7183098591549296
0.2328582952406561,0.7180762852404643
0.232589405754235,0.7178423236514523
0.232589405754235,0.71843853820598
0.23205162678139285,0.7179700499168054
0.23205162678139285,0.7185678601165695
0.2315138478085507,0.7180984153461217
0.2315138478085507,0.7186978297161937
0.2315138478085507,0.7192982456140351
0.2315138478085507,0.7198996655518395
0.2312449583221296,0.7196652719665272
0.23097606883570854,0.7194304857621441
0.23097606883570854,0.7200335289186923
0.23070717934928744,0.7197986577181208
0.23070717934928744,0.7204030226700252
0.23043828986286635,0.7201680672268908
0.2299005108900242,0.7196969696969697
0.2299005108900242,0.7203032855939343
0.22963162140360313,0.7200674536256324
0.22963162140360313,0.7206751054852321
0.22936273191718204,0.7204391891891891
0.22882495294433988,0.7199661590524534
0.2285560634579188,0.7197290431837426
0.2285560634579188,0.7203389830508474
0.22828717397149773,0.7201017811704835
0.22828717397149773,0.7207130730050934
0.22801828448507663,0.7204757858963466
0.22801828448507663,0.7210884353741497
0.22801828448507663,0.7217021276595744
0.22801828448507663,0.7223168654173765
0.22801828448507663,0.7229326513213982
0.22774939499865554,0.7226962457337884
0.22774939499865554,0.7233134073441503
0.22774939499865554,0.7239316239316239
0.22774939499865554,0.7245508982035929
0.22774939499865554,0.7251712328767124
0.22774939499865554,0.7257926306769494
0.22748050551223448,0.725557461406518
0.22721161602581338,0.7253218884120172
0.22721161602581338,0.7259450171821306
0.22721161602581338,0.7265692175408427
0.22694272653939232,0.7263339070567987
0.22640494756655014,0.7258620689655172
0.22613605808012907,0.725625539257981
0.22613605808012907,0.7262521588946459
0.22586716859370798,0.7260155574762316
0.22559827910728691,0.7257785467128027
0.22559827910728691,0.7264069264069264
0.22559827910728691,0.7270363951473137
0.22559827910728691,0.7276669557675629
0.22559827910728691,0.7282986111111112
0.22559827910728691,0.7289313640312771
0.22559827910728691,0.7295652173913043
0.22532938962086582,0.7293298520452568
0.22532938962086582,0.7299651567944251
0.22506050013444473,0.7297297297297297
0.22479161064802367,0.7294938917975567
0.22479161064802367,0.7301310043668122
0.22479161064802367,0.7307692307692307
0.22479161064802367,0.731408573928259
0.22479161064802367,0.7320490367775832
0.22452272116160257,0.7318141980718668
0.22371605270233935,0.7311072056239016
0.22344716321591826,0.7308707124010554
0.22317827372949717,0.7306338028169014
0.22317827372949717,0.7312775330396476
0.22317827372949717,0.7319223985890653
0.2229093842430761,0.7316857899382171
0.222640494756655,0.7314487632508834
0.22237160527023395,0.731211317418214
0.22210271578381285,0.7309734513274336
0.22210271578381285,0.7316209034543845
0.22210271578381285,0.7322695035460993
0.22183382629739176,0.7320319432120674
0.22183382629739176,0.7326820603907638
0.22183382629739176,0.7333333333333333
0.2215649368109707,0.7330960854092526
0.2212960473245496,0.7328584149599288
0.22102715783812854,0.732620320855615
0.22075826835170745,0.7323818019625334
0.22048937886528636,0.7321428571428571
0.22048937886528636,0.7327971403038427
0.2202204893788653,0.7325581395348837
0.2202204893788653,0.7332139659803044
0.2199515998924442,0.7329749103942652
0.2199515998924442,0.7336322869955157
0.2199515998924442,0.7342908438061041
0.2199515998924442,0.7349505840071878
0.21968271040602314,0.7347122302158273
0.21968271040602314,0.7353735373537353
0.21941382091960204,0.7351351351351352
0.21914493143318095,0.7348963029756538
0.21887604194675989,0.7346570397111913
0.21887604194675989,0.7353206865401988
0.2186071524603388,0.7350813743218807
0.2186071524603388,0.7357466063348417
0.2186071524603388,0.7364130434782609
0.2186071524603388,0.7370806890299184
0.2186071524603388,0.7377495462794919
0.2186071524603388,0.7384196185286104
0.2186071524603388,0.7390909090909091
0.2186071524603388,0.7397634212920837
0.21833826297391773,0.7395264116575592
0.21833826297391773,0.740200546946217
0.21833826297391773,0.7408759124087592
0.21833826297391773,0.7415525114155251
0.21833826297391773,0.7422303473491774
0.21806937348749664,0.7419945105215004
0.21806937348749664,0.7426739926739927
0.21753159451465448,0.7422018348623853
0.21753159451465448,0.7428833792470156
0.21753159451465448,0.7435661764705882
0.21753159451465448,0.7442502299908004
0.21753159451465448,0.7449355432780848
0.21699381554181232,0.7444649446494465
0.21699381554181232,0.7451523545706371
0.21672492605539123,0.744916820702403
0.21645603656897017,0.7446808510638298
0.21645603656897017,0.7453703703703703
0.21645603656897017,0.7460611677479148
0.21645603656897017,0.7467532467532467
0.21645603656897017,0.7474466109563602
0.21645603656897017,0.7481412639405205
0.21618714708254907,0.747906976744186
0.21591825759612798,0.7476722532588455
0.21591825759612798,0.7483690587138863
0.21591825759612798,0.7490671641791045
0.21591825759612798,0.7497665732959851
0.21564936810970692,0.7495327102803738
0.21564936810970692,0.7502338634237605
0.21564936810970692,0.7509363295880149
0.21564936810970692,0.7516401124648547
0.21564936810970692,0.7523452157598499
0.21538047862328583,0.752112676056338
0.21511158913686476,0.7518796992481203
0.21511158913686476,0.7525870178739417
0.21484269965044367,0.7523540489642184
0.2143049206776015,0.7518867924528302
0.2143049206776015,0.7525967894239849
0.21403603119118042,0.7523629489603024
0.21376714170475936,0.7521286660359509
0.21376714170475936,0.7528409090909091
0.21349825221833826,0.75260663507109
0.21322936273191717,0.7523719165085389
0.2129604732454961,0.7521367521367521
0.21269158375907501,0.7519011406844106
0.21269158375907501,0.7526165556612749
0.21242269427265395,0.7523809523809524
0.21242269427265395,0.7530981887511916
0.21242269427265395,0.7538167938931297
0.21215380478623286,0.7535816618911175
0.2116160258133907,0.75311004784689
0.21107824684054854,0.753358925143954
0.21080935735412745,0.7531219980787704
0.21054046786770636,0.7528846153846154
0.2102715783812853,0.7526467757459095
0.2102715783812853,0.7533718689788054
0.2100026888948642,0.7531340405014465
0.2100026888948642,0.7538610038610039
0.2100026888948642,0.7545893719806763
0.20973379940844314,0.7543520309477756
0.20946490992202205,0.7541142303969022
0.20919602043560095,0.7538759689922481
0.2089271309491799,0.7536372453928225
0.2086582414627588,0.7533980582524272
0.2086582414627588,0.7541302235179786
0.2086582414627588,0.754863813229572
0.2086582414627588,0.7555988315481986
0.20704490454423233,0.7541625857002938
0.20704490454423233,0.7549019607843137
0.20677601505781124,0.7546614327772326
0.20650712557139017,0.7544204322200393
0.20650712557139017,0.7551622418879056
0.20623823608496908,0.7549212598425197
0.20623823608496908,0.7556650246305419
0.20623823608496908,0.7564102564102564
0.20623823608496908,0.7571569595261599
0.20623823608496908,0.7579051383399209
0.20623823608496908,0.7586547972304649
0.20623823608496908,0.7594059405940594
0.20623823608496908,0.7601585728444004
0.20623823608496908,0.7609126984126984
0.20623823608496908,0.7616683217477657
0.20623823608496908,0.7624254473161034
0.205969346598548,0.7621890547263681
0.20570045711212692,0.7619521912350598
0.20543156762570583,0.7617148554336989
0.20543156762570583,0.7624750499001997
0.20543156762570583,0.7632367632367633
0.20543156762570583,0.764
0.20543156762570583,0.7647647647647647
0.20543156762570583,0.7655310621242485
0.20543156762570583,0.7662988966900702
0.20543156762570583,0.7670682730923695
0.20516267813928477,0.7668341708542713
0.20516267813928477,0.7676056338028169
0.20516267813928477,0.7683786505538771
0.20516267813928477,0.7691532258064516
0.20516267813928477,0.7699293642785066
0.20516267813928477,0.7707070707070707
0.20516267813928477,0.7714863498483316
0.20516267813928477,0.7722672064777328
0.20516267813928477,0.7730496453900709
0.20489378865286367,0.7728194726166329
0.20462489916644258,0.7725888324873097
0.20435600968002152,0.7723577235772358
0.20408712019360042,0.7721261444557477
0.20381823070717936,0.7718940936863544
0.20328045173433718,0.7714285714285715
0.2030115622479161,0.7711950970377937
0.2030115622479161,0.7719836400817995
0.20274267276149502,0.7717502558853634
0.20247378327507395,0.7715163934426229
0.20247378327507395,0.7723076923076924
0.20247378327507395,0.7731006160164271
0.20247378327507395,0.7738951695786228
0.20220489378865286,0.7736625514403292
0.20193600430223177,0.7734294541709578
0.2016671148158107,0.7731958762886598
0.2016671148158107,0.7739938080495357
0.2013982253293896,0.7737603305785123
0.2013982253293896,0.7745604963805585
0.2013982253293896,0.7753623188405797
0.2013982253293896,0.7761658031088083
0.20112933584296855,0.7759336099585062
0.20086044635654746,0.7757009345794392
0.20086044635654746,0.7765072765072765
0.20086044635654746,0.777315296566077
0.20086044635654746,0.778125
0.2005915568701264,0.7778936392075079
0.2005915568701264,0.778705636743215
0.2003226673837053,0.7784743991640544
0.2000537778972842,0.7790575916230367
0.2000537778972842,0.779874213836478
0.2000537778972842,0.7806925498426023
0.2000537778972842,0.7815126050420168
0.19978488841086314,0.7812828601472135
0.19978488841086314,0.7821052631578947
0.19978488841086314,0.7829293993677555
0.19951599892444205,0.7827004219409283
0.19951599892444205,0.7843551797040169
0.19951599892444205,0.7851851851851852
0.199247109438021,0.784957627118644
0.1989782199515999,0.7847295864262991
0.1987093304651788,0.7845010615711253
0.19844044097875774,0.7842720510095643
0.19817155149233665,0.7840425531914894
0.19817155149233665,0.784877529286475
0.19817155149233665,0.7857142857142857
0.19790266200591558,0.7854855923159018
0.19790266200591558,0.7863247863247863
0.19790266200591558,0.7871657754010695
0.1976337725194945,0.7869379014989293
0.1976337725194945,0.7877813504823151
0.1976337725194945,0.7886266094420601
0.1976337725194945,0.7894736842105263
0.1976337725194945,0.7903225806451613
0.1973648830330734,0.790096878363832
0.1973648830330734,0.790948275862069
0.19655821457381017,0.7902702702702703
0.19628932508738908,0.79004329004329
0.196020435600968,0.789815817984832
0.196020435600968,0.7906724511930586
0.19575154611454693,0.7904451682953312
0.19548265662812583,0.7902173913043479
0.19548265662812583,0.7910772578890098
0.19521376714170477,0.7908496732026143
0.19494487765528368,0.7906215921483097
0.19494487765528368,0.7914847161572053
0.19467598816886258,0.7912568306010929
0.19467598816886258,0.7921225382932167
0.19440709868244152,0.791894852135816
0.19440709868244152,0.7927631578947368
0.19413820919602043,0.7925356750823271
0.19386931970959936,0.7923076923076923
0.19360043022317827,0.7920792079207921
0.19306265125033611,0.7916207276736494
0.19279376176391502,0.7913907284768212
0.19252487227749396,0.7911602209944751
0.19225598279107287,0.790929203539823
0.19225598279107287,0.7918050941306756
0.19225598279107287,0.7926829268292683
0.1919870933046518,0.7924528301886793
0.1917182038182307,0.7922222222222223
0.1917182038182307,0.7931034482758621
0.19144931433180962,0.7928730512249443
0.19118042484538855,0.7926421404682275
0.19091153535896746,0.7924107142857143
0.1906426458725464,0.7921787709497207
0.1903737563861253,0.7919463087248322
0.1901048668997042,0.7917133258678611
0.18956708792686205,0.7912457912457912
0.18956708792686205,0.7921348314606742
0.18956708792686205,0.7930258717660292
0.189298198440441,0.7927927927927928
0.1890293089540199,0.7925591882750845
0.1890293089540199,0.7934537246049661
0.1890293089540199,0.7952488687782805
0.1890293089540199,0.796149490373726
0.1890293089540199,0.7970521541950113
0.1887604194675988,0.7968217934165721
0.1887604194675988,0.7986348122866894
0.18849152998117774,0.7984054669703873
0.18822264049475665,0.798175598631699
0.18795375100833558,0.797945205479452
0.1876848615219145,0.7977142857142857
0.1876848615219145,0.7986270022883295
0.1874159720354934,0.7983963344788088
0.18714708254907234,0.7981651376146789
0.18687819306265124,0.7979334098737084
0.18660930357623018,0.7977011494252874
0.18660930357623018,0.7986191024165707
0.1863404140898091,0.7983870967741935
0.186071524603388,0.798154555940023
0.186071524603388,0.7990762124711316
0.18580263511696693,0.7988439306358381
0.18580263511696693,0.7997685185185185
0.18580263511696693,0.8016241299303944
0.18580263511696693,0.8025551684088269
0.18553374563054584,0.8023255813953488
0.18526485614412477,0.8020954598370198
0.18499596665770368,0.8018648018648019
0.18499596665770368,0.8028004667444574
0.18499596665770368,0.8037383177570093
0.18499596665770368,0.8046783625730994
0.18472707717128262,0.8044496487119438
0.18445818768486152,0.8042203985932005
0.18445818768486152,0.8051643192488263
0.18418929819844043,0.8049353701527615
0.18392040871201937,0.8047058823529412
0.18365151922559828,0.8044758539458187
0.1833826297391772,0.8042452830188679
0.18311374025275612,0.8040141676505312
0.18284485076633503,0.8037825059101655
0.18284485076633503,0.8047337278106509
0.18257596127991396,0.8045023696682464
0.18230707179349287,0.8042704626334519
0.18230707179349287,0.8052256532066508
0.1820381823070718,0.805952380952381
0.1820381823070718,0.8069129916567342
0.1817692928206507,0.8066825775656324
0.1817692928206507,0.8076463560334528
0.1817692928206507,0.8086124401913876
0.18150040333422962,0.8083832335329342
0.18150040333422962,0.8093525179856115
0.18123151384780856,0.8091236494597839
0.18096262436138746,0.8088942307692307
0.1806937348749664,0.8086642599277978
0.1804248453885453,0.808433734939759
0.1804248453885453,0.8094089264173703
0.1804248453885453,0.8103864734299517
0.1804248453885453,0.81136638452237
0.1804248453885453,0.8123486682808717
0.18015595590212422,0.8121212121212121
0.18015595590212422,0.8131067961165048
0.17988706641570315,0.8128797083839611
0.17961817692928206,0.8126520681265207
0.17961817692928206,0.8136419001218027
0.179349287442861,0.8134146341463414
0.179349287442861,0.8144078144078144
0.179349287442861,0.815403422982885
0.179349287442861,0.8164014687882497
0.1788115084700188,0.8159509202453987
0.17854261898359775,0.8157248157248157
0.17827372949717665,0.8154981549815498
0.1780048400107556,0.8152709359605911
0.1777359505243345,0.815043156596794
0.1777359505243345,0.8160493827160494
0.1777359505243345,0.8170580964153276
0.1774670610379134,0.8168316831683168
0.1774670610379134,0.8178438661710037
0.17719817155149234,0.8176178660049628
0.17719817155149234,0.8186335403726708
0.17692928206507125,0.818407960199005
0.17692928206507125,0.8194271481942715
0.17666039257865018,0.8192019950124688
0.1763915030922291,0.818976279650437
0.1763915030922291,0.82
0.1763915030922291,0.8210262828535669
0.1763915030922291,0.8220551378446115
0.17612261360580803,0.821831869510665
0.17585372411938693,0.821608040201005
0.17558483463296584,0.8213836477987422
0.17531594514654478,0.8211586901763224
0.17504705566012368,0.8209331651954602
0.17477816617370262,0.8207070707070707
0.17477816617370262,0.8217446270543616
0.17477816617370262,0.8227848101265823
0.17450927668728153,0.8225602027883396
0.17450927668728153,0.8236040609137056
0.17450927668728153,0.8246505717916137
0.17424038720086044,0.8244274809160306
0.17397149771443937,0.824203821656051
0.17370260822801828,0.8239795918367347
0.17343371874159721,0.8237547892720306
0.17316482925517612,0.8235294117647058
0.17289593976875503,0.8233034571062741
0.17289593976875503,0.8243589743589743
0.17289593976875503,0.8254172015404364
0.17262705028233397,0.8251928020565553
0.17262705028233397,0.8262548262548263
0.17262705028233397,0.8273195876288659
0.17235816079591287,0.8270967741935484
0.17235816079591287,0.8281653746770026
0.1720892713094918,0.8279430789133247
0.17182038182307072,0.8277202072538861
0.17182038182307072,0.8287937743190662
0.17182038182307072,0.8298701298701299
0.17182038182307072,0.8309492847854356
0.17155149233664962,0.8307291666666666
0.17128260285022856,0.8305084745762712
0.1704759343909653,0.8298429319371727
0.17020704490454422,0.8296199213630406
0.16993815541812315,0.8293963254593176
0.16966926593170206,0.8291721419185283
0.169400376445281,0.8289473684210527
0.169400376445281,0.8300395256916996
0.1691314869588599,0.8298153034300791
0.16886259747243884,0.8295904887714664
0.16859370798601775,0.8293650793650794
0.16832481849959666,0.8291390728476821
0.16832481849959666,0.830238726790451
0.16832481849959666,0.8313413014608234
0.16832481849959666,0.8324468085106383
0.16832481849959666,0.833555259653795
0.1680559290131756,0.8333333333333334
0.1677870395267545,0.8331108144192256
0.1677870395267545,0.8342245989304813
0.1677870395267545,0.8353413654618473
0.16751815004033344,0.8351206434316354
0.16724926055391234,0.8348993288590604
0.16724926055391234,0.8360215053763441
0.16698037106749125,0.8358008075370121
0.1667114815810702,0.8355795148247979
0.1667114815810702,0.8367071524966262
0.1667114815810702,0.8378378378378378
0.1667114815810702,0.8389715832205683
0.1667114815810702,0.8401084010840109
0.1667114815810702,0.841248303934871
0.1667114815810702,0.842391304347826
0.1664425920946491,0.8421768707482993
0.16617370260822803,0.8419618528610354
0.16590481312180694,0.8417462482946794
0.16563592363538585,0.8415300546448088
0.16563592363538585,0.8426812585499316
0.16563592363538585,0.8438356164383561
0.16536703414896478,0.8436213991769548
0.1650981446625437,0.8434065934065934
0.16482925517612262,0.8431911966987621
0.16456036568970153,0.8429752066115702
0.16456036568970153,0.8441379310344828
0.16429147620328044,0.8439226519337016
0.16402258671685938,0.8437067773167358
0.16375369723043828,0.8434903047091413
0.16348480774401722,0.8432732316227461
0.16321591825759613,0.8430555555555556
0.16294702877117503,0.8428372739916551
0.16294702877117503,0.8440111420612814
0.16267813928475397,0.8437935843793585
0.16240924979833288,0.8435754189944135
0.1621403603119118,0.8433566433566434
0.1621403603119118,0.8445378151260504
0.16187147082549072,0.844319775596073
0.16160258133906963,0.8441011235955056
0.16133369185264856,0.8438818565400844
0.16106480236622747,0.8436619718309859
0.1607959128798064,0.843441466854725
0.1607959128798064,0.844632768361582
0.1607959128798064,0.8458274398868458
0.16052702339338532,0.8456090651558074
0.16025813390696425,0.8453900709219858
0.16025813390696425,0.8465909090909091
0.16025813390696425,0.8477951635846372
0.16025813390696425,0.8490028490028491
0.16025813390696425,0.8502139800285307
0.16025813390696425,0.8514285714285714
0.16025813390696425,0.8526466380543634
0.15998924442054316,0.8524355300859598
0.15998924442054316,0.8536585365853658
0.15998924442054316,0.8548850574712644
0.15972035493412207,0.8546762589928057
0.159451465447701,0.8544668587896254
0.159451465447701,0.8556998556998557
0.1591825759612799,0.8554913294797688
0.1591825759612799,0.8567293777134588
0.15891368647485885,0.8565217391304348
0.15864479698843775,0.8563134978229318
0.15837590750201666,0.8561046511627907
0.1581070180155956,0.8558951965065502
0.1578381285291745,0.8556851311953353
0.15756923904275344,0.8554744525547445
0.15756923904275344,0.8567251461988304
0.1567625705834902,0.856093979441997
0.1567625705834902,0.8573529411764705
0.1567625705834902,0.8586156111929307
0.1564936810970691,0.8584070796460177
0.1564936810970691,0.8596750369276218
0.15622479161064803,0.8594674556213018
0.15622479161064803,0.8607407407407407
0.15622479161064803,0.8620178041543026
0.15595590212422694,0.861812778603269
0.15595590212422694,0.8630952380952381
0.15568701263780585,0.8628912071535022
0.15541812315138478,0.8626865671641791
0.15541812315138478,0.8639760837070254
0.1551492336649637,0.8637724550898204
0.1551492336649637,0.8650674662668666
0.15488034417854263,0.8648648648648649
0.15461145469212154,0.8646616541353384
0.15434256520570044,0.8644578313253012
0.15407367571927938,0.8642533936651584
0.15407367571927938,0.8655589123867069
0.1538047862328583,0.8653555219364599
0.15353589674643722,0.8651515151515151
0.15353589674643722,0.866464339908953
0.15326700726001613,0.8662613981762918
0.15299811777359507,0.8660578386605784
0.15272922828717397,0.8658536585365854
0.15246033880075288,0.8656488549618321
0.15219144931433182,0.8654434250764526
0.15219144931433182,0.8667687595712098
0.15219144931433182,0.8680981595092024
0.15165367034148966,0.8676923076923077
0.15138478085506857,0.8674884437596302
0.15138478085506857,0.8688271604938271
0.15111589136864748,0.8686244204018547
0.1508470018822264,0.868421052631579
0.1508470018822264,0.8697674418604651
0.1508470018822264,0.8711180124223602
0.1508470018822264,0.8724727838258165
0.15057811239580532,0.8722741433021807
0.15057811239580532,0.8736349453978159
0.15030922290938425,0.8734375
0.15030922290938425,0.8748043818466353
0.15004033342296316,0.8746081504702194
0.15004033342296316,0.8759811616954474
0.14977144393654207,0.8757861635220126
0.14842699650443666,0.8748019017432647
0.14842699650443666,0.8761904761904762
0.1481581070180156,0.875993640699523
0.1478892175315945,0.8757961783439491
0.14762032804517344,0.8755980861244019
0.14735143855875235,0.8753993610223643
0.14735143855875235,0.8768
0.14708254907233126,0.8766025641025641
0.1468136595859102,0.8764044943820225
0.1465447700994891,0.8762057877813505
0.1465447700994891,0.8776167471819646
0.14627588061306804,0.8774193548387097
0.14600699112664695,0.877221324717286
0.14600699112664695,0.8786407766990292
0.14573810164022585,0.8784440842787682
0.1454692121538048,0.8782467532467533
0.14466254369454154,0.8776508972267537
0.14439365420812048,0.8774509803921569
0.14439365420812048,0.8788870703764321
0.14439365420812048,0.8803278688524591
0.14412476472169938,0.8801313628899836
0.1438558752352783,0.8799342105263158
0.14358698574885723,0.8797364085667215
0.14331809626243613,0.8795379537953796
0.14331809626243613,0.8809917355371901
0.14304920677601507,0.8807947019867549
0.14278031728959398,0.8805970149253731
0.14278031728959398,0.8820598006644518
0.14278031728959398,0.8835274542429284
0.14251142780317289,0.8833333333333333
0.14251142780317289,0.8848080133555927
0.14251142780317289,0.8862876254180602
0.14224253831675182,0.8860971524288107
0.14197364883033073,0.8859060402684564
0.14170475934390966,0.8857142857142857
0.14143586985748857,0.8855218855218855
0.14116698037106748,0.8853288364249579
0.14089809088464642,0.8851351351351351
0.14062920139822532,0.8849407783417935
0.14036031191180426,0.8847457627118644
0.14009142242538317,0.8845500848896435
0.13982253293896207,0.8843537414965986
0.139553643452541,0.8841567291311755
0.139553643452541,0.8856655290102389
0.13928475396611992,0.8854700854700854
0.13928475396611992,0.886986301369863
0.13901586447969885,0.8867924528301887
0.13847808550685667,0.8864027538726333
0.1382091960204356,0.8862068965517241
0.1382091960204356,0.8877374784110535
0.1379403065340145,0.8875432525951558
0.13767141704759345,0.8873483535528596
0.13767141704759345,0.8888888888888888
0.13740252756117236,0.888695652173913
0.13740252756117236,0.8902439024390244
0.1371336380747513,0.8900523560209425
0.1365958591019091,0.8896672504378283
0.13632696961548804,0.8894736842105263
0.13632696961548804,0.8910369068541301
0.13605808012906695,0.8908450704225352
0.13578919064264589,0.890652557319224
0.13578919064264589,0.892226148409894
0.1355203011562248,0.8920353982300885
0.1352514116698037,0.8918439716312057
0.1352514116698037,0.8934280639431617
0.1352514116698037,0.895017793594306
0.1352514116698037,0.8966131907308378
0.13498252218338264,0.8964285714285715
0.13498252218338264,0.8980322003577818
0.13444474321054048,0.8976660682226212
0.1341758537241194,0.8974820143884892
0.1339069642376983,0.8972972972972973
0.1339069642376983,0.8989169675090253
0.13363807475127723,0.8987341772151899
0.13336918526485614,0.8985507246376812
0.13310029577843507,0.8983666061705989
0.13283140629201398,0.8981818181818182
0.13283140629201398,0.8998178506375227
0.13283140629201398,0.9014598540145985
0.1325625168055929,0.9012797074954296
0.1325625168055929,0.9045871559633027
0.1325625168055929,0.90625
0.13229362731917182,0.9060773480662984
0.13229362731917182,0.9077490774907749
0.13202473783275073,0.9075785582255084
0.13202473783275073,0.9092592592592592
0.13175584834632967,0.9090909090909091
0.13148695885990858,0.9089219330855018
0.13121806937348748,0.9087523277467412
0.13121806937348748,0.9104477611940298
0.13094917988706642,0.9102803738317757
0.13041140091422426,0.9099437148217636
0.13014251142780317,0.9097744360902256
0.1298736219413821,0.9096045197740112
0.129604732454961,0.909433962264151
0.12933584296853992,0.9092627599243857
0.12879806399569776,0.9089184060721063
0.12879806399569776,0.9106463878326996
0.12879806399569776,0.9123809523809524
0.1285291745092767,0.9122137404580153
0.1282602850228556,0.9120458891013384
0.12799139553643452,0.9118773946360154
0.12772250605001345,0.9117082533589251
0.12745361656359236,0.9115384615384615
0.12745361656359236,0.9132947976878613
0.12745361656359236,0.915057915057915
0.1271847270771713,0.9148936170212766
0.1269158375907502,0.9147286821705426
0.1258402796450659,0.9140625
0.1258402796450659,0.9158512720156555
0.1255713901586448,0.9156862745098039
0.1255713901586448,0.9174852652259332
0.1255713901586448,0.9192913385826772
0.1255713901586448,0.9211045364891519
0.1253025006722237,0.9209486166007905
0.12503361118580264,0.9207920792079208
0.12503361118580264,0.9226190476190477
0.12476472169938155,0.9224652087475149
0.12449583221296047,0.9223107569721115
0.12449583221296047,0.9241516966067864
0.12422694272653939,0.924
0.12395805324011831,0.9238476953907816
0.12368916375369723,0.9236947791164659
0.12342027426727616,0.9235412474849095
0.12342027426727616,0.9254032258064516
0.12315138478085506,0.9252525252525252
0.12288249529443399,0.9251012145748988
0.12261360580801291,0.9249492900608519
0.12234471632159183,0.9247967479674797
0.12207582683517075,0.924643584521385
0.12180693734874966,0.9244897959183673
0.1212691583759075,0.9241803278688525
0.12100026888948642,0.9240246406570842
0.12073137940306534,0.9238683127572016
0.12046248991664425,0.9237113402061856
0.12019360043022317,0.9235537190082644
0.1199247109438021,0.9233954451345756
0.1199247109438021,0.9253112033195021
0.1199247109438021,0.9272349272349273
0.1199247109438021,0.9291666666666667
0.11965582145738102,0.9290187891440501
0.11965582145738102,0.9309623430962343
0.11965582145738102,0.9329140461215933
0.11938693197095994,0.9327731092436975
0.11911804248453886,0.9326315789473684
0.11911804248453886,0.9365750528541226
0.11884915299811777,0.9364406779661016
0.11831137402527561,0.9361702127659575
0.11804248453885453,0.9360341151385928
0.11777359505243346,0.9358974358974359
0.11777359505243346,0.9379014989293362
0.11777359505243346,0.9399141630901288
0.11750470556601236,0.9397849462365592
0.11723581607959128,0.9396551724137931
0.11723581607959128,0.9416846652267818
0.1169669265931702,0.9415584415584416
0.11669803710674913,0.9414316702819957
0.11642914762032805,0.941304347826087
0.11616025813390696,0.9411764705882353
0.11589136864748588,0.9410480349344978
0.11589136864748588,0.9431072210065645
0.11589136864748588,0.9451754385964912
0.1156224791610648,0.945054945054945
0.11535358967464372,0.9449339207048458
0.11535358967464372,0.9512195121951219
0.11508470018822264,0.9511111111111111
0.11508470018822264,0.9532293986636972
0.11454692121538047,0.9530201342281879
0.1142780317289594,0.952914798206278
0.1142780317289594,0.9550561797752809
0.11400914224253832,0.954954954954955
0.11374025275611724,0.9548532731376975
0.11347136326969616,0.9547511312217195
0.11293358429685399,0.9545454545454546
0.11293358429685399,0.9567198177676538
0.11266469481043291,0.95662100456621
0.11239580532401183,0.9565217391304348
0.11239580532401183,0.9587155963302753
0.11185802635116968,0.9585253456221198
0.11185802635116968,0.9607390300230947
0.11185802635116968,0.9629629629629629
0.11158913686474858,0.962877030162413
0.1113202473783275,0.9627906976744186
0.1113202473783275,0.965034965034965
0.1113202473783275,0.9695550351288056
0.11105135789190643,0.9694835680751174
0.11105135789190643,0.971764705882353
0.11078246840548535,0.9716981132075472
0.11078246840548535,0.9739952718676123
0.11078246840548535,0.976303317535545
0.11051357891906427,0.9762470308788599
0.11051357891906427,0.9785714285714285
0.11024468943264318,0.9785202863961814
0.1099757999462221,0.9784688995215312
0.10970691045980102,0.9784172661870504
0.10943802097337994,0.9783653846153846
0.10916913148695886,0.9783132530120482
0.10890024200053777,0.9782608695652174
0.1086313525141167,0.9782082324455206
0.1086313525141167,0.9805825242718447
0.1086313525141167,0.9829683698296837
0.10836246302769562,0.9829268292682927
0.10809357354127454,0.9828850855745721
0.10782468405485346,0.9828431372549019
0.10755579456843238,0.9828009828009828
0.10728690508201129,0.9827586206896551
0.10701801559559021,0.9827160493827161
0.10674912610916913,0.9826732673267327
0.10648023662274805,0.9826302729528535
0.10621134713632698,0.9825870646766169
0.10594245764990588,0.9825436408977556
0.1056735681634848,0.9825
0.10540467867706373,0.9824561403508771
0.10513578919064265,0.9824120603015075
0.10486689970422157,0.982367758186398
0.10459801021780048,0.9823232323232324
0.1043291207313794,0.9822784810126582
0.10406023124495832,0.9822335025380711
0.10379134175853724,0.9821882951653944
0.10352245227211616,0.9821428571428571
0.10325356278569509,0.9820971867007673
0.102984673299274,0.982051282051282
0.10271578381285291,0.9820051413881749
0.10244689432643184,0.9819587628865979
0.10217800484001076,0.9819121447028424
0.10217800484001076,0.9844559585492227
0.10190911535358968,0.9844155844155844
0.10190911535358968,0.9869791666666666
0.10164022586716859,0.9869451697127938
0.10110244689432643,0.9868766404199475
0.10083355740790535,0.9868421052631579
0.10083355740790535,0.9894459102902374
0.10083355740790535,0.9920634920634921
0.10083355740790535,0.9973404255319149
0.10056466792148427,0.9973333333333333
0.1002957784350632,0.9973262032085561
0.1000268889486421,0.9973190348525469
0.1000268889486421,1.0
0.09975799946222103,1.0
0.09948910997579995,1.0
0.09922022048937887,1.0
0.09895133100295779,1.0
0.0986824415165367,1.0
0.09814466254369454,1.0
0.09787577305727346,1.0
0.09760688357085238,1.0
0.09733799408443129,1.0
0.09706910459801021,1.0
0.09680021511158914,1.0
0.09653132562516806,1.0
0.09626243613874698,1.0
0.0959935466523259,1.0
0.09545576767948373,1.0
0.09518687819306265,1.0
0.09491798870664157,1.0
0.09249798332885184,1.0
0.09222909384243076,1.0
0.09196020435600968,1.0
0.0916913148695886,1.0
0.09061575692390428,1.0
0.08819575154611455,1.0
0.08792686205969347,1.0
0.08765797257327239,1.0
0.08631352514116698,1.0
0.08523796719548266,1.0
0.08281796181769292,1.0
0.08201129335842969,1.0
0.08174240387200861,1.0
0.08093573541274536,1.0
0.07986017746706103,1.0
0.07690239311642914,1.0
0.06991126646948104,1.0
0.06560903468674374,1.0
0.0648023662274805,1.0
0.05969346598547997,1.0
0.05727346060769024,1.0
0.04409787577305727,1.0
0.04033342296316214,1.0
0.031191180424845387,1.0
0.027426727614950255,1.0
0.024737832750739448,1.0
0.022317827372949718,1.0
0.02016671148158107,1.0
0.01747781661737026,1.0
0.01720892713094918,1.0
0.015057811239580532,1.0
0.012368916375369724,1.0
0.007797795106211347,1.0
0.0,1.0
