recall,precision
1.0,0.3188169738534076
1.0,0.32749207467418107
1.0,0.327520915896081
1.0,0.3275497621983442
1.0,0.32757861358231305
1.0,0.3276074700493305
1.0,0.32763633160074
1.0,0.3276651982378855
1.0,0.3276940699621112
1.0,0.32772294677476205
1.0,0.3277518286771834
1.0,0.327780715670721
1.0,0.327809607756721
1.0,0.32783850493653033
1.0,0.3278674072114961
1.0,0.327896314582966
1.0,0.32792522705228816
1.0,0.3279541446208113
1.0,0.32798306728988447
0.9997311105135789,0.32792379608396544
0.9997311105135789,0.32795272117844226
0.9997311105135789,0.32798165137614677
0.9997311105135789,0.32801058667842964
0.9997311105135789,0.32803952708664197
0.9997311105135789,0.32806847260213534
0.9997311105135789,0.3280974232262619
0.9997311105135789,0.3281263789603742
0.9997311105135789,0.32815533980582523
0.9997311105135789,0.32818430576396856
0.9994622210271579,0.328125
0.9994622210271579,0.3281539683941026
0.9994622210271579,0.32818294190358466
0.9994622210271579,0.3282119205298013
0.9994622210271579,0.32824090427410807
0.9994622210271579,0.328269893137861
0.9994622210271579,0.32829888712241656
0.9994622210271579,0.3283278862291317
0.9994622210271579,0.32835689045936395
0.9994622210271579,0.32838589981447125
0.9994622210271579,0.328414914295812
0.9994622210271579,0.3284439339047451
0.9994622210271579,0.32847295864262993
0.9994622210271579,0.32850198851082635
0.9994622210271579,0.32853102351069474
0.9994622210271579,0.32856006364359586
0.9994622210271579,0.3285891089108911
0.9994622210271579,0.32861815931394217
0.9994622210271579,0.3286472148541114
0.9994622210271579,0.3286762755327615
0.9994622210271579,0.32870534135125573
0.9994622210271579,0.3287344123109578
0.9994622210271579,0.3287634884132319
0.9994622210271579,0.3287925696594427
0.9994622210271579,0.3288216560509554
0.9994622210271579,0.32885074758913563
0.9994622210271579,0.3288798442753495
0.9994622210271579,0.3289089461109636
0.9994622210271579,0.32893805309734514
0.9994622210271579,0.32896716523586156
0.9991933315407368,0.3289077712869534
0.9991933315407368,0.32893688589891124
0.9991933315407368,0.32896600566572237
0.9991933315407368,0.32899513058875607
0.9991933315407368,0.32902426066938195
0.9991933315407368,0.32905339590897015
0.9991933315407368,0.3290825363088912
0.9991933315407368,0.3291116818705163
0.9991933315407368,0.329140832595217
0.9991933315407368,0.3291699884843653
0.9991933315407368,0.3291991495393338
0.9991933315407368,0.3292283157614955
0.9991933315407368,0.32925748715222397
0.9991933315407368,0.3292866637128932
0.9991933315407368,0.3293158454448777
0.9991933315407368,0.3293450323495524
0.9991933315407368,0.32937422442829284
0.9991933315407368,0.32940342168247494
0.9991933315407368,0.3294326241134752
0.9991933315407368,0.32946183172267046
0.9991933315407368,0.3294910445114382
0.9991933315407368,0.32952026248115635
0.9991933315407368,0.32954948563320324
0.9991933315407368,0.3295787139689579
0.9991933315407368,0.32960794748979955
0.9991933315407368,0.32963718619710813
0.9991933315407368,0.32966643009226404
0.9991933315407368,0.32969567917664805
0.9991933315407368,0.3297249334516415
0.9991933315407368,0.32975419291862634
0.9991933315407368,0.32978345757898475
0.9991933315407368,0.32981272743409956
0.9991933315407368,0.32984200248535417
0.9991933315407368,0.32987128273413224
0.9991933315407368,0.3299005681818182
0.9991933315407368,0.3299298588297967
0.9991933315407368,0.329959154679453
0.9991933315407368,0.329988455732173
0.9991933315407368,0.3300177619893428
0.9991933315407368,0.33004707345234924
0.9991933315407368,0.3300763901225795
0.9991933315407368,0.33010571200142136
0.9991933315407368,0.330135039090263
0.9991933315407368,0.3301643713904931
0.9991933315407368,0.33019370890350097
0.9991933315407368,0.3302230516306763
0.9991933315407368,0.3302817527330904
0.9991933315407368,0.3303111111111111
0.9991933315407368,0.330340474708863
0.9991933315407368,0.33036984352773824
0.9991933315407368,0.33039921756912954
0.9991933315407368,0.33042859683443004
0.9991933315407368,0.33045798132503335
0.9991933315407368,0.33048737104233367
0.9991933315407368,0.33051676598772567
0.9991933315407368,0.3305461661626045
0.9991933315407368,0.3305755715683658
0.9991933315407368,0.3306049822064057
0.9991933315407368,0.33063439807812084
0.9991933315407368,0.33066381918490834
0.9991933315407368,0.33069324552816587
0.9991933315407368,0.33072267710929154
0.9991933315407368,0.330752113929684
0.9991933315407368,0.3307815559907424
0.9991933315407368,0.3308110032938663
0.9991933315407368,0.33084045584045585
0.9991933315407368,0.33086991363191165
0.9991933315407368,0.3308993766696349
0.9991933315407368,0.33092884495502717
0.9991933315407368,0.33095831848949053
0.9991933315407368,0.33098779727442773
0.9991933315407368,0.33101728131124175
0.9991933315407368,0.3310467706013363
0.9991933315407368,0.3310762651461155
0.9991933315407368,0.33110576494698385
0.9991933315407368,0.33113527000534665
0.9991933315407368,0.3311647803226094
0.9991933315407368,0.33119429590017824
0.9991933315407368,0.33122381673945983
0.9991933315407368,0.3312533428418613
0.9991933315407368,0.3312828742087902
0.9991933315407368,0.3313124108416548
0.9991933315407368,0.33134195274186357
0.9991933315407368,0.33137149991082576
0.9991933315407368,0.33140105234995093
0.9991933315407368,0.3314306100606493
0.9991933315407368,0.33146017304433145
0.9991933315407368,0.33148974130240855
0.9991933315407368,0.33151931483629227
0.9991933315407368,0.3315488936473947
0.9991933315407368,0.33157847773712856
0.9991933315407368,0.331608067106907
0.9991933315407368,0.3316376617581437
0.9991933315407368,0.33166726169225275
0.9991933315407368,0.3316968669106489
0.9989244420543156,0.33163720764149257
0.9989244420543156,0.3316668154629051
0.9989244420543156,0.33169642857142856
0.9989244420543156,0.33172604696847935
0.9989244420543156,0.3317556706554742
0.9989244420543156,0.33178529963383047
0.9989244420543156,0.3318149339049661
0.9989244420543156,0.3318445734702992
0.9989244420543156,0.33187421833124886
0.9989244420543156,0.33190386848923437
0.9989244420543156,0.3319335239456755
0.9989244420543156,0.33196318470199265
0.9989244420543156,0.3320225221199392
0.9989244420543156,0.3320521987844119
0.9989244420543156,0.3320818807544471
0.9989244420543156,0.3321115680314679
0.9989244420543156,0.33214126061689764
0.9989244420543156,0.3321709585121602
0.9989244420543156,0.3322006617186801
0.9989244420543156,0.3322303702378823
0.9989244420543156,0.3322600840711922
0.9989244420543156,0.33228980322003576
0.9989244420543156,0.3323195276858395
0.9989244420543156,0.3323492574700304
0.9989244420543156,0.33237899257403597
0.9989244420543156,0.3324087329992842
0.9989244420543156,0.33243847874720356
0.9989244420543156,0.3324682298192232
0.9989244420543156,0.33249798621677257
0.9989244420543156,0.33252774794128176
0.9989244420543156,0.33255751499418135
0.9989244420543156,0.3325872873769024
0.9989244420543156,0.3326170650908765
0.9989244420543156,0.3326468481375358
0.9989244420543156,0.33267663651831286
0.9989244420543156,0.33270643023464086
0.9989244420543156,0.33273622928795343
0.9989244420543156,0.3327660336796847
0.9989244420543156,0.3327958434112694
0.9989244420543156,0.33282565848414264
0.9989244420543156,0.33285547889974015
0.9989244420543156,0.3328853046594982
0.9989244420543156,0.3329151357648535
0.9989244420543156,0.33294497221724323
0.9989244420543156,0.33297481401810525
0.9989244420543156,0.3330046611688777
0.9989244420543156,0.33303451367099957
0.9989244420543156,0.33306437152591
0.9989244420543156,0.33309423473504884
0.9989244420543156,0.33312410329985653
0.9989244420543156,0.3331539772217738
0.9989244420543156,0.33321374114270336
0.9989244420543156,0.3332436311445999
0.9989244420543156,0.3332735265093747
0.9989244420543156,0.3333034272384712
0.9989244420543156,0.3333333333333333
0.9989244420543156,0.3333632447954056
0.9989244420543156,0.33339316162613297
0.9989244420543156,0.33342308382696106
0.9989244420543156,0.3334530113993358
0.9989244420543156,0.33348294434470377
0.9989244420543156,0.33351288266451207
0.9989244420543156,0.3335428263602083
0.9989244420543156,0.33357277543324054
0.9989244420543156,0.33360272988505746
0.9989244420543156,0.33363268971710824
0.9989244420543156,0.33366265493084246
0.9989244420543156,0.3337226015091628
0.9989244420543156,0.33375258287665077
0.9989244420543156,0.3337825696316262
0.9989244420543156,0.33381256177554136
0.9989244420543156,0.333842559309849
0.9989244420543156,0.33387256223600253
0.9989244420543156,0.3339025705554557
0.9989244420543156,0.33393258426966294
0.9989244420543156,0.3339626033800791
0.9989244420543156,0.33399262788815964
0.9989244420543156,0.33402265779536056
0.9989244420543156,0.33405269310313823
0.9989244420543156,0.3340827338129496
0.9989244420543156,0.3341127799262524
0.9989244420543156,0.3341428314445044
0.9989244420543156,0.33417288836916437
0.9989244420543156,0.33420295070169126
0.9989244420543156,0.33423301844354475
0.9989244420543156,0.334263091596185
0.9989244420543156,0.33429317016107263
0.9989244420543156,0.33432325413966885
0.9989244420543156,0.3343533435334353
0.9989244420543156,0.3343834383438344
0.9989244420543156,0.33441353857232875
0.9989244420543156,0.3344436442203817
0.9989244420543156,0.3344737552894571
0.9989244420543156,0.33450387178101926
0.9989244420543156,0.3345339936965331
0.9989244420543156,0.33456412103746397
0.9989244420543156,0.33459425380527785
0.9989244420543156,0.3346243920014412
0.9986555525678946,0.33456445365282406
0.9986555525678946,0.3345945945945946
0.9983866630814735,0.33453464276060907
0.9983866630814735,0.33456478644800863
0.9983866630814735,0.3345949355681716
0.9983866630814735,0.3346250901225667
0.9983866630814735,0.33465525011266334
0.9983866630814735,0.3346854155399315
0.9983866630814735,0.33471558640584154
0.9983866630814735,0.3347457627118644
0.9983866630814735,0.3347759444594716
0.9983866630814735,0.33480613165013523
0.9983866630814735,0.3348363242853278
0.9983866630814735,0.33486652236652237
0.9981177735950524,0.3348065301704699
0.9981177735950524,0.33483673101208733
0.9981177735950524,0.33486693730266126
0.9981177735950524,0.3348971490436665
0.9981177735950524,0.33492736623657854
0.9981177735950524,0.33495758888287314
0.9981177735950524,0.3349878169840267
0.9981177735950524,0.33501805054151623
0.9981177735950524,0.3350482895568192
0.9981177735950524,0.33507853403141363
0.9981177735950524,0.335108783966778
0.9981177735950524,0.3351390393643915
0.9981177735950524,0.33516930022573366
0.9981177735950524,0.3351995665522846
0.9981177735950524,0.33522983834552517
0.9981177735950524,0.3352601156069364
0.9981177735950524,0.3352903983380002
0.9978488841086314,0.33523035230352305
0.9978488841086314,0.3352606378173277
0.9978488841086314,0.3352909288037586
0.9978488841086314,0.33532122526429925
0.9978488841086314,0.3353818346136466
0.9978488841086314,0.335412147505423
0.9978488841086314,0.33544246587724846
0.9978488841086314,0.3354727897306093
0.9978488841086314,0.33550311906699215
0.9978488841086314,0.33553345388788425
0.9978488841086314,0.3355637941947735
0.9978488841086314,0.3355941399891481
0.9975799946222103,0.3355340508275301
0.9975799946222103,0.3355643994211288
0.9975799946222103,0.3355947535052013
0.9975799946222103,0.3356554781507283
0.9975799946222103,0.33568584871516466
0.9975799946222103,0.33571622477603835
0.9975799946222103,0.3357466063348416
0.9975799946222103,0.33577699339306727
0.9975799946222103,0.33580738595220855
0.9975799946222103,0.3358377840137594
0.9975799946222103,0.3358681875792142
0.9973111051357892,0.33580805794477137
0.9970422156493681,0.3357479174212242
0.9970422156493681,0.33577832110839445
0.9970422156493681,0.33580873030248143
0.9970422156493681,0.3358391450049814
0.9970422156493681,0.3358695652173913
0.9970422156493681,0.3358999909412084
0.9970422156493681,0.3359304221779308
0.9970422156493681,0.3359608589290568
0.9970422156493681,0.33599130119608556
0.996773326162947,0.3359311282283643
0.996773326162947,0.3359615733188327
0.996504436676526,0.3359013867488444
0.996504436676526,0.33593183466279913
0.996504436676526,0.33596228809718065
0.996504436676526,0.33599274705349047
0.996504436676526,0.33602321153323056
0.996504436676526,0.3361451247165533
0.996504436676526,0.3361756168359942
0.996504436676526,0.33620611448788895
0.996504436676526,0.3362366176737434
0.996504436676526,0.33626712639506395
0.996504436676526,0.33629764065335754
0.996504436676526,0.3363281604501316
0.996504436676526,0.33635868578689415
0.996504436676526,0.33638921666515387
0.996504436676526,0.33641975308641975
0.996504436676526,0.33645029505220153
0.996504436676526,0.33648084256400945
0.996504436676526,0.3365113956233542
0.996504436676526,0.3365419542317472
0.996504436676526,0.3365725183907002
0.996504436676526,0.3366030881017257
0.996504436676526,0.33663366336633666
0.996504436676526,0.3366642441860465
0.996504436676526,0.3366948305623694
0.996504436676526,0.3367254224968199
0.996504436676526,0.3367560199909132
0.996504436676526,0.336786623046165
0.996504436676526,0.3368172316640916
0.9962355471901049,0.33675695328122157
0.9962355471901049,0.33684880443676696
0.9962355471901049,0.33687943262411346
0.9962355471901049,0.3369100663817405
0.9962355471901049,0.3369407057111677
0.9962355471901049,0.3369713506139154
0.9962355471901049,0.33700200109150447
0.9962355471901049,0.3370326571454562
0.9962355471901049,0.33706331877729256
0.9962355471901049,0.33709398598853607
0.9962355471901049,0.33712465878070974
0.9962355471901049,0.33715533715533713
0.9959666577036838,0.3370950127411722
0.9959666577036838,0.3371256940020024
0.9959666577036838,0.3371563808483524
0.9959666577036838,0.33718707328174785
0.9959666577036838,0.3372177713037145
0.9959666577036838,0.3372791841194682
0.9956977682172627,0.3372188325289136
0.9956977682172627,0.3372495446265938
0.9956977682172627,0.33728026231897257
0.9956977682172627,0.3373109856075788
0.9956977682172627,0.3373417144939419
0.9956977682172627,0.33737244897959184
0.9956977682172627,0.3374031890660592
0.9956977682172627,0.33743393475487515
0.9956977682172627,0.3374646860475713
0.9956977682172627,0.3374954429456799
0.9956977682172627,0.33752620545073375
0.9956977682172627,0.33755697356426617
0.9956977682172627,0.3375877472878111
0.9956977682172627,0.33764931157107686
0.9956977682172627,0.33768010213386834
0.9956977682172627,0.3377108983128135
0.9956977682172627,0.3377417001094491
0.9956977682172627,0.3377725075253124
0.9956977682172627,0.33780332056194123
0.9956977682172627,0.337834139220874
0.9956977682172627,0.33786496350364964
0.9956977682172627,0.33789579341180764
0.9956977682172627,0.33792662894688813
0.9956977682172627,0.3379574701104317
0.9956977682172627,0.33798831690397957
0.9956977682172627,0.3380191693290735
0.9956977682172627,0.3380500273872558
0.9956977682172627,0.3380808910800694
0.9956977682172627,0.3381117604090577
0.9956977682172627,0.3381426353757648
0.9956977682172627,0.3381735159817352
0.9956977682172627,0.338204402228514
0.9956977682172627,0.3382352941176471
0.9956977682172627,0.33826619165068056
0.9956977682172627,0.3382970948291613
0.9956977682172627,0.33832800365463683
0.9956977682172627,0.338358918128655
0.9956977682172627,0.3383898382527643
0.9956977682172627,0.338420764028514
0.9956977682172627,0.3384516954574536
0.9956977682172627,0.3384826325411335
0.9956977682172627,0.3385135752811043
0.9956977682172627,0.3385445236789175
0.9956977682172627,0.33857547773612506
0.9956977682172627,0.33860643745427943
0.9956977682172627,0.3386374028349337
0.9956977682172627,0.3386683738796415
0.9956977682172627,0.33869935058995704
0.9956977682172627,0.33873033296743504
0.9956977682172627,0.33876132101363093
0.9956977682172627,0.33879231473010063
0.9956977682172627,0.3388233141184006
0.9956977682172627,0.33885431918008785
0.9956977682172627,0.33888532991672005
0.9956977682172627,0.3389163463298554
0.9956977682172627,0.3389473684210526
0.9956977682172627,0.3389783961918711
0.9956977682172627,0.3390094296438707
0.9956977682172627,0.339040468778612
0.9956977682172627,0.3390715135976559
0.9956977682172627,0.3391025641025641
0.9956977682172627,0.3391336202948988
0.9956977682172627,0.33916468217622275
0.9956977682172627,0.3391957497480993
0.9956977682172627,0.33922682301209234
0.9956977682172627,0.33925790196976635
0.9956977682172627,0.3392889866226865
0.9956977682172627,0.3393200769724182
0.9956977682172627,0.33935117302052786
0.9956977682172627,0.3393822747685822
0.9956977682172627,0.3394133822181485
0.9956977682172627,0.33944449537079474
0.9956977682172627,0.3394756142280895
0.9956977682172627,0.3395067387916017
0.9956977682172627,0.3395378690629012
0.9956977682172627,0.339569005043558
0.9956977682172627,0.33960014673514305
0.9956977682172627,0.3396312941392277
0.9956977682172627,0.339662447257384
0.9956977682172627,0.3396936060911843
0.9956977682172627,0.33972477064220186
0.9956977682172627,0.3397559409120103
0.9956977682172627,0.3397871169021839
0.9956977682172627,0.3398182986142975
0.9956977682172627,0.3398494860499266
0.9956977682172627,0.3398806792106471
0.9956977682172627,0.33991187809803564
0.9956977682172627,0.33994308271366935
0.9956977682172627,0.33997429305912596
0.9956977682172627,0.3400055091359838
0.9956977682172627,0.3400367309458219
0.9951599892444205,0.33991550330639236
0.9951599892444205,0.33994672545237437
0.9951599892444205,0.33997795333455816
0.9951599892444205,0.3400091869545246
0.9951599892444205,0.3400404263138552
0.9951599892444205,0.34007167141413214
0.9951599892444205,0.34010292225693806
0.9951599892444205,0.34013417884385627
0.9951599892444205,0.3401654411764706
0.9951599892444205,0.34019670925636547
0.9951599892444205,0.3402279830851259
0.9951599892444205,0.3402592626643376
0.9951599892444205,0.3402905479955866
0.9951599892444205,0.34032183908045976
0.9951599892444205,0.3403531359205444
0.9951599892444205,0.34041574687270054
0.9951599892444205,0.3404470609879496
0.9951599892444205,0.3404783808647654
0.9951599892444205,0.3405097065047382
0.9951599892444205,0.34054103790945894
0.9951599892444205,0.340572375080519
0.9951599892444205,0.3406037180195104
0.9951599892444205,0.3406350667280258
0.9951599892444205,0.34066642120765833
0.9951599892444205,0.34069778146000185
0.9951599892444205,0.34072914748665073
0.9948910997579995,0.340668446736028
0.9948910997579995,0.3406998158379374
0.9948910997579995,0.3407311907173773
0.9948910997579995,0.340762571375944
0.9948910997579995,0.3407939578152344
0.9948910997579995,0.340825350036846
0.9948910997579995,0.3408567480423768
0.9948910997579995,0.34088815183342547
0.9948910997579995,0.34091956141159124
0.9948910997579995,0.340950976778474
0.9948910997579995,0.34098239793567414
0.9948910997579995,0.34101382488479265
0.9948910997579995,0.3410452576274311
0.9948910997579995,0.34107669616519176
0.9948910997579995,0.3411081404996773
0.9948910997579995,0.3411395906324912
0.9948910997579995,0.34117104656523745
0.9948910997579995,0.3412025082995205
0.9948910997579995,0.3412339758369455
0.9948910997579995,0.3412654491791182
0.9948910997579995,0.3412969283276451
0.9948910997579995,0.3413284132841328
0.9948910997579995,0.3413599040501891
0.9948910997579995,0.341391400627422
0.9948910997579995,0.34142290301744027
0.9948910997579995,0.3414544112218531
0.9948910997579995,0.3414859252422704
0.9948910997579995,0.34151744508030274
0.9948910997579995,0.34154897073756113
0.9948910997579995,0.34158050221565733
0.9948910997579995,0.3416120395162035
0.9948910997579995,0.34164358264081257
0.9948910997579995,0.34167513159109797
0.9946222102715784,0.3416143332101958
0.9946222102715784,0.3416774431923148
0.9946222102715784,0.34170900692840644
0.9946222102715784,0.34174057649667405
0.9946222102715784,0.34177215189873417
0.9946222102715784,0.34180373313620405
0.9946222102715784,0.3418353202107014
0.9946222102715784,0.3418669131238447
0.9946222102715784,0.341898511877253
0.9946222102715784,0.34193011647254573
0.9946222102715784,0.34196172691134324
0.9946222102715784,0.34199334319526625
0.9946222102715784,0.3420249653259362
0.9946222102715784,0.342056593304975
0.9946222102715784,0.3420882271340054
0.9943533207851573,0.34202737698853125
0.9943533207851573,0.3420590139672556
0.9943533207851573,0.34209065679925993
0.9943533207851573,0.34212230548616895
0.9943533207851573,0.3421539600296077
0.9943533207851573,0.342185620431202
0.9940844312987362,0.3421247455117527
0.9940844312987362,0.34215640906987504
0.9940844312987362,0.3421880784894484
0.9940844312987362,0.34221975377210034
0.9940844312987362,0.34225143491945936
0.9940844312987362,0.34228312193315436
0.9940844312987362,0.3423148148148148
0.9940844312987362,0.34234651356607093
0.9940844312987362,0.34237821818855346
0.9940844312987362,0.3424099286838937
0.9940844312987362,0.3424416450537236
0.9940844312987362,0.34247336729967576
0.9940844312987362,0.34250509542338337
0.9940844312987362,0.3425368294264801
0.9940844312987362,0.3425685693106004
0.9940844312987362,0.3426003150773793
0.9940844312987362,0.34263206672845226
0.9940844312987362,0.34266382426545555
0.9940844312987362,0.34269558769002595
0.9940844312987362,0.34272735700380086
0.9940844312987362,0.3427591322084183
0.9940844312987362,0.3427909133055169
0.9940844312987362,0.3428227002967359
0.9940844312987362,0.3428544931837151
0.9940844312987362,0.34288629196809495
0.9940844312987362,0.3429499072356215
0.9940844312987362,0.34298172372205216
0.9940844312987362,0.34304537440846244
0.9940844312987362,0.34307720861172974
0.9940844312987362,0.3431090487238979
0.9940844312987362,0.3431408947466122
0.9940844312987362,0.3431727466815186
0.9940844312987362,0.34320460453026364
0.9940844312987362,0.3432364682944945
0.9940844312987362,0.3432683379758589
0.9940844312987362,0.3433002135760052
0.9940844312987362,0.34333209509658247
0.9940844312987362,0.3433639825392403
0.9940844312987362,0.3433958759056288
0.9940844312987362,0.343427775197399
0.9940844312987362,0.3434596804162022
0.9940844312987362,0.3434915915636904
0.9940844312987362,0.34352350864151643
0.9940844312987362,0.3435554316513335
0.9940844312987362,0.34358736059479555
0.9940844312987362,0.343619295473557
0.9940844312987362,0.3436512362892731
0.9940844312987362,0.3436831830435995
0.9940844312987362,0.3437151357381926
0.9940844312987362,0.34377905895480754
0.9940844312987362,0.34384300595238093
0.9940844312987362,0.343906976744186
0.9940844312987362,0.343938971067076
0.9940844312987362,0.3439709713435058
0.9940844312987362,0.34400297757513726
0.9940844312987362,0.344034989763633
0.9940844312987362,0.34406700791065614
0.9940844312987362,0.34409903201787045
0.9940844312987362,0.34413106208694033
0.9940844312987362,0.34416309811953083
0.9940844312987362,0.3443233677936109
0.9940844312987362,0.3443554396423249
0.9940844312987362,0.344387517466232
0.9938155418123151,0.34432643935159307
0.9938155418123151,0.34435852045094567
0.9938155418123151,0.34439060752888556
0.9938155418123151,0.34442270058708413
0.9938155418123151,0.3444547996272134
0.9938155418123151,0.34448690465094606
0.9938155418123151,0.34451901565995524
0.9938155418123151,0.34455113265591497
0.9938155418123151,0.34458325564049974
0.9938155418123151,0.3446153846153846
0.9938155418123151,0.34464751958224543
0.9938155418123151,0.34467966054275856
0.9938155418123151,0.34471180749860103
0.9938155418123151,0.34474396045145045
0.993546652325894,0.34468283582089554
0.993546652325894,0.3447149920701558
0.993546652325894,0.34474715431983577
0.993546652325894,0.3447793225716152
0.993546652325894,0.3448114968271743
0.993546652325894,0.34484367708819413
0.993546652325894,0.34487586335635617
0.993546652325894,0.34490805563334265
0.993546652325894,0.34494025392083644
0.993546652325894,0.34497245822052097
0.993546652325894,0.3450046685340803
0.993546652325894,0.34503688486319917
0.993546652325894,0.34506910720956296
0.993546652325894,0.34510133557485756
0.993277762839473,0.34504016439379787
0.993277762839473,0.34507239607659973
0.9930088733530519,0.3450112107623318
0.9930088733530519,0.3450434457628702
0.9930088733530519,0.3450756867875164
0.9930088733530519,0.34510793383795907
0.9930088733530519,0.3451401869158878
0.9930088733530519,0.3451724460229928
0.9930088733530519,0.3452047111609647
0.9930088733530519,0.34526925953627524
0.9930088733530519,0.3453015427769986
0.9930088733530519,0.34533383205535817
0.9930088733530519,0.3453661273730478
0.9930088733530519,0.34543073613319614
0.9930088733530519,0.34546304957904583
0.9930088733530519,0.3454953690710076
0.9930088733530519,0.3455276946107784
0.9930088733530519,0.34556002620005616
0.9930088733530519,0.34559236384053904
0.9930088733530519,0.34562470753392605
0.9924710943802098,0.34550219975662266
0.9924710943802098,0.3455345440928665
0.9924710943802098,0.34556689448553507
0.9924710943802098,0.3455992509363296
0.9924710943802098,0.345631613446952
0.9924710943802098,0.3456639820191047
0.9924710943802098,0.34569635665449094
0.9924710943802098,0.3457287373548145
0.9924710943802098,0.34576112412177984
0.9924710943802098,0.345793516957092
0.9924710943802098,0.34582591586245665
0.9924710943802098,0.34585832083958024
0.9924710943802098,0.3458907318901696
0.9924710943802098,0.3459231490159325
0.9924710943802098,0.3459555722185772
0.9924710943802098,0.3459880014998125
0.9924710943802098,0.3460204368613481
0.9924710943802098,0.3460853258321613
0.9922022048937886,0.34602400600150035
0.9922022048937886,0.3460564569070618
0.9922022048937886,0.34608891389983115
0.9922022048937886,0.34612137698152146
0.9922022048937886,0.34618632141851957
0.9922022048937886,0.34621880277725653
0.9922022048937886,0.34625129023177253
0.9922022048937886,0.34628378378378377
0.9922022048937886,0.34631628343500703
0.9922022048937886,0.3463487891871598
0.9922022048937886,0.34638130104196
0.9922022048937886,0.34641381900112656
0.9922022048937886,0.3464463430663787
0.9922022048937886,0.3464788732394366
0.9922022048937886,0.34651140952202086
0.9922022048937886,0.34654395191585274
0.9922022048937886,0.34657650042265425
0.9922022048937886,0.34683710875082246
0.9922022048937886,0.34686971235194586
0.9922022048937886,0.34690232208329413
0.9922022048937886,0.34693493794659647
0.9922022048937886,0.3469675599435825
0.9922022048937886,0.3470001880759827
0.9922022048937886,0.34703282234552807
0.9922022048937886,0.34706546275395034
0.9922022048937886,0.34709810930298185
0.9922022048937886,0.3471307619943556
0.9922022048937886,0.3471634208298052
0.9922022048937886,0.3471960858110651
0.9922022048937886,0.34722875693987015
0.9922022048937886,0.34726143421795597
0.9922022048937886,0.3472941176470588
0.9922022048937886,0.3473268072289157
0.9919333154073676,0.3472653675986068
0.9919333154073676,0.34729806062888346
0.9919333154073676,0.3473307598154599
0.9919333154073676,0.3473634651600753
0.9919333154073676,0.34739617666446937
0.9919333154073676,0.3474288943303824
0.9919333154073676,0.34746161815955545
0.9919333154073676,0.3474943481537302
0.9919333154073676,0.34752708431464907
0.9919333154073676,0.34755982664405505
0.9916644259209465,0.34749835107886556
0.9916644259209465,0.34756384883611346
0.9916644259209465,0.3475966069745523
0.9916644259209465,0.3476293712885286
0.9916644259209465,0.3476621417797888
0.9916644259209465,0.34769491845008016
0.9916644259209465,0.34772770130115027
0.9916644259209465,0.34776049033474776
0.9916644259209465,0.3477932855526217
0.9913955364345254,0.347731774026219
0.9913955364345254,0.3477645727221279
0.9913955364345254,0.34779737760588625
0.9913955364345254,0.34783018867924526
0.9913955364345254,0.34786300594395697
0.9913955364345254,0.34789582940177394
0.9911266469481044,0.34783429272435595
0.9911266469481044,0.34786711966779915
0.9911266469481044,0.3478999528079283
0.9911266469481044,0.347932792146498
0.9911266469481044,0.34796563768526384
0.9911266469481044,0.3479984894259819
0.9911266469481044,0.34803134737040886
0.9911266469481044,0.34806421152030215
0.9911266469481044,0.34809708187741994
0.9911266469481044,0.34812995844352096
0.9911266469481044,0.3481628412203646
0.9911266469481044,0.34819573020971095
0.9911266469481044,0.3482286254133207
0.9911266469481044,0.3482615268329554
0.9911266469481044,0.348294434470377
0.9911266469481044,0.34832734832734835
0.9911266469481044,0.3483602684056327
0.9911266469481044,0.3483931947069943
0.9911266469481044,0.3484261272331978
0.9911266469481044,0.3484590659860087
0.9911266469481044,0.34849201096719296
0.9911266469481044,0.3485249621785174
0.9911266469481044,0.3485579196217494
0.9911266469481044,0.34859088329865706
0.9911266469481044,0.3486238532110092
0.9911266469481044,0.3486568293605751
0.9911266469481044,0.34868981174912494
0.9911266469481044,0.3487228003784295
0.9911266469481044,0.3487557952502602
0.9911266469481044,0.3487887963663891
0.9911266469481044,0.348821803728589
0.9911266469481044,0.3488548173386333
0.9911266469481044,0.34888783719829625
0.9911266469481044,0.3489208633093525
0.9911266469481044,0.3489538956735776
0.9911266469481044,0.3489869342927476
0.9911266469481044,0.34901997916863936
0.9911266469481044,0.3490530303030303
0.9911266469481044,0.34908608769769867
0.9905888679752621,0.34896277351520316
0.9905888679752621,0.3489958317544524
0.9905888679752621,0.3490288962576978
0.9905888679752621,0.3490619670267197
0.9905888679752621,0.34909504406329955
0.9905888679752621,0.3491281273692191
0.9905888679752621,0.349161216946261
0.9903199784888411,0.3490995260663507
0.9903199784888411,0.3491326192056119
0.9903199784888411,0.3491988243102304
0.9903199784888411,0.349231936279158
0.9903199784888411,0.34926505452821244
0.9903199784888411,0.3492981790591806
0.9903199784888411,0.34933130987384997
0.9903199784888411,0.3493644469740087
0.9903199784888411,0.3493975903614458
0.9903199784888411,0.34943074003795066
0.9903199784888411,0.3494638960053136
0.9903199784888411,0.3494970582653255
0.9903199784888411,0.3495302268197779
0.9903199784888411,0.3495634016704632
0.9903199784888411,0.34959658281917416
0.9903199784888411,0.3496297702677046
0.9903199784888411,0.3496629640178487
0.99005108900242,0.3496012153437144
0.9897821995159989,0.34953945494255056
0.9897821995159989,0.34957264957264955
0.9897821995159989,0.34960585050812043
0.9897821995159989,0.3496390577507599
0.9897821995159989,0.34967227130236533
0.9897821995159989,0.3497054911647349
0.9897821995159989,0.34973871733966744
0.9897821995159989,0.34977194982896237
0.9897821995159989,0.34980518863441984
0.9897821995159989,0.34983843375784074
0.9897821995159989,0.3498716852010265
0.9897821995159989,0.34990494296577945
0.9897821995159989,0.34993820705390244
0.9897821995159989,0.3499714774671991
0.9897821995159989,0.3500047542074736
0.9897821995159989,0.350038037276531
0.9897821995159989,0.3500713266761769
0.9897821995159989,0.3501046224082176
0.9897821995159989,0.3501379244744602
0.9897821995159989,0.3501712328767123
0.9897821995159989,0.35020454761678244
0.9897821995159989,0.35023786869647955
0.9897821995159989,0.3502711961176135
0.9897821995159989,0.3503045298819947
0.9897821995159989,0.3503378699914343
0.9897821995159989,0.35037121644774416
0.9897821995159989,0.3504045692527368
0.9897821995159989,0.35043792840822546
0.9897821995159989,0.35050466577794703
0.9897821995159989,0.3505380439958099
0.9897821995159989,0.3505714285714286
0.9897821995159989,0.3506048195066197
0.9897821995159989,0.3506382168032006
0.9897821995159989,0.35067162046298944
0.9897821995159989,0.3507050304878049
0.9897821995159989,0.3507384468794664
0.9897821995159989,0.3507718696397942
0.9897821995159989,0.35080529877060895
0.9897821995159989,0.35083873427373236
0.9897821995159989,0.35087217615098654
0.9897821995159989,0.3509056244041945
0.9897821995159989,0.35093907903517974
0.9897821995159989,0.3509725400457666
0.9897821995159989,0.3510060074377801
0.9897821995159989,0.35103948121304596
0.9897821995159989,0.35107296137339056
0.9897821995159989,0.351106447920641
0.9897821995159989,0.35113994085662503
0.9897821995159989,0.35117344018317115
0.9897821995159989,0.3512069459021086
0.9897821995159989,0.35124045801526715
0.9897821995159989,0.3512739765244775
0.9897821995159989,0.3513075014315709
0.9897821995159989,0.3513410327383793
0.9897821995159989,0.35137457044673537
0.9897821995159989,0.35140811455847254
0.9897821995159989,0.35144166507542485
0.9897821995159989,0.3514752219994271
0.9897821995159989,0.3515759312320917
0.9897821995159989,0.3516095138026555
0.9895133100295779,0.3515475735575086
0.9895133100295779,0.351581159835674
0.9892444205431568,0.3515192050449073
0.9892444205431568,0.3515527950310559
0.9892444205431568,0.35158639143730885
0.9892444205431568,0.35161999426550705
0.9892444205431568,0.35165360351749186
0.9889755310567356,0.35159162603957556
0.9889755310567356,0.3516252390057361
0.9889755310567356,0.3516924842226047
0.9889755310567356,0.351726116477001
0.9887066415703146,0.35166411629686306
0.9887066415703146,0.35173139468146164
0.9887066415703146,0.3517650435281737
0.9887066415703146,0.3517986988136242
0.9887066415703146,0.35183236053966127
0.9887066415703146,0.35189970332089193
0.9887066415703146,0.3519333843797856
0.9887066415703146,0.35196707188666604
0.9887066415703146,0.352000765843385
0.9887066415703146,0.3520681731137495
0.9887066415703146,0.3521356062057077
0.9887066415703146,0.3521693324394215
0.9884377520838935,0.3521072796934866
0.9884377520838935,0.35217474611994637
0.9881688625974724,0.352112676056338
0.9881688625974724,0.35214641625143733
0.9881688625974724,0.35218016291327264
0.9881688625974724,0.3522139160437033
0.9878999731110514,0.3521518259369309
0.9878999731110514,0.3521855828220859
0.9878999731110514,0.3522193461796568
0.9878999731110514,0.35252350796392246
0.9878999731110514,0.35255733614816237
0.9878999731110514,0.3525911708253359
0.9878999731110514,0.3526250119973126
0.9878999731110514,0.3526588596659628
0.9876310836246303,0.35259671690505906
0.9876310836246303,0.3526305683563748
0.9876310836246303,0.3526644263082093
0.9876310836246303,0.3526982907624352
0.9876310836246303,0.35273216172092575
0.9876310836246303,0.3527660391855551
0.9876310836246303,0.3527999231581981
0.9876310836246303,0.3528338136407301
0.9876310836246303,0.35286771063502737
0.9876310836246303,0.35290161414296695
0.9876310836246303,0.35293552416642643
0.9876310836246303,0.35296944070728425
0.9876310836246303,0.35300336376741953
0.9876310836246303,0.35307122945304237
0.9876310836246303,0.35310517208229186
0.9876310836246303,0.35313912123834246
0.9876310836246303,0.3531730769230769
0.9876310836246303,0.3532070391383787
0.9876310836246303,0.35324100788613194
0.9873621941382092,0.3531788015773781
0.9873621941382092,0.3532127741439015
0.9873621941382092,0.35324675324675325
0.9873621941382092,0.3532807388878199
0.9873621941382092,0.35331473106898875
0.9873621941382092,0.3533487297921478
0.9873621941382092,0.3533827350591858
0.9873621941382092,0.3534167468719923
0.9873621941382092,0.3534507652324574
0.9873621941382092,0.3534847901424721
0.9873621941382092,0.353518821603928
0.9873621941382092,0.3535528596187175
0.9873621941382092,0.35358690418873373
0.9873621941382092,0.35362095531587057
0.9873621941382092,0.3536550130020225
0.9873621941382092,0.35368907724908494
0.9873621941382092,0.353757225433526
0.9873621941382092,0.35379130937469894
0.9873621941382092,0.3538253998843708
0.9873621941382092,0.3538594969644406
0.9873621941382092,0.353893600616808
0.9873621941382092,0.3539277108433735
0.9873621941382092,0.35399595102670395
0.9873621941382092,0.35403008098727345
0.9873621941382092,0.35406421752965
0.9873621941382092,0.3540983606557377
0.9873621941382092,0.3541325103674414
0.9873621941382092,0.3541666666666667
0.9873621941382092,0.3542008295553198
0.9873621941382092,0.35423499903530775
0.9873621941382092,0.35426917510853834
0.9873621941382092,0.3543033577769201
0.9873621941382092,0.3544059453720683
0.9873621941382092,0.3544401544401544
0.9873621941382092,0.35447437011294525
0.9873621941382092,0.3545085923923537
0.9873621941382092,0.3545428212802935
0.9873621941382092,0.354577056778679
0.9873621941382092,0.3546112988894254
0.9870933046517881,0.3545489665829631
0.9870933046517881,0.354583212595383
0.9870933046517881,0.3546174652241113
0.9870933046517881,0.3546517244710656
0.9870933046517881,0.3546859903381642
0.9870933046517881,0.3547202628273263
0.9870933046517881,0.35475454194047157
0.9870933046517881,0.35478882767952064
0.986824415165367,0.35472646433404215
0.986824415165367,0.35476075398743356
0.986824415165367,0.3547950502706883
0.986824415165367,0.3548293531857295
0.986824415165367,0.3548636627344808
0.986824415165367,0.35489797891886665
0.986824415165367,0.35493230174081236
0.986824415165367,0.3549666312022439
0.986824415165367,0.355000967305088
0.986824415165367,0.35503531005127215
0.986824415165367,0.3551383781691504
0.986824415165367,0.3551727475079841
0.986824415165367,0.35520712349980643
0.986824415165367,0.3552415061465492
0.986824415165367,0.35537910332139055
0.986824415165367,0.35541351927174125
0.986824415165367,0.3554823711739636
0.986555525678946,0.35541993606509736
0.986555525678946,0.35545436930827357
0.986555525678946,0.3554888092239124
0.986555525678946,0.3555232558139535
0.986555525678946,0.35555770908033724
0.986555525678946,0.35559216902500485
0.986555525678946,0.3556266356498982
0.986555525678946,0.35566110895696007
0.986555525678946,0.3556955889481338
0.986555525678946,0.3557300756253636
0.986555525678946,0.3557645689905944
0.986555525678946,0.3557990690457719
0.986555525678946,0.3558335757928426
0.986555525678946,0.3558680892337536
0.986555525678946,0.355902609370453
0.986555525678946,0.3559371362048894
0.986555525678946,0.35597166973901234
0.986555525678946,0.356006209974772
0.986555525678946,0.35604075691411935
0.986555525678946,0.356109870911385
0.986555525678946,0.3561444379732091
0.986555525678946,0.3561790117464324
0.986555525678946,0.3562135922330097
0.986555525678946,0.3562481794348966
0.986555525678946,0.35628277335404934
0.9862866361925249,0.35622025832766824
0.9862866361925249,0.3562894609033511
0.9862866361925249,0.35635869037209755
0.9862866361925249,0.35639331519626893
0.9862866361925249,0.356427946749587
0.9862866361925249,0.3564625850340136
0.9862866361925249,0.35649723005151135
0.9862866361925249,0.35653188180404355
0.9862866361925249,0.35656654029357443
0.9862866361925249,0.3566012055220688
0.9862866361925249,0.35663587749149245
0.9862866361925249,0.3566705562038118
0.9862866361925249,0.3567052416609939
0.9862866361925249,0.3567746328178193
0.9862866361925249,0.3568093385214008
0.9862866361925249,0.3568440509777216
0.9862866361925249,0.3568787701887527
0.9862866361925249,0.3569134961564659
0.9862866361925249,0.3569482288828338
0.9862866361925249,0.3569829683698297
0.9860177467061038,0.3569203815456492
0.9860177467061038,0.35695512508517474
0.9860177467061038,0.3569898753894081
0.9860177467061038,0.3570246324603252
0.9860177467061038,0.35705939629990263
0.9857488572196828,0.3569967864446392
0.9857488572196828,0.35703155434359174
0.9857488572196828,0.35706632901529173
0.9857488572196828,0.3571011104617183
0.9857488572196828,0.35713589868485146
0.9857488572196828,0.35717069368667187
0.9857488572196828,0.3572054954691611
0.9857488572196828,0.3572403040343013
0.9857488572196828,0.35727511938407563
0.9857488572196828,0.35730994152046786
0.9857488572196828,0.35734477044546253
0.9854799677332616,0.35728212127120296
0.9854799677332616,0.3573517940717629
0.9854799677332616,0.35738664066309117
0.9854799677332616,0.357421494051102
0.9854799677332616,0.35745635423778405
0.9854799677332616,0.35749122122512683
0.9854799677332616,0.35752609501512045
0.9854799677332616,0.3575609756097561
0.9854799677332616,0.35759586301102547
0.9854799677332616,0.35763075722092114
0.9854799677332616,0.35766565824143653
0.9854799677332616,0.3577005660745657
0.9854799677332616,0.35773548072230354
0.9854799677332616,0.35777040218664585
0.9854799677332616,0.357805330469589
0.9854799677332616,0.35784026557313026
0.9852110782468405,0.3577775607850796
0.9852110782468405,0.3578474460396523
0.9852110782468405,0.35788239890603635
0.9852110782468405,0.3579173586011527
0.9852110782468405,0.35795232512700276
0.9852110782468405,0.35802227867891345
0.9852110782468405,0.3580572657089807
0.9852110782468405,0.35809225957779517
0.9852110782468405,0.3581272602873619
0.9852110782468405,0.3581622678396872
0.9852110782468405,0.35819728223677777
0.9852110782468405,0.3582323034806414
0.9852110782468405,0.3582673315732864
0.9852110782468405,0.3583023665167221
0.9849421887604195,0.358239608801956
0.9849421887604195,0.35827464788732394
0.9849421887604195,0.35830969382764355
0.9849421887604195,0.3583447466249266
0.9846732992739984,0.3582819684962332
0.9846732992739984,0.35831702544031313
0.9846732992739984,0.35835208924552303
0.9846732992739984,0.3583871599138775
0.9846732992739984,0.35845732184808143
0.9846732992739984,0.35849241311796376
0.9841355203011563,0.3583667874277881
0.9841355203011563,0.3584018801410106
0.9841355203011563,0.3584369797277446
0.9841355203011563,0.3584720861900098
0.9841355203011563,0.3585071995298266
0.9841355203011563,0.3585423197492163
0.9841355203011563,0.3585774468502008
0.9841355203011563,0.3586125808348031
0.9841355203011563,0.35864772170504655
0.9841355203011563,0.3586828694629557
0.9841355203011563,0.3587180241105557
0.9841355203011563,0.358788354082933
0.9841355203011563,0.3588235294117647
0.9841355203011563,0.35885871163839594
0.9841355203011563,0.35889390076485583
0.9841355203011563,0.3589290967931745
0.9841355203011563,0.3589642997253825
0.9841355203011563,0.3590347263095939
0.9841355203011563,0.3590699499656627
0.9841355203011563,0.35910518053375196
0.9841355203011563,0.35914041801589636
0.9841355203011563,0.3592109137304937
0.9841355203011563,0.35924617196702
0.9841355203011563,0.3592814371257485
0.9841355203011563,0.35931670920871783
0.9841355203011563,0.3593519882179676
0.9841355203011563,0.359599135390057
0.9841355203011563,0.3596344698830697
0.9841355203011563,0.3597051597051597
0.9841355203011563,0.359740515038333
0.9841355203011563,0.3597758773223238
0.9841355203011563,0.35981124655918206
0.9841355203011563,0.35984662275095863
0.9841355203011563,0.35988200589970504
0.9841355203011563,0.3599173960074737
0.9841355203011563,0.35998819710829155
0.9841355203011563,0.36002360810544953
0.9841355203011563,0.3600590260698475
0.9841355203011563,0.3600944510035419
0.9841355203011563,0.36012988290859
0.9841355203011563,0.3601653217870498
0.9841355203011563,0.36020076764098025
0.9841355203011563,0.36023622047244097
0.9838666308147351,0.3601732453981691
0.9838666308147351,0.36020870250049225
0.9838666308147351,0.36024416658462144
0.9838666308147351,0.36027963765261917
0.9838666308147351,0.3603151157065485
0.9838666308147351,0.3603506007484735
0.9838666308147351,0.36038609278045897
0.9838666308147351,0.3604215918045705
0.9838666308147351,0.3604570978228746
0.9838666308147351,0.36049261083743844
0.9838666308147351,0.3605281308503301
0.9838666308147351,0.36056365786361844
0.9838666308147351,0.3605991918793732
0.9838666308147351,0.3606347328996649
0.9838666308147351,0.36067028092656483
0.9838666308147351,0.3609549176284897
0.9838666308147351,0.36099052880820837
0.9838666308147351,0.36102614701529356
0.9838666308147351,0.36109740451988553
0.9838666308147351,0.3611330438215555
0.9838666308147351,0.36116869015891817
0.9838666308147351,0.3612043435340573
0.9838666308147351,0.36124000394905714
0.9838666308147351,0.36127567140600314
0.9838666308147351,0.36131134590698133
0.9838666308147351,0.3613470274540786
0.9838666308147351,0.3613827160493827
0.983597741328314,0.36131963650730936
0.983597741328314,0.36135532944779214
0.983597741328314,0.36139102944082196
0.983328851841893,0.36132793202252744
0.983328851841893,0.3613636363636364
0.983328851841893,0.3613993477616365
0.983328851841893,0.36143506621862026
0.983328851841893,0.36147079173668084
0.983328851841893,0.3615065243179122
0.983328851841893,0.3615422639644093
0.983328851841893,0.3615780106782677
0.983328851841893,0.3616137644615841
0.983328851841893,0.36172106824925815
0.983328851841893,0.3617568503313879
0.983328851841893,0.3617926394934705
0.983328851841893,0.3618284357376076
0.983328851841893,0.3618642390659014
0.983328851841893,0.36190004948045523
0.9830599623554719,0.3618368962787015
0.9830599623554719,0.36187271107591806
0.9827910728690509,0.36180954266481885
0.9825221833826298,0.36174636174636177
0.9825221833826298,0.36178217821782177
0.9825221833826298,0.3618180017823547
0.9825221833826298,0.36185383244206776
0.9825221833826298,0.36188967019906904
0.9825221833826298,0.3619255150554675
0.9825221833826298,0.36196136701337295
0.9825221833826298,0.361997226074896
0.9825221833826298,0.362033092242148
0.9825221833826298,0.3620689655172414
0.9825221833826298,0.36210484590228914
0.9825221833826298,0.36214073339940533
0.9822532938962086,0.36207751015957973
0.9822532938962086,0.36211340206185566
0.9822532938962086,0.3621493010805988
0.9822532938962086,0.36218520721792585
0.9822532938962086,0.3622211204759544
0.9822532938962086,0.3622929683625905
0.9822532938962086,0.3623289029954374
0.9822532938962086,0.36236484475746455
0.9822532938962086,0.36240079365079364
0.9822532938962086,0.36243674967754735
0.9822532938962086,0.36247271283984916
0.9822532938962086,0.3625086831398234
0.9822532938962086,0.36254466057959506
0.9822532938962086,0.36258064516129035
0.9822532938962086,0.36261663688703594
0.9822532938962086,0.3626526357589596
0.9822532938962086,0.36268864177918986
0.9822532938962086,0.362724654949856
0.9822532938962086,0.36276067527308836
0.9822532938962086,0.362796702751018
0.9822532938962086,0.3628327373857767
0.9822532938962086,0.3628687791794974
0.9819844044097876,0.3628415300546448
0.9819844044097876,0.3628775834658188
0.9819844044097876,0.36291364404253207
0.9819844044097876,0.3629497117869211
0.9819844044097876,0.36298578670112314
0.9814466254369454,0.3628591311263545
0.9814466254369454,0.36289520779479023
0.9814466254369454,0.3629312916376653
0.9814466254369454,0.36296738265712014
0.9814466254369454,0.3630395862343346
0.9811777359505244,0.36297622600218843
0.9811777359505244,0.36301233585356146
0.9811777359505244,0.36304845289025967
0.9811777359505244,0.3630845771144279
0.9811777359505244,0.36315684713375795
0.9811777359505244,0.3631929929332139
0.9811777359505244,0.36322914592872785
0.9811777359505244,0.3634100189224181
0.9811777359505244,0.36344621513944225
0.9811777359505244,0.3634824185675864
0.9811777359505244,0.3635186292090058
0.9811777359505244,0.36355484706585633
0.9811777359505244,0.36359107214029496
0.9809088464641033,0.36352765321375186
0.9809088464641033,0.36356388279848517
0.9809088464641033,0.3636001196053025
0.9809088464641033,0.36363636363636365
0.9806399569776821,0.36357292393579904
0.9806399569776821,0.36360917248255237
0.9806399569776821,0.36364542825805163
0.9806399569776821,0.36368169126445954
0.9806399569776821,0.36371796150393937
0.9806399569776821,0.3637542389786555
0.9806399569776821,0.3637905236907731
0.9803710674912611,0.3637270550678372
0.9803710674912611,0.3637633443080914
0.98010217800484,0.3636998603073239
0.98010217800484,0.3637361540764395
0.98010217800484,0.36377245508982037
0.98010217800484,0.3638087633496357
0.98010217800484,0.3638450788580555
0.98010217800484,0.3638814016172507
0.98010217800484,0.36391773162939295
0.98010217800484,0.363954068896655
0.98010217800484,0.36406312425089893
0.98010217800484,0.3640994905603836
0.98010217800484,0.36413586413586413
0.98010217800484,0.36431784107946025
0.98010217800484,0.36435425829668133
0.98010217800484,0.36439068279516146
0.98010217800484,0.3644271145770846
0.9798332885184189,0.36436356364363565
0.9798332885184189,0.3644
0.9798332885184189,0.36443644364436445
0.9798332885184189,0.3644728945789158
0.9798332885184189,0.36450935280584174
0.9798332885184189,0.3645458183273309
0.9798332885184189,0.3645822911455728
0.9798332885184189,0.36465525868107673
0.9795643990319979,0.36459167333867093
0.9795643990319979,0.3646281653488139
0.9795643990319979,0.3646646646646647
0.9795643990319979,0.3647011712884173
0.9795643990319979,0.36506663994388217
0.9795643990319979,0.3651032270996192
0.9795643990319979,0.3651764234161989
0.9795643990319979,0.36521303258145366
0.9792955095455768,0.36514938840986566
0.9792955095455768,0.36522262334536704
0.9792955095455768,0.3652592518303079
0.9792955095455768,0.365295887662989
0.9792955095455768,0.36533253084562145
0.9792955095455768,0.36536918138041735
0.9792955095455768,0.36540583926958964
0.9792955095455768,0.3654425045153522
0.9792955095455768,0.36547917711991973
0.9792955095455768,0.3655158570855078
0.9792955095455768,0.36555254441433305
0.9792955095455768,0.36558923910861274
0.9792955095455768,0.3656259411705652
0.9790266200591556,0.36556224899598394
0.9790266200591556,0.36559895571844564
0.9790266200591556,0.3656356698132155
0.9787577305727346,0.3655719594255298
0.9787577305727346,0.36560867818400966
0.9787577305727346,0.3656454043194375
0.9787577305727346,0.3656821378340366
0.9787577305727346,0.36571887873003117
0.9787577305727346,0.3657556270096463
0.9787577305727346,0.36579238267510805
0.9787577305727346,0.3658291457286432
0.9787577305727346,0.36586591617247965
0.9787577305727346,0.365902694008846
0.9787577305727346,0.36593947923997183
0.9787577305727346,0.3659762718680877
0.9787577305727346,0.3660130718954248
0.9787577305727346,0.3660498793242156
0.9784888410863135,0.3659861208890677
0.9784888410863135,0.3660229330114665
0.9784888410863135,0.3660597525399859
0.9784888410863135,0.3660965794768612
0.9784888410863135,0.3661334138243284
0.9784888410863135,0.3661702555846247
0.9784888410863135,0.3662071047599879
0.9784888410863135,0.366243961352657
0.9784888410863135,0.36628082536487166
0.9782199515998924,0.36621703241393194
0.9782199515998924,0.3662539011376221
0.9782199515998924,0.36629077728554166
0.9782199515998924,0.36632766085993357
0.9782199515998924,0.3663645518630413
0.9782199515998924,0.36640145029710947
0.9782199515998924,0.3664383561643836
0.9782199515998924,0.3665121902075358
0.9779510621134714,0.36655916145938316
0.9779510621134714,0.3665961092631791
0.9779510621134714,0.36663306451612904
0.9776821726270503,0.36656921060590786
0.9776821726270503,0.3666061705989111
0.9776821726270503,0.36664313804577997
0.9776821726270503,0.3666801129487697
0.9776821726270503,0.36671709531013613
0.9776821726270503,0.36675408513213636
0.9776821726270503,0.3667910824170281
0.9774132831406293,0.366727199354318
0.9774132831406293,0.3667642013923923
0.9774132831406293,0.36680121089808276
0.9774132831406293,0.3668382278736502
0.9774132831406293,0.3669122842434642
0.9774132831406293,0.36694932364223704
0.9774132831406293,0.36698637051993943
0.9771443936542081,0.36692245557350567
0.9771443936542081,0.36695950722003434
0.9771443936542081,0.3672190784155214
0.9771443936542081,0.36725618999494697
0.9771443936542081,0.36729330907620783
0.9771443936542081,0.36740471135375596
0.976875504167787,0.3673407482305359
0.976875504167787,0.3673778946303974
0.976875504167787,0.36741504854368934
0.976875504167787,0.3674522099726914
0.976875504167787,0.36752655538694995
0.976875504167787,0.36756373937677056
0.976875504167787,0.3676009308914297
0.976875504167787,0.3676753365044024
0.976606614681366,0.36761133603238866
0.976606614681366,0.3676485474238283
0.976606614681366,0.3676857663494634
0.976606614681366,0.36772299281158244
0.976606614681366,0.36776022681247467
0.976606614681366,0.3678347174397407
0.976606614681366,0.3678719740706979
0.976606614681366,0.3679092382495948
0.976606614681366,0.367983789260385
0.976606614681366,0.36802107609686896
0.976606614681366,0.36805837049047424
0.976606614681366,0.36809567244349856
0.976606614681366,0.3681329819582404
0.976606614681366,0.3681702990369995
0.976606614681366,0.3682076236820762
0.976606614681366,0.36824495589577205
0.976606614681366,0.3682822956803894
0.976606614681366,0.3683196430382314
0.976606614681366,0.36835699797160243
0.976606614681366,0.3683943604828076
0.976606614681366,0.36843173057415296
0.976606614681366,0.3684691082479456
0.976606614681366,0.3685064935064935
0.976606614681366,0.36854388635210555
0.976606614681366,0.3685812867870915
0.9763377251949449,0.36851720288237083
0.9763377251949449,0.3685546082013804
0.9763377251949449,0.36859202111460765
0.9760688357085238,0.36852791878172586
0.9760688357085238,0.36856533658239415
0.9760688357085238,0.3686027619821283
0.9757999462221028,0.368538641210521
0.9757999462221028,0.3685760715011172
0.9757999462221028,0.3686135093956323
0.9757999462221028,0.3686509548963836
0.9757999462221028,0.3686884080056893
0.9757999462221028,0.3687258687258687
0.9757999462221028,0.36876333705924197
0.9757999462221028,0.36880081300813006
0.9757999462221028,0.3688382965748552
0.9757999462221028,0.3688757877617402
0.9757999462221028,0.36891328657110906
0.9757999462221028,0.3689507930052867
0.9757999462221028,0.3689883070665989
0.9757999462221028,0.3690258287573724
0.9757999462221028,0.3690633580799349
0.9757999462221028,0.36910089503661514
0.9757999462221028,0.36913843962974263
0.9757999462221028,0.369175991861648
0.9757999462221028,0.36921355173466275
0.9757999462221028,0.36925111925111925
0.9757999462221028,0.369288694413351
0.9757999462221028,0.36932627722369227
0.9757999462221028,0.3693638676844784
0.9757999462221028,0.3694014657980456
0.9757999462221028,0.3694390715667311
0.9757999462221028,0.3694766849928731
0.9757999462221028,0.3695143060788107
0.9757999462221028,0.3695519348268839
0.9757999462221028,0.36958957123943376
0.9757999462221028,0.3696272153188022
0.9757999462221028,0.3696648670673322
0.9757999462221028,0.36970252648736757
0.9757999462221028,0.3697401935812532
0.9757999462221028,0.3697778683513348
0.9755310567356816,0.3697136451645776
0.9755310567356816,0.36975132490827556
0.9755310567356816,0.3697890123330955
0.9752621672492605,0.3697247706422018
0.9752621672492605,0.3697624630441431
0.9752621672492605,0.36980016313213704
0.9752621672492605,0.3698378709085347
0.9752621672492605,0.36987558637568835
0.9752621672492605,0.36991330953595103
0.9752621672492605,0.36995104039167687
0.9752621672492605,0.36998877894522086
0.9749932777628395,0.3699245052030198
0.9749932777628395,0.36996224875012756
0.9749932777628395,0.37
0.9749932777628395,0.3700377589549954
0.9749932777628395,0.370075525617473
0.9749932777628395,0.3701132999897928
0.9749932777628395,0.3701510820743161
0.9749932777628395,0.3701888718734048
0.9749932777628395,0.3702266693894221
0.9749932777628395,0.37026447462473194
0.9749932777628395,0.37030228758169936
0.9747243882764184,0.37023797364926975
0.9747243882764184,0.37027579162410623
0.9747243882764184,0.3703136173255695
0.9747243882764184,0.37035145075602777
0.9747243882764184,0.3703892919178502
0.9747243882764184,0.370464997445069
0.9747243882764184,0.37050286181520853
0.9747243882764184,0.3705407339261985
0.9747243882764184,0.370578613780413
0.9747243882764184,0.37061650138022695
0.9747243882764184,0.37065439672801637
0.9747243882764184,0.3706922998261581
0.9747243882764184,0.37073021067703005
0.9747243882764184,0.37080605564648117
0.9747243882764184,0.37084398976982097
0.9747243882764184,0.37088193165541233
0.9747243882764184,0.37091988130563797
0.9747243882764184,0.3709958039095282
0.9747243882764184,0.3710337768679631
0.9747243882764184,0.37107175760057326
0.9747243882764184,0.3711097461097461
0.9747243882764184,0.3711477423978704
0.9747243882764184,0.37118574646733565
0.9747243882764184,0.3712237583205325
0.9747243882764184,0.37126177795985255
0.9747243882764184,0.3712998053876882
0.9747243882764184,0.37137588361848173
0.9747243882764184,0.3714139344262295
0.9747243882764184,0.3714900594384095
0.9747243882764184,0.3715281336476376
0.9744554987899973,0.3714637146371464
0.9744554987899973,0.3715017939518196
0.9741866093035763,0.37143735903219194
0.9741866093035763,0.3714754434532964
0.9741866093035763,0.3715135356849877
0.9741866093035763,0.37155163572966876
0.9741866093035763,0.3715897435897436
0.9741866093035763,0.3716278592676172
0.9741866093035763,0.3716659827656955
0.9741866093035763,0.37170411408638554
0.9741866093035763,0.37178040020523345
0.9739177198171551,0.3717159277504105
0.9739177198171551,0.3717540798522016
0.9739177198171551,0.3717922397864915
0.9739177198171551,0.3718304075556924
0.9739177198171551,0.37186858316221766
0.9739177198171551,0.3719067666084814
0.9739177198171551,0.37194495789689874
0.9739177198171551,0.371983157029886
0.9739177198171551,0.3720213640098603
0.9739177198171551,0.37205957883923985
0.9739177198171551,0.3720978015204438
0.9739177198171551,0.37213603205589235
0.9739177198171551,0.37225077081192187
0.9739177198171551,0.37228903278857023
0.9739177198171551,0.3723273026315789
0.9739177198171551,0.37236558034337414
0.9739177198171551,0.3724038659263829
0.9739177198171551,0.37244215938303343
0.9739177198171551,0.37248046071575486
0.9739177198171551,0.37251876992697724
0.9739177198171551,0.37255708701913187
0.9739177198171551,0.37259541199465074
0.9739177198171551,0.37263374485596706
0.973648830330734,0.37256919436155983
0.973648830330734,0.37260753241407696
0.973648830330734,0.3726458783575178
0.973648830330734,0.3726842321943187
0.973648830330734,0.37272259392691715
0.973648830330734,0.3727609635577517
0.973648830330734,0.3727993410892618
0.973648830330734,0.37283772652388797
0.973379940844313,0.3727731438574812
0.973379940844313,0.3728115345005149
0.973379940844313,0.3728499330518076
0.973379940844313,0.37288833951380307
0.973379940844313,0.37292675388894614
0.973379940844313,0.37296517617968267
0.973379940844313,0.37300360638845953
0.973379940844313,0.37304204451772466
0.973379940844313,0.3730804905699268
0.973379940844313,0.373118944547516
0.973379940844313,0.373157406452943
0.973379940844313,0.3731958762886598
0.973379940844313,0.3732343540571193
0.973379940844313,0.3732728397607754
0.973379940844313,0.3733113334020831
0.9731110513578919,0.373246699669967
0.9728421618714709,0.37318205260443527
0.9728421618714709,0.3732205487930679
0.9728421618714709,0.3732590529247911
0.9728421618714709,0.37329756500206357
0.9728421618714709,0.37333608502734494
0.9728421618714709,0.3734131489317783
0.9728421618714709,0.37345169281585466
0.9728421618714709,0.3734902446577888
0.9728421618714709,0.37352880446004544
0.9728421618714709,0.37356737222509034
0.9728421618714709,0.3736059479553903
0.9728421618714709,0.3736445316534132
0.9728421618714709,0.3737989461721252
0.9728421618714709,0.3738375697458152
0.9728421618714709,0.3738762013020564
0.9728421618714709,0.3739148408433237
0.9728421618714709,0.373953488372093
0.9728421618714709,0.37399214389084146
0.9728421618714709,0.3740308074020469
0.9725732723850498,0.3739660876757651
0.9725732723850498,0.3740047564884707
0.9725732723850498,0.37404343329886247
0.9723043828986286,0.37397869479780743
0.9723043828986286,0.37401737691352915
0.9723043828986286,0.3740560670321713
0.9723043828986286,0.37409476515621765
0.9723043828986286,0.3741334712881531
0.9723043828986286,0.3741721854304636
0.9723043828986286,0.3742109075856359
0.9723043828986286,0.37424963775615816
0.9723043828986286,0.3743271221532091
0.9723043828986286,0.3743658763847189
0.9723043828986286,0.37440463864154067
0.9723043828986286,0.37444340892616756
0.9723043828986286,0.3744821872410936
0.9723043828986286,0.3745209735888141
0.9723043828986286,0.37455976797182516
0.9723043828986286,0.37459857039262406
0.9723043828986286,0.37463738085370907
0.9723043828986286,0.3746761993575795
0.9723043828986286,0.3747150259067358
0.9723043828986286,0.37475386050367915
0.9723043828986286,0.3747927031509121
0.9723043828986286,0.37483155385093814
0.9723043828986286,0.37487041260626164
0.9723043828986286,0.3749092794193883
0.9723043828986286,0.3749870372290781
0.9723043828986286,0.37502592823065756
0.9723043828986286,0.3750648273000726
0.9723043828986286,0.375103734439834
0.9723043828986286,0.3751815729404441
0.9723043828986286,0.37522050430631937
0.9723043828986286,0.37525944375259446
0.9723043828986286,0.37529839128178516
0.9723043828986286,0.3753373468964086
0.9723043828986286,0.3753763105989827
0.9723043828986286,0.3754152823920266
0.9723043828986286,0.3754932502596054
0.9723043828986286,0.3755322463391837
0.9723043828986286,0.37557125051931867
0.9723043828986286,0.3756102628025345
0.9723043828986286,0.3756883116883117
0.9723043828986286,0.37576639301673076
0.9723043828986286,0.375805445853253
0.9720354934122076,0.375740567508575
0.9720354934122076,0.37577962577962576
0.9720354934122076,0.3758186921717434
0.9720354934122076,0.375857766687461
0.9720354934122076,0.37589684932931267
0.9720354934122076,0.3759359400998336
0.9720354934122076,0.37597503900156004
0.9720354934122076,0.3760141460370293
0.9720354934122076,0.3760532612087798
0.9720354934122076,0.3760923845193508
0.9720354934122076,0.3761315159712829
0.9720354934122076,0.3761706555671176
0.9720354934122076,0.37620980330939746
0.9720354934122076,0.3762489592006661
0.9720354934122076,0.37628812324346833
0.9720354934122076,0.37632729544034976
0.9720354934122076,0.37640566430653893
0.9720354934122076,0.37644486098094343
0.9720354934122076,0.3764840658196209
0.9720354934122076,0.3765232788251224
0.9720354934122076,0.3765625
0.9720354934122076,0.37660172934680697
0.9720354934122076,0.3766409668680975
0.9720354934122076,0.37668021256642703
0.9720354934122076,0.37671946644435184
0.9720354934122076,0.3767587285044294
0.9720354934122076,0.37679799874921827
0.9720354934122076,0.376837277181278
0.9720354934122076,0.3768765638031693
0.9720354934122076,0.37691585861745386
0.9717666039257865,0.3768508863399374
0.9717666039257865,0.3768901866722286
0.9717666039257865,0.3769688119328257
0.9717666039257865,0.3770081368662633
0.9717666039257865,0.3770474700052165
0.9717666039257865,0.37708681135225375
0.9717666039257865,0.3771261609099447
0.9717666039257865,0.37724425887265134
0.9717666039257865,0.3772836412986742
0.9717666039257865,0.3773624308238488
0.9717666039257865,0.37740183792815374
0.9717666039257865,0.3774412532637076
0.9717666039257865,0.3774806768330896
0.9714977144393654,0.37741564817716494
0.9714977144393654,0.3774550773088174
0.9714977144393654,0.3774945146797618
0.9714977144393654,0.37753396029258096
0.9714977144393654,0.3775734141498589
0.9714977144393654,0.37765234660813213
0.9714977144393654,0.37769182521430067
0.9714977144393654,0.37773131207527444
0.9714977144393654,0.3777708071936428
0.9714977144393654,0.3778103105719962
0.9714977144393654,0.3778498222129262
0.9714977144393654,0.3778893421190252
0.9714977144393654,0.377928870292887
0.9714977144393654,0.3779684067371064
0.9714977144393654,0.3780079514542791
0.9714977144393654,0.3780475044470022
0.9714977144393654,0.3780870657178736
0.9714977144393654,0.3781266352694924
0.9714977144393654,0.37816621310445886
0.9714977144393654,0.37820579922537423
0.9714977144393654,0.3782453936348409
0.9714977144393654,0.37828499633546225
0.9714977144393654,0.3783246073298429
0.9714977144393654,0.37836422662058855
0.9714977144393654,0.3784038542103058
0.9714977144393654,0.3784434901016026
0.9714977144393654,0.3784831342970878
0.9714977144393654,0.3785227867993714
0.9714977144393654,0.37856244761106456
0.9714977144393654,0.3786021167347794
0.9714977144393654,0.3786417941731293
0.9714977144393654,0.37868147992872864
0.9714977144393654,0.37872117400419286
0.9714977144393654,0.37876087640213857
0.9714977144393654,0.3788005871251835
0.9714977144393654,0.37884030617594633
0.9714977144393654,0.37888003355704697
0.9714977144393654,0.37891976927110643
0.9714977144393654,0.3789595133207468
0.9714977144393654,0.3789992657085912
0.9714977144393654,0.37903902643726395
0.9714977144393654,0.3790787955093904
0.9714977144393654,0.37911857292759704
0.9714977144393654,0.3791583586945115
0.9714977144393654,0.37919815281276237
0.9714977144393654,0.37923795528497956
0.9712288249529444,0.3791727902582406
0.9712288249529444,0.37921259842519683
0.9712288249529444,0.379252414951701
0.9712288249529444,0.37929223984038646
0.9712288249529444,0.37933207309388783
0.9712288249529444,0.3793719147148409
0.9712288249529444,0.37941176470588234
0.9712288249529444,0.3794516230696502
0.9709599354665233,0.379386425719689
0.9709599354665233,0.379426289797205
0.9709599354665233,0.37950604308985814
0.9709599354665233,0.3795459323102796
0.9709599354665233,0.3795858299169557
0.9709599354665233,0.3796257359125315
0.9709599354665233,0.37966565029965305
0.9709599354665233,0.3797055730809674
0.9709599354665233,0.37974550425912296
0.9709599354665233,0.37978544383676904
0.9709599354665233,0.3798253918165562
0.9709599354665233,0.3798653482011361
0.9709599354665233,0.3799053129931615
0.9709599354665233,0.38002525784045466
0.9709599354665233,0.3800652562888117
0.9709599354665233,0.3801052631578947
0.9709599354665233,0.3801452784503632
0.9709599354665233,0.38018530216887764
0.9709599354665233,0.38022533431609984
0.9709599354665233,0.3802653748946925
0.9709599354665233,0.38030542390731964
0.9709599354665233,0.3803454813566463
0.9709599354665233,0.3803855472453387
0.9709599354665233,0.3804256215760641
0.9709599354665233,0.3804657043514909
0.9709599354665233,0.3805057955742887
0.9709599354665233,0.38054589524712823
0.9709599354665233,0.3805860033726813
0.9709599354665233,0.3806261199536207
0.9709599354665233,0.3806662449926207
0.9706910459801021,0.38060094886663154
0.9706910459801021,0.38064107971320116
0.9706910459801021,0.38068121902351576
0.9706910459801021,0.3807213668002531
0.9706910459801021,0.3807615230460922
0.9706910459801021,0.3808016877637131
0.9706910459801021,0.38084186095579703
0.9706910459801021,0.3808820426250264
0.9706910459801021,0.3809222327740846
0.9706910459801021,0.3809624314056564
0.9706910459801021,0.38100263852242744
0.9706910459801021,0.38104285412708466
0.9706910459801021,0.3810830782223161
0.9706910459801021,0.3811233108108108
0.9706910459801021,0.3811635518952592
0.9706910459801021,0.3812038014783527
0.9706910459801021,0.38124405956278384
0.9706910459801021,0.3812843261512463
0.9706910459801021,0.38132460124643497
0.9706910459801021,0.38136488485104586
0.9706910459801021,0.38140517696777604
0.9706910459801021,0.38172782066194355
0.9706910459801021,0.38176818950930624
0.9706910459801021,0.3818085668958223
0.9706910459801021,0.3818489528242014
0.9706910459801021,0.38188934729715435
0.9706910459801021,0.38197016188763094
0.9706910459801021,0.382010582010582
0.9706910459801021,0.38217234808384504
0.9706910459801021,0.382212811011117
0.9706910459801021,0.38225328250741214
0.9706910459801021,0.3822937625754527
0.9706910459801021,0.3823342512179623
0.9706910459801021,0.3823747484376655
0.9706910459801021,0.3824152542372881
0.9704221564936811,0.38234982519334676
0.9704221564936811,0.3823903369357915
0.9704221564936811,0.382430857263961
0.9704221564936811,0.382471386180585
0.9704221564936811,0.38251192368839426
0.97015326700726,0.38244647021411915
0.97015326700726,0.3824870136753949
0.97015326700726,0.3825275657336726
0.97015326700726,0.38256812639168697
0.97015326700726,0.3826492735178704
0.97015326700726,0.3826898599915146
0.97015326700726,0.38273045507584597
0.97015326700726,0.3827710587736049
0.97015326700726,0.38281167108753317
0.97015326700726,0.3828522920203735
0.97015326700726,0.38289292157487
0.9698843775208389,0.3828274251751221
0.9696154880344179,0.3827619148710328
0.9696154880344179,0.38280254777070066
0.9696154880344179,0.38284318929822697
0.9696154880344179,0.3828838394563602
0.9696154880344179,0.38292449824784963
0.9696154880344179,0.38296516567544603
0.9696154880344179,0.3830058417419012
0.9696154880344179,0.38308721980240096
0.9696154880344179,0.38312792180195493
0.9696154880344179,0.38316863245138666
0.9696154880344179,0.3832093517534538
0.9696154880344179,0.38325007971091507
0.9696154880344179,0.3832908163265306
0.9696154880344179,0.38333156160306153
0.9696154880344179,0.3833723155432702
0.9696154880344179,0.38341307814992026
0.9693465985479968,0.38334751169715015
0.9693465985479968,0.383388280336063
0.9693465985479968,0.38342905764730906
0.9693465985479968,0.383469843633656
0.9693465985479968,0.38351063829787235
0.9693465985479968,0.383551441642728
0.9693465985479968,0.3835922536709938
0.9693465985479968,0.38363307438544214
0.9693465985479968,0.3836739037888463
0.9693465985479968,0.38371474188398086
0.9693465985479968,0.3837555886736215
0.9693465985479968,0.3837964441605451
0.9693465985479968,0.3838373083475298
0.9693465985479968,0.3838781812373549
0.9693465985479968,0.38391906283280086
0.9693465985479968,0.38395995313664927
0.9690777090615756,0.38389433319130806
0.9690777090615756,0.38393522957281345
0.9690777090615756,0.38397613466865543
0.9690777090615756,0.3840170484816196
0.9690777090615756,0.38405797101449274
0.9690777090615756,0.3841398422511192
0.9690777090615756,0.384180790960452
0.9690777090615756,0.3842217484008529
0.9690777090615756,0.38426271457511463
0.9690777090615756,0.38430368948603116
0.9690777090615756,0.3843446731363976
0.9690777090615756,0.3843856655290102
0.9690777090615756,0.3844266666666667
0.9690777090615756,0.38446767655216557
0.9690777090615756,0.3845497225778916
0.9690777090615756,0.3845907587237221
0.9690777090615756,0.38463180362860194
0.9690777090615756,0.3846728572953357
0.9688088195751546,0.3846071733561059
0.9688088195751546,0.3846482331589623
0.9685399300887335,0.38458253256459535
0.9685399300887335,0.38462359850507205
0.9685399300887335,0.3846646732165741
0.9685399300887335,0.38470575670191176
0.9685399300887335,0.3847468489638966
0.9685399300887335,0.38478795000534133
0.9685399300887335,0.38482905982905985
0.9685399300887335,0.3848701784378673
0.9685399300887335,0.38491130583458005
0.9685399300887335,0.3849524420220156
0.9685399300887335,0.38499358700299274
0.9685399300887335,0.3850347407803314
0.9685399300887335,0.38507590335685266
0.9685399300887335,0.38511707473537904
0.9685399300887335,0.38515825491873396
0.9685399300887335,0.38519944390974226
0.9685399300887335,0.38524064171122996
0.9685399300887335,0.3852818483260242
0.9685399300887335,0.38532306375695335
0.9685399300887335,0.38536428800684713
0.9685399300887335,0.38540552107853626
0.9685399300887335,0.3854880136986301
0.9685399300887335,0.38552927325270253
0.9685399300887335,0.3855705416399058
0.9685399300887335,0.38561181886307677
0.9680021511158914,0.38548024413748794
0.9680021511158914,0.3855215249518098
0.9680021511158914,0.38556281460854663
0.9680021511158914,0.3856041131105398
0.9680021511158914,0.38564542046063205
0.9677332616294703,0.3855796014570388
0.9677332616294703,0.38562091503267976
0.9677332616294703,0.3856622374624946
0.9677332616294703,0.3857035687493302
0.9677332616294703,0.3857449088960343
0.9677332616294703,0.3857862579054561
0.9677332616294703,0.38582761578044594
0.9677332616294703,0.3859103581385374
0.9677332616294703,0.38595174262734583
0.9677332616294703,0.385993135993136
0.9677332616294703,0.3860759493670886
0.9677332616294703,0.3861173693809677
0.9677332616294703,0.3862002360768323
0.9677332616294703,0.38624168276454174
0.9677332616294703,0.38632460283383424
0.9677332616294703,0.38636607622114866
0.9677332616294703,0.38640755851406483
0.9677332616294703,0.3864490497154515
0.9677332616294703,0.3864905498281787
0.9677332616294703,0.3865320588551176
0.9677332616294703,0.38657357679914073
0.9677332616294703,0.3866151036631217
0.9677332616294703,0.38665663944993556
0.9677332616294703,0.3866981841624584
0.9677332616294703,0.3867397378035676
0.9677332616294703,0.38678130037614183
0.9677332616294703,0.386822871883061
0.9677332616294703,0.3868644523272063
0.9677332616294703,0.3869060417114599
0.9677332616294703,0.3869476400387055
0.9677332616294703,0.38698924731182793
0.9677332616294703,0.3870308635337133
0.9677332616294703,0.38707248870724886
0.9677332616294703,0.3871141228353232
0.9677332616294703,0.3871557659208262
0.9677332616294703,0.3872390789756832
0.9677332616294703,0.3872807489508232
0.9677332616294703,0.3873224278949634
0.9677332616294703,0.3873641158109999
0.9677332616294703,0.38740581270182994
0.9674643721430493,0.3873398643556895
0.9674643721430493,0.38738156761412573
0.9674643721430493,0.38742327985355873
0.9674643721430493,0.3874650010768899
0.9674643721430493,0.38750673128702207
0.9674643721430493,0.3875484704868591
0.9674643721430493,0.38759021867930626
0.9674643721430493,0.38763197586727
0.9674643721430493,0.387673742053658
0.9674643721430493,0.3877155172413793
0.9674643721430493,0.38775730143334414
0.9674643721430493,0.38779909463246387
0.9674643721430493,0.3878408968416514
0.9674643721430493,0.38788270806382064
0.9674643721430493,0.3879245283018868
0.9674643721430493,0.38796635755876646
0.9674643721430493,0.38800819583737733
0.9674643721430493,0.38805004314063846
0.9674643721430493,0.38809189947147016
0.9674643721430493,0.38813376483279394
0.9671954826566281,0.3880677527241342
0.9671954826566281,0.38810962451445835
0.9671954826566281,0.3881515053415345
0.9671954826566281,0.3881933952082884
0.9671954826566281,0.38823529411764707
0.9671954826566281,0.38827720207253885
0.9671954826566281,0.38831911907589334
0.9671954826566281,0.3884449244060475
0.9671954826566281,0.3884868776325737
0.9671954826566281,0.3885288399222294
0.9671954826566281,0.38857081127795184
0.9671954826566281,0.3886127917026793
0.9671954826566281,0.3886547811993517
0.9671954826566281,0.3886967797709099
0.966926593170207,0.3886307143629093
0.966926593170207,0.3887147335423197
0.966926593170207,0.388840830449827
0.966926593170207,0.3888828809343571
0.966926593170207,0.38892494051481724
0.966926593170207,0.388967009194159
0.966657703683786,0.3889009086975335
0.966657703683786,0.3889429838796927
0.966657703683786,0.3889850681670634
0.966657703683786,0.3890271615626015
0.966657703683786,0.38906926406926406
0.966657703683786,0.38911137569000975
0.966657703683786,0.38915349642779823
0.966657703683786,0.38919562628559057
0.9663888141973649,0.3891294932871373
0.9661199247109438,0.38906334596643205
0.9661199247109438,0.3891054797487546
0.9661199247109438,0.3891476226578577
0.9658510352245228,0.38908145580589254
0.9658510352245228,0.3891236052432023
0.9658510352245228,0.38916576381365114
0.9658510352245228,0.38933448948623456
0.9658510352245228,0.3893766937669377
0.9658510352245228,0.38941890719861233
0.9658510352245228,0.3894611297842351
0.9658510352245228,0.3895033615267838
0.9658510352245228,0.38954560242923764
0.9655821457381016,0.38947939262472886
0.9655821457381016,0.3895216400911162
0.9653132562516805,0.38945541332176176
0.9653132562516805,0.38949766735380276
0.9653132562516805,0.3895399305555556
0.9653132562516805,0.38958220293000545
0.9653132562516805,0.3896244844801389
0.9653132562516805,0.3896667752089439
0.9653132562516805,0.38970907511940944
0.9653132562516805,0.3897513842145261
0.9653132562516805,0.38979370249728557
0.9653132562516805,0.38983602997068084
0.9653132562516805,0.38987836663770636
0.9650443667652595,0.38981209948951884
0.9650443667652595,0.3898544427547252
0.9650443667652595,0.38989679521998916
0.9650443667652595,0.38993915688830944
0.9650443667652595,0.3900239078461204
0.9650443667652595,0.39006629714161506
0.9650443667652595,0.39010869565217393
0.9647754772788384,0.3900423959125992
0.9647754772788384,0.39008480104370513
0.9647754772788384,0.3901272153963249
0.9647754772788384,0.39016963897346674
0.9647754772788384,0.39021207177814027
0.9647754772788384,0.3902545138133565
0.9647754772788384,0.3902969650821277
0.9647754772788384,0.39042437431991295
0.9647754772788384,0.3904668625530526
0.9647754772788384,0.39050936003482806
0.9647754772788384,0.3905518667682595
0.9647754772788384,0.3905943827563684
0.9647754772788384,0.3906369080021775
0.9647754772788384,0.3906794425087108
0.9647754772788384,0.3907219862789938
0.9647754772788384,0.39076453931605315
0.9647754772788384,0.3908071016229169
0.9647754772788384,0.3908496732026144
0.9647754772788384,0.3908922540581763
0.9645065877924173,0.3908258879930268
0.9645065877924173,0.39086847553666776
0.9645065877924173,0.39091107236268524
0.9645065877924173,0.39095367847411444
0.9645065877924173,0.3909962938739917
0.9645065877924173,0.39103891856535483
0.9645065877924173,0.39108155255124294
0.9645065877924173,0.3911241958346963
0.9645065877924173,0.3911668484187568
0.9645065877924173,0.39120951030646745
0.9645065877924173,0.3912521815008726
0.9645065877924173,0.391294862005018
0.9645065877924173,0.3913375518219507
0.9645065877924173,0.39138025095471907
0.9645065877924173,0.3914229594063728
0.9645065877924173,0.3914656771799629
0.9642376983059963,0.39139925780397294
0.9642376983059963,0.39144198231634103
0.9642376983059963,0.39148471615720526
0.9642376983059963,0.39152745932962113
0.9642376983059963,0.39157021183664553
0.9642376983059963,0.3916129736813367
0.9642376983059963,0.39165574486675403
0.9639688088195751,0.3915892954669579
0.9639688088195751,0.3916320734105309
0.9639688088195751,0.3916748607014094
0.9639688088195751,0.39171765734265734
0.9639688088195751,0.39176046333734016
0.9639688088195751,0.3918032786885246
0.9639688088195751,0.3918461033992786
0.9639688088195751,0.3918889374726716
0.9639688088195751,0.39193178091177433
0.9639688088195751,0.39197463371965885
0.9639688088195751,0.3920174958993986
0.9639688088195751,0.39206036745406825
0.9639688088195751,0.39210324838674393
0.9639688088195751,0.3921461387005032
0.9639688088195751,0.39218903839842467
0.9639688088195751,0.39223194748358864
0.9639688088195751,0.3922748659590765
0.9639688088195751,0.3923177938279711
0.9639688088195751,0.3923607310933567
0.9639688088195751,0.39240367775831875
0.963699919333154,0.39233716475095787
0.963699919333154,0.39238011823954455
0.963699919333154,0.392423081134348
0.963699919333154,0.3924660534384582
0.963699919333154,0.3925090351549666
0.963699919333154,0.39255202628696606
0.963699919333154,0.39259502683755065
0.963699919333154,0.39263803680981596
0.963699919333154,0.3926810562068588
0.963699919333154,0.39272408503177736
0.963699919333154,0.3927671232876712
0.963699919333154,0.39281017097764137
0.963699919333154,0.39285322810479006
0.963699919333154,0.392896294672221
0.963699919333154,0.39293937068303914
0.963699919333154,0.3929824561403509
0.963699919333154,0.39302555104726394
0.963699919333154,0.39306865540688746
0.963431029846733,0.3930020840188659
0.963431029846733,0.3930451952610794
0.963431029846733,0.39308831596269883
0.963431029846733,0.3931314461268378
0.963431029846733,0.39317458575661146
0.963431029846733,0.39321773485513606
0.963431029846733,0.39326089342552956
0.963431029846733,0.39330406147091107
0.963431029846733,0.39334723899440116
0.963431029846733,0.39339042599912166
0.963431029846733,0.3934336224881959
0.963431029846733,0.3934768284647485
0.9631621403603119,0.39341021416803956
0.9628932508738909,0.3933435852372584
0.9628932508738909,0.39338679556190265
0.9628932508738909,0.3934732446983848
0.9628932508738909,0.3935164835164835
0.9628932508738909,0.3936029896680589
0.9628932508738909,0.39364625700780476
0.9628932508738909,0.39368953386103783
0.9628932508738909,0.3937328202308961
0.9628932508738909,0.39377611612051905
0.9628932508738909,0.3938194215330474
0.9628932508738909,0.3939060609393906
0.9628932508738909,0.39394939493949394
0.9628932508738909,0.39399273847507976
0.9628932508738909,0.39403609154929575
0.9628932508738909,0.39407945416529105
0.9628932508738909,0.39412282632621615
0.9628932508738909,0.3941662080352229
0.9628932508738909,0.39420959929546456
0.9628932508738909,0.3942530001100958
0.9628932508738909,0.39429641048227265
0.9628932508738909,0.3943398304151525
0.9626243613874698,0.394273127753304
0.9626243613874698,0.3943165546866395
0.9626243613874698,0.3943599911874862
0.9623554719010486,0.3942932687011127
0.9623554719010486,0.39433671220802113
0.9623554719010486,0.39442362794798325
0.9623554719010486,0.39446710018736914
0.9623554719010486,0.39451058201058203
0.9623554719010486,0.3945540734207915
0.9623554719010486,0.39459757442116866
0.9623554719010486,0.3946410850148859
0.9623554719010486,0.3946846052051169
0.9623554719010486,0.39472813499503695
0.9623554719010486,0.3947716743878226
0.9623554719010486,0.394815223386652
0.9623554719010486,0.3948587819947043
0.9620865824146276,0.39479201147522897
0.9620865824146276,0.3948355771352902
0.9618176929282065,0.39476878931685244
0.9618176929282065,0.3948123620309051
0.9618176929282065,0.39485594436472016
0.9618176929282065,0.3948995363214838
0.9618176929282065,0.39494313790438335
0.9618176929282065,0.39498674911660775
0.9618176929282065,0.3950303699613473
0.9618176929282065,0.3950740004417937
0.9618176929282065,0.39511764056113996
0.9618176929282065,0.3951612903225806
0.9618176929282065,0.3952049497293117
0.9618176929282065,0.3952486187845304
0.9618176929282065,0.3952922974914355
0.9618176929282065,0.3953359858532272
0.9618176929282065,0.3953796838731071
0.9618176929282065,0.39542339155427814
0.9618176929282065,0.39546710889994474
0.9618176929282065,0.3955108359133127
0.9618176929282065,0.3955545725975893
0.9618176929282065,0.3955983189559832
0.9618176929282065,0.39564207499170445
0.9618176929282065,0.3956858407079646
0.9618176929282065,0.3957296161079765
0.9618176929282065,0.39577340119495463
0.9615488034417854,0.39570653978090076
0.9612799139553644,0.39563966356795044
0.9612799139553644,0.39568345323741005
0.9612799139553644,0.39572725260128405
0.9612799139553644,0.39577106166279197
0.9612799139553644,0.395814880425155
0.9610110244689433,0.39574797918281474
0.9610110244689433,0.3957918050941307
0.9610110244689433,0.3958356407132573
0.9610110244689433,0.3958794860434205
0.9610110244689433,0.39592334108784755
0.9607421349825221,0.39585641480168404
0.9607421349825221,0.39590027700831026
0.9607421349825221,0.3959441489361702
0.9604732454961011,0.3958772027042004
0.9604732454961011,0.3959210818000443
0.9604732454961011,0.3959649706240993
0.9604732454961011,0.3960088691796009
0.9604732454961011,0.396052777469786
0.9604732454961011,0.3960966954978931
0.9604732454961011,0.39614062326716204
0.9604732454961011,0.3961845607808341
0.9604732454961011,0.39627246505435987
0.96020435600968,0.3962054809719294
0.9599354665232589,0.39613848202396806
0.9596665770368379,0.3960714682055266
0.9596665770368379,0.39611542730299665
0.9593976875504168,0.39604839604839603
0.9593976875504168,0.3960923623445826
0.9593976875504168,0.39613633840346396
0.9593976875504168,0.39618032422829225
0.9593976875504168,0.3962243198223209
0.9593976875504168,0.39626832518880495
0.9593976875504168,0.39631234033100077
0.9593976875504168,0.39635636525216617
0.9593976875504168,0.3964003999555605
0.9593976875504168,0.39644444444444443
0.9593976875504168,0.39648849872208025
0.9593976875504168,0.3965766366566633
0.9593976875504168,0.3966207203201423
0.9593976875504168,0.39666481378543633
0.9593976875504168,0.396708917055815
0.9593976875504168,0.39684128573017463
0.9593976875504168,0.3969295805985093
0.9593976875504168,0.3969737427681353
0.9591287980639956,0.3969066429286748
0.9591287980639956,0.39695081237480523
0.9591287980639956,0.3969949916527546
0.9591287980639956,0.39703918076580585
0.9591287980639956,0.39708337971724367
0.9591287980639956,0.39712758851035407
0.9591287980639956,0.3971718071484244
0.9591287980639956,0.3972160356347439
0.9591287980639956,0.3972602739726027
0.9591287980639956,0.39730452216529294
0.9588599085775746,0.3972373844268687
0.9588599085775746,0.39728163992869875
0.9588599085775746,0.39732590529247913
0.9588599085775746,0.39763603925066904
0.9588599085775746,0.3976803836288614
0.9588599085775746,0.39772473789872853
0.9588599085775746,0.39776910206358057
0.9588599085775746,0.3978134761267291
0.9588599085775746,0.3978578600914872
0.9588599085775746,0.3979022539611694
0.9588599085775746,0.3979466577390916
0.9588599085775746,0.39799107142857143
0.9588599085775746,0.39807992855548113
0.9588599085775746,0.3981243719995534
0.9588599085775746,0.3981688253684681
0.9588599085775746,0.39821328866554995
0.9588599085775746,0.39825776189412554
0.9588599085775746,0.3983022450575226
0.9585910190911535,0.3982350312779267
0.9585910190911535,0.3982795218411351
0.9585910190911535,0.3983240223463687
0.9585910190911535,0.39836853279696055
0.9585910190911535,0.39845758354755784
0.9583221296047325,0.3983903420523139
0.9583221296047325,0.39843487982112913
0.9580532401183114,0.3983676207513417
0.9580532401183114,0.3984121659398412
0.9580532401183114,0.3984567210914784
0.9580532401183114,0.39850128620959624
0.9580532401183114,0.39854586129753916
0.9580532401183114,0.3985904463586531
0.9580532401183114,0.3986350413962855
0.9580532401183114,0.3986796464137854
0.9580532401183114,0.3987242614145031
0.9580532401183114,0.3987688864017907
0.9577843506318903,0.3987015894336244
0.9577843506318903,0.39874622187395053
0.9577843506318903,0.3987908643081057
0.9577843506318903,0.39888017917133256
0.9577843506318903,0.3989248516071229
0.9577843506318903,0.3989695340501792
0.9577843506318903,0.3990142265038647
0.9577843506318903,0.3990589289715438
0.9577843506318903,0.3991036414565826
0.9577843506318903,0.3991483639623487
0.9577843506318903,0.39919309649221113
0.9577843506318903,0.39923783904954047
0.9575154611454693,0.39917049658110076
0.9575154611454693,0.3992152466367713
0.9572465716590481,0.39914788653436484
0.9572465716590481,0.3991926440906033
0.9572465716590481,0.39923741168554444
0.9572465716590481,0.39928218932256615
0.9572465716590481,0.39932697700504766
0.9572465716590481,0.39937177473636976
0.9572465716590481,0.39941658251991474
0.956977682172627,0.3993491921005386
0.956708792686206,0.3992817865559421
0.956708792686206,0.3993265993265993
0.956708792686206,0.3993714221573689
0.956708792686206,0.39941625505163897
0.956708792686206,0.39946109801279894
0.956708792686206,0.39950595104423986
0.956708792686206,0.3995508141493543
0.9564399031997849,0.3994833782569632
0.9564399031997849,0.39952824890486355
0.9564399031997849,0.39957312963379016
0.9564399031997849,0.3996180204471408
0.9564399031997849,0.3996629213483146
0.9564399031997849,0.39970783234071244
0.9561710137133638,0.3996403686221623
0.9561710137133638,0.39973021582733814
0.9559021242269428,0.3996627318718381
0.9559021242269428,0.3997076680908478
0.9559021242269428,0.39975261441583265
0.9559021242269428,0.39979757085020245
0.9559021242269428,0.39984253739736814
0.9559021242269428,0.3998875140607424
0.9559021242269428,0.39993250084373944
0.9559021242269428,0.399977497749775
0.9559021242269428,0.40002250478226625
0.9559021242269428,0.400067521944632
0.9556332347405216,0.4
0.9556332347405216,0.40004502476361997
0.9556332347405216,0.40009005966452776
0.9556332347405216,0.40013510470614727
0.9556332347405216,0.4001801598919041
0.9556332347405216,0.40022522522522525
0.9553643452541005,0.40015767541389796
0.9553643452541005,0.4002027483667493
0.9553643452541005,0.40024783147459725
0.9550954557676795,0.40018026137899954
0.9550954557676795,0.40022535211267607
0.9550954557676795,0.4002704530087897
0.9550954557676795,0.4003155640707765
0.9550954557676795,0.4003606853020739
0.9550954557676795,0.4004058167061211
0.9550954557676795,0.4004509582863585
0.9548265662812584,0.4003833577629947
0.9548265662812584,0.40042850699142984
0.9548265662812584,0.40047366640351867
0.9548265662812584,0.400518836002707
0.9548265662812584,0.40056401579244216
0.9548265662812584,0.40060920577617326
0.9542887873084163,0.4004739336492891
0.9542887873084163,0.4005191287665049
0.9542887873084163,0.4005643340857788
0.9542887873084163,0.40060954961056555
0.9542887873084163,0.40065477534432153
0.9542887873084163,0.4007000112905047
0.9542887873084163,0.4007452574525745
0.9542887873084163,0.4007905138339921
0.953751008335574,0.40065514514853723
0.953751008335574,0.4007004066877542
0.953751008335574,0.40074567845441195
0.953751008335574,0.4007909604519774
0.953751008335574,0.4008362526839191
0.953751008335574,0.40088155515370705
0.953751008335574,0.4009268678648129
0.953482118849153,0.40085914537644135
0.9532132293627319,0.40079140757490106
0.9532132293627319,0.4008367254635911
0.9529443398763109,0.4007689698066267
0.9529443398763109,0.4008142954082787
0.9529443398763109,0.4008596312634317
0.9526754503898898,0.40079185520361993
0.9526754503898898,0.40083719877814233
0.9524065609034686,0.4007694048427246
0.9524065609034686,0.40081475613896117
0.9521376714170476,0.40074694431869623
0.9518687819306265,0.400679117147708
0.9518687819306265,0.4007244736246321
0.9518687819306265,0.4007698403713348
0.9518687819306265,0.4008152173913043
0.9518687819306265,0.4008606046880308
0.9518687819306265,0.40090600226500567
0.9515998924442054,0.40083814701551707
0.9513310029577844,0.40077027639329404
0.9513310029577844,0.40081567916619465
0.9513310029577844,0.40086109222750965
0.9513310029577844,0.40090651558073653
0.9513310029577844,0.40095194922937444
0.9510621134713633,0.4008840530431826
0.9510621134713633,0.4009294944457039
0.9510621134713633,0.40097494615123
0.9510621134713633,0.4010204081632653
0.9510621134713633,0.4010658804853158
0.9510621134713633,0.4011113631208891
0.9510621134713633,0.4011568560734944
0.9510621134713633,0.40120235934664245
0.9510621134713633,0.4012933968686181
0.9510621134713633,0.4013389311244752
0.9510621134713633,0.4013844757149342
0.9507932239849421,0.40131653614799684
0.9505243344985211,0.40124858115777523
0.9505243344985211,0.4012941310023839
0.9505243344985211,0.40133969118982743
0.9505243344985211,0.4013852617236289
0.9505243344985211,0.4014308426073132
0.9505243344985211,0.40147643384440657
0.9505243344985211,0.40152203543843706
0.9505243344985211,0.4015676473929342
0.9505243344985211,0.40161326971142924
0.9505243344985211,0.40165890239745483
0.9505243344985211,0.4017045454545455
0.9505243344985211,0.4017501988862371
0.9505243344985211,0.40179586269606726
0.9505243344985211,0.4018415368875753
0.9505243344985211,0.40188722146430195
0.9505243344985211,0.4019329164297897
0.9505243344985211,0.4019786217875824
0.9505243344985211,0.40202433754122596
0.9505243344985211,0.4020700636942675
0.9505243344985211,0.40211580025025595
0.9505243344985211,0.4021615472127418
0.9505243344985211,0.40220730458527704
0.9505243344985211,0.40225307237141555
0.9505243344985211,0.40229885057471265
0.9505243344985211,0.40234463919872526
0.9505243344985211,0.40239043824701193
0.9505243344985211,0.40243624772313297
0.9505243344985211,0.40248206763065014
0.9505243344985211,0.4025278979731268
0.9505243344985211,0.4025737387541282
0.9505243344985211,0.40261958997722097
0.9505243344985211,0.40266545164597334
0.9505243344985211,0.4027572063347385
0.9505243344985211,0.40280309936189607
0.9505243344985211,0.4028490028490028
0.9505243344985211,0.4029408412173715
0.9505243344985211,0.40298677610579114
0.9505243344985211,0.4030327214684757
0.9505243344985211,0.4031246436309727
0.9505243344985211,0.4031706204379562
0.9505243344985211,0.40321660773354623
0.9505243344985211,0.4035848841191917
0.9505243344985211,0.40363096597396664
0.9505243344985211,0.40367705835331735
0.9505243344985211,0.40372316126084973
0.9505243344985211,0.4037692747001713
0.9505243344985211,0.40381539867489147
0.9505243344985211,0.40386153318862106
0.9502554450121,0.40379341864716634
0.9502554450121,0.4038395611930065
0.9502554450121,0.40393187792890617
0.9502554450121,0.4040242368812164
0.9502554450121,0.40407043219757605
0.9502554450121,0.40411663807890225
0.9502554450121,0.4041628545288198
0.9502554450121,0.40420908155095503
0.9502554450121,0.40425531914893614
0.9499865555256789,0.4041871639400526
0.9497176660392579,0.40411899313501143
0.9497176660392579,0.40416523629705914
0.9497176660392579,0.4042114900434882
0.9497176660392579,0.40425775437793293
0.9494487765528368,0.40418956043956045
0.9494487765528368,0.40423583285632514
0.9494487765528368,0.40428211586901763
0.9494487765528368,0.4043284094812779
0.9494487765528368,0.4043747136967476
0.9494487765528368,0.40442102851906997
0.9494487765528368,0.40446735395189004
0.9494487765528368,0.4045136899988544
0.9494487765528368,0.40456003666361134
0.9494487765528368,0.4046063939498109
0.9494487765528368,0.40465276186110477
0.9494487765528368,0.40469914040114613
0.9494487765528368,0.4047919293820933
0.9494487765528368,0.40483833983031414
0.9494487765528368,0.4048847609219126
0.9494487765528368,0.40497763504989104
0.9494487765528368,0.40502408809359947
0.9491798870664157,0.404955833428932
0.9491798870664157,0.4050022946305645
0.9491798870664157,0.40504876649454963
0.9491798870664157,0.4050952490245582
0.9486421080935735,0.4049586776859504
0.9486421080935735,0.4050051658822179
0.9483732186071525,0.40493685419058556
0.9481043291207314,0.4048685268113446
0.9481043291207314,0.40491502067064766
0.9481043291207314,0.4049615252096015
0.9478354396343103,0.4048931771192281
0.9478354396343103,0.40493968983342904
0.9478354396343103,0.4049862132352941
0.9478354396343103,0.4050327473285074
0.9478354396343103,0.40507929211675475
0.9478354396343103,0.4051258476037237
0.9478354396343103,0.4052189906885849
0.9478354396343103,0.4052655782938607
0.9478354396343103,0.40531217661262503
0.9478354396343103,0.4053587856485741
0.9475665501478893,0.4052903967797585
0.9472976606614681,0.4052219921785139
0.9472976606614681,0.4052686069251122
0.9472976606614681,0.405315232397607
0.9472976606614681,0.40536186859970086
0.9472976606614681,0.4054085155350978
0.9472976606614681,0.40545517320750374
0.947028771175047,0.4053867403314917
0.947028771175047,0.40543340623920804
0.947028771175047,0.40548008289201015
0.947028771175047,0.4055267702936097
0.947028771175047,0.40557346844771996
0.947028771175047,0.40562017735805594
0.947028771175047,0.4057603686635945
0.947028771175047,0.405807120636018
0.947028771175047,0.40585388338326805
0.947028771175047,0.40590065690906996
0.947028771175047,0.40594744121715076
0.947028771175047,0.4059942363112392
0.947028771175047,0.4060410421950657
0.947028771175047,0.4060878588723625
0.947028771175047,0.40613468634686345
0.947028771175047,0.4061815246223042
0.947028771175047,0.40622837370242215
0.947028771175047,0.4062752335909563
0.947028771175047,0.40632210429164745
0.947028771175047,0.40636898580823816
0.946759881688626,0.4063004846526656
0.946759881688626,0.4063473744950952
0.946759881688626,0.40639427516158816
0.946759881688626,0.4064411866558929
0.946759881688626,0.4064881089817594
0.946759881688626,0.4065350421429396
0.946759881688626,0.4065819861431871
0.946759881688626,0.40662894098625707
0.946759881688626,0.4066759066759067
0.946759881688626,0.40672288321589467
0.946759881688626,0.40676987060998154
0.9464909922022049,0.4067013287117273
0.9464909922022049,0.4067483244742316
0.9464909922022049,0.4067953310990408
0.9464909922022049,0.4068423485899214
0.9464909922022049,0.40688937695064153
0.9464909922022049,0.4069364161849711
0.9462221027157838,0.4068678459937565
0.9462221027157838,0.40691489361702127
0.9462221027157838,0.40696195212212327
0.9462221027157838,0.4070090215128383
0.9459532132293628,0.4069404279930596
0.9459532132293628,0.4069875057843591
0.9459532132293628,0.4070345944695129
0.9459532132293628,0.4070816940523027
0.9459532132293628,0.40712880453651196
0.9459532132293628,0.40736452061139417
0.9459532132293628,0.4074116965836711
0.9456843237429416,0.40734306231179057
0.9456843237429416,0.4073902467276729
0.9456843237429416,0.4074374420759963
0.9456843237429416,0.40748464836056075
0.9456843237429416,0.407531865585168
0.9456843237429416,0.4075790937536215
0.9456843237429416,0.4076263328697265
0.9456843237429416,0.4076735829372899
0.9456843237429416,0.40772084396012054
0.9456843237429416,0.407768115942029
0.9451465447700995,0.40763075495767137
0.9451465447700995,0.4076780329389933
0.9451465447700995,0.40772532188841204
0.9451465447700995,0.4077726218097448
0.9451465447700995,0.40781993270681055
0.9451465447700995,0.40786725458343004
0.9451465447700995,0.4079145874434258
0.9451465447700995,0.4079619312906221
0.9451465447700995,0.408009286128845
0.9451465447700995,0.40810402879368396
0.9448776552836784,0.40803529958197865
0.9448776552836784,0.40808268493787014
0.9448776552836784,0.408130081300813
0.9448776552836784,0.4081774886746428
0.9446087657972573,0.40810873605947956
0.9443398763108363,0.4080399674683397
0.9443398763108363,0.40808738089704855
0.9443398763108363,0.4081348053457292
0.9443398763108363,0.4081822408182241
0.9443398763108363,0.40822968731837733
0.9443398763108363,0.40827714485003486
0.9443398763108363,0.4083246134170445
0.9443398763108363,0.40837209302325583
0.9443398763108363,0.40841958367252007
0.9443398763108363,0.4084670853686904
0.9440709868244151,0.40839827846923343
0.9440709868244151,0.4084457887389483
0.9440709868244151,0.4084933100639907
0.9440709868244151,0.4085408424482197
0.9440709868244151,0.40858838589549634
0.9440709868244151,0.40863594040968343
0.9438020973379941,0.40856710510999883
0.9438020973379941,0.4086146682188591
0.9438020973379941,0.4086622424030737
0.9438020973379941,0.408757424013043
0.9438020973379941,0.4088050314465409
0.9438020973379941,0.40885264997087944
0.9438020973379941,0.40890027958993475
0.9438020973379941,0.40894792030758476
0.9438020973379941,0.40899557212770915
0.9438020973379941,0.4090432350541895
0.9438020973379941,0.4091862905106085
0.9438020973379941,0.4092339979013641
0.9438020973379941,0.40928171641791045
0.9438020973379941,0.40932944606413996
0.9438020973379941,0.4093771868439468
0.9438020973379941,0.4094249387612271
0.9438020973379941,0.40947270181987866
0.9438020973379941,0.4095204760238012
0.9438020973379941,0.40956826137689617
0.9438020973379941,0.4096638655462185
0.9438020973379941,0.40971168437025796
0.9438020973379941,0.4098073555166375
0.9438020973379941,0.4098552078468006
0.9438020973379941,0.40990307135349763
0.9438020973379941,0.4099509460406447
0.943533207851573,0.40988202312813926
0.943533207851573,0.4099299065420561
0.943533207851573,0.40997780114499355
0.943533207851573,0.41002570694087404
0.943533207851573,0.4100736239336216
0.9432643183651519,0.41000467508181393
0.9429954288787309,0.4099357101110462
0.9429954288787309,0.4099836333878887
0.9429954288787309,0.4100315678709225
0.9429954288787309,0.41007951356407857
0.9429954288787309,0.4101274704712899
0.9429954288787309,0.41017543859649125
0.9429954288787309,0.41022341794361916
0.9429954288787309,0.4102714085166121
0.9427265393923098,0.4102024102024102
0.9427265393923098,0.4102504095483267
0.9427265393923098,0.41029842012873025
0.9427265393923098,0.41034644194756553
0.9427265393923098,0.4103944750087791
0.9427265393923098,0.41044251931631937
0.9427265393923098,0.41049057487413654
0.9427265393923098,0.41053864168618265
0.9427265393923098,0.41058671975641176
0.9427265393923098,0.4106348090887796
0.9427265393923098,0.41068290968724375
0.9427265393923098,0.4107310215557638
0.9427265393923098,0.4107791446983011
0.9427265393923098,0.41082727911881883
0.9427265393923098,0.4108754248212821
0.9427265393923098,0.41092358180965777
0.9427265393923098,0.41097175008791464
0.9427265393923098,0.41101992966002343
0.9427265393923098,0.4110681205299566
0.9427265393923098,0.4111163227016886
0.9427265393923098,0.4111645361791955
0.9427265393923098,0.41121276096645554
0.9427265393923098,0.4112609970674487
0.9427265393923098,0.41130924448615674
0.9427265393923098,0.4113575032265634
0.9427265393923098,0.4114057732926543
0.9424576499058887,0.4113366975707077
0.9424576499058887,0.4113849765258216
0.9421887604194676,0.41131588214579173
0.9421887604194676,0.41150910158543746
0.9421887604194676,0.41155743481324875
0.9419198709330465,0.41148831199342184
0.9416509814466254,0.4114191729323308
0.9413820919602044,0.411350017624251
0.9413820919602044,0.41139835487661575
0.9413820919602044,0.4114467034904219
0.9413820919602044,0.4114950634696756
0.9413820919602044,0.41154343481838485
0.9413820919602044,0.4115918175405596
0.9411132024737833,0.411522633744856
0.9411132024737833,0.41157102539981183
0.9411132024737833,0.4116194284370222
0.9411132024737833,0.4116678428605034
0.9411132024737833,0.41171626867427363
0.9411132024737833,0.4117647058823529
0.9411132024737833,0.4118131544887634
0.9411132024737833,0.41186161449752884
0.9411132024737833,0.4119100859126751
0.9408443129873622,0.4118408662900188
0.9408443129873622,0.41188934667451443
0.9408443129873622,0.4119378384742171
0.9408443129873622,0.41198634169315906
0.9408443129873622,0.41203485633537446
0.9408443129873622,0.4120833824048993
0.9408443129873622,0.41213191990577147
0.94030653401452,0.41199340245051835
0.9400376445280989,0.41192411924119243
0.9400376445280989,0.4119726608531699
0.9400376445280989,0.4120212139068945
0.9400376445280989,0.4121669417590191
0.9400376445280989,0.4122155406202099
0.9397687550416779,0.41214622641509435
0.9397687550416779,0.4121948342964972
0.9397687550416779,0.41224345364472753
0.9397687550416779,0.41229208446384336
0.9397687550416779,0.4123407267579047
0.9397687550416779,0.41238938053097346
0.9397687550416779,0.4124380457871135
0.9397687550416779,0.41248672253039065
0.9397687550416779,0.41253541076487255
0.9397687550416779,0.41258411049462873
0.9397687550416779,0.41263282172373084
0.9392309760688357,0.4124940954180444
0.9392309760688357,0.41259154264115283
0.9392309760688357,0.412640283520378
0.9392309760688357,0.4126890359168242
0.9389620865824146,0.41261963842609006
0.9389620865824146,0.4126683999054597
0.9389620865824146,0.4127171729110034
0.9389620865824146,0.4127659574468085
0.9389620865824146,0.4128147535169642
0.9389620865824146,0.4128635611255616
0.9389620865824146,0.41291238027669386
0.9389620865824146,0.412961210974456
0.9389620865824146,0.413010053222945
0.9389620865824146,0.41305890702625975
0.9386931970959935,0.41298947119365903
0.9386931970959935,0.4130383341221013
0.9386931970959935,0.41308720861436515
0.9386931970959935,0.4131360946745562
0.9386931970959935,0.41318499230678185
0.9386931970959935,0.4132339015151515
0.9386931970959935,0.4132828223037765
0.9386931970959935,0.4133317546767701
0.9386931970959935,0.4133806986382475
0.9384243076095725,0.4133112269066793
0.9384243076095725,0.4133601800307947
0.9384243076095725,0.41350710900473936
0.9384243076095725,0.4135561085436663
0.9384243076095725,0.41360511969661057
0.9381554181231514,0.41353561692544744
0.9381554181231514,0.4135846372688478
0.9381554181231514,0.41363366923532896
0.9381554181231514,0.41368271282902536
0.9381554181231514,0.413780834914611
0.9381554181231514,0.4138299134147788
0.9378865286367303,0.41376037959667855
0.9378865286367303,0.4138094673152213
0.9378865286367303,0.41385856668248694
0.9378865286367303,0.41390767770262255
0.9378865286367303,0.4139568003797769
0.9373487496638881,0.41381766381766383
0.9373487496638881,0.41386679330404846
0.9373487496638881,0.41391593445737357
0.9373487496638881,0.4139650872817955
0.9373487496638881,0.41401425178147266
0.9373487496638881,0.4140634279605654
0.9373487496638881,0.41411261582323594
0.9373487496638881,0.41416181537364855
0.9373487496638881,0.4142110266159696
0.9373487496638881,0.4142602495543672
0.9373487496638881,0.41430948419301167
0.9373487496638881,0.41435873053607514
0.937079860177467,0.4142891107941037
0.937079860177467,0.4143383664249197
0.937079860177467,0.41438763376932225
0.937079860177467,0.4145355061258475
0.937079860177467,0.4145848203664049
0.936810970691046,0.41451516954193934
0.936810970691046,0.4145644930985245
0.936810970691046,0.41461382839462096
0.9365420812046249,0.4145441561532968
0.9365420812046249,0.4145935007737174
0.9365420812046249,0.41464285714285715
0.9365420812046249,0.4146922252649125
0.9365420812046249,0.4147416051440819
0.9365420812046249,0.41479099678456594
0.9365420812046249,0.41484040019056695
0.9365420812046249,0.41488981536628944
0.9365420812046249,0.41493924231594
0.9365420812046249,0.41498868104372694
0.9365420812046249,0.4150381315538608
0.9365420812046249,0.41508759385055416
0.9362731917182038,0.41501787842669846
0.9362731917182038,0.4150673501013232
0.9362731917182038,0.4151168335717692
0.9362731917182038,0.41516632884225585
0.9362731917182038,0.4152158359170045
0.9362731917182038,0.4152653548002385
0.9362731917182038,0.41531488549618323
0.9362731917182038,0.415364428009066
0.9362731917182038,0.4154139823431162
0.9362731917182038,0.41546354850256534
0.9362731917182038,0.4155131264916468
0.9360043022317828,0.41544337033058837
0.9360043022317828,0.4154929577464789
0.9360043022317828,0.4155425570013131
0.9360043022317828,0.4155921680993314
0.9360043022317828,0.4156417910447761
0.9360043022317828,0.41569142584189156
0.9360043022317828,0.41574107249492415
0.9357354127453616,0.41567128523650265
0.9357354127453616,0.41572094134512005
0.9357354127453616,0.4157706093189964
0.9357354127453616,0.415820289162385
0.9357354127453616,0.41586998087954113
0.9354665232589405,0.415800167324011
0.9354665232589405,0.41584986851541955
0.9354665232589405,0.41589958158995816
0.9354665232589405,0.41594930655188905
0.9354665232589405,0.4159990434054765
0.9354665232589405,0.41604879215498686
0.9354665232589405,0.41609855280468844
0.9354665232589405,0.41614832535885166
0.9354665232589405,0.41619810982174904
0.9354665232589405,0.41624790619765495
0.9346598547996773,0.4160383004189108
0.9346598547996773,0.41608810150825953
0.9346598547996773,0.4161379145217287
0.9346598547996773,0.41618773946360155
0.9346598547996773,0.4162375763381631
0.9343909653132563,0.4161676646706587
0.9343909653132563,0.41621751107917115
0.9343909653132563,0.41636712197459863
0.9343909653132563,0.4164170161773517
0.9343909653132563,0.4164669223394056
0.9343909653132563,0.41651684046506054
0.9343909653132563,0.416566770558619
0.9343909653132563,0.41661671262438554
0.9343909653132563,0.4166666666666667
0.9343909653132563,0.41671663268977094
0.9343909653132563,0.41676661069800913
0.9343909653132563,0.4168166006956939
0.9343909653132563,0.4168666026871401
0.9343909653132563,0.4169166166766647
0.9343909653132563,0.4169666426685865
0.9343909653132563,0.4170166806672267
0.9343909653132563,0.4170667306769083
0.9343909653132563,0.41711679270195656
0.9343909653132563,0.4171668667466987
0.9343909653132563,0.41721695281546406
0.9343909653132563,0.41726705091258404
0.9343909653132563,0.4173171610423922
0.9343909653132563,0.4173672832092241
0.9343909653132563,0.4174174174174174
0.9343909653132563,0.41761807475063095
0.9343909653132563,0.4176682692307692
0.9343909653132563,0.41771847577833876
0.9338531863404141,0.417578453769388
0.9338531863404141,0.4176286676286676
0.9338531863404141,0.41767889356584487
0.9338531863404141,0.41772913158527786
0.9338531863404141,0.41777938169132683
0.9338531863404141,0.4178296438883542
0.9338531863404141,0.41787991818072434
0.9338531863404141,0.41793020457280383
0.9338531863404141,0.41798050306896134
0.9338531863404141,0.41808113639099553
0.9338531863404141,0.41813147122562005
0.9338531863404141,0.41818181818181815
0.9338531863404141,0.41823217726396916
0.9338531863404141,0.4182825484764543
0.9338531863404141,0.41838332730996264
0.9338531863404141,0.41843373493975905
0.9338531863404141,0.41848415471743583
0.9338531863404141,0.4185345866473849
0.9338531863404141,0.4185850307340002
0.933584296853993,0.4185149469623915
0.933584296853993,0.41861586689172897
0.933584296853993,0.418666345110334
0.933584296853993,0.4187168355041003
0.933584296853993,0.4187673380774334
0.933584296853993,0.41881785283474066
0.933584296853993,0.4188683797804319
0.933584296853993,0.4189189189189189
0.933584296853993,0.4189694702546157
0.933584296853993,0.4190200337919382
0.933584296853993,0.4190706095353048
0.933584296853993,0.4191211974891357
0.933584296853993,0.41917179765785345
0.933584296853993,0.4192224100458826
0.933584296853993,0.41927303465765003
0.9330465178811509,0.4191327455006643
0.9330465178811509,0.41918337762744623
0.9330465178811509,0.41923402198864324
0.9330465178811509,0.41933534743202416
0.9330465178811509,0.4193860285230844
0.9330465178811509,0.4194367218663121
0.9330465178811509,0.41948742746615086
0.9330465178811509,0.4195381453270463
0.9330465178811509,0.4195888754534462
0.9330465178811509,0.4196396178498005
0.9330465178811509,0.4196903725205612
0.9330465178811509,0.41974113947018266
0.9330465178811509,0.4197919187031212
0.9327776283947298,0.41972171808832426
0.9327776283947298,0.4197725072604066
0.9327776283947298,0.41982330872564444
0.9327776283947298,0.4198741224885016
0.9327776283947298,0.41992494855344387
0.9327776283947298,0.4200266376074585
0.9327776283947298,0.4200775006054735
0.9327776283947298,0.42012837592345886
0.9327776283947298,0.42017926356589147
0.9327776283947298,0.4202301635372502
0.9327776283947298,0.42033200048467223
0.9327776283947298,0.4203829374697043
0.9327776283947298,0.4204338868015998
0.9327776283947298,0.42048484848484846
0.9327776283947298,0.4205358225239423
0.9327776283947298,0.42058680892337535
0.9327776283947298,0.42063780768764397
0.9325087389083087,0.4205675479020131
0.9325087389083087,0.42061855670103093
0.9325087389083087,0.42066957787481807
0.9325087389083087,0.4207206114278782
0.9325087389083087,0.4207716573647173
0.9325087389083087,0.4214363835216916
0.9325087389083087,0.4214876033057851
0.9325087389083087,0.42153883554150967
0.9325087389083087,0.4215900802334063
0.9325087389083087,0.4216413373860182
0.9325087389083087,0.42169260700389105
0.9325087389083087,0.4217438890915724
0.9325087389083087,0.42179518365361224
0.9325087389083087,0.4218464906945627
0.9322398494218876,0.42177615571776156
0.9322398494218876,0.42182747292858014
0.9322398494218876,0.42187880262837674
0.9322398494218876,0.4219301448217111
0.9322398494218876,0.42198149951314506
0.9322398494218876,0.4220328667072428
0.9322398494218876,0.42208424640857073
0.9322398494218876,0.4221356386216973
0.9319709599354665,0.42206527033609353
0.9319709599354665,0.42216808769792935
0.9319709599354665,0.4222195151662809
0.9319709599354665,0.422270955165692
0.9319709599354665,0.42237387277601757
0.9319709599354665,0.42242535039609996
0.9319709599354665,0.42247684056557777
0.9319709599354665,0.4225283432890406
0.9319709599354665,0.4225798585710802
0.9319709599354665,0.4226313864162907
0.9319709599354665,0.4226829268292683
0.9319709599354665,0.42273447981461154
0.9319709599354665,0.4227860453769212
0.9319709599354665,0.4228376235208003
0.9319709599354665,0.4228892142508541
0.9319709599354665,0.42294081757169005
0.9319709599354665,0.422992433487918
0.9319709599354665,0.4230440620041499
0.9319709599354665,0.423095703125
0.9319709599354665,0.42314735685508487
0.9319709599354665,0.4231990231990232
0.9319709599354665,0.42325070216143607
0.9319709599354665,0.4233023937469467
0.9319709599354665,0.42335409796018075
0.9319709599354665,0.42340581480576595
0.9317020704490454,0.42333536957849727
0.9317020704490454,0.42338709677419356
0.9317020704490454,0.4234388366124893
0.9317020704490454,0.42349058909802006
0.9317020704490454,0.4235423542354235
0.9317020704490454,0.4235941320293399
0.9317020704490454,0.4236459224844113
0.9314331809626244,0.4235754463193935
0.9314331809626244,0.42362724715665895
0.9314331809626244,0.42367906066536204
0.9311642914762033,0.4236085626911315
0.9311642914762033,0.423660386591632
0.9311642914762033,0.42376407244248654
0.9306265125033611,0.4236230110159119
0.9306265125033611,0.4236748684049455
0.9306265125033611,0.4237267384916748
0.9306265125033611,0.42377862128076405
0.9306265125033611,0.4238305167768797
0.9306265125033611,0.42388242498469075
0.9306265125033611,0.4239343459088682
0.9306265125033611,0.4239862795540855
0.93035762301694,0.42391570693457487
0.93035762301694,0.4239676510231589
0.93035762301694,0.42401960784313725
0.93035762301694,0.4240715773991911
0.93035762301694,0.4241235596960039
0.93035762301694,0.42417555473826163
0.93035762301694,0.4242275625306523
0.9300887335305189,0.42415695892090743
0.9300887335305189,0.42420897718910966
0.9300887335305189,0.42431305201177627
0.9300887335305189,0.42436510857563486
0.9300887335305189,0.42441717791411043
0.9300887335305189,0.42446926003190577
0.9300887335305189,0.42452135493372606
0.9300887335305189,0.42457346262427886
0.9300887335305189,0.424625583108274
0.9300887335305189,0.42467771639042357
0.9300887335305189,0.42472986247544203
0.9300887335305189,0.42478202136804616
0.9300887335305189,0.42483419307295506
0.9300887335305189,0.42488637759489006
0.9300887335305189,0.42493857493857495
0.9300887335305189,0.4249907851087357
0.9300887335305189,0.4250952439474008
0.9300887335305189,0.4251474926253687
0.9300887335305189,0.42519975414874
0.9300887335305189,0.4252520285222523
0.9300887335305189,0.42530431575064553
0.9300887335305189,0.4253566158386621
0.9300887335305189,0.42540892879104664
0.9298198440440979,0.42533825338253384
0.9298198440440979,0.42539057694673393
0.9298198440440979,0.4254429133858268
0.9298198440440979,0.425495262704565
0.9298198440440979,0.42554762490770365
0.9298198440440979,0.4256523879862137
0.9298198440440979,0.42570478887110674
0.9298198440440979,0.42580962935599065
0.9295509545576768,0.4257389162561576
0.9295509545576768,0.42584380389258436
0.9295509545576768,0.4259487432232627
0.9295509545576768,0.4260012322858903
0.9295509545576768,0.4260537342864185
0.9295509545576768,0.4261062492296315
0.9295509545576768,0.4261587771203156
0.9295509545576768,0.4262113179632598
0.9292820650712557,0.4261405672009864
0.9290131755848346,0.4260697989887779
0.9290131755848346,0.4261223482979773
0.9290131755848346,0.4261749105711114
0.9290131755848346,0.42622748581297804
0.9290131755848346,0.42628007402837753
0.9290131755848346,0.42633267522211254
0.9290131755848346,0.426385289398988
0.9290131755848346,0.4264379165638114
0.9290131755848346,0.4264905567213924
0.9290131755848346,0.4265432098765432
0.9290131755848346,0.4265958760340783
0.9290131755848346,0.4266485551988145
0.9290131755848346,0.4267012473755712
0.9290131755848346,0.42675395256917
0.9284753966119925,0.42661230541141587
0.9284753966119925,0.4266650191523539
0.9284753966119925,0.42671774592189815
0.9284753966119925,0.4267704857248795
0.9284753966119925,0.426823238566131
0.9284753966119925,0.42687600445048834
0.9282065071255714,0.4268051434223541
0.9282065071255714,0.42685792011870904
0.9282065071255714,0.4269107098689092
0.9282065071255714,0.4269635126777984
0.9282065071255714,0.42701632855022265
0.9282065071255714,0.4270691574910306
0.9282065071255714,0.427121999505073
0.9282065071255714,0.42717485459720334
0.9282065071255714,0.4272277227722772
0.9282065071255714,0.4272806040351529
0.9282065071255714,0.4273334983906908
0.9282065071255714,0.42738640584375387
0.9282065071255714,0.4274393263992075
0.9282065071255714,0.4274922600619195
0.9282065071255714,0.42754520683675995
0.9282065071255714,0.4275981667286015
0.9282065071255714,0.4276511397423191
0.9282065071255714,0.4277041258827902
0.9279376176391503,0.427633209417596
0.9279376176391503,0.42768620646920313
0.9279376176391503,0.4277392166584036
0.9279376176391503,0.42779223999008303
0.9279376176391503,0.4278452764691297
0.9279376176391503,0.427898326100434
0.9279376176391503,0.4279513888888889
0.9279376176391503,0.4280044648393898
0.9279376176391503,0.42805755395683454
0.9279376176391503,0.4281106562461233
0.9279376176391503,0.4281637717121588
0.9279376176391503,0.4282169003598461
0.9279376176391503,0.4282700421940928
0.9279376176391503,0.4283231972198089
0.9279376176391503,0.42837636544190666
0.9279376176391503,0.42842954686530105
0.9279376176391503,0.42848274149490934
0.9279376176391503,0.4285359493356513
0.9279376176391503,0.4285891703924491
0.9279376176391503,0.4286424046702273
0.9279376176391503,0.42869565217391303
0.9279376176391503,0.4287489129084358
0.9279376176391503,0.4288021868787276
0.9279376176391503,0.42885547408972285
0.9279376176391503,0.42890877454635845
0.9279376176391503,0.4289620882535736
0.9279376176391503,0.4290154152163103
0.9279376176391503,0.4290687554395126
0.9276687281527293,0.4289977617508083
0.9273998386663082,0.4289267504041786
0.9273998386663082,0.42898009950248756
0.9273998386663082,0.4290334618733673
0.9273998386663082,0.42908683752177157
0.9273998386663082,0.4291402264526565
0.9273998386663082,0.4291936286709806
0.9273998386663082,0.42924704418170506
0.9273998386663082,0.4293004729897934
0.9273998386663082,0.42935391510021165
0.9273998386663082,0.42940737051792827
0.927130949179887,0.42933632175320635
0.926862059693466,0.4292652552926525
0.926862059693466,0.4293187196413003
0.926862059693466,0.42937219730941706
0.926862059693466,0.4294256883019808
0.926862059693466,0.4294791926239721
0.926862059693466,0.4295327102803738
0.9265931702070449,0.4294616151545364
0.9265931702070449,0.4295151439611118
0.9265931702070449,0.4295686861131887
0.9263242807206238,0.42949756888168555
0.9263242807206238,0.4295511221945137
0.9263242807206238,0.42960468886394815
0.9263242807206238,0.42965826889498626
0.9263242807206238,0.42971186229262814
0.9263242807206238,0.42976546906187624
0.9263242807206238,0.4298190892077355
0.9263242807206238,0.4298727227352134
0.9263242807206238,0.42992636964931985
0.9263242807206238,0.4299800299550674
0.9263242807206238,0.43003370365747096
0.9263242807206238,0.43008739076154806
0.9263242807206238,0.4301948051948052
0.9263242807206238,0.4302485325340327
0.9263242807206238,0.43030227329502874
0.9263242807206238,0.43035602748282326
0.9257865017477817,0.43021366987379733
0.9255176122613605,0.430142464383904
0.9252487227749395,0.43007124109486317
0.9252487227749395,0.430125
0.9252487227749395,0.43017877234654334
0.9252487227749395,0.43023255813953487
0.9252487227749395,0.430286357384019
0.9252487227749395,0.4303401700850425
0.9249798332885184,0.43026891807379614
0.9249798332885184,0.4303227420565424
0.9249798332885184,0.4303765795070687
0.9249798332885184,0.43043043043043044
0.9249798332885184,0.43048429483168565
0.9249798332885184,0.4305381727158949
0.9249798332885184,0.4305920640881212
0.9249798332885184,0.430969681784014
0.9249798332885184,0.431023681242952
0.9247109438020973,0.430952380952381
0.9247109438020973,0.43122257053291535
0.9247109438020973,0.4312766491096062
0.9244420543156763,0.43120531794807476
0.9244420543156763,0.4313135114791118
0.9244420543156763,0.4313676286072773
0.9244420543156763,0.43142175931735477
0.9244420543156763,0.4314759036144578
0.9244420543156763,0.43153006150370277
0.9244420543156763,0.43158423299020837
0.9241731648292552,0.43151286880100437
0.9241731648292552,0.4315670517327976
0.9241731648292552,0.43162124827326387
0.9241731648292552,0.43167545842753074
0.9241731648292552,0.43172968220072855
0.9241731648292552,0.43178391959798995
0.923635385856413,0.4316411158582558
0.923635385856413,0.43169536257383434
0.923635385856413,0.43174962292609353
0.923635385856413,0.431803896920176
0.923635385856413,0.43185818456122704
0.923635385856413,0.43191248585439457
0.923635385856413,0.43196680080482897
0.9230976068835709,0.4318238993710692
0.9230976068835709,0.4318782236759341
0.9230976068835709,0.43193256165072974
0.9228287173971498,0.43186107965269915
0.9225598279107287,0.43178957966272336
0.9225598279107287,0.431843926998112
0.9225598279107287,0.4318982880161128
0.9225598279107287,0.4319526627218935
0.9225598279107287,0.43200705112062454
0.9225598279107287,0.4320614532174789
0.9225598279107287,0.4321158690176322
0.9225598279107287,0.43217029852626276
0.9222909384243076,0.43209876543209874
0.9222909384243076,0.43215320650119693
0.9222909384243076,0.43220766129032256
0.9220220489378865,0.4321361058601134
0.9220220489378865,0.4321905722208218
0.9220220489378865,0.4322450523131224
0.9220220489378865,0.4322995461422088
0.9220220489378865,0.432354053713277
0.9217531594514654,0.43228247162673394
0.9217531594514654,0.43233699079329047
0.9217531594514654,0.43239152371342077
0.9217531594514654,0.43244607039233
0.9217531594514654,0.43250063083522583
0.9217531594514654,0.4325552050473186
0.9217531594514654,0.4326097930338213
0.9214842699650444,0.4325381799823299
0.9212153804786233,0.4324665488513002
0.9212153804786233,0.4325211463199091
0.9212153804786233,0.43257575757575756
0.9212153804786233,0.4326850214700682
0.9209464909922022,0.4326133636478464
0.9209464909922022,0.4326680141485599
0.9209464909922022,0.4327226784586229
0.9209464909922022,0.43277735658327016
0.9209464909922022,0.43288675429726997
0.9209464909922022,0.4329414738971053
0.9209464909922022,0.4329962073324905
0.9206776015057812,0.4329245163737514
0.9206776015057812,0.43297926150733435
0.92040871201936,0.43290755027191097
0.92040871201936,0.4329623071085252
0.92040871201936,0.4330170777988615
0.92040871201936,0.4330718623481781
0.92040871201936,0.43312666076173606
0.92040871201936,0.43318147304479876
0.92040871201936,0.43329113924050633
0.92040871201936,0.4333459931636916
0.92040871201936,0.43340086097746267
0.92040871201936,0.43345574268709636
0.92040871201936,0.43351063829787234
0.92040871201936,0.43356554781507284
0.9201398225329389,0.43349379275399036
0.9201398225329389,0.43354871405042444
0.9198709330465179,0.433476938672073
0.9198709330465179,0.4335318717526296
0.9198709330465179,0.43364177969324375
0.9198709330465179,0.4336967545638945
0.9198709330465179,0.43375174337517436
0.9198709330465179,0.4338067461323865
0.9198709330465179,0.43386176284083705
0.9198709330465179,0.4339167935058346
0.9198709330465179,0.4339718381326906
0.9198709330465179,0.4340268967267191
0.9198709330465179,0.4340819692932369
0.9198709330465179,0.43413705583756346
0.9198709330465179,0.43419215636502095
0.9198709330465179,0.43424727088093423
0.9196020435600968,0.43417544750539544
0.9193331540736758,0.4341036058913154
0.9193331540736758,0.43415873015873013
0.9193331540736758,0.43421386842773685
0.9190642645872547,0.4341420043185571
0.9187953751008335,0.4340701219512195
0.9187953751008335,0.43412526997840173
0.9187953751008335,0.43418043202033035
0.9187953751008335,0.43423560808234846
0.9187953751008335,0.4342907981698017
0.9187953751008335,0.43434600228803866
0.9187953751008335,0.43440122044241036
0.9187953751008335,0.4344564526382708
0.9187953751008335,0.4345116988809766
0.9185264856144125,0.4344397812539743
0.9185264856144125,0.4344950394301704
0.9185264856144125,0.43455031166518254
0.9185264856144125,0.4346055979643766
0.9185264856144125,0.43466089833312127
0.9185264856144125,0.434716212776788
0.9185264856144125,0.4347715413007509
0.9185264856144125,0.434826883910387
0.9185264856144125,0.4348822406110757
0.9185264856144125,0.43493761140819964
0.9182575961279914,0.43486565643703046
0.9182575961279914,0.434921039225675
0.9182575961279914,0.4349764361227869
0.9182575961279914,0.435031847133758
0.9182575961279914,0.4350872722639827
0.9182575961279914,0.4351427115188583
0.9182575961279914,0.4351981649037849
0.9182575961279914,0.4352536324241652
0.9182575961279914,0.43530911408540474
0.9182575961279914,0.43536460989291176
0.9182575961279914,0.4354201198520974
0.9179887066415703,0.43534812547819435
0.9179887066415703,0.4354036474939421
0.9179887066415703,0.43545918367346936
0.9179887066415703,0.4355147340221967
0.9179887066415703,0.43557029854554735
0.9179887066415703,0.4356258772489473
0.9179887066415703,0.43568147013782543
0.9179887066415703,0.4357370772176133
0.9179887066415703,0.4357926984937452
0.9179887066415703,0.43584833397165834
0.9179887066415703,0.43590398365679267
0.9179887066415703,0.4359596475545907
0.9179887066415703,0.4360153256704981
0.9179887066415703,0.43607101800996295
0.9179887066415703,0.4361267245784364
0.9179887066415703,0.4361824453813722
0.9179887066415703,0.43623818042422696
0.9177198171551493,0.43616613418530353
0.9174509276687282,0.43609406952965235
0.9174509276687282,0.43614981464911157
0.9174509276687282,0.4362055740219893
0.9174509276687282,0.43626134765375274
0.9174509276687282,0.4363171355498721
0.9174509276687282,0.4363729377158204
0.9174509276687282,0.43642875415707344
0.9174509276687282,0.4364845848791096
0.9174509276687282,0.43654042988741043
0.9174509276687282,0.43659628918746
0.9174509276687282,0.43665216278474533
0.9174509276687282,0.43670805068475615
0.917182038182307,0.43663594470046085
0.917182038182307,0.43669184483420814
0.916913148695886,0.43661971830985913
0.916913148695886,0.4366756306825458
0.916913148695886,0.43673155737704916
0.9166442592094649,0.4366594082233893
0.9166442592094649,0.43671534716884447
0.9166442592094649,0.4367713004484305
0.9166442592094649,0.4368272680676576
0.9166442592094649,0.436883250032039
0.9166442592094649,0.43693924634709047
0.9166442592094649,0.436995257018331
0.9166442592094649,0.4370512820512821
0.9166442592094649,0.43710732145146813
0.9166442592094649,0.4371633752244165
0.9166442592094649,0.4372194433756573
0.9166442592094649,0.43727552591072344
0.9166442592094649,0.43733162283515076
0.9166442592094649,0.4373877341544778
0.9163753697230438,0.4373155395868087
0.9161064802366228,0.43724332648870634
0.9161064802366228,0.43729944808111926
0.9158375907502017,0.4372272143774069
0.9158375907502017,0.43728334831172166
0.9158375907502017,0.43733949666153055
0.9155687012637805,0.4372672402722486
0.9155687012637805,0.43732340097611094
0.9155687012637805,0.4373795761078998
0.9152998117773595,0.43730729701952725
0.9152998117773595,0.4373634845175382
0.9152998117773595,0.43741968645592394
0.9152998117773595,0.4374759028402519
0.9152998117773595,0.43753213367609256
0.9152998117773595,0.43758837896901914
0.9152998117773595,0.43764463872460785
0.9150309222909384,0.4375723286614376
0.9150309222909384,0.43768488745980705
0.9150309222909384,0.437741188577309
0.9150309222909384,0.43779750418113983
0.9147620328045173,0.4377251672671127
0.9147620328045173,0.43778149530304983
0.9147620328045173,0.43783783783783786
0.9147620328045173,0.43789419487707554
0.9147620328045173,0.4379505664263646
0.9147620328045173,0.4380069524913094
0.9147620328045173,0.43806335307751737
0.9147620328045173,0.43811976819059884
0.9147620328045173,0.4381761978361669
0.9147620328045173,0.4382326420198377
0.9147620328045173,0.4382891007472301
0.9147620328045173,0.438345574023966
0.9147620328045173,0.4384020618556701
0.9147620328045173,0.4384585642479701
0.9147620328045173,0.4385150812064965
0.9147620328045173,0.43857161273688283
0.9147620328045173,0.43862815884476536
0.9144931433180963,0.4385557704706641
0.9142242538316752,0.43848336342532884
0.9142242538316752,0.43853992003095577
0.9142242538316752,0.43859649122807015
0.9142242538316752,0.4386530770223197
0.9142242538316752,0.43870967741935485
0.9142242538316752,0.438766292424829
0.9139553643452542,0.43869385647909137
0.913686474858833,0.4386214018329676
0.913686474858833,0.4386780273689646
0.913686474858833,0.43873466752743706
0.913686474858833,0.4387913223140496
0.913686474858833,0.43884799173446987
0.913686474858833,0.43890467579436837
0.913686474858833,0.43901808785529717
0.913686474858833,0.43907481586768315
0.913686474858833,0.439131558542259
0.9134175853724119,0.43905906682176554
0.9134175853724119,0.43911582213029987
0.9134175853724119,0.4391725921137686
0.9134175853724119,0.439229376777864
0.9134175853724119,0.4392861761282814
0.9134175853724119,0.4393429901707191
0.9134175853724119,0.43939981891087826
0.9134175853724119,0.4394566623544631
0.9134175853724119,0.43951352050718073
0.9134175853724119,0.4396272809628575
0.9134175853724119,0.4396841832772457
0.9134175853724119,0.4397411003236246
0.9131486958859909,0.4396685655100984
0.9131486958859909,0.4397254952738573
0.9131486958859909,0.4397824397824398
0.9131486958859909,0.43983939904157493
0.9131486958859909,0.440010365379632
0.9128798063995698,0.4399377996630815
0.9128798063995698,0.43999481596682216
0.9128798063995698,0.440051847051199
0.9128798063995698,0.4401088929219601
0.9128798063995698,0.4401659535848567
0.9128798063995698,0.44022302904564314
0.9126109169131487,0.44015043444430035
0.9126109169131487,0.44020752269779506
0.9126109169131487,0.44026462576209624
0.9126109169131487,0.44032174364296833
0.9126109169131487,0.4403788763461788
0.9126109169131487,0.44043602387749803
0.9126109169131487,0.44049318624269956
0.9126109169131487,0.4405503634475597
0.9120731379403065,0.4404050895871202
0.9120731379403065,0.4404622776262823
0.9120731379403065,0.44051948051948053
0.9120731379403065,0.4405766982725029
0.9120731379403065,0.44063393089114056
0.9118042484538854,0.440561257632844
0.9118042484538854,0.4406185031185031
0.9118042484538854,0.44073303873147907
0.9118042484538854,0.44079032887040165
0.9118042484538854,0.4408476339053562
0.9118042484538854,0.44090495384215317
0.9118042484538854,0.440962288686606
0.9118042484538854,0.4410196384445311
0.9115353589674644,0.4409469302809573
0.9115353589674644,0.4410042929621439
0.9115353589674644,0.4410616705698673
0.9115353589674644,0.44111906310995447
0.9115353589674644,0.4411764705882353
0.9115353589674644,0.4412338930105428
0.9115353589674644,0.44129133038271284
0.9115353589674644,0.4413487827105846
0.9115353589674644,0.44140625
0.9115353589674644,0.4414637322568043
0.9112664694810433,0.44139098723625947
0.9109975799946222,0.44131822326429593
0.9107286905082012,0.44124544033350704
0.9107286905082012,0.4413029315960912
0.9107286905082012,0.44136043784206413
0.91045980102178,0.44128763195621007
0.91045980102178,0.4413451511991658
0.91045980102178,0.4414026854386651
0.91045980102178,0.44146023468057366
0.91045980102178,0.4415177989307602
0.91045980102178,0.4415753781950965
0.91045980102178,0.44163297247945743
0.91045980102178,0.44169058178972087
0.91045980102178,0.4417482061317678
0.9101909115353589,0.44167536534446766
0.9101909115353589,0.4417330027404411
0.9101909115353589,0.4418483226732802
0.9101909115353589,0.441963702833268
0.9101909115353589,0.4420214155131888
0.9101909115353589,0.44213688610240337
0.9101909115353589,0.4422524170368435
0.9099220220489379,0.4422373235755358
0.9099220220489379,0.4423529411764706
0.9099220220489379,0.4424107726500196
0.9099220220489379,0.44252648097293057
0.9096531325625168,0.44245357049437617
0.9096531325625168,0.4425693354264783
0.9096531325625168,0.442627240612325
0.9096531325625168,0.4426851609526302
0.9096531325625168,0.4427430964533438
0.9096531325625168,0.44280104712041884
0.9096531325625168,0.4428590129598115
0.9096531325625168,0.442916993977481
0.9096531325625168,0.4429749901793898
0.9093842430760958,0.4429020429544264
0.9093842430760958,0.4429600523903078
0.9093842430760958,0.4430180770238407
0.9093842430760958,0.4430761168609983
0.9091153535896747,0.4430031446540881
0.9091153535896747,0.4430611977460359
0.9091153535896747,0.44311926605504587
0.9091153535896747,0.44317734958710187
0.9088464641032535,0.44310435238594653
0.9088464641032535,0.4431624491936541
0.9088464641032535,0.44322056123787046
0.9088464641032535,0.4432786885245902
0.9088464641032535,0.44333683105981114
0.9088464641032535,0.4433949888495343
0.9088464641032535,0.44345316189976386
0.9088464641032535,0.443511350216507
0.9088464641032535,0.4435695538057743
0.9088464641032535,0.4436277726735792
0.9088464641032535,0.44368600682593856
0.9088464641032535,0.44374425626887226
0.9088464641032535,0.44380252100840334
0.9088464641032535,0.4438608010505581
0.9088464641032535,0.4439190964013659
0.9088464641032535,0.44397740706685934
0.9088464641032535,0.4440357330530741
0.9085775746168325,0.4439626855866509
0.9085775746168325,0.4440210249671485
0.9085775746168325,0.4440793796819556
0.9085775746168325,0.44413774973711884
0.9085775746168325,0.44419613513868805
0.9085775746168325,0.4442545358927163
0.9085775746168325,0.4443129520052597
0.9083086851304114,0.44423987375065754
0.9080397956439903,0.444166776272524
0.9080397956439903,0.4442252038937122
0.9080397956439903,0.4442836468885673
0.9080397956439903,0.44434210526315787
0.9080397956439903,0.44440057902355573
0.9080397956439903,0.44445906817583575
0.9077709061575693,0.44438594181913915
0.9077709061575693,0.4444444444444444
0.9077709061575693,0.44456149591782984
0.9077709061575693,0.4446200447780851
0.9077709061575693,0.4446786090621707
0.9077709061575693,0.44473718877618235
0.9077709061575693,0.4447957839262187
0.9077709061575693,0.4448543945183819
0.9075020166711482,0.44478123352662097
0.9075020166711482,0.44483985765124556
0.9075020166711482,0.4448984972317427
0.9075020166711482,0.44495715227422544
0.9075020166711482,0.4450158227848101
0.9075020166711482,0.44507450876961624
0.9075020166711482,0.44513321023476654
0.9075020166711482,0.445191927186387
0.9075020166711482,0.44525065963060684
0.9075020166711482,0.4453094075735585
0.907233127184727,0.4452362100818158
0.907233127184727,0.44529497162465353
0.907233127184727,0.44535374868004224
0.907233127184727,0.44541254125412544
0.907233127184727,0.4454713493530499
0.907233127184727,0.4455301729829658
0.907233127184727,0.4455890121500264
0.907233127184727,0.4456478668603883
0.907233127184727,0.44570673712021136
0.907233127184727,0.44582452431289643
0.907233127184727,0.44588344125809437
0.907233127184727,0.44594237377742535
0.907233127184727,0.4460013218770654
0.907233127184727,0.4460602855631941
0.907233127184727,0.44611926484199393
0.907233127184727,0.44617825971965086
0.907233127184727,0.4462372702023542
0.907233127184727,0.4462962962962963
0.907233127184727,0.44635533800767296
0.907233127184727,0.44641439534268323
0.907233127184727,0.44653255690841714
0.907233127184727,0.44659166115155524
0.907233127184727,0.4466507810431559
0.907233127184727,0.44670991658943465
0.906964237698306,0.4466366525423729
0.906964237698306,0.44669580188054564
0.906964237698306,0.4467549668874172
0.906964237698306,0.44681414756921445
0.906964237698306,0.4468733439321675
0.906964237698306,0.4471102863202545
0.9066953482118849,0.4470369879358346
0.9064264587254638,0.4469636701140281
0.9064264587254638,0.44702294125447556
0.9061575692390428,0.4469496021220159
0.9061575692390428,0.4470681878482356
0.9061575692390428,0.4471275043120605
0.9061575692390428,0.4471868365180467
0.9061575692390428,0.44724618447246184
0.9058886797526217,0.44717281656490576
0.9058886797526217,0.4472321784149741
0.9058886797526217,0.4472915560276155
0.9056197902662005,0.44721816491833755
0.9056197902662005,0.44727755644090306
0.9056197902662005,0.44733696374020454
0.9053509007797795,0.4472635494155154
0.9053509007797795,0.4473229706390328
0.9053509007797795,0.447382407653468
0.9053509007797795,0.4474418604651163
0.9053509007797795,0.44756081350525057
0.9053509007797795,0.44762031374634403
0.9050820112933584,0.44754686876745114
0.9050820112933584,0.4476063829787234
0.9050820112933584,0.44766591302034847
0.9050820112933584,0.44772545889864324
0.9050820112933584,0.44784459819052685
0.9050820112933584,0.4479041916167665
0.9050820112933584,0.4479638009049774
0.9050820112933584,0.4480234260614934
0.9050820112933584,0.4480830670926518
0.9050820112933584,0.448142724004793
0.9048131218069374,0.44806924101198403
0.9045442323205163,0.4479957384471967
0.9045442323205163,0.44805540756526374
0.9045442323205163,0.44811509258025845
0.9045442323205163,0.4481747934985345
0.9045442323205163,0.448234510326449
0.9045442323205163,0.4482942430703625
0.9042753428340952,0.44822071171531386
0.9042753428340952,0.44828045854438814
0.9040064533476742,0.44820690574590055
0.9040064533476742,0.44826666666666665
0.9040064533476742,0.4483264435258034
0.9040064533476742,0.44838623632968794
0.9040064533476742,0.44844604508470054
0.9040064533476742,0.4485058697972252
0.9040064533476742,0.4485657104736491
0.9040064533476742,0.44862556712036294
0.9040064533476742,0.44868543974376085
0.903737563861253,0.448611852642819
0.903737563861253,0.4486717394206381
0.903737563861253,0.4487316421895861
0.903737563861253,0.4487915609560689
0.903737563861253,0.44885149572649574
0.903737563861253,0.44891144650727927
0.903737563861253,0.4489714133048357
0.903737563861253,0.4490313961255845
0.903737563861253,0.4490913949759487
0.903737563861253,0.4491514098623547
0.903737563861253,0.44921144079123226
0.903737563861253,0.4492714877690148
0.903737563861253,0.44933155080213905
0.903737563861253,0.44939162989704506
0.903737563861253,0.4494517250601765
0.903737563861253,0.44951183629798047
0.903737563861253,0.44957196361690743
0.9021242269427265,0.4491899852724595
0.9021242269427265,0.4492501339046599
0.9021242269427265,0.4493102986473818
0.9018553374563054,0.44923653897669436
0.9018553374563054,0.4492967180174146
0.9015864479698844,0.4492229367631297
0.9015864479698844,0.44928313010853543
0.9015864479698844,0.44934333958724204
0.9013175584834633,0.44926953491489074
0.9010486689970422,0.44919571045576406
0.9007797795106212,0.44912186620190375
0.9007797795106212,0.44918208635022794
0.9007797795106212,0.4492423226498592
0.9007797795106212,0.44930257510729615
0.9007797795106212,0.4493628437290409
0.9007797795106212,0.44942312852159916
0.9007797795106212,0.4495437466451959
0.9007797795106212,0.44960407998926316
0.9005108900242,0.4495302013422819
0.9005108900242,0.44959054906698886
0.9005108900242,0.4496509129967777
0.9002420005377789,0.4495770108768632
0.9002420005377789,0.44963738920225627
0.9002420005377789,0.44969778374748154
0.9002420005377789,0.4497581945190758
0.9002420005377789,0.4498186215235792
0.9002420005377789,0.4498790647675356
0.9002420005377789,0.4499395242574923
0.8999731110513579,0.4498655913978495
0.8999731110513579,0.44992606533136176
0.8999731110513579,0.44998655552567896
0.8997042215649368,0.44991259916633053
0.8997042215649368,0.44997310381925765
0.8994353320785158,0.44989912575655683
0.8994353320785158,0.4499596448748991
0.8994353320785158,0.45002018027714247
0.8994353320785158,0.45008073196986004
0.8994353320785158,0.4501412999596286
0.8991664425920947,0.45006729475100943
0.8991664425920947,0.45012787723785164
0.8991664425920947,0.4501884760366182
0.8991664425920947,0.45024909115389794
0.8991664425920947,0.4503097225962833
0.8991664425920947,0.45037037037037037
0.8991664425920947,0.4504310344827586
0.8991664425920947,0.4504917149400512
0.8988975531056735,0.45041767717596337
0.8988975531056735,0.4504783721870368
0.8988975531056735,0.45053908355795147
0.8988975531056735,0.45059981129532284
0.8986286636192525,0.45052574818010244
0.8986286636192525,0.4505864904948092
0.8983597741328314,0.45051240560949296
0.8983597741328314,0.4505731625084289
0.8980908846464103,0.45049905584030214
0.8980908846464103,0.4505598273303656
0.8980908846464103,0.4506206152185645
0.8980908846464103,0.4506814195115369
0.8975531056735682,0.4505331353758942
0.897015326700726,0.45038477116241393
0.897015326700726,0.4504455846610856
0.897015326700726,0.45050641458474006
0.897015326700726,0.4505672609400324
0.897015326700726,0.4506281237336215
0.897015326700726,0.4506890029721697
0.897015326700726,0.45074989866234294
0.897015326700726,0.4508108108108108
0.8967464372143049,0.45073658602513855
0.8967464372143049,0.4507975128413085
0.8967464372143049,0.45085845613086384
0.8967464372143049,0.45091941590048673
0.8967464372143049,0.45098039215686275
0.8967464372143049,0.4510413849066811
0.8967464372143049,0.45110239415663467
0.8967464372143049,0.4511634199134199
0.8967464372143049,0.45122446218373696
0.8962086582414628,0.45107592367032073
0.8962086582414628,0.45113697888467785
0.8962086582414628,0.4511980506294842
0.8962086582414628,0.4512591389114541
0.8962086582414628,0.45132024373730534
0.8962086582414628,0.4513813651137595
0.8962086582414628,0.45144250304754163
0.8962086582414628,0.45150365754538063
0.8959397687550417,0.45142934561712506
0.8959397687550417,0.4514905149051491
0.8959397687550417,0.45155170077246237
0.8959397687550417,0.4517353579175705
0.8959397687550417,0.4517966101694915
0.8956708792686205,0.4517222674260917
0.8956708792686205,0.4517835345178354
0.8956708792686205,0.45184481823114486
0.8956708792686205,0.45190611857278523
0.8956708792686205,0.4519674355495251
0.8956708792686205,0.4520287691681368
0.8956708792686205,0.4520901194353963
0.8954019897821995,0.45201574589385096
0.8954019897821995,0.4520771110507738
0.8954019897821995,0.45213849287169044
0.8951331002957784,0.45206409560021726
0.8951331002957784,0.45212549232649735
0.8951331002957784,0.452186905732138
0.8948642108093574,0.4521124847167504
0.8948642108093574,0.45217391304347826
0.8948642108093574,0.45223535806495446
0.8948642108093574,0.45229681978798586
0.8948642108093574,0.4523582982193829
0.8948642108093574,0.4524197933659598
0.8948642108093574,0.45248130523453434
0.8948642108093574,0.4525428338319282
0.8948642108093574,0.45260437916496665
0.8945953213229363,0.45252992383025026
0.8945953213229363,0.4525914841518161
0.8945953213229363,0.4526530612244898
0.8945953213229363,0.45271465505510955
0.8945953213229363,0.45277626565051715
0.8945953213229363,0.45283789301755817
0.8945953213229363,0.45289953716308196
0.8945953213229363,0.4529611980939415
0.8927130949179887,0.45243935677296265
0.8927130949179887,0.45250102221616467
0.8924442054315677,0.45242639040348964
0.8924442054315677,0.4524880708929789
0.8924442054315677,0.45254976820289067
0.8921753159451465,0.45247511250511385
0.8921753159451465,0.4525368248772504
0.8921753159451465,0.4525985540853908
0.8921753159451465,0.45266030013642566
0.8919064264587254,0.4525856187747305
0.8916375369723044,0.45251091703056767
0.8916375369723044,0.4525726764023475
0.8913686474858833,0.4524979524979525
0.8913686474858833,0.45255972696245733
0.8913686474858833,0.4526215182960131
0.8913686474858833,0.4526833265055305
0.8910997579994622,0.4526085768915597
0.8910997579994622,0.4526704002185494
0.8910997579994622,0.4527322404371585
0.8908308685130412,0.4526574668670583
0.8908308685130412,0.4527193222191856
0.8908308685130412,0.4527811944786114
0.8908308685130412,0.452843083652269
0.8908308685130412,0.45290498974709503
0.8908308685130412,0.4529669127700301
0.89056197902662,0.4528921099412006
0.8902930895401989,0.45281728665207877
0.8902930895401989,0.45287922308849676
0.8902930895401989,0.45294117647058824
0.8902930895401989,0.4530031468053085
0.8902930895401989,0.45306513409961685
0.8900242000537779,0.4529902832899959
0.8900242000537779,0.45305228579249934
0.8900242000537779,0.4531143052703628
0.8900242000537779,0.4531763417305586
0.8900242000537779,0.453238395180063
0.8900242000537779,0.4533004656258559
0.8900242000537779,0.45336255307492124
0.8897553105673568,0.4532876712328767
0.8897553105673568,0.45334977394163584
0.8894864210809358,0.45327486982734994
0.8894864210809358,0.4533369878032068
0.8894864210809358,0.45339912280701755
0.8894864210809358,0.4534612748457848
0.8894864210809358,0.45352344392651495
0.8894864210809358,0.45364783324190894
0.8894864210809358,0.45371005349060484
0.8892175315945147,0.45363511659807954
0.8892175315945147,0.4537596048298573
0.8892175315945147,0.4538218745711541
0.8892175315945147,0.4539464653397392
0.8892175315945147,0.4540087863811093
0.8892175315945147,0.45407112453659204
0.8892175315945147,0.4541334798132381
0.8892175315945147,0.45419585221810194
0.8889486421080935,0.4541208791208791
0.8889486421080935,0.4541832669322709
0.8886797526216725,0.4541082715031602
0.8886797526216725,0.4542330951072018
0.8886797526216725,0.4542955326460481
0.8886797526216725,0.4543579873522134
0.8886797526216725,0.4544204592327788
0.8886797526216725,0.4544829482948295
0.8886797526216725,0.45454545454545453
0.8886797526216725,0.4546079779917469
0.8884108631352514,0.45453294813591966
0.8884108631352514,0.4545954870665933
0.8884108631352514,0.4546580432090271
0.8884108631352514,0.45472061657032753
0.8884108631352514,0.45478320715760495
0.8884108631352514,0.45484581497797355
0.8884108631352514,0.4549084400385516
0.8884108631352514,0.45497108234646105
0.8884108631352514,0.455033741908828
0.8884108631352514,0.4550964187327824
0.8884108631352514,0.45515911282545807
0.8884108631352514,0.4552218241939928
0.8884108631352514,0.45528455284552843
0.8884108631352514,0.4553472987872106
0.8884108631352514,0.45541006202618883
0.8881419736488303,0.45533498759305213
0.8878730841624093,0.4552598924582931
0.8878730841624093,0.45538546407392083
0.8878730841624093,0.455448275862069
0.8876041946759882,0.4553731549179197
0.8876041946759882,0.45543598233995586
0.8876041946759882,0.4554988271008693
0.8876041946759882,0.4555616892078388
0.8876041946759882,0.4556245686680469
0.8876041946759882,0.4556874654886803
0.8876041946759882,0.45575037967692944
0.8876041946759882,0.45581331123998897
0.887335305189567,0.45573815771302306
0.887335305189567,0.4558011049723757
0.887335305189567,0.45586406962287607
0.887335305189567,0.45592705167173253
0.887335305189567,0.45599005112615726
0.887335305189567,0.4560530679933665
0.887335305189567,0.4561161022805805
0.887335305189567,0.4561791539950235
0.887335305189567,0.4562422231439237
0.887066415703146,0.4561670353982301
0.887066415703146,0.4562301203153091
0.887066415703146,0.45629322268326417
0.8867975262167249,0.4562180107898741
0.8867975262167249,0.45628112894299944
0.8867975262167249,0.4563442645634426
0.8867975262167249,0.45640741765845555
0.8865286367303038,0.45633217993079583
0.8862597472438828,0.45625692137320045
0.8862597472438828,0.45632008860584244
0.8862597472438828,0.45638327333148715
0.8862597472438828,0.45644647555740203
0.8859908577574617,0.45637119113573404
0.8859908577574617,0.45643440919794986
0.8859908577574617,0.45649764477694654
0.8859908577574617,0.45656089788000553
0.8859908577574617,0.4566241685144124
0.8859908577574617,0.4566874566874567
0.8859908577574617,0.4567507624064319
0.8859908577574617,0.4568140856786358
0.8859908577574617,0.4568774265113699
0.8859908577574617,0.45694078491194007
0.8859908577574617,0.45700416088765605
0.8859908577574617,0.4570675544458316
0.8857219682710405,0.456992230854606
0.8857219682710405,0.45705564034966006
0.8857219682710405,0.4571190674437968
0.8857219682710405,0.4571825121443442
0.8857219682710405,0.4572459744586341
0.8857219682710405,0.4573094543940025
0.8857219682710405,0.4573729519577895
0.8857219682710405,0.45743646715733927
0.8857219682710405,0.4575
0.8857219682710405,0.457563550493124
0.8854530787846195,0.4574881911642123
0.8854530787846195,0.4575517576768098
0.8854530787846195,0.457615341856587
0.8854530787846195,0.45767894371091034
0.8854530787846195,0.4577425632471504
0.8851841892981984,0.45766717642152094
0.8851841892981984,0.45773081201334814
0.8851841892981984,0.45779446530385204
0.8851841892981984,0.4578581363004173
0.8851841892981984,0.4579218250104326
0.8851841892981984,0.45798553144129106
0.8849152998117774,0.4579101154862947
0.8849152998117774,0.45797383801836905
0.8849152998117774,0.4580375782881002
0.8849152998117774,0.45810133630289535
0.8849152998117774,0.4581651120701657
0.8849152998117774,0.45822890559732665
0.8849152998117774,0.4582927168917978
0.8849152998117774,0.4583565459610028
0.8849152998117774,0.4584203928123694
0.8846464103253563,0.45834494288102534
0.8846464103253563,0.4584088059077609
0.8846464103253563,0.4584726867335563
0.8846464103253563,0.4585365853658537
0.8846464103253563,0.45860050181209927
0.8843775208389352,0.45852502439704446
0.8843775208389352,0.45858895705521474
0.8843775208389352,0.45865290754427557
0.8843775208389352,0.4587168758716876
0.8843775208389352,0.4587808620449156
0.8843775208389352,0.45884486607142855
0.8843775208389352,0.4589088879586996
0.8843775208389352,0.45897292771420595
0.8843775208389352,0.4591010608598548
0.8843775208389352,0.4591651542649728
0.8843775208389352,0.45922926556827703
0.8843775208389352,0.4592933947772657
0.8843775208389352,0.45935754189944134
0.8843775208389352,0.4594858899133836
0.8843775208389352,0.45955009082017606
0.8841086313525142,0.45947456679709336
0.8841086313525142,0.459538784067086
0.8841086313525142,0.45960301928990777
0.8841086313525142,0.4596672724730882
0.8841086313525142,0.4597315436241611
0.883839741866093,0.45965599216892744
0.883839741866093,0.45972027972027973
0.883839741866093,0.45978458525667926
0.883839741866093,0.4598489087856743
0.883839741866093,0.4599132503148174
0.8835708523796719,0.4598376714245732
0.8833019628932509,0.45976207137858643
0.8833019628932509,0.4598264277715566
0.8833019628932509,0.45989080218395634
0.8833019628932509,0.4599551946233548
0.8833019628932509,0.4600196050973253
0.8833019628932509,0.46008403361344535
0.8833019628932509,0.46021294480246566
0.8833019628932509,0.46027742749054223
0.8833019628932509,0.4603419282511211
0.8833019628932509,0.46047098402018505
0.8833019628932509,0.46053553904388056
0.8833019628932509,0.4606001121704992
0.8830330734068298,0.46052447062123125
0.8830330734068298,0.4605890603085554
0.8827641839204087,0.46051339598821717
0.8827641839204087,0.46057800224466894
0.8827641839204087,0.4606426266311211
0.8824952944339877,0.46056693797361775
0.8824952944339877,0.46063157894736845
0.8822264049475665,0.4605558674901741
0.8819575154611454,0.4604801347746736
0.8819575154611454,0.4605447907891042
0.8819575154611454,0.46060946496278615
0.8819575154611454,0.4606741573033708
0.8819575154611454,0.4607388678185138
0.8819575154611454,0.46080359651587527
0.8819575154611454,0.4608683434031193
0.8819575154611454,0.4609331084879146
0.8819575154611454,0.46099789177793393
0.8819575154611454,0.46106269328085464
0.8819575154611454,0.4611275130043582
0.8819575154611454,0.4611923509561305
0.8819575154611454,0.46125720714386165
0.8819575154611454,0.4613220815752461
0.8819575154611454,0.46138697425798286
0.8819575154611454,0.4614518851997749
0.8819575154611454,0.4615168144083298
0.8819575154611454,0.4615817618913594
0.8819575154611454,0.4616467276565799
0.8819575154611454,0.4617117117117117
0.8819575154611454,0.4617767140644798
0.8819575154611454,0.46184173472261336
0.8819575154611454,0.4619067736938459
0.8819575154611454,0.4619718309859155
0.8819575154611454,0.462102000563539
0.8816886259747244,0.46202620825701
0.8816886259747244,0.4620913190529876
0.8816886259747244,0.4621564482029598
0.8814197364883033,0.462080631519594
0.8811508470018822,0.4620047934583392
0.8811508470018822,0.46206993795826284
0.8811508470018822,0.4621351008320406
0.8811508470018822,0.4622002820874471
0.8811508470018822,0.46226548173226123
0.8811508470018822,0.4623306997742664
0.8808819575154612,0.46225483279243684
0.8808819575154612,0.4623200677392041
0.8808819575154612,0.46238532110091746
0.88061306802904,0.4623094297007341
0.88061306802904,0.4623746999858817
0.88061306802904,0.462439988703756
0.880344178542619,0.4623640728710634
0.8800752890561979,0.46228813559322035
0.8800752890561979,0.4623534397513773
0.8798063995697768,0.462277479513987
0.8798063995697768,0.4623428006217324
0.8798063995697768,0.462408140192199
0.8798063995697768,0.46247349823321554
0.8798063995697768,0.46253887475261524
0.8798063995697768,0.46260426975823554
0.8798063995697768,0.4626696832579186
0.8795375100833558,0.46259369254702304
0.8792686205969347,0.4625176803394625
0.8792686205969347,0.4625831093506861
0.8792686205969347,0.4626485568760611
0.8792686205969347,0.462714022923447
0.8789997311105135,0.4626379847155392
0.8789997311105135,0.4627034677990092
0.8789997311105135,0.46276896942242357
0.8787308416240925,0.462692906696871
0.8787308416240925,0.4627584253752478
0.8787308416240925,0.46282396261152814
0.8787308416240925,0.4628895184135977
0.8787308416240925,0.46295509278934693
0.8787308416240925,0.46302068574667044
0.8787308416240925,0.46308629729346745
0.8784619521376714,0.4630102040816326
0.8784619521376714,0.46307583274273567
0.8784619521376714,0.4631414800113411
0.8784619521376714,0.46320714589536366
0.8781930626512503,0.4631310266591038
0.8781930626512503,0.4631967096865693
0.8779241731648293,0.4631205673758865
0.8779241731648293,0.46318626755568165
0.8779241731648293,0.46325198637911463
0.8779241731648293,0.46331772385412234
0.8779241731648293,0.46338347998864604
0.8779241731648293,0.46344925479063165
0.8776552836784082,0.46337308347529815
0.8776552836784082,0.4634388754791992
0.877386394191987,0.463362681056518
0.877386394191987,0.4634284902712683
0.877386394191987,0.4634943181818182
0.877386394191987,0.4635601647961358
0.877386394191987,0.4636260301221938
0.877386394191987,0.4636919141679693
0.877386394191987,0.463757816941444
0.877386394191987,0.4638237384506041
0.877386394191987,0.46388967870344044
0.877386394191987,0.46395563770794823
0.877386394191987,0.4640216154721274
0.877117504705566,0.4639453847247902
0.877117504705566,0.46407739365485845
0.877117504705566,0.4641434262948207
0.877117504705566,0.4642094777287605
0.877117504705566,0.46427554796470255
0.877117504705566,0.46440774487471526
0.877117504705566,0.4644738715648583
0.8768486152191449,0.4645960963100157
0.8768486152191449,0.4646622969506982
0.8768486152191449,0.46472851646002566
0.8768486152191449,0.46486101211689235
0.8768486152191449,0.4649272882805817
0.8768486152191449,0.464993583345216
0.8763108362463028,0.4648409641991157
0.8763108362463028,0.46490727532097004
0.8763108362463028,0.4649736053645313
0.8760419467598817,0.4648972602739726
0.8760419467598817,0.4649636078207507
0.8757730572734606,0.4648872395089923
0.8755041677870395,0.4648108493932905
0.8755041677870395,0.4649435956018849
0.8755041677870395,0.46500999714367325
0.8752352783006184,0.46493358091701187
0.8752352783006184,0.465
0.8752352783006184,0.46506643806258036
0.8752352783006184,0.4651328951128894
0.8752352783006184,0.4651993711590682
0.8749663888141974,0.46512292738707833
0.8749663888141974,0.4651894210150107
0.8749663888141974,0.46525593365742063
0.8749663888141974,0.4653224653224653
0.8746974993277763,0.46524599542334094
0.8746974993277763,0.465379113018598
0.8746974993277763,0.4654457003863214
0.8746974993277763,0.46551230681167716
0.8746974993277763,0.46564557686802177
0.8746974993277763,0.4657122405153901
0.8746974993277763,0.46577892325315007
0.8746974993277763,0.46584562508950306
0.8746974993277763,0.4659123460326554
0.8746974993277763,0.46597908609081795
0.8746974993277763,0.4660458452722063
0.8746974993277763,0.46611262358504085
0.8744286098413552,0.4660361134995701
0.8741597203549342,0.46595958148201233
0.8741597203549342,0.466026376146789
0.8741597203549342,0.4660931899641577
0.8741597203549342,0.4661600229423573
0.8741597203549342,0.46622687508963145
0.8741597203549342,0.4662937464142283
0.8741597203549342,0.4663606369244011
0.8741597203549342,0.46642754662840746
0.8741597203549342,0.46649447553450996
0.8741597203549342,0.4665614236509759
0.8741597203549342,0.4666953775480907
0.8741597203549342,0.4668294083859851
0.8741597203549342,0.4668964526784432
0.873890830868513,0.4668198793450158
0.8736219413820919,0.46674328401091797
0.8736219413820919,0.4668103448275862
0.8733530518956709,0.4667337261100733
0.8733530518956709,0.46686790283168034
0.8733530518956709,0.4669350201265095
0.8733530518956709,0.4670021567217829
0.8733530518956709,0.46706931262582685
0.8733530518956709,0.4676072559746617
0.8733530518956709,0.46767458603311735
0.8733530518956709,0.46780930433530177
0.8730841624092498,0.46773264188994523
0.8730841624092498,0.4678000288142919
0.8730841624092498,0.46786743515850143
0.8730841624092498,0.46793486093096986
0.8730841624092498,0.468002306140098
0.8730841624092498,0.46806977079429146
0.8730841624092498,0.4681372549019608
0.8730841624092498,0.46820475847152127
0.8730841624092498,0.46827228151139316
0.8730841624092498,0.46833982403000146
0.8730841624092498,0.4684073860357761
0.8730841624092498,0.4684749675371519
0.8728152729228287,0.4683982683982684
0.8728152729228287,0.46846586809063356
0.8728152729228287,0.4685334872979215
0.8728152729228287,0.4686011260285838
0.8728152729228287,0.4687364620938628
0.8728152729228287,0.46880415944540726
0.8725463834364077,0.46872743030478115
0.8725463834364077,0.4687951459115862
0.8725463834364077,0.46886288108654817
0.8725463834364077,0.4689306358381503
0.8725463834364077,0.46899841017488075
0.8725463834364077,0.46906620410523275
0.8722774939499865,0.468989446291745
0.8722774939499865,0.46905725853094277
0.8720086044635654,0.46898047722342734
0.8720086044635654,0.4690483077813133
0.8717397149771444,0.46897150296542744
0.8714708254907233,0.46889467592592593
0.8714708254907233,0.46896252351323975
0.8714708254907233,0.4690303907380608
0.8712019360043022,0.46895353886235347
0.8712019360043022,0.46902142443543715
0.8712019360043022,0.46908932966555666
0.8712019360043022,0.46915725456125107
0.8712019360043022,0.46929316338354576
0.8709330465178812,0.4692162827756048
0.8709330465178812,0.46928426543031004
0.87066415703146,0.46920736125199247
0.870395267545039,0.4691304347826087
0.870395267545039,0.46919843455573274
0.8701263780586179,0.46912148448825747
0.8698574885721968,0.46904451210671305
0.8695885990857758,0.4689675174013921
0.8695885990857758,0.46903553299492384
0.8693197095993547,0.46895851465042065
0.8690508201129336,0.4688814739590889
0.8690508201129336,0.4689495066744051
0.8690508201129336,0.46901755913510373
0.8690508201129336,0.4690856313497823
0.8690508201129336,0.46928996660374617
0.8690508201129336,0.46935811792041826
0.8687819306265125,0.469281045751634
0.8687819306265125,0.46934921557234166
0.8685130411400914,0.46927211971524047
0.8685130411400914,0.46934030804998544
0.8682441516536703,0.46926318849004506
0.8682441516536703,0.4693313953488372
0.8682441516536703,0.4695361349425622
0.8682441516536703,0.4696044211751018
0.8679752621672493,0.46952727272727274
0.8679752621672493,0.4695955775385511
0.8679752621672493,0.46973224679860304
0.8677063726808282,0.4696550720419153
0.8660930357623017,0.4691915513474144
0.8658241462758807,0.46911421911421913
0.8658241462758807,0.46918257321870904
0.8658241462758807,0.4693193412039061
0.8658241462758807,0.46938775510204084
0.8655552567894595,0.4693103951013267
0.8650174778166174,0.46915560740848766
0.8650174778166174,0.4692240373395566
0.8650174778166174,0.46929248723559447
0.8647485883301963,0.4692150569010797
0.8647485883301963,0.46928352546330077
0.8647485883301963,0.46935201401050786
0.8647485883301963,0.46942052255145233
0.8644796988437752,0.46934306569343065
0.8644796988437752,0.46941159293327495
0.8642108093573542,0.4693341121495327
0.8642108093573542,0.4694026580984373
0.863941919870933,0.46932515337423314
0.863941919870933,0.4693937180423667
0.863941919870933,0.4694623027469316
0.863941919870933,0.46953090749671195
0.863941919870933,0.46959953230049695
0.8634041408980909,0.46944444444444444
0.8634041408980909,0.4695130867085831
0.8634041408980909,0.4695817490494297
0.8634041408980909,0.4696504314757935
0.8634041408980909,0.4697191339964892
0.8634041408980909,0.4697878566203365
0.8634041408980909,0.46985659935616036
0.8634041408980909,0.46992536221279085
0.8634041408980909,0.4700629483238179
0.8634041408980909,0.4701317715959004
0.8634041408980909,0.47020061502416166
0.8631352514116698,0.47012302284710017
0.8631352514116698,0.47019188516185734
0.8631352514116698,0.4702607676530911
0.8628663619252487,0.47018315018315016
0.8628663619252487,0.4702520515826495
0.8628663619252487,0.47032097317895355
0.8625974724388277,0.47024333040164173
0.8625974724388277,0.4703122709280164
0.8625974724388277,0.47038123167155427
0.8625974724388277,0.4704502126411497
0.8625974724388277,0.47051921384570256
0.8625974724388277,0.47058823529411764
0.8625974724388277,0.4706572769953052
0.8625974724388277,0.4707263389581805
0.8623285829524066,0.47064866451423537
0.8623285829524066,0.4707177454865698
0.8623285829524066,0.4707868467410452
0.8623285829524066,0.4708559682865952
0.8623285829524066,0.4709251101321586
0.8623285829524066,0.4709942722866794
0.8623285829524066,0.47106345475910694
0.8623285829524066,0.4711326575583958
0.8623285829524066,0.4712018806935057
0.8623285829524066,0.4712711241734019
0.8623285829524066,0.4713403880070547
0.8620596934659854,0.4712626782301926
0.8617908039795644,0.4711849456042341
0.8617908039795644,0.47125422731951183
0.8617908039795644,0.4713928518899838
0.8617908039795644,0.47146219476316564
0.8617908039795644,0.4715315580403119
0.8617908039795644,0.47173977038563436
0.8615219144931433,0.4716620050051524
0.8615219144931433,0.4717314487632509
0.8615219144931433,0.47180091297305254
0.8615219144931433,0.4718703976435935
0.8612530250067222,0.471792605685668
0.8609841355203012,0.471714790807307
0.86071524603388,0.47163695299837927
0.86071524603388,0.47170645446507514
0.86071524603388,0.4717759764185704
0.86071524603388,0.47184551886792453
0.860446356547459,0.47176765443019314
0.860446356547459,0.4718372161604247
0.860446356547459,0.47190679840731453
0.8601774670610379,0.47182890855457227
0.8601774670610379,0.4718985101047352
0.8601774670610379,0.47196813219238715
0.8601774670610379,0.47203777482661946
0.8601774670610379,0.47210743801652894
0.8601774670610379,0.47217712177121773
0.8601774670610379,0.47224682609979335
0.8601774670610379,0.47231655101136866
0.8601774670610379,0.47238629651506203
0.8601774670610379,0.47245606261999706
0.8601774670610379,0.4725258493353028
0.8601774670610379,0.4725956566701138
0.8601774670610379,0.4726654846335697
0.8601774670610379,0.47273533323481604
0.8596396880881958,0.47257945306725796
0.8596396880881958,0.4726493199290361
0.8596396880881958,0.47271920745231405
0.8596396880881958,0.47278911564625853
0.8596396880881958,0.4728590445200414
0.8596396880881958,0.47306895531222254
0.8596396880881958,0.4731389669971881
0.8596396880881958,0.4732089994079337
0.8596396880881958,0.4732790525536639
0.8596396880881958,0.473349126443589
0.8596396880881958,0.4734192210869243
0.8596396880881958,0.473489336492891
0.8596396880881958,0.47355947267071546
0.8596396880881958,0.4736296296296296
0.8596396880881958,0.47369980737887096
0.8596396880881958,0.47377000592768226
0.8596396880881958,0.473840225285312
0.8593707986017747,0.4737622294693152
0.8593707986017747,0.4738324684951816
0.8593707986017747,0.4739027283511269
0.8593707986017747,0.4739730090464185
0.8593707986017747,0.4740433105903293
0.8593707986017747,0.47411363299213766
0.8593707986017747,0.47418397626112757
0.8593707986017747,0.47425434040658854
0.8591019091153536,0.47417631344612643
0.8591019091153536,0.47424669734303104
0.8591019091153536,0.47431710213776723
0.8588330196289325,0.47423904974016334
0.8585641301425114,0.47416097416097414
0.8585641301425114,0.4742313975939403
0.8585641301425114,0.47437230723518053
0.8585641301425114,0.47444279346210994
0.8585641301425114,0.47451330063902514
0.8585641301425114,0.47458382877526756
0.8582952406560903,0.4745057232049948
0.8582952406560903,0.4745762711864407
0.8582952406560903,0.4746468401486989
0.8582952406560903,0.47471743010113027
0.8580263511696693,0.4746392979324706
0.8580263511696693,0.47470990776554595
0.8577574616832482,0.4746317512274959
0.8577574616832482,0.47470238095238093
0.8577574616832482,0.474773031701146
0.8577574616832482,0.4748437034831795
0.8577574616832482,0.4749143963078755
0.8577574616832482,0.4749851101846337
0.857219682710406,0.47482871611557936
0.857219682710406,0.4748994488306271
0.857219682710406,0.47497020262216927
0.857219682710406,0.4750409774996275
0.857219682710406,0.47518259055000744
0.8569507932239849,0.47510435301132975
0.8569507932239849,0.4751751900998956
0.8569507932239849,0.47531692766592093
0.8569507932239849,0.4753878281622912
0.8569507932239849,0.4754587498135163
0.8569507932239849,0.47552969262906597
0.8569507932239849,0.47560065661841516
0.8566819037375638,0.4755223880597015
0.8566819037375638,0.4755933721450963
0.8566819037375638,0.47566437742609735
0.8566819037375638,0.4757354039121995
0.8566819037375638,0.47580645161290325
0.8564130142511428,0.47572815533980584
0.8564130142511428,0.4757992231849417
0.8564130142511428,0.47587031226654714
0.8564130142511428,0.47594142259414224
0.8564130142511428,0.476012554177253
0.8561441247647217,0.4759342301943199
0.8561441247647217,0.47607655502392343
0.8561441247647217,0.4761477493644385
0.8561441247647217,0.4762189650014957
0.8561441247647217,0.4762902019446522
0.8558752352783007,0.4762118491921005
0.8558752352783007,0.4762831063893461
0.8558752352783007,0.47635438491469617
0.8558752352783007,0.4764256847777279
0.8558752352783007,0.47656834855517294
0.8558752352783007,0.4766397124887691
0.8558752352783007,0.4767110977984125
0.8558752352783007,0.4767825044937088
0.8558752352783007,0.47685393258426967
0.8558752352783007,0.4769253820797123
0.8556063457918796,0.4768469953544133
0.8556063457918796,0.4769184652278177
0.8553374563054584,0.4768400539649228
0.8553374563054584,0.47691154422788606
0.8553374563054584,0.47698305593042434
0.8550685668190374,0.47690461907618475
0.8550685668190374,0.47697615119244036
0.8550685668190374,0.47704770477047703
0.8550685668190374,0.477119279819955
0.8550685668190374,0.4771908763505402
0.8550685668190374,0.47726249437190454
0.8550685668190374,0.4773341338937256
0.8547996773326163,0.47725566731721963
0.8547996773326163,0.4773273273273273
0.8547996773326163,0.47747071192550317
0.8545307878461952,0.4773922187171398
0.8545307878461952,0.4774639423076923
0.8545307878461952,0.4775356874530428
0.8545307878461952,0.4776074541629095
0.8545307878461952,0.4776792424470164
0.8545307878461952,0.4777510523150932
0.8545307878461952,0.47782288377687565
0.8545307878461952,0.47789473684210526
0.8545307878461952,0.4779666115205294
0.8545307878461952,0.4780385078219013
0.8545307878461952,0.4781104257559801
0.8545307878461952,0.47818236533253083
0.8542618983597742,0.4781038374717833
0.8542618983597742,0.4781757977122216
0.8542618983597742,0.47824777961764264
0.8542618983597742,0.47831978319783197
0.8542618983597742,0.47839180846258095
0.8542618983597742,0.47846385542168673
0.8542618983597742,0.47853592408495255
0.8542618983597742,0.4786080144621874
0.8542618983597742,0.47868012656320624
0.8542618983597742,0.47875226039783003
0.8542618983597742,0.47882441597588543
0.8542618983597742,0.4788965933072053
0.8542618983597742,0.4789687924016282
0.8542618983597742,0.4790410132689988
0.853993008873353,0.4789624491026994
0.853993008873353,0.4790346907993967
0.8537241193869319,0.47895610197616534
0.8537241193869319,0.47902836451418224
0.8537241193869319,0.4791006488607213
0.8534552299005109,0.4790220344099004
0.8534552299005109,0.47909433962264153
0.8531863404140898,0.4790157004830918
0.8529174509276687,0.4789370375962555
0.8526485614412477,0.4788583509513742
0.8526485614412477,0.4789306751246035
0.8526485614412477,0.4790030211480363
0.8526485614412477,0.47907538903157576
0.8526485614412477,0.4791477787851315
0.8526485614412477,0.4792201904186187
0.8526485614412477,0.4792926239419589
0.8526485614412477,0.4793650793650794
0.8526485614412477,0.4794375566979135
0.8526485614412477,0.47951005595040075
0.8526485614412477,0.47958257713248637
0.8526485614412477,0.47965512025412194
0.8523796719548266,0.4795763993948563
0.8523796719548266,0.4796489635345741
0.8523796719548266,0.47972154963680386
0.8523796719548266,0.47979415771151807
0.8523796719548266,0.4798667877686951
0.8521107824684054,0.47978803936411807
0.8521107824684054,0.4799333636225958
0.8518418929819844,0.47985458951832777
0.8515730034955633,0.47977579154673533
0.8515730034955633,0.47984848484848486
0.8515730034955633,0.47992120018184575
0.8515730034955633,0.4799939375568354
0.8515730034955633,0.4800666969834773
0.8510352245227212,0.4799090219863533
0.8510352245227212,0.4799818016378526
0.8507663350363001,0.4799029273471864
0.8507663350363001,0.4799757281553398
0.8507663350363001,0.4801213960546282
0.850497445549879,0.4800424950675368
0.8502285560634579,0.47996357012750457
0.8502285560634579,0.4800364354030666
0.8502285560634579,0.48010932280595203
0.8499596665770368,0.48003037205770693
0.8499596665770368,0.48010328068043745
0.8496907770906158,0.48002430502810267
0.8496907770906158,0.48009723488301426
0.8496907770906158,0.48017018690168667
0.8494218876041947,0.48009118541033435
0.8494218876041947,0.4801641586867305
0.8494218876041947,0.48023715415019763
0.8494218876041947,0.480310171810856
0.8494218876041947,0.48038321167883213
0.8494218876041947,0.48045627376425853
0.8494218876041947,0.4805293580772741
0.8494218876041947,0.48060246462802375
0.8494218876041947,0.48067559342665855
0.8494218876041947,0.4807487444833359
0.8494218876041947,0.4808219178082192
0.8494218876041947,0.48089511341147817
0.8491529981177736,0.480816077953715
0.8491529981177736,0.4808892949596467
0.8491529981177736,0.48096253426743835
0.8488841086313526,0.48088347296268086
0.8488841086313526,0.480956733698964
0.8486152191449314,0.4808776474173396
0.8483463296585103,0.48079853703139286
0.8480774401720893,0.4807194025301021
0.8480774401720893,0.48079268292682925
0.8480774401720893,0.48086598566854705
0.8480774401720893,0.4809393107654773
0.8480774401720893,0.4810126582278481
0.8480774401720893,0.48108602806589384
0.8475396611992471,0.4809276777540433
0.8475396611992471,0.4810010682130322
0.8475396611992471,0.4810744810744811
0.847270771712826,0.4809952678980308
0.8470018822264049,0.48091603053435117
0.8470018822264049,0.4809894640403115
0.8470018822264049,0.48106291997556505
0.8470018822264049,0.4811363983503895
0.8470018822264049,0.48120989917506873
0.8470018822264049,0.48128342245989303
0.8467329927399838,0.4812041564792176
0.8461952137671417,0.4810455518190156
0.8461952137671417,0.4811190949396117
0.8461952137671417,0.48119266055045873
0.8461952137671417,0.4812662486618749
0.8461952137671417,0.48133985928418477
0.8461952137671417,0.48141349242771914
0.8461952137671417,0.4814871481028152
0.8459263242807207,0.48140780413159906
0.8459263242807207,0.48148148148148145
0.8459263242807207,0.48162890385793017
0.8456574347942996,0.48154953299647835
0.8456574347942996,0.48162327718223585
0.8456574347942996,0.48169704395772706
0.8453885453078784,0.48161764705882354
0.8453885453078784,0.4816914355753026
0.8453885453078784,0.48176524670548576
0.8453885453078784,0.48183908045977014
0.8451196558214574,0.48175965665236054
0.8451196558214574,0.4818335121876437
0.8448507663350363,0.4817540631708065
0.8448507663350363,0.48182794049992334
0.8448507663350363,0.48190184049079754
0.8448507663350363,0.48197576315385793
0.8445818768486152,0.481896287204664
0.8445818768486152,0.4819702317017032
0.8443129873621942,0.48189073050951503
0.8443129873621942,0.4819646968534152
0.8437752083893519,0.4818056195301704
0.8437752083893519,0.4818796068796069
0.8437752083893519,0.48195361695592076
0.8437752083893519,0.4821757836508912
0.8437752083893519,0.4822498847395113
0.8437752083893519,0.4823240086074393
0.8437752083893519,0.48239815526518065
0.8437752083893519,0.48254651699215745
0.8437752083893519,0.48262073208243617
0.8437752083893519,0.4826949700046147
0.8437752083893519,0.48284351438682876
0.8435063189029309,0.4827639273622653
0.8435063189029309,0.4828382330306295
0.8435063189029309,0.4829125615763547
0.8432374294165098,0.482832948421863
0.8432374294165098,0.4829072990452726
0.8432374294165098,0.4829816725704605
0.8429685399300887,0.48290203327171904
0.8426996504436677,0.4828223694346018
0.8426996504436677,0.48289676425269645
0.8424307609572466,0.48281707505008475
0.8421618714708254,0.48273736128236744
0.8421618714708254,0.48281177740095577
0.8421618714708254,0.482886216466235
0.8418929819844044,0.4828064764841943
0.8418929819844044,0.48288093769278223
0.8416240924979833,0.48280117229677616
0.8413552030115623,0.48272138228941686
0.8413552030115623,0.4827958648356735
0.8413552030115623,0.4828703703703704
0.8413552030115623,0.4829448989041519
0.8413552030115623,0.48301945044766903
0.8413552030115623,0.48309402501157944
0.8413552030115623,0.48316862260654725
0.8413552030115623,0.48324324324324325
0.8413552030115623,0.4833178869323448
0.8410863135251412,0.48323806581183376
0.8410863135251412,0.48331273176761436
0.8410863135251412,0.4833874208004945
0.8408174240387201,0.4833075734157651
0.8408174240387201,0.48338228474261863
0.8408174240387201,0.4834570191713049
0.8408174240387201,0.4835317767125406
0.8408174240387201,0.48360655737704916
0.8408174240387201,0.4836813611755607
0.8408174240387201,0.48383103821754603
0.8408174240387201,0.48390591148251316
0.8408174240387201,0.4839808079244699
0.8408174240387201,0.4840557275541796
0.8408174240387201,0.48413067038241214
0.8408174240387201,0.48420563641994424
0.8408174240387201,0.48428062567755925
0.8408174240387201,0.4843556381660471
0.840548534552299,0.484275755228505
0.840548534552299,0.48435079020762317
0.840548534552299,0.48442584844258485
0.840548534552299,0.48450092994420335
0.840548534552299,0.4845760347232987
0.840548534552299,0.4846511627906977
0.8400107555794568,0.4844913151364764
0.8400107555794568,0.48456646502249107
0.8400107555794568,0.48464163822525597
0.8400107555794568,0.4847168347556245
0.8397418660930358,0.48463687150837986
0.8394729766066147,0.4845568834393916
0.8392040871201936,0.48447687053710026
0.8392040871201936,0.48455208818506446
0.8392040871201936,0.4846273291925466
0.8392040871201936,0.4847025935704302
0.8392040871201936,0.4847778813296055
0.8392040871201936,0.4848531924809694
0.8392040871201936,0.4849285270354257
0.8392040871201936,0.485003885003885
0.8392040871201936,0.4850792663972645
0.8389351976337726,0.48499922275765583
0.8389351976337726,0.48507462686567165
0.8389351976337726,0.4851500544238843
0.8386663081473514,0.48506998444790045
0.8386663081473514,0.4851454347487945
0.8386663081473514,0.4852209085252022
0.8383974186609303,0.48514081219853744
0.8383974186609303,0.4852163087457205
0.8383974186609303,0.4852918287937743
0.8381285291745093,0.48521170610211706
0.8381285291745093,0.4852872489490892
0.8381285291745093,0.4853628153223295
0.8381285291745093,0.4854384052328298
0.8381285291745093,0.4855140186915888
0.8381285291745093,0.4855896557096121
0.8381285291745093,0.4856653162979121
0.8381285291745093,0.4857410004675082
0.8375907502016671,0.48558067030397506
0.8373218607152461,0.4855004677268475
0.8370529712288249,0.4854202401372213
0.8370529712288249,0.485495945102932
0.8370529712288249,0.48557167368585247
0.8367840817424038,0.48549141965678627
0.8367840817424038,0.48556717116554843
0.8367840817424038,0.48564294631710364
0.8367840817424038,0.4857187451225222
0.8365151922559828,0.4856384639400562
0.8362463027695617,0.4855581576893052
0.8362463027695617,0.48563397876327297
0.8359774132831407,0.4855536467280962
0.8359774132831407,0.48562949078413
0.8359774132831407,0.4857053585377285
0.8359774132831407,0.48578125
0.8359774132831407,0.4858571651820597
0.8357085237967196,0.48577680525164113
0.8357085237967196,0.4858527434735032
0.8357085237967196,0.48592870544090055
0.8357085237967196,0.48600469116497264
0.8357085237967196,0.4860807006568658
0.8357085237967196,0.48615673392773345
0.8354396343102984,0.48607634543178974
0.8351707448238774,0.4859959317790643
0.8351707448238774,0.4860719874804382
0.8351707448238774,0.4861480669901393
0.8349018553374563,0.48606762680025045
0.8349018553374563,0.4861437294504462
0.8349018553374563,0.4862198559348575
0.8349018553374563,0.48629600626468283
0.8346329658510352,0.48621553884711777
0.8346329658510352,0.4862917123609588
0.8346329658510352,0.486596645242201
0.8346329658510352,0.48667293822514895
0.8346329658510352,0.4867492551356437
0.8346329658510352,0.4868255959849435
0.8343640763646142,0.4867450980392157
0.8343640763646142,0.4868214621901475
0.8343640763646142,0.4868978503059783
0.8343640763646142,0.4869742623979912
0.8343640763646142,0.48712715855572997
0.8343640763646142,0.48720364264405713
0.8343640763646142,0.48728015075376885
0.8343640763646142,0.48735668289618345
0.8343640763646142,0.4874332390826265
0.8340951868781931,0.4873527101335428
0.8338262973917719,0.48727215587680706
0.8338262973917719,0.48734873487348734
0.8338262973917719,0.48742533794404275
0.8338262973917719,0.4875019650998271
0.8338262973917719,0.48757861635220123
0.8338262973917719,0.4876552917125334
0.8338262973917719,0.4877319911921988
0.8338262973917719,0.4879622344610543
0.8335574079053509,0.48788164935473716
0.8332885184189298,0.4878010388792696
0.8330196289325087,0.48772040302267
0.8330196289325087,0.4877971972917651
0.8327507394460877,0.48771653543307086
0.8327507394460877,0.4877933532839817
0.8327507394460877,0.48787019533711407
0.8324818499596666,0.48778950685363165
0.8324818499596666,0.48786637251812165
0.8324818499596666,0.4879432624113475
0.8324818499596666,0.4880201765447667
0.8324818499596666,0.4880971149298439
0.8324818499596666,0.48825106450086736
0.8324818499596666,0.48832807570977915
0.8322129604732454,0.488247357627386
0.8319440709868244,0.4881666140738403
0.8319440709868244,0.4882436484140761
0.8319440709868244,0.48832070707070707
0.8319440709868244,0.48839779005524864
0.8316751815004033,0.4883170192611304
0.8316751815004033,0.4883941260066319
0.8311374025275612,0.4882325067129995
0.8311374025275612,0.4883096366508689
0.8311374025275612,0.4883867909622373
0.8311374025275612,0.4884639696586599
0.8308685130411401,0.48838311996206735
0.8308685130411401,0.4884603224786595
0.8308685130411401,0.48861480075901326
0.8308685130411401,0.4886920765459434
0.8308685130411401,0.48876937677950016
0.8303307340682979,0.48860759493670886
0.8300618445818768,0.4885266656116474
0.8300618445818768,0.4886039886039886
0.8295240656090347,0.4884420519316023
0.8292551761226136,0.4883610451306413
0.8292551761226136,0.48843839087741525
0.8292551761226136,0.48851576112783146
0.8292551761226136,0.48859315589353614
0.8292551761226136,0.48867057518618284
0.8292551761226136,0.48874801901743264
0.8292551761226136,0.4888254873989539
0.8292551761226136,0.4889029803424223
0.8292551761226136,0.4889804978595212
0.8289862866361926,0.48889946083095465
0.8289862866361926,0.4889770023790642
0.8289862866361926,0.4890545685279188
0.8289862866361926,0.4891321592892274
0.8289862866361926,0.48920977467470644
0.8287173971497714,0.4891287097286145
0.8287173971497714,0.4892840133354501
0.8287173971497714,0.48936170212765956
0.8287173971497714,0.48943941559472764
0.8287173971497714,0.4895171537484117
0.8287173971497714,0.48959491660047655
0.8287173971497714,0.48967270416269465
0.8287173971497714,0.4897505164468457
0.8287173971497714,0.4898283534647171
0.8287173971497714,0.4899062152281036
0.8287173971497714,0.4900620130386389
0.8287173971497714,0.4901399491094148
0.8287173971497714,0.49021790997296005
0.8287173971497714,0.4902958956411072
0.8287173971497714,0.4903739061256961
0.8287173971497714,0.4904519414385742
0.8287173971497714,0.4905300015915964
0.8284485076633503,0.4904489016236867
0.8284485076633503,0.49052698614870244
0.8284485076633503,0.49060509554140125
0.8284485076633503,0.4906832298136646
0.8284485076633503,0.4907613889773813
0.8284485076633503,0.490839573044448
0.8284485076633503,0.49091778202676867
0.8284485076633503,0.4910742747848263
0.8281796181769293,0.4909931452255699
0.8281796181769293,0.49107142857142855
0.8281796181769293,0.49114973688406954
0.8281796181769293,0.49122807017543857
0.8279107286905082,0.49114691338331473
0.8279107286905082,0.4912252712188896
0.8279107286905082,0.4913036540609542
0.8279107286905082,0.491382061921481
0.8279107286905082,0.49146049481245013
0.8276418392040871,0.49137931034482757
0.8276418392040871,0.4914577678428868
0.8276418392040871,0.4915362503992335
0.8276418392040871,0.49161475802587445
0.8276418392040871,0.49169329073482426
0.8276418392040871,0.4917718485381051
0.8276418392040871,0.49185043144774687
0.8273729497176661,0.49176921847530763
0.8273729497176661,0.49184782608695654
0.8273729497176661,0.4919264588329337
0.8273729497176661,0.4920051167252958
0.8271040602312449,0.4919238765392612
0.8271040602312449,0.49200255918106206
0.8268351707448238,0.49192129259318507
0.8268351707448238,0.492
0.8268351707448238,0.4920787325972156
0.8265662812584028,0.4919974391805378
0.8265662812584028,0.4920761965743557
0.8265662812584028,0.4921549791866795
0.8262973917719817,0.4920736589271417
0.8262973917719817,0.492152466367713
0.8262973917719817,0.49231015700096126
0.8262973917719817,0.4923890402179138
0.8262973917719817,0.49246794871794874
0.8260285022855607,0.49238660041673343
0.8260285022855607,0.4924655338249439
0.8260285022855607,0.49254449254449256
0.8257596127991396,0.4924631173829378
0.8254907233127184,0.49238171611868486
0.8254907233127184,0.4924606993904395
0.8252218338262974,0.4923792716188031
0.8252218338262974,0.49245827984595636
0.8249529443398763,0.492376825549671
0.8249529443398763,0.4924558587479936
0.8246840548534552,0.49237437790977684
0.8246840548534552,0.4924534360950546
0.8246840548534552,0.4925325196723944
0.8244151653670342,0.4924510118856409
0.8244151653670342,0.49253012048192774
0.8244151653670342,0.4926092544987147
0.8244151653670342,0.49268841394825647
0.8244151653670342,0.4927675988428158
0.8244151653670342,0.4928468091946632
0.8244151653670342,0.4929260450160772
0.8244151653670342,0.4930845931167578
0.8244151653670342,0.4931639054206209
0.8241462758806131,0.4930823680823681
0.8241462758806131,0.49316170555108607
0.8241462758806131,0.4932410685548761
0.8241462758806131,0.4933204571060679
0.8241462758806131,0.49339987121699935
0.8241462758806131,0.4934793109000161
0.8241462758806131,0.49355877616747185
0.823877386394192,0.49347721050088583
0.8236084969077709,0.49339561855670105
0.8236084969077709,0.4934751087481875
0.8236084969077709,0.49355462455688043
0.8236084969077709,0.4936341659951652
0.8233396074213498,0.4935525467440361
0.8233396074213498,0.4936321134934709
0.8230707179349287,0.49355046759109966
0.8230707179349287,0.49370967741935484
0.8230707179349287,0.49378932085820293
0.8228018284485077,0.4937076476282672
0.8228018284485077,0.49378731644344037
0.8228018284485077,0.49386701097482244
0.8228018284485077,0.4939467312348668
0.8225329389620866,0.4938650306748466
0.8225329389620866,0.4939447763604069
0.8219951599892444,0.49378129542884835
0.8219951599892444,0.4938610662358643
0.8219951599892444,0.49394086282113425
0.8219951599892444,0.4940206851971558
0.8219951599892444,0.49410053337643445
0.8217262705028233,0.4940187520206919
0.8211884915299812,0.49385510996119014
0.8211884915299812,0.49393498301795247
0.8209196020435601,0.493853121967001
0.8209196020435601,0.4939330205468371
0.8209196020435601,0.49401294498381876
0.8203818230707179,0.49384914211719005
0.8203818230707179,0.4939290917921321
0.8203818230707179,0.49400906735751293
0.8203818230707179,0.49416909620991256
0.8203818230707179,0.4942491495221124
0.8203818230707179,0.4943292287751134
0.8203818230707179,0.4944093339815265
0.8203818230707179,0.49448946515397085
0.8203818230707179,0.49456962230507373
0.8203818230707179,0.49464980544747084
0.8203818230707179,0.4947300145938057
0.8203818230707179,0.49481024975673044
0.8193062651250336,0.49448231093800715
0.8193062651250336,0.4945625710111995
0.8193062651250336,0.49464285714285716
0.8193062651250336,0.494723169345673
0.8193062651250336,0.49480350763234815
0.8193062651250336,0.49496426250812214
0.8193062651250336,0.4950446791226645
0.8193062651250336,0.4951251218719532
0.8193062651250336,0.4952055907687307
0.8193062651250336,0.49528608582574774
0.8193062651250336,0.4953666070557633
0.8193062651250336,0.4954471544715447
0.8193062651250336,0.49552772808586765
0.8182307071793493,0.4951993490642799
0.8182307071793493,0.4952799479166667
0.8179618176929282,0.4951977860979977
0.817155149233665,0.49495114006514657
0.8158107018015596,0.4945395273023635
0.8155418123151384,0.49445712422562765
0.8152729228287174,0.49437469427686287
0.8150040333422963,0.4942922374429224
0.8150040333422963,0.4945341817588514
0.8150040333422963,0.4946148825065274
0.8150040333422963,0.4946956095968663
0.8150040333422963,0.4947763630427685
0.8150040333422963,0.4948571428571429
0.8150040333422963,0.4949379490529066
0.8150040333422963,0.49501878164298546
0.8147351438558752,0.49493629532832406
0.8147351438558752,0.49501715405979413
0.8147351438558752,0.4950980392156863
0.8144662543694542,0.49501552541264915
0.8144662543694542,0.495096436744034
0.8141973648830331,0.4950138957005068
0.8141973648830331,0.4950948332243296
0.8141973648830331,0.4951757972199509
0.8141973648830331,0.49525678770035986
0.8141973648830331,0.49533780467855393
0.813928475396612,0.4952552356020942
0.813928475396612,0.4953362788414335
0.8136595859101909,0.49525368248772506
0.8133906964237698,0.49517105909314124
0.8133906964237698,0.4952521283562541
0.8133906964237698,0.4953332241689864
0.8133906964237698,0.4954143465443826
0.8133906964237698,0.4954954954954955
0.8131218069373487,0.4954128440366973
0.8131218069373487,0.4954940193347534
0.8131218069373487,0.49557522123893805
0.8131218069373487,0.49565644976233403
0.8128529174509277,0.4955737704918033
0.8125840279645066,0.4954910641088703
0.8120462489916644,0.49532556995243565
0.8120462489916644,0.4954068241469816
0.8120462489916644,0.49548810500410173
0.8117773595052433,0.4954053167049557
0.8115084700188223,0.49532250123092075
0.8115084700188223,0.4954038082731451
0.8115084700188223,0.4954851420128058
0.8115084700188223,0.49556650246305417
0.8115084700188223,0.4956478896370504
0.8112395805324012,0.49556504599211565
0.8112395805324012,0.49564645966814525
0.8112395805324012,0.4957279000985869
0.8109706910459801,0.49564502875924404
0.8107018015595591,0.49556213017751477
0.8107018015595591,0.49572509043077934
0.8107018015595591,0.4958066107548101
0.8107018015595591,0.49588815789473684
0.8107018015595591,0.4959697318637934
0.8107018015595591,0.4960513326752221
0.810432912073138,0.49596840546322196
0.8101640225867168,0.49588545095457537
0.8101640225867168,0.4959670781893004
0.8101640225867168,0.4961304133047917
0.8101640225867168,0.4962121212121212
0.8098951331002958,0.49612913852742546
0.8098951331002958,0.4962108731466227
0.8096262436138747,0.4961278629098698
0.8093573541274536,0.496044825313118
0.8093573541274536,0.49612658645129387
0.8093573541274536,0.49620837454665345
0.8093573541274536,0.4962901896125309
0.8093573541274536,0.4963720316622691
0.8090884646410326,0.4962889658584859
0.8090884646410326,0.4963708347080172
0.8090884646410326,0.49645273057251277
0.8090884646410326,0.49653465346534653
0.8090884646410326,0.496616603399901
0.8090884646410326,0.4966985803895675
0.8090884646410326,0.4967805844477464
0.8090884646410326,0.4968626155878468
0.8090884646410326,0.49694467382328655
0.8090884646410326,0.49702675916749256
0.8088195751546114,0.49694366429869485
0.8088195751546114,0.4970257766027759
0.8088195751546114,0.4971079160469344
0.8088195751546114,0.4971900826446281
0.8088195751546114,0.49727227640932387
0.8088195751546114,0.4973544973544973
0.8088195751546114,0.4974367454936332
0.8088195751546114,0.4975190208402249
0.8085506856681903,0.49743589743589745
0.8085506856681903,0.49751819986763735
0.8085506856681903,0.4976005295383088
0.8082817961817693,0.49751737835153925
0.8080129066953482,0.49743419963582186
0.8080129066953482,0.49751655629139074
0.8077440172089271,0.49743334989236626
0.8077440172089271,0.4975157336866512
0.8077440172089271,0.4975981447738943
0.8074751277225061,0.4975149105367793
0.8074751277225061,0.4975973487986744
0.8074751277225061,0.4976798143851508
0.8074751277225061,0.49776230730979615
0.807206238236085,0.4976790450928382
0.807206238236085,0.4978441127694859
0.807206238236085,0.49792668767623155
0.807206238236085,0.4980092899800929
0.807206238236085,0.4980919196947072
0.807206238236085,0.4981745768337205
0.807206238236085,0.49825726141078835
0.807206238236085,0.49842271293375395
0.8069373487496639,0.49833942211889737
0.8069373487496639,0.4984221890051486
0.8069373487496639,0.4985049833887043
0.8069373487496639,0.4985878052832696
0.8069373487496639,0.498670654702559
0.8066684592632428,0.4985873358816686
0.8066684592632428,0.49867021276595747
0.8061306802904007,0.49850349185234455
0.8061306802904007,0.498586396141693
0.8061306802904007,0.4986693280106454
0.8061306802904007,0.49875228747296624
0.8061306802904007,0.49883527454242926
0.8061306802904007,0.49891828923281745
0.8061306802904007,0.49900133155792276
0.8061306802904007,0.49908440153154654
0.8061306802904007,0.49916749916749914
0.8058617908039796,0.4990840965861782
0.8058617908039796,0.4991672218520986
0.8058617908039796,0.4992503748125937
0.8058617908039796,0.49933355548150615
0.8058617908039796,0.4994167638726879
0.8055929013175585,0.49933333333333335
0.8055929013175585,0.49941656942823803
0.8055929013175585,0.49949983327775926
0.8055929013175585,0.4995831248957812
0.8055929013175585,0.49966644429619744
0.8055929013175585,0.49974979149291077
0.8055929013175585,0.49983316649983317
0.8055929013175585,0.499916569330886
0.8055929013175585,0.5
0.8055929013175585,0.500083458521115
0.8055929013175585,0.5001669449081803
0.8053240118311374,0.5000834863917182
0.8053240118311374,0.5001670006680027
0.8053240118311374,0.5002505428428261
0.8053240118311374,0.5003341129301704
0.8050551223447163,0.5002506265664161
0.8050551223447163,0.5003342245989305
0.8050551223447163,0.5004178505766338
0.8050551223447163,0.5005015045135406
0.8050551223447163,0.500585186423675
0.8050551223447163,0.5006688963210703
0.8047862328582952,0.5005853821709316
0.8045173433718742,0.5005018400802944
0.8042484538854531,0.5004182700351347
0.8042484538854531,0.5005020080321285
0.8042484538854531,0.5005857740585774
0.8042484538854531,0.5006695681285571
0.8042484538854531,0.5007533902561527
0.803979564399032,0.500669792364367
0.803979564399032,0.5007536426059287
0.803979564399032,0.5008375209380235
0.803979564399032,0.5009214273747696
0.803979564399032,0.5010053619302949
0.803979564399032,0.5010893246187363
0.803979564399032,0.5011733154542407
0.803979564399032,0.501257334450964
0.803979564399032,0.5013413816230717
0.803710674912611,0.5012577561630052
0.803710674912611,0.5013418316001342
0.8034417854261898,0.5012581781580272
0.8034417854261898,0.5013422818791946
0.8031728959397687,0.5012586004363149
0.8031728959397687,0.5013427324605573
0.8029040064533477,0.5012590229981534
0.8029040064533477,0.5013431833445265
0.8026351169669266,0.5012594458438288
0.8020973379940844,0.5010918864438099
0.8020973379940844,0.5011760752688172
0.8020973379940844,0.501260292387834
0.8020973379940844,0.501344537815126
0.8018284485076633,0.5012607160867373
0.8018284485076633,0.5013449899125757
0.8018284485076633,0.5014292920800404
0.8018284485076633,0.5015136226034309
0.8018284485076633,0.5015979814970564
0.8018284485076633,0.5016823687752355
0.8018284485076633,0.5017667844522968
0.8018284485076633,0.5018512285425782
0.8018284485076633,0.5019357010604275
0.8018284485076633,0.502020202020202
0.8015595590212423,0.5019363529213672
0.8012906695348212,0.5018524755810037
0.8010217800484001,0.5017685699848409
0.8010217800484001,0.5018530997304582
0.800484001075558,0.5016852039096731
0.8002151115891368,0.5016012135513231
0.8002151115891368,0.5016857720836143
0.797257327238505,0.5007600067556156
0.797257327238505,0.5009292110153742
0.797257327238505,0.5010138560324434
0.797257327238505,0.5010985296603008
0.797257327238505,0.501183231913455
0.796988437752084,0.5010989010989011
0.7967195482656628,0.5010145417653027
0.7967195482656628,0.5010992727887705
0.7967195482656628,0.501268820842497
0.7964506587792417,0.5011844331641286
0.7964506587792417,0.5012692502961584
0.7964506587792417,0.501354096140826
0.7961817692928207,0.5012696800406298
0.7961817692928207,0.5013545546901456
0.7961817692928207,0.5014394580863675
0.7961817692928207,0.5015243902439024
0.7959128798063996,0.5014399457902762
0.7956439903199785,0.5013554727211115
0.7956439903199785,0.5014404338247754
0.7956439903199785,0.5015254237288136
0.7956439903199785,0.5016104424478726
0.7953751008335574,0.5015259409969481
0.7951062113471363,0.5014414108868916
0.7951062113471363,0.5015264586160109
0.7951062113471363,0.5016115351993214
0.7951062113471363,0.50169664065151
0.7951062113471363,0.501781774987273
0.7951062113471363,0.501866938221317
0.7951062113471363,0.5019521303683585
0.7948373218607152,0.5018675721561969
0.7945684323742942,0.5017829852266938
0.7945684323742942,0.5018682065217391
0.7945684323742942,0.5019534567691524
0.7945684323742942,0.5020387359836901
0.7945684323742942,0.5021240441801189
0.7945684323742942,0.5022093813732155
0.7945684323742942,0.5022947475777665
0.7945684323742942,0.5023801428085685
0.7945684323742942,0.5024655670804284
0.7942995428878731,0.5023809523809524
0.794030653401452,0.5022963088960708
0.794030653401452,0.5023817625042531
0.794030653401452,0.5024672451931258
0.793761763915031,0.5023825731790333
0.793761763915031,0.502468085106383
0.793761763915031,0.5025536261491318
0.793761763915031,0.5026391963221523
0.793761763915031,0.502724795640327
0.793761763915031,0.5028104241185488
0.793761763915031,0.5028960817717206
0.793761763915031,0.5029817686147555
0.793761763915031,0.5030674846625767
0.7934928744286098,0.5029827850690302
0.7934928744286098,0.5030685305148312
0.7902662005915568,0.502135656928071
0.7902662005915568,0.5022214627477786
0.7902662005915568,0.5023072978977953
0.7899973111051358,0.5022222222222222
0.7899973111051358,0.5023080868524534
0.7899973111051358,0.5023939808481532
0.7897284216187147,0.5023088763468445
0.7894595321322936,0.5022237427300719
0.7891906426458726,0.5021385799828914
0.7891906426458726,0.5022245037645449
0.7891906426458726,0.5023104569570426
0.7886528636730303,0.5021400445129258
0.7883839741866093,0.5020547945205479
0.7881150847001882,0.5019695153279671
0.7881150847001882,0.5020554984583762
0.7881150847001882,0.502141511050197
0.7881150847001882,0.5023997257456291
0.7881150847001882,0.5024858563346477
0.7881150847001882,0.5025720164609053
0.7878461952137671,0.502486708969302
0.7878461952137671,0.5025728987993139
0.7878461952137671,0.502659118202093
0.7878461952137671,0.502745367192862
0.7878461952137671,0.5028316457868544
0.7878461952137671,0.5029179539993134
0.7878461952137671,0.5030042918454936
0.7878461952137671,0.5030906593406593
0.7878461952137671,0.5031770565000858
0.7878461952137671,0.5032634833390588
0.7878461952137671,0.5033499398728741
0.7878461952137671,0.5034364261168385
0.7878461952137671,0.5035229420862691
0.7878461952137671,0.5036094877964936
0.7878461952137671,0.5036960632628502
0.7878461952137671,0.5037826685006878
0.7878461952137671,0.5038693035253654
0.7878461952137671,0.5039559683522532
0.7875773057273461,0.5038706347841045
0.7875773057273461,0.5039573296627667
0.7875773057273461,0.5040440543796249
0.7875773057273461,0.5041308089500861
0.7875773057273461,0.504217593389568
0.7875773057273461,0.5043044077134986
0.7875773057273461,0.504391251937317
0.787308416240925,0.5043058904581468
0.787039526754504,0.5042204995693368
0.787039526754504,0.5043073742246726
0.7867706372680828,0.5042219541616405
0.7862328582952407,0.5040510256852266
0.7862328582952407,0.5041379310344828
0.7862328582952407,0.5043118316660917
0.7862328582952407,0.5043988269794721
0.7862328582952407,0.5044858523119393
0.7862328582952407,0.5045729076790336
0.7859639688088196,0.5044874007594062
0.7859639688088196,0.5045744864491628
0.7859639688088196,0.5046616022099447
0.7859639688088196,0.5047487480573304
0.7856950793223985,0.5046632124352332
0.7856950793223985,0.5047503886681638
0.7856950793223985,0.504837595024188
0.7856950793223985,0.5049248315189218
0.7856950793223985,0.5050120981679918
0.7856950793223985,0.5050993949870355
0.7856950793223985,0.5051867219917012
0.7856950793223985,0.5053614666205465
0.7856950793223985,0.5054488842760768
0.7856950793223985,0.5055363321799308
0.7854261898359775,0.5054507700294169
0.7854261898359775,0.5055382485289027
0.7854261898359775,0.5056257573134845
0.7854261898359775,0.505713296398892
0.7854261898359775,0.5058008658008658
0.7854261898359775,0.5058884655351576
0.7854261898359775,0.5059760956175299
0.7854261898359775,0.5060637560637561
0.7854261898359775,0.5061514468896205
0.7854261898359775,0.5062391681109185
0.7854261898359775,0.5063269197434564
0.7854261898359775,0.5064147018030514
0.7854261898359775,0.5065025143055315
0.7854261898359775,0.5065903572667361
0.7854261898359775,0.5066782307025152
0.7854261898359775,0.5067661346287301
0.7854261898359775,0.5068540690612529
0.7851573003495563,0.5067684831655676
0.7851573003495563,0.5068564485332407
0.7848884108631352,0.5067708333333333
0.7848884108631352,0.5068588296579267
0.7848884108631352,0.5069468565474123
0.7848884108631352,0.5070349140177176
0.7843506318902931,0.506863596872285
0.7843506318902931,0.5069516857838026
0.7843506318902931,0.507039805318964
0.7843506318902931,0.5071279554937413
0.784081742403872,0.5070422535211268
0.784081742403872,0.5071304347826087
0.783812852917451,0.507044703426683
0.783812852917451,0.5071329157967989
0.783812852917451,0.507221158865495
0.783812852917451,0.5073094326487991
0.783812852917451,0.5073977371627503
0.783812852917451,0.5074860724233984
0.783812852917451,0.5075744384468048
0.783812852917451,0.5076628352490421
0.7811239580532401,0.5068039078855547
0.7811239580532401,0.5068923399057756
0.7808550685668191,0.506806282722513
0.7808550685668191,0.5068947460289754
0.780586179080398,0.5076062248644868
0.780586179080398,0.5076949982511367
0.780586179080398,0.5077838026937205
0.7803172895939768,0.5076976906927921
0.7803172895939768,0.5077865266841645
0.7800484001075558,0.507700385019251
0.7797795106211347,0.5076142131979695
0.7795106211347136,0.5075280112044818
0.7792417316482926,0.5074417790229382
0.7792417316482926,0.5075306479859895
0.7792417316482926,0.5076195480819758
0.7792417316482926,0.5077084793272599
0.7792417316482926,0.5077974417382162
0.7792417316482926,0.5079754601226993
0.7792417316482926,0.5080645161290323
0.7792417316482926,0.5081536033666492
0.7792417316482926,0.5082427218519817
0.7787039526754503,0.5080701754385964
0.7784350631890293,0.5079838568169854
0.7784350631890293,0.508073008073008
0.7784350631890293,0.5081621906266456
0.7781661737026082,0.5080758426966292
0.7778972842161872,0.5079894644424934
0.7778972842161872,0.508078679311556
0.7778972842161872,0.5081679255225716
0.7776283947297661,0.5080815179198875
0.7776283947297661,0.5081707959936742
0.7776283947297661,0.5082601054481547
0.777359505243345,0.5081736684830375
0.777359505243345,0.5082630098452883
0.777359505243345,0.5083523826270442
0.777359505243345,0.5084417868448822
0.777359505243345,0.5085312225153914
0.777359505243345,0.5086206896551724
0.777359505243345,0.5087101882808376
0.777359505243345,0.508799718409011
0.777359505243345,0.5088892800563282
0.777359505243345,0.5090684979749956
0.777090615756924,0.5089820359281437
0.777090615756924,0.5090716927954906
0.7768217262705028,0.508985200845666
0.7765528367840817,0.5088986784140969
0.7765528367840817,0.5089883679943602
0.7765528367840817,0.5090780891944298
0.7765528367840817,0.5091678420310296
0.7762839472976607,0.5090812907776406
0.7762839472976607,0.5091710758377425
0.7760150578112396,0.5090844946198624
0.7760150578112396,0.5091743119266054
0.7757461683248185,0.5090877007234869
0.7757461683248185,0.5091775503000353
0.7754772788383975,0.509090909090909
0.7754772788383975,0.509180790960452
0.7752083893519763,0.5090941197245277
0.7749394998655552,0.5090074178735429
0.7749394998655552,0.5090973326267444
0.7749394998655552,0.5091872791519435
0.7746706103791342,0.5091005477999646
0.7744017208927131,0.5090137857900318
0.7744017208927131,0.5091037652465972
0.7744017208927131,0.5091937765205092
0.7744017208927131,0.5092838196286472
0.7744017208927131,0.5094640014151778
0.7744017208927131,0.5095541401273885
0.7744017208927131,0.5096443107414617
0.7744017208927131,0.5097345132743363
0.7744017208927131,0.5098247477429634
0.7744017208927131,0.509915014164306
0.774132831406292,0.5098282273773685
0.774132831406292,0.5099185263903648
0.774132831406292,0.5100088573959256
0.774132831406292,0.510099220411056
0.774132831406292,0.5101896154527733
0.774132831406292,0.5102800425381071
0.774132831406292,0.5103705016840986
0.774132831406292,0.5104609929078014
0.773863941919871,0.5103741798191168
0.7735950524334498,0.5102873359347286
0.7735950524334498,0.5103778605641298
0.7735950524334498,0.5104684173172462
0.7735950524334498,0.5108309659090909
0.7735950524334498,0.51092168353756
0.7733261629470287,0.5108348134991119
0.7730572734606077,0.5107479125954877
0.7730572734606077,0.5108386638237384
0.7730572734606077,0.5109294473076239
0.7727883839741866,0.510842516885887
0.7727883839741866,0.5109333333333334
0.7725194944877656,0.510846372688478
0.7722506050013445,0.5107593811132847
0.7719817155149233,0.5106723585912487
0.7719817155149233,0.5108540925266903
0.7717128260285023,0.5107670403986474
0.7714439365420812,0.5106799572801709
0.7714439365420812,0.510770874132099
0.7714439365420812,0.5108618233618234
0.7714439365420812,0.510952804986643
0.7711750470556601,0.5108656929105807
0.7711750470556601,0.5109567076429716
0.7709061575692391,0.5108695652173914
0.7709061575692391,0.5109606130814471
0.7709061575692391,0.5110516934046346
0.7709061575692391,0.5111428062043145
0.770637268082818,0.511055634807418
0.7703683785963968,0.5109684323167469
0.7703683785963968,0.5110595790224759
0.7703683785963968,0.5111507582515611
0.7703683785963968,0.5112419700214133
0.7703683785963968,0.5113332143494557
0.7703683785963968,0.5114244912531238
0.7703683785963968,0.5115158007498661
0.7703683785963968,0.5116071428571428
0.7700994891099758,0.5115199142704054
0.7700994891099758,0.511611289746338
0.7700994891099758,0.511702697873861
0.7700994891099758,0.511794138670479
0.7700994891099758,0.5118856121537086
0.7700994891099758,0.5119771183410797
0.7700994891099758,0.5120686572501341
0.7698305996235547,0.5119814020028612
0.7698305996235547,0.5120729744231801
0.7698305996235547,0.51216457960644
0.7698305996235547,0.5122562175702272
0.7698305996235547,0.5123478883321403
0.7695617101371336,0.5122606049758368
0.7695617101371336,0.5123523093447906
0.7695617101371336,0.5124440465532677
0.7695617101371336,0.5125358166189111
0.7692928206507126,0.5124485043883217
0.7690239311642915,0.5123611608742387
0.7690239311642915,0.5124529654183838
0.7687550416778703,0.5123655913978494
0.7687550416778703,0.5124574296468901
0.7684861521914493,0.5123700250986016
0.7684861521914493,0.5124618970772817
0.7682172627050282,0.5123744619799139
0.7679483732186072,0.5122869955156951
0.7679483732186072,0.5123789020452099
0.7679483732186072,0.5124708415575094
0.767410594245765,0.5122958176269969
0.767410594245765,0.5123877917414722
0.767410594245765,0.5124797988866941
0.767410594245765,0.5125718390804598
0.767410594245765,0.5126639123405784
0.767141704759344,0.5125763564498742
0.767141704759344,0.5126684636118598
0.7668728152729228,0.5125808770668584
0.7668728152729228,0.5127651923768428
0.7668728152729228,0.5128573997482467
0.7666039257865017,0.5127697841726618
0.7666039257865017,0.5130466078819507
0.7663350363000807,0.5129589632829373
0.7663350363000807,0.513051305130513
0.7663350363000807,0.5131436802304645
0.7660661468136596,0.5130560057626509
0.7660661468136596,0.5132408575031526
0.7660661468136596,0.5133333333333333
0.7660661468136596,0.5134258424941431
0.7660661468136596,0.5135183850036049
0.7660661468136596,0.5136109608797548
0.7660661468136596,0.5137035701406419
0.7660661468136596,0.5137962128043282
0.7660661468136596,0.5138888888888888
0.7657972573272385,0.5138011906909615
0.7657972573272385,0.5138939011187297
0.7649905888679752,0.5136306192453511
0.7649905888679752,0.513723365836042
0.7649905888679752,0.5139089595375722
0.7649905888679752,0.5140018066847335
0.7649905888679752,0.5140946873870618
0.7649905888679752,0.5141876016627508
0.7649905888679752,0.5142805495300072
0.7647216993815542,0.514192731874887
0.7647216993815542,0.5142857142857142
0.7644528098951331,0.5142908827785818
0.7644528098951331,0.5143839334177673
0.7644528098951331,0.5144770177343467
0.764183920408712,0.5143891402714932
0.764183920408712,0.5144822592324403
0.763915030922291,0.5143943508962521
0.7636461414358698,0.5143064107207533
0.7636461414358698,0.5143995652961421
0.7636461414358698,0.5144927536231884
0.7633772519494488,0.5144047834752673
0.7631083624630277,0.5143167814425517
0.7631083624630277,0.5144100054377378
0.7631083624630277,0.5145032632342277
0.7631083624630277,0.514596554850408
0.7631083624630277,0.514689880304679
0.7631083624630277,0.5147832396154544
0.7628394729766066,0.5146952104499274
0.7628394729766066,0.5147886046089639
0.7628394729766066,0.5148820326678766
0.7625705834901856,0.5147939734979126
0.7625705834901856,0.5148874364560639
0.7625705834901856,0.5149809333575449
0.7625705834901856,0.5151680290644868
0.7625705834901856,0.5152616279069767
0.7623016940037645,0.5151735417045248
0.7623016940037645,0.5152671755725191
0.7623016940037645,0.515360843483003
0.7623016940037645,0.5154545454545455
0.7623016940037645,0.5155482815057283
0.7623016940037645,0.5157358559214117
0.7620328045173433,0.5156477438136827
0.7620328045173433,0.5157415832575069
0.7620328045173433,0.5158354568620314
0.7620328045173433,0.515929364645913
0.7620328045173433,0.5160233066278223
0.7620328045173433,0.5161172828264433
0.7620328045173433,0.5162112932604735
0.7620328045173433,0.5163053379486245
0.7617639150309223,0.5162172011661808
0.7614950255445012,0.5161290322580645
0.7612261360580801,0.516040831206708
0.7612261360580801,0.5161349134001824
0.7612261360580801,0.5162290299051787
0.7612261360580801,0.5163231807404706
0.7612261360580801,0.516417365924845
0.7612261360580801,0.5165115854771027
0.7609572465716591,0.5164233576642335
0.760688357085238,0.5163350976455557
0.760688357085238,0.5164293537787513
0.7604194675988168,0.5163410626255249
0.7604194675988168,0.5164353542731921
0.7604194675988168,0.5165296803652968
0.7604194675988168,0.5166240409207161
0.7598816886259747,0.5164473684210527
0.7598816886259747,0.5165417656735515
0.7598816886259747,0.516636197440585
0.7598816886259747,0.5167306637410861
0.7598816886259747,0.5168251645940015
0.7596127991395536,0.5167367843424181
0.7596127991395536,0.5168313208927918
0.7596127991395536,0.5169258920402562
0.7596127991395536,0.5170204978038068
0.7596127991395536,0.5171151382024529
0.7596127991395536,0.5172098132552179
0.7596127991395536,0.5173045229811389
0.7596127991395536,0.5173992673992674
0.7593439096531326,0.5173108627953837
0.7593439096531326,0.517405643092708
0.7593439096531326,0.5175004581271762
0.7593439096531326,0.5175953079178885
0.7590750201667115,0.5175068744271311
0.7590750201667115,0.5176017601760176
0.7588061306802903,0.5175132954337062
0.7588061306802903,0.5176082171680118
0.7588061306802903,0.5177031737295908
0.7585372411938693,0.5176146788990825
0.7585372411938693,0.5177096714993576
0.7585372411938693,0.5178046989720999
0.7585372411938693,0.5178997613365155
0.7582683517074482,0.5178112376055821
0.7582683517074482,0.5179063360881543
0.7582683517074482,0.5180014695077149
0.7582683517074482,0.5180966378835201
0.7582683517074482,0.5181918412348401
0.7582683517074482,0.5182870795809594
0.7582683517074482,0.5183823529411765
0.7582683517074482,0.5184776613348042
0.7582683517074482,0.5185730047811695
0.7579994622210272,0.5184844583409969
0.7579994622210272,0.518579838116262
0.7577305727346061,0.518491260349586
0.7577305727346061,0.5185866764814133
0.7577305727346061,0.518682127737898
0.757461683248185,0.5185935198821797
0.757461683248185,0.5186890075492543
0.757461683248185,0.5187845303867403
0.757461683248185,0.5188800884140726
0.757461683248185,0.5189756816507001
0.757461683248185,0.5190713101160862
0.757192793761764,0.5189826760044232
0.757192793761764,0.5190783410138249
0.757192793761764,0.5191740412979351
0.757192793761764,0.5192697768762677
0.7569239042753428,0.5191811139800812
0.7569239042753428,0.519276886183361
0.7569239042753428,0.5193726937269373
0.7569239042753428,0.5194685366303746
0.7569239042753428,0.5195644149132521
0.7566550147889217,0.5194757245707956
0.7566550147889217,0.5195716395864106
0.7566550147889217,0.5196675900277008
0.7566550147889217,0.5197635759142962
0.7563861253025007,0.5196748568261592
0.7558483463296585,0.5194973202735169
0.7558483463296585,0.5195933456561922
0.7558483463296585,0.5196894065446478
0.7558483463296585,0.5197855029585798
0.7558483463296585,0.5198816349176992
0.7558483463296585,0.5199778024417314
0.7558483463296585,0.5200740055504163
0.7555794568432375,0.5199851961509993
0.7553105673568163,0.5198963538774755
0.7550416778703952,0.5198074787115883
0.7550416778703952,0.5199037215330494
0.7550416778703952,0.52
0.7550416778703952,0.5200963141322467
0.7547727883839742,0.5200074101519081
0.7547727883839742,0.5201037613488976
0.7547727883839742,0.5202001482579689
0.7547727883839742,0.5202965708989805
0.7547727883839742,0.5203930292918058
0.7545038988975531,0.5203040979046912
0.754235009411132,0.5202151335311572
0.754235009411132,0.5203116304952699
0.754235009411132,0.5204081632653061
0.754235009411132,0.5205047318611987
0.754235009411132,0.5206013363028953
0.754235009411132,0.5206979766103582
0.754235009411132,0.5207946528035649
0.753966119924711,0.5207056638811514
0.753966119924711,0.5208023774145617
0.753966119924711,0.5208991268809214
0.7536972304382898,0.5208101077666295
0.7536972304382898,0.5209068946292511
0.7534283409518688,0.520817843866171
0.7531594514654477,0.5207287599925636
0.7504705566012368,0.5199329359165424
0.7504705566012368,0.5200298118129308
0.7502016671148158,0.5199403652627655
0.7499327776283947,0.5198508853681267
0.7499327776283947,0.5199478001491424
0.7499327776283947,0.5200447510721611
0.7496638881419736,0.5199552405818725
0.7496638881419736,0.5200522290617422
0.7493949986555526,0.5199626865671642
0.7493949986555526,0.5200597126329539
0.7493949986555526,0.5201567749160134
0.7491261091691315,0.5200672017920478
0.7488572196827104,0.5199775952203136
0.7485883301962893,0.5198879551820729
0.7483194407098682,0.519798281658573
0.7483194407098682,0.5198953857649916
0.7483194407098682,0.5199925261584455
0.7483194407098682,0.5200897028592787
0.7483194407098682,0.5201869158878505
0.7483194407098682,0.5202841652645355
0.7483194407098682,0.5203814510097232
0.7483194407098682,0.520478773143819
0.7483194407098682,0.5205761316872428
0.7483194407098682,0.5206735266604303
0.7483194407098682,0.5207709580838323
0.7483194407098682,0.520868425977915
0.7483194407098682,0.5209659303631599
0.7483194407098682,0.5210634712600637
0.7480505512234472,0.5209737827715356
0.7480505512234472,0.5210713616782169
0.7480505512234472,0.5211689771449981
0.7480505512234472,0.5213643178410795
0.7477816617370261,0.5212746016869728
0.7477816617370261,0.5213723284589427
0.7477816617370261,0.5214700918807426
0.7477816617370261,0.5215678919729932
0.7477816617370261,0.5216657287563309
0.7477816617370261,0.5217636022514072
0.7477816617370261,0.5218615124788891
0.747243882764184,0.5216819973718791
0.747243882764184,0.521779947427713
0.747243882764184,0.5219759579263712
0.747243882764184,0.5220740184106707
0.747243882764184,0.5221721157459601
0.747243882764184,0.5222702499530163
0.747243882764184,0.5223684210526316
0.7469749932777628,0.5222786238014664
0.7469749932777628,0.5223768333960135
0.7469749932777628,0.5224750799322927
0.7469749932777628,0.5225733634311512
0.7467061037913417,0.522483537158984
0.7467061037913417,0.5225818592397441
0.7467061037913417,0.5226802183323922
0.7467061037913417,0.5227786144578314
0.7467061037913417,0.5228770476369798
0.7467061037913417,0.5229755178907721
0.7467061037913417,0.5230740252401582
0.7467061037913417,0.523172569706104
0.7464372143049207,0.5230827209346146
0.7464372143049207,0.5231813041839427
0.7464372143049207,0.5232799245994345
0.7464372143049207,0.5233785822021116
0.7464372143049207,0.5234772770130115
0.7461683248184996,0.523387400980762
0.7461683248184996,0.5234861346915677
0.7461683248184996,0.5235849056603774
0.7461683248184996,0.5236837139082846
0.7461683248184996,0.5237825594563986
0.7461683248184996,0.5242773474400151
0.7458994353320785,0.5241874527588813
0.7458994353320785,0.5242865242865243
0.7458994353320785,0.5243856332703214
0.7458994353320785,0.5244847797315182
0.7456305458456575,0.5243948562783661
0.7453616563592363,0.5243048988083979
0.7453616563592363,0.5244040862656073
0.7453616563592363,0.5245033112582781
0.7453616563592363,0.5246025738077215
0.7450927668728152,0.5245125875449556
0.7450927668728152,0.5246118894358197
0.744286098413552,0.5243417313885206
0.744286098413552,0.5244410761652141
0.744286098413552,0.5246398786959818
0.744286098413552,0.524739336492891
0.744286098413552,0.5248388320060675
0.744017208927131,0.5247487198937986
0.7437483194407098,0.5246585735963581
0.7437483194407098,0.5248576850094877
0.7434794299542888,0.5247675080660467
0.7432105404678677,0.524677296886864
0.7432105404678677,0.5247769128536168
0.7429416509814466,0.5246866691986327
0.7429416509814466,0.5247863247863248
0.7426727614950256,0.5246960486322189
0.7426727614950256,0.5247957438723162
0.7426727614950256,0.5248954770049411
0.7424038720086045,0.5248051701197491
0.7424038720086045,0.5249049429657795
0.7424038720086045,0.5250047537554668
0.7424038720086045,0.5251046025104602
0.7424038720086045,0.5252044892524254
0.7421349825221834,0.5251141552511416
0.7421349825221834,0.5252140818268316
0.7421349825221834,0.5254140491147915
0.7421349825221834,0.5255140898705255
0.7421349825221834,0.5256141687297657
0.7421349825221834,0.5257142857142857
0.7421349825221834,0.5258144408458754
0.7421349825221834,0.5259146341463414
0.7421349825221834,0.5260148656375071
0.7421349825221834,0.5261151353412123
0.7418660930357623,0.5260247855100095
0.7418660930357623,0.5261250953470633
0.7418660930357623,0.5262254434484074
0.7418660930357623,0.5263258298359405
0.7418660930357623,0.526426254531578
0.7418660930357623,0.5265267175572519
0.7418660930357623,0.5266272189349113
0.7418660930357623,0.5267277586865216
0.7418660930357623,0.5268283368340653
0.7418660930357623,0.5269289533995416
0.7418660930357623,0.5270296084049666
0.7418660930357623,0.5272310338238104
0.7418660930357623,0.5273318042813455
0.7415972035493412,0.5272414452303574
0.7413283140629201,0.527151051625239
0.7413283140629201,0.5272518646012622
0.7410594245764991,0.5271614384085692
0.7410594245764991,0.5272622919456668
0.740790535090078,0.5271718331419823
0.740790535090078,0.5272727272727272
0.7405216456036569,0.5271822358346095
0.7402527561172358,0.5270917097453571
0.7402527561172358,0.5271926464955956
0.7399838666308147,0.5271020877226585
0.7397149771443936,0.5270114942528735
0.7397149771443936,0.5271124736539567
0.7394460876579726,0.5270218474511307
0.7394460876579726,0.5271228675483994
0.7394460876579726,0.5272239263803681
0.7394460876579726,0.5273250239693192
0.7394460876579726,0.5274261603375527
0.7394460876579726,0.5275273355073854
0.7394460876579726,0.5276285495011512
0.7394460876579726,0.5277298023412013
0.7394460876579726,0.527831094049904
0.7391771981715515,0.5281460134486071
0.7389083086851305,0.528055342044581
0.7386394191987093,0.5279646357870459
0.7386394191987093,0.5280661284121492
0.7386394191987093,0.5281676600653721
0.7386394191987093,0.5282692307692308
0.7386394191987093,0.5283708405462589
0.7386394191987093,0.5284724894190073
0.7383705297122882,0.5283817587069464
0.7381016402258672,0.5282909930715936
0.7381016402258672,0.5283926852743022
0.7378327507394461,0.5283018867924528
0.7378327507394461,0.5284036202580397
0.7378327507394461,0.5285053929121726
0.7378327507394461,0.5286072047774996
0.7378327507394461,0.5287090558766859
0.7378327507394461,0.5288109462324148
0.7378327507394461,0.5289128758673862
0.7378327507394461,0.5290148448043185
0.737563861253025,0.5289240262244504
0.737563861253025,0.5290260366441658
0.737563861253025,0.5291280864197531
0.737563861253025,0.5292301755739919
0.737563861253025,0.5293323041296797
0.737563861253025,0.5294344721096313
0.737563861253025,0.5295366795366795
0.737563861253025,0.5296389264336745
0.737563861253025,0.529741212823484
0.737563861253025,0.5298435387289936
0.737563861253025,0.5299459041731066
0.737294971766604,0.5298550724637681
0.737294971766604,0.5299574797062234
0.737294971766604,0.5300599265416586
0.737294971766604,0.5301624129930395
0.737294971766604,0.5302649390833495
0.737294971766604,0.5303675048355899
0.737294971766604,0.53047011027278
0.7370260822801828,0.5303792569659442
0.7367571927937617,0.5302883684923553
0.7364883033073407,0.5301974448315911
0.7364883033073407,0.5303000968054211
0.7364883033073407,0.5304027885360186
0.7364883033073407,0.5305055200464845
0.7362194138209196,0.5304145679969005
0.7362194138209196,0.530517341600465
0.7362194138209196,0.5306201550387597
0.7362194138209196,0.5307230083349487
0.7359505243344985,0.5306320279177976
0.7359505243344985,0.5307349234050804
0.7359505243344985,0.5308378588052755
0.7356816348480775,0.5307468477206596
0.7356816348480775,0.5308498253783469
0.7356816348480775,0.5309528430040753
0.7356816348480775,0.531055900621118
0.7356816348480775,0.5312621359223301
0.7354127453616564,0.531171101184696
0.7354127453616564,0.5312742812742812
0.7354127453616564,0.5313775014571596
0.7351438558752352,0.531286436066848
0.7348749663888142,0.5311953352769679
0.7348749663888142,0.531298600311042
0.7348749663888142,0.5314019055026249
0.7348749663888142,0.5315052508751459
0.7348749663888142,0.5316086364520521
0.7348749663888142,0.5317120622568093
0.7346060769023931,0.5316209379256664
0.7346060769023931,0.5317244063838069
0.734068297929551,0.5315420560747663
0.734068297929551,0.5316455696202531
0.7337994084431299,0.5315543435917414
0.7337994084431299,0.5316578998636275
0.7337994084431299,0.5317614964925955
0.7335305189567088,0.5316702397193529
0.7332616294702877,0.531578947368421
0.7329927399838666,0.53148761941899
0.7327238504974456,0.531396255850234
0.7327238504974456,0.5314999024770821
0.7327238504974456,0.5316035895435037
0.7327238504974456,0.5317073170731708
0.7327238504974456,0.5318110850897736
0.7324549610110245,0.5317196954909232
0.7321860715246034,0.5316282702069504
0.7321860715246034,0.5317320835774263
0.7321860715246034,0.5318359375
0.7321860715246034,0.5319398319984372
0.7319171820381823,0.5318483782727628
0.7319171820381823,0.531952315810045
0.7316482925517612,0.5318608287724785
0.7316482925517612,0.5319648093841642
0.7316482925517612,0.5320688306609308
0.7316482925517612,0.532172892626638
0.7316482925517612,0.5322769953051644
0.7313794030653401,0.5321854822930934
0.7313794030653401,0.5322896281800391
0.7313794030653401,0.5323938148365629
0.7313794030653401,0.5324980422866092
0.7313794030653401,0.5326023105541414
0.7313794030653401,0.5327066196631414
0.7313794030653401,0.5328109696376102
0.7313794030653401,0.5329153605015674
0.7313794030653401,0.5330197922790515
0.7311105135789191,0.5329282634261074
0.7311105135789191,0.5330327386786905
0.7311105135789191,0.5331372549019607
0.730841624092498,0.5330456952343596
0.730841624092498,0.5331502550019616
0.7305727346060769,0.5331632653061225
0.7305727346060769,0.5332679097154073
0.7305727346060769,0.5333725952100511
0.7303038451196558,0.5332809738857255
0.7303038451196558,0.5333857030636292
0.7303038451196558,0.5334904733844038
0.7303038451196558,0.5335952848722986
0.7303038451196558,0.5337001375515819
0.7303038451196558,0.5338050314465409
0.7303038451196558,0.5339099665814823
0.7300349556332347,0.5338183248132128
0.7300349556332347,0.5339233038348082
0.7297660661468136,0.533831628638867
0.7286905082011293,0.5334645669291339
0.7286905082011293,0.5335696003150227
0.7281527292282872,0.5333858577900334
0.7278838397418661,0.5332939322301025
0.7278838397418661,0.533504138746551
0.727614950255445,0.5334121821407452
0.7270771712826029,0.5332281601262079
0.7270771712826029,0.5333333333333333
0.7265393923097607,0.5331491712707183
0.7265393923097607,0.5332543911584764
0.7265393923097607,0.5333596525858666
0.7265393923097607,0.5334649555774926
0.7265393923097607,0.5335703001579779
0.7262705028233396,0.5334781749950622
0.7260016133369185,0.5333860134334255
0.7260016133369185,0.5334914048606995
0.7260016133369185,0.5335968379446641
0.7257327238504975,0.5335046451867959
0.7257327238504975,0.5336101225780941
0.7254638343640764,0.5335178959857623
0.7254638343640764,0.533623417721519
0.7254638343640764,0.533728981206726
0.7254638343640764,0.5339402335246388
0.7254638343640764,0.5340459224069676
0.7251949448776552,0.5339536725400911
0.7249260553912342,0.5338613861386139
0.7249260553912342,0.5339671222024163
0.7249260553912342,0.5340729001584786
0.7249260553912342,0.534178720031702
0.7249260553912342,0.5342845818470076
0.7249260553912342,0.534390485629336
0.7246571659048131,0.5342981760507534
0.7246571659048131,0.5344041245290502
0.7246571659048131,0.5345101150337168
0.7246571659048131,0.534616147589764
0.7246571659048131,0.5347222222222222
0.7246571659048131,0.5348283389561421
0.7246571659048131,0.5349344978165939
0.7246571659048131,0.5350406988286679
0.7246571659048131,0.5351469420174741
0.7246571659048131,0.535253227408143
0.7246571659048131,0.5353595550258244
0.7246571659048131,0.5354659248956884
0.7246571659048131,0.5355723370429253
0.7243882764183921,0.5354800238521169
0.724119386931971,0.5353876739562624
0.724119386931971,0.5354941340226685
0.7238504974455499,0.5354017501988863
0.7238504974455499,0.5355082554207281
0.7235816079591288,0.5354158376442499
0.7235816079591288,0.5355223880597015
0.7235816079591288,0.5356289808917197
0.7235816079591288,0.535735616165638
0.7235816079591288,0.53584229390681
0.7235816079591288,0.5359490141406095
0.7235816079591288,0.5360557768924302
0.7233127184727077,0.5359633393106197
0.7230438289862866,0.5358708648864089
0.7227749394998656,0.5357783535977676
0.7227749394998656,0.5358851674641149
0.7227749394998656,0.5359920239282153
0.7225060500134445,0.5358994814519346
0.7225060500134445,0.5360063834031518
0.7222371605270234,0.5359138068635275
0.7219682710406023,0.5358211933745759
0.7216993815541812,0.5357285429141716
0.7214304920677601,0.5356358554601717
0.7214304920677601,0.5357428115015974
0.7214304920677601,0.5358498102656282
0.7214304920677601,0.5359568517778666
0.7214304920677601,0.5360639360639361
0.7214304920677601,0.5361710631494804
0.7214304920677601,0.5362782330601639
0.7211616025813391,0.5361855257896841
0.7211616025813391,0.5362927414517097
0.7179349287442861,0.5351773902585688
0.717666039257865,0.535084202085004
0.717666039257865,0.5351914978945258
0.717666039257865,0.53529883674288
0.717397149771444,0.5352056168505517
0.7171282602850229,0.5351123595505618
0.7171282602850229,0.535219747140277
0.7168593707986017,0.5351264552388599
0.7168593707986017,0.5352338887773539
0.7168593707986017,0.5353413654618474
0.7163215918257596,0.5351546805946163
0.7163215918257596,0.5352622061482821
0.7163215918257596,0.5353697749196141
0.7163215918257596,0.5354773869346734
0.7163215918257596,0.5355850422195416
0.7160527023393385,0.535491654936658
0.7160527023393385,0.5357071011868839
0.7157838128529175,0.5356136820925553
0.7157838128529175,0.5357214731334272
0.7155149233664964,0.5356280193236715
0.7155149233664964,0.5357358566539159
0.7155149233664964,0.535843737414418
0.7152460338800752,0.5357502517623364
0.7152460338800752,0.5358581788879936
0.7152460338800752,0.535966149506347
0.7152460338800752,0.5360741636436921
0.7149771443936542,0.5359806490626889
0.7149771443936542,0.5360887096774194
0.7149771443936542,0.5361968138737648
0.7149771443936542,0.5364131531168045
0.7149771443936542,0.5365213882163035
0.7147082549072331,0.5364278506559031
0.714170475934391,0.5362406622249142
0.714170475934391,0.5363489499192245
0.714170475934391,0.5364572813573015
0.714170475934391,0.5365656565656566
0.7139015864479699,0.5364720145483937
0.7136326969615489,0.5363783346806791
0.7133638074751277,0.5362846169395593
0.7133638074751277,0.5363930448847554
0.7133638074751277,0.5365015166835188
0.7133638074751277,0.5366100323624595
0.7133638074751277,0.5367185919482096
0.7133638074751277,0.5368271954674221
0.7133638074751277,0.5369358429467719
0.7130949179887066,0.5368421052631579
0.7122882495294434,0.5365606643710755
0.7120193600430224,0.5364667747163695
0.7120193600430224,0.5365754812563324
0.7120193600430224,0.5366842318605594
0.7117504705566012,0.5365903101560916
0.7114815810701801,0.5364963503649635
0.7114815810701801,0.5366051510849726
0.7114815810701801,0.5367139959432049
0.7114815810701801,0.5368228849665246
0.7112126915837591,0.5367288961038961
0.710943802097338,0.536634869088695
0.710943802097338,0.536743808363784
0.7106749126109169,0.5366497461928934
0.7106749126109169,0.5367587327376117
0.7104060231244959,0.5366646353849279
0.7104060231244959,0.5367736692401462
0.7104060231244959,0.5368827474090632
0.7104060231244959,0.5369918699186992
0.7104060231244959,0.5371010367960968
0.7104060231244959,0.5372102480683204
0.7104060231244959,0.5373195037624567
0.7104060231244959,0.5374288039056143
0.7104060231244959,0.5375381485249237
0.7101371336380747,0.5374440374440375
0.7095993546652326,0.5372557003257329
0.7095993546652326,0.5373650987578904
0.7093304651788115,0.5372708757637474
0.7093304651788115,0.5373803218578121
0.7093304651788115,0.5374898125509372
0.7090615756923905,0.5373955573670267
0.7090615756923905,0.5375050958010599
0.7090615756923905,0.5376146788990825
0.7090615756923905,0.5377243066884176
0.7090615756923905,0.5378339791964104
0.7090615756923905,0.5379436964504284
0.7090615756923905,0.5380534584778617
0.7087926862059694,0.5379591836734694
0.7087926862059694,0.538068993672178
0.7087926862059694,0.5381788485095957
0.7085237967195482,0.5380845415560547
0.7082549072331272,0.5379901960784313
0.7082549072331272,0.538100102145046
0.7082549072331272,0.5382100531262771
0.7079860177467061,0.5381156754547313
0.7079860177467061,0.5382256745707277
0.7079860177467061,0.5383357186669393
0.707717128260285,0.538241308793456
0.707717128260285,0.5383514011045204
0.707717128260285,0.5384615384615384
0.707717128260285,0.5385717208921629
0.707717128260285,0.5386819484240688
0.707448238773864,0.5385875127942682
0.707448238773864,0.5386977886977887
0.707448238773864,0.5388081097685848
0.707448238773864,0.5389184760344121
0.707448238773864,0.5390288875230486
0.707448238773864,0.539139344262295
0.7071793492874429,0.5390448862471818
0.7071793492874429,0.5391553915539156
0.7071793492874429,0.5392659421775682
0.7071793492874429,0.5393765381460214
0.7071793492874429,0.5394871794871795
0.7069104598010217,0.5393926959376283
0.7069104598010217,0.5396141215106732
0.7069104598010217,0.5397249024840896
0.7069104598010217,0.5398357289527721
0.7069104598010217,0.5399466009447526
0.7069104598010217,0.5400575184880855
0.7069104598010217,0.5401684816108485
0.7069104598010217,0.5402794903411426
0.7069104598010217,0.5403905447070915
0.7069104598010217,0.5405016447368421
0.7066415703146007,0.540407156076496
0.7063726808281796,0.5403126285479226
0.7063726808281796,0.5404237811149969
0.7063726808281796,0.5406462235027784
0.7063726808281796,0.5407575133799918
0.7063726808281796,0.5408688490837966
0.7063726808281796,0.5409802306425041
0.7061037913417585,0.5408856848609681
0.7061037913417585,0.5409971157807993
0.7058349018553375,0.5409025345147331
0.7058349018553375,0.5410140148392415
0.7058349018553375,0.5411255411255411
0.7058349018553375,0.5412371134020618
0.7058349018553375,0.5413487316972572
0.7055660123689164,0.5412541254125413
0.7052971228824952,0.5411594800907779
0.7052971228824952,0.5412711514651258
0.7050282333960742,0.5411764705882353
0.7047593439096531,0.5410817506193228
0.7047593439096531,0.5415289256198347
0.7047593439096531,0.5416408348832403
0.7047593439096531,0.54175279040926
0.7047593439096531,0.5418647922265867
0.7047593439096531,0.5419768403639371
0.7044904544232321,0.5418821096173733
0.7044904544232321,0.5419942076954902
0.704221564936811,0.5418994413407822
0.7039526754503899,0.5418046357615894
0.7036837859639689,0.5417097909335541
0.7036837859639689,0.5418219461697723
0.7034148964775477,0.5417270656450611
0.7034148964775477,0.5418392709196355
0.7034148964775477,0.5419515226848974
0.7034148964775477,0.5420638209697473
0.7034148964775477,0.5421761658031088
0.7034148964775477,0.5422885572139303
0.7031460069911266,0.5421936554012026
0.7031460069911266,0.5423060970551639
0.7031460069911266,0.5424185853557353
0.7031460069911266,0.5425311203319502
0.7028771175047056,0.5424361900809297
0.7026082280182845,0.5423412204234122
0.7026082280182845,0.5424538094249532
0.7026082280182845,0.5426791277258567
0.7026082280182845,0.5427918570835064
0.7026082280182845,0.5429046332848535
0.7020704490454424,0.5427146123467055
0.7020704490454424,0.5428274428274428
0.7020704490454424,0.5429403202328966
0.7020704490454424,0.543053244592346
0.7018015595590212,0.542958185978781
0.7018015595590212,0.5430711610486891
0.7018015595590212,0.5431841831425598
0.7001882226404947,0.5426130443842467
0.7001882226404947,0.5427261358899541
0.6999193331540737,0.5426308109234939
0.6999193331540737,0.542743953294412
0.6999193331540737,0.5428571428571428
0.6999193331540737,0.5429703796412182
0.6999193331540737,0.5430836636761944
0.6999193331540737,0.5431969949916527
0.6996504436676526,0.5431016489250678
0.6996504436676526,0.5432150313152401
0.6996504436676526,0.543328461056588
0.6996504436676526,0.5435554627115103
0.6996504436676526,0.5436690346844965
0.6996504436676526,0.5437826541274817
0.6996504436676526,0.5438963210702341
0.6996504436676526,0.5440100355425466
0.6996504436676526,0.5441237975742367
0.6996504436676526,0.5442376071951475
0.6996504436676526,0.5443514644351465
0.6996504436676526,0.5444653693241264
0.6996504436676526,0.544579321892005
0.6993815541812315,0.5445979899497487
0.6993815541812315,0.5447120418848167
0.6993815541812315,0.5448261416003352
0.6993815541812315,0.5449402891263356
0.6993815541812315,0.5450544844928751
0.6993815541812315,0.5451687277300357
0.6993815541812315,0.5452830188679245
0.6993815541812315,0.5453973579366743
0.6993815541812315,0.545511744966443
0.6993815541812315,0.5456261799874135
0.6993815541812315,0.5457406630297944
0.6993815541812315,0.5458551941238196
0.6991126646948105,0.5457598656591099
0.6988437752083894,0.5456644971656519
0.6988437752083894,0.5457790844183117
0.6988437752083894,0.5458937198067633
0.6988437752083894,0.5460084033613445
0.6985748857219682,0.5459130069342298
0.6985748857219682,0.5460277427490542
0.6985748857219682,0.5461425268026067
0.6985748857219682,0.5462573591253154
0.6983059962355472,0.5461619348054679
0.6983059962355472,0.5462768195204039
0.6983059962355472,0.5463917525773195
0.6983059962355472,0.546506734006734
0.6980371067491261,0.5464112818354031
0.6980371067491261,0.5465263157894736
0.697768217262705,0.5464308275426406
0.697768217262705,0.5465459140690817
0.697499327776284,0.5464503897198231
0.697499327776284,0.5465655288664139
0.6972304382898629,0.5464699683877766
0.6972304382898629,0.5465851602023609
0.6972304382898629,0.5467004005903436
0.6969615488034417,0.5466048080978491
0.6969615488034417,0.5467201012444632
0.6969615488034417,0.5468354430379747
0.6969615488034417,0.5469508335091792
0.6964237698305996,0.5467595524593625
0.6961548803441785,0.5466638513513513
0.6961548803441785,0.546779303062302
0.6958859908577575,0.5466835656949726
0.6958859908577575,0.5467990703570674
0.6958859908577575,0.5469146238377007
0.6956171013713364,0.5468188543648277
0.6956171013713364,0.5469344608879493
0.6953482118849152,0.5468386551067879
0.6950793223984942,0.5467428087986463
0.6950793223984942,0.5468584726041887
0.6950793223984942,0.5469741853575962
0.6950793223984942,0.5470899470899471
0.6950793223984942,0.5472057578323455
0.6950793223984942,0.5473216176159221
0.6950793223984942,0.547437526471834
0.6950793223984942,0.5475534844312646
0.6950793223984942,0.5476694915254238
0.6950793223984942,0.5477855477855478
0.6950793223984942,0.5479016532428995
0.6931970959935466,0.5472298874973467
0.6931970959935466,0.5473460721868365
0.6929282065071256,0.547249946910172
0.6923904275342834,0.5470575738262162
0.6923904275342834,0.5471738206544836
0.6921215380478624,0.547077577045696
0.6921215380478624,0.5471938775510204
0.6921215380478624,0.5473102275143525
0.6921215380478624,0.547426626967248
0.6921215380478624,0.547543075941289
0.6921215380478624,0.5476595744680851
0.6918526485614412,0.5475633113428389
0.6918526485614412,0.5476798637718178
0.6918526485614412,0.5477964658292527
0.6915837590750201,0.5477001703577513
0.6913148695885991,0.5476038338658147
0.6913148695885991,0.5477204942479761
0.691045980102178,0.5476241210313233
0.691045980102178,0.5477408354646206
0.691045980102178,0.5479744136460555
0.691045980102178,0.5480912774578801
0.6907770906157569,0.547994880546075
0.6907770906157569,0.5481117985918498
0.6907770906157569,0.5483457844183565
0.6905082011293359,0.5482493595217762
0.6905082011293359,0.5483664317745035
0.6902393116429147,0.5482699700982486
0.6902393116429147,0.5483870967741935
0.6897015326700726,0.5481940585595213
0.6897015326700726,0.5483112441214194
0.6897015326700726,0.5484284797947402
0.6897015326700726,0.5485457656116339
0.6894326431836515,0.5484491978609626
0.6891637536972305,0.5483525887890458
0.6888948642108094,0.5482559383693558
0.6888948642108094,0.5483732876712328
0.6886259747243882,0.5482766002997217
0.6886259747243882,0.5483940042826553
0.6886259747243882,0.548511458556436
0.6880881957515461,0.5483179772873367
0.6880881957515461,0.5484354907843978
0.6880881957515461,0.5485530546623795
0.687819306265125,0.5484562607204116
0.6872815272922829,0.5482625482625483
0.6872815272922829,0.5483801759279124
0.6870126378058617,0.5482832618025751
0.6870126378058617,0.5484009444086714
0.6870126378058617,0.5485186775440103
0.6870126378058617,0.5486364612411424
0.6870126378058617,0.5487542955326461
0.6867437483194407,0.5486573576799141
0.6864748588330196,0.5485603781693167
0.6864748588330196,0.5486782720825274
0.6864748588330196,0.5487962166809974
0.6859370798601775,0.5486021505376344
0.6856681903737564,0.5485050548505055
0.6853993008873352,0.548407917383821
0.6851304114009142,0.548310738110609
0.6851304114009142,0.5484287559190701
0.6851304114009142,0.5485468245425188
0.6851304114009142,0.5486649440137812
0.6851304114009142,0.5487831143657118
0.6851304114009142,0.5489013356311935
0.6848615219144931,0.5488041370394312
0.6848615219144931,0.5489224137931035
0.6848615219144931,0.5490407415391249
0.6845926324280721,0.5489435101336783
0.6845926324280721,0.5490618934656027
0.6845926324280721,0.5491803278688525
0.684323742941651,0.5490830636461704
0.6837859639688089,0.5488884092380747
0.6837859639688089,0.549006908462867
0.6837859639688089,0.5491254588641762
0.6837859639688089,0.5492440604751619
0.6837859639688089,0.5493627133290128
0.6837859639688089,0.5494814174589455
0.6837859639688089,0.5496001728982062
0.6837859639688089,0.5497189796800692
0.6837859639688089,0.5499567474048442
0.6835170744823877,0.5498593986588796
0.6832481849959666,0.549762007788836
0.6832481849959666,0.549880978143259
0.6827104060231245,0.5496860792379303
0.6827104060231245,0.5498051104374188
0.6827104060231245,0.549924193199047
0.6827104060231245,0.5500433275563258
0.6827104060231245,0.5501625135427952
0.6827104060231245,0.5502817511920243
0.6824415165367034,0.5501842618686321
0.6824415165367034,0.5503035559410234
0.6824415165367034,0.5504229017566689
0.6824415165367034,0.5505422993492408
0.6821726270502824,0.5504447819483619
0.6819037375638612,0.5503472222222222
0.6819037375638612,0.5504666811373996
0.6816348480774401,0.5503690838037343
0.6813659585910191,0.550271444082519
0.6813659585910191,0.5503909643788011
0.6813659585910191,0.5505105366065609
0.6813659585910191,0.5506301607996523
0.6813659585910191,0.5507498369919582
0.6813659585910191,0.5508695652173913
0.681097069104598,0.5507719069362905
0.681097069104598,0.5508916920400174
0.681097069104598,0.5510115292582118
0.681097069104598,0.5511314186248912
0.681097069104598,0.5512513601741023
0.681097069104598,0.5513713539399216
0.6808281796181769,0.5512736773350752
0.6805592901317559,0.5511759581881533
0.6805592901317559,0.551296013940318
0.6805592901317559,0.5515362824144694
0.6805592901317559,0.5516564952048822
0.6805592901317559,0.5521378708551483
0.6802904006453347,0.5520401483744273
0.6802904006453347,0.5521606285464863
0.6800215111589137,0.5520628683693517
0.6800215111589137,0.5521834061135371
0.6800215111589137,0.5523039965057873
0.6797526216724926,0.5522062035823504
0.6792148426996505,0.5520104895104895
0.6789459532132294,0.5519125683060109
0.6789459532132294,0.5520332313073896
0.6786770637268082,0.551935272250164
0.6784081742403872,0.5518372703412073
0.6784081742403872,0.5519579960621308
0.6784081742403872,0.5520787746170678
0.6781392847539661,0.5519807397680018
0.6781392847539661,0.5522224655134662
0.6781392847539661,0.5523434077967586
0.677870395267545,0.5522453450164293
0.677601505781124,0.5521472392638037
0.677601505781124,0.5522682445759369
0.677601505781124,0.5523893029373081
0.677601505781124,0.5525104143828108
0.677601505781124,0.5526315789473685
0.677601505781124,0.5527527966659355
0.677601505781124,0.5528740675734971
0.6773326162947029,0.5527759490893132
0.6773326162947029,0.5528972783143108
0.6770637268082818,0.5527991218441274
0.6770637268082818,0.5529205094422486
0.6767948373218607,0.552822314957171
0.6767948373218607,0.5530652603823335
0.6765259478354396,0.552967032967033
0.6765259478354396,0.5530885908990987
0.6759881688625975,0.5528920167143171
0.6751815004033342,0.5525968309859155
0.6751815004033342,0.5527184679727053
0.6751815004033342,0.5528401585204755
0.6746437214304921,0.5526431718061674
0.6746437214304921,0.5527649261951971
0.6746437214304921,0.5528867342441605
0.6746437214304921,0.5530085959885387
0.674374831944071,0.5529100529100529
0.674374831944071,0.55303197353914
0.674374831944071,0.5531539479488311
0.674374831944071,0.5532759761747187
0.674374831944071,0.5533980582524272
0.674374831944071,0.553520194217612
0.674374831944071,0.5536423841059602
0.674374831944071,0.5537646279531906
0.674374831944071,0.553886925795053
0.6741059424576499,0.5537883808261542
0.6741059424576499,0.5539107379584622
0.6741059424576499,0.5540331491712707
0.6741059424576499,0.554155614500442
0.6738370529712289,0.5540570417864249
0.6738370529712289,0.5541795665634675
0.6738370529712289,0.5543021455430215
0.6738370529712289,0.554424778761062
0.6735681634848077,0.5543261783580438
0.6735681634848077,0.5544488711819389
0.6735681634848077,0.5545716183307505
0.6732992739983866,0.5544729849424269
0.6730303845119656,0.5543743078626799
0.6727614950255445,0.5542755870624723
0.6727614950255445,0.5543984046089075
0.6724926055391234,0.5542996453900709
0.6722237160527024,0.5542008423852804
0.6722237160527024,0.5543237250554324
0.6722237160527024,0.5544466622310934
0.6722237160527024,0.554569653948536
0.6719548265662812,0.5544708231639671
0.6719548265662812,0.5545938748335553
0.6719548265662812,0.5547169811320755
0.6716859370798601,0.5546181172291297
0.6716859370798601,0.5547412835887187
0.6714170475934391,0.5546423811639272
0.671148158107018,0.5545434347922684
0.6708792686205969,0.5544444444444444
0.6706103791341759,0.5543454100911314
0.6706103791341759,0.5544686527345487
0.6703414896477548,0.5543695797198132
0.6703414896477548,0.5544928825622776
0.6703414896477548,0.5546162402669633
0.6703414896477548,0.554739652870494
0.6703414896477548,0.5548631204095259
0.6700726001613337,0.5547640249332146
0.6689970422156494,0.5543672014260249
0.6687281527292283,0.5542678850011143
0.6687281527292283,0.5543914400356665
0.6684592632428072,0.5542920847268673
0.6684592632428072,0.5544157002676182
0.6684592632428072,0.5545393709569485
0.6684592632428072,0.5546630968317715
0.6684592632428072,0.5547868779290337
0.6681903737563861,0.5546875
0.6681903737563861,0.5548113418173699
0.6681903737563861,0.554935238945958
0.6681903737563861,0.5550591914228278
0.6681903737563861,0.555183199285076
0.6681903737563861,0.5553072625698324
0.6681903737563861,0.5554313813142602
0.6681903737563861,0.5555555555555556
0.6681903737563861,0.5556797853309481
0.6681903737563861,0.5558040706777008
0.6681903737563861,0.5559284116331096
0.667921484269965,0.5558290445289774
0.667652594783544,0.5557296329453895
0.667652594783544,0.5558540407432281
0.667652594783544,0.5559785042543663
0.6673837052971229,0.555879059350504
0.6673837052971229,0.5560035842293907
0.6673837052971229,0.5561281649114945
0.6671148158107018,0.5560286866875841
0.6671148158107018,0.5561533288500337
0.6668459263242807,0.5560538116591929
0.6668459263242807,0.5561785153621889
0.6668459263242807,0.5563032750112158
0.6668459263242807,0.556428090643931
0.6665770368378596,0.5563285457809695
0.6663081473514385,0.5562289562289562
0.6663081473514385,0.5563538392456219
0.6663081473514385,0.556478778351673
0.6663081473514385,0.5566037735849056
0.6657703683785964,0.5564044943820224
0.6657703683785964,0.556529557203866
0.6655014788921754,0.5564298561151079
0.6655014788921754,0.5565549808859905
0.6655014788921754,0.5566801619433198
0.6652325894057542,0.5565804274465692
0.6649636999193331,0.5564806480648065
0.664425920946491,0.5562809545249887
0.664425920946491,0.5564062148164828
0.664425920946491,0.5565315315315316
0.664425920946491,0.5566569047082677
0.664425920946491,0.5569078205995042
0.6641570314600699,0.5568079350766456
0.6641570314600699,0.5569334836527621
0.6641570314600699,0.5570590888588183
0.6641570314600699,0.5571847507331378
0.6641570314600699,0.5573104693140795
0.6641570314600699,0.5574362446400362
0.6636192524872278,0.5572363964777602
0.6636192524872278,0.5573622402890696
0.6633503630008066,0.5572622543483171
0.6633503630008066,0.5573881608676006
0.6633503630008066,0.5575141242937853
0.6633503630008066,0.5577662220212526
0.6630814735143856,0.5576662143826323
0.6630814735143856,0.557792354670889
0.6628125840279645,0.5576923076923077
0.6628125840279645,0.5578185109753337
0.6625436945415434,0.5577184246265279
0.6625436945415434,0.5578446909667195
0.6625436945415434,0.5579710144927537
0.6625436945415434,0.5580973952434881
0.6625436945415434,0.558223833257816
0.6625436945415434,0.5583503285746657
0.6625436945415434,0.5584768812330009
0.6622748050551224,0.5583767853094537
0.6622748050551224,0.5585034013605442
0.6620059155687013,0.5584032660467226
0.6620059155687013,0.558529945553539
0.6617370260822801,0.5584297708191513
0.6617370260822801,0.5585565138447571
0.6617370260822801,0.558683314415437
0.6617370260822801,0.5588101725703906
0.6617370260822801,0.558937088348853
0.6617370260822801,0.5590640617900954
0.6617370260822801,0.5591910929334242
0.661199247109438,0.5589906796999318
0.660930357623017,0.5588904047294224
0.6606614681365959,0.5587900841482829
0.6603925786501748,0.5586897179253867
0.6603925786501748,0.5588168373151309
0.6603925786501748,0.5589440145653164
0.6601236891637537,0.5588436148417938
0.6601236891637537,0.5589708561020036
0.6598547996773326,0.5588704167615577
0.6598547996773326,0.558997722095672
0.6598547996773326,0.5591250854408749
0.6595859101909115,0.559024612579763
0.6593170207044905,0.5589240939138364
0.6590481312180694,0.5588235294117647
0.6590481312180694,0.558950969213227
0.6590481312180694,0.5590784671532847
0.6590481312180694,0.5592060232717317
0.6590481312180694,0.5593336376083979
0.6590481312180694,0.5594613102031499
0.6590481312180694,0.5595890410958904
0.6590481312180694,0.5597168303265586
0.6590481312180694,0.5598446779351302
0.6590481312180694,0.5599725839616175
0.6590481312180694,0.5601005484460695
0.6590481312180694,0.5602285714285714
0.6590481312180694,0.5603566529492455
0.6590481312180694,0.5604847930482506
0.6590481312180694,0.5606129917657823
0.6590481312180694,0.5607412491420728
0.6590481312180694,0.5608695652173913
0.6587792417316483,0.5607690547035935
0.6587792417316483,0.5608974358974359
0.6587792417316483,0.5610258758873369
0.6585103522452272,0.5609253321117728
0.6582414627588061,0.5608247422680412
0.6582414627588061,0.5609532538955087
0.6582414627588061,0.5610818244327298
0.6582414627588061,0.5612104539202201
0.6582414627588061,0.5613391423985324
0.6582414627588061,0.5614678899082569
0.6582414627588061,0.5615966964900206
0.657972573272385,0.5614960991280404
0.657703683785964,0.5613954555887078
0.657703683785964,0.561524334251607
0.6574347942995429,0.5614236509758898
0.6574347942995429,0.5616815988973122
0.6574347942995429,0.5618106617647058
0.6574347942995429,0.5619397839577108
0.6574347942995429,0.5620689655172414
0.6574347942995429,0.5624568668046929
0.6574347942995429,0.5625862862402209
0.6574347942995429,0.5627157652474108
0.6574347942995429,0.5628453038674033
0.6571659048131218,0.562744646557679
0.6571659048131218,0.562874251497006
0.6571659048131218,0.5630039161483529
0.6568970153267008,0.5629032258064516
0.6568970153267008,0.5630329569025121
0.6568970153267008,0.5631627478100507
0.6568970153267008,0.5632925985704405
0.6568970153267008,0.5634225092250923
0.6568970153267008,0.563682510383018
0.6568970153267008,0.5638126009693053
0.6568970153267008,0.5639427516158818
0.6568970153267008,0.56407296236435
0.6568970153267008,0.564203233256351
0.6566281258402796,0.5641025641025641
0.6566281258402796,0.5642329020332717
0.6566281258402796,0.5643633002079963
0.6566281258402796,0.5644937586685159
0.6566281258402796,0.5646242774566474
0.6566281258402796,0.5647548566142461
0.6566281258402796,0.5648854961832062
0.6566281258402796,0.5650161962054604
0.6566281258402796,0.5651469567229808
0.6563592363538585,0.5650462962962963
0.6563592363538585,0.5651771243343366
0.6563592363538585,0.5653080129689672
0.6558214573810164,0.5651065801668211
0.6558214573810164,0.5652375434530706
0.6558214573810164,0.5653685674547984
0.6558214573810164,0.565499652214236
0.6555525678945954,0.5653988868274582
0.6552836784081743,0.5652980746926467
0.6547458994353321,0.5650963100487352
0.6547458994353321,0.5653587183654516
0.6547458994353321,0.5654900139340455
0.6542081204624899,0.5652881040892194
0.6539392309760689,0.565187078782245
0.6539392309760689,0.5653184565318456
0.6539392309760689,0.565449895373169
0.6539392309760689,0.5655813953488372
0.6539392309760689,0.565712956501512
0.6539392309760689,0.5658445788738948
0.6536703414896478,0.5657435420060507
0.6536703414896478,0.5658752327746741
0.6536703414896478,0.5660069848661234
0.6536703414896478,0.5661387983232418
0.6534014520032266,0.5660377358490566
0.6534014520032266,0.5661696178937559
0.6534014520032266,0.5663015614075972
0.6534014520032266,0.5664335664335665
0.6534014520032266,0.5665656330146888
0.6534014520032266,0.5666977611940298
0.6531325625168056,0.5665966876603685
0.6531325625168056,0.5667288847410172
0.6531325625168056,0.5668611435239207
0.6531325625168056,0.5669934640522876
0.6528636730303845,0.5668923651646043
0.6528636730303845,0.5670247547874825
0.6528636730303845,0.5671572062602196
0.6525947835439634,0.5670560747663551
0.6525947835439634,0.5671885954662305
0.6525947835439634,0.5673211781206171
0.6525947835439634,0.5677192982456141
0.6520570045711213,0.5675169670021063
0.6517881150847001,0.5674157303370787
0.6517881150847001,0.5675485834699133
0.6515192255982791,0.5674473067915691
0.651250336111858,0.5673459826657297
0.651250336111858,0.5674789128397376
0.6507125571390159,0.5672761368963901
0.6504436676525948,0.5671746776084408
0.6504436676525948,0.5673076923076923
0.6504436676525948,0.5674407694112128
0.6504436676525948,0.5675739089629283
0.6504436676525948,0.5677071110068059
0.6504436676525948,0.5678403755868544
0.6504436676525948,0.5679737027471238
0.6504436676525948,0.568107092531705
0.6504436676525948,0.568240544984731
0.6504436676525948,0.568374060150376
0.6499058886797526,0.5681711330512459
0.6499058886797526,0.5683047260757113
0.6496369991933315,0.5682031984948259
0.6496369991933315,0.5683368619148436
0.6496369991933315,0.5684705882352942
0.6493681097069105,0.5683690280065898
0.6493681097069105,0.568502824858757
0.6490992202204894,0.5684012243936897
0.6490992202204894,0.568535091851154
0.6490992202204894,0.5686690223792698
0.6490992202204894,0.5688030160226202
0.6490992202204894,0.5689370728258307
0.6490992202204894,0.5690711928335691
0.6488303307340683,0.5689695826456025
0.6488303307340683,0.5691037735849057
0.6485614412476473,0.5690021231422505
0.6482925517612261,0.5689004247286455
0.6464103253562785,0.5681871897896479
0.6464103253562785,0.5683215130023641
0.6461414358698575,0.5682194372192008
0.6461414358698575,0.5683538315988647
0.6458725463834364,0.5682517151644192
0.6458725463834364,0.5683861807856129
0.6458725463834364,0.5685207100591716
0.6458725463834364,0.568655303030303
0.6458725463834364,0.5691943127962086
0.6456036568970154,0.5690922019435886
0.6456036568970154,0.5692271218587008
0.6456036568970154,0.5693621057623903
0.6456036568970154,0.5694971537001897
0.644528098951331,0.5692234623604845
0.6442592094649099,0.5691211401425178
0.6442592094649099,0.569256355428843
0.6442592094649099,0.5693916349809885
0.6439903199784889,0.5692892797718089
0.6437214304920678,0.5691868758915835
0.6437214304920678,0.5693222354340072
0.6434525410056466,0.5692197906755471
0.6431836515192256,0.5691172971686891
0.6426458725463834,0.5689121637705308
0.6426458725463834,0.569047619047619
0.6426458725463834,0.5691831388425815
0.6426458725463834,0.5693187232015245
0.6423769830599624,0.5692161067429116
0.6421080935735413,0.5691134413727359
0.6421080935735413,0.5692491060786651
0.6421080935735413,0.5693848354792561
0.6421080935735413,0.5695206296207965
0.6421080935735413,0.5696564885496184
0.6418392040871201,0.5695538057742782
0.6418392040871201,0.569689737470167
0.6418392040871201,0.5698257340654094
0.6418392040871201,0.5699617956064947
0.6415703146006991,0.569859087652257
0.6415703146006991,0.5699952221691352
0.6415703146006991,0.570131421744325
0.6415703146006991,0.5702676864244742
0.641301425114278,0.5701649533827396
0.641301425114278,0.5703012912482066
0.641301425114278,0.5704376943314996
0.641301425114278,0.5705741626794258
0.641032535627857,0.5704714046422589
0.6407636461414359,0.5703685974150311
0.6407636461414359,0.5705051472348576
0.6404947566550148,0.5704022988505747
0.6404947566550148,0.5705389221556886
0.6404947566550148,0.5706756109247724
0.6404947566550148,0.5708123652048885
0.6404947566550148,0.5709491850431447
0.6404947566550148,0.5710860704866938
0.6404947566550148,0.5712230215827339
0.6402258671685938,0.5711201727032862
0.6402258671685938,0.571257197696737
0.6399569776821726,0.5711543076553875
0.6396880881957515,0.571051368218915
0.6396880881957515,0.571188475390156
0.6396880881957515,0.5713256484149856
0.6394191987093305,0.5712226759548402
0.6394191987093305,0.5713599231138875
0.6391503092229094,0.5712569093967796
0.6391503092229094,0.5713942307692308
0.6388814197364883,0.5712911757634047
0.638074751277225,0.5709817131857555
0.638074751277225,0.5711191335740072
0.638074751277225,0.5712566201251805
0.637805861790804,0.5711533830965567
0.6375369723043829,0.5710500963391136
0.6375369723043829,0.5711876656227415
0.6375369723043829,0.5713253012048193
0.6375369723043829,0.5714630031332851
0.6375369723043829,0.5716007714561234
0.6375369723043829,0.5717386062213649
0.6372680828179618,0.5716353111432706
0.6369991933315408,0.5715319662243667
0.6369991933315408,0.5716698841698842
0.6369991933315408,0.571807868694183
0.6369991933315408,0.5719459198454853
0.6367303038451196,0.5718425501086694
0.6361925248722775,0.5716356607876298
0.6361925248722775,0.5717738037699371
0.6359236353858564,0.5716702924824753
0.6359236353858564,0.5718085106382979
0.6356547458994354,0.5717049576783555
0.6356547458994354,0.5718432510885341
0.6353858564130143,0.5717396564239051
0.6351169669265931,0.5716360116166506
0.6351169669265931,0.5717743887678528
0.6348480774401721,0.5716707021791767
0.6348480774401721,0.5718091547590216
0.6348480774401721,0.5719476744186046
0.6348480774401721,0.5720862612066877
0.634579187953751,0.5719825496849249
0.6343102984673299,0.5718787878787879
0.6343102984673299,0.5720174587778856
0.6340414089809089,0.5719136551055057
0.6340414089809089,0.5720524017467249
0.6340414089809089,0.5721912157243387
0.6337725194944878,0.5720873786407767
0.6332347405216456,0.5718795531811559
0.6332347405216456,0.5720184600437211
0.6329658510352245,0.5719144800777454
0.6326969615488034,0.5718104495747266
0.6326969615488034,0.5719494409333982
0.6326969615488034,0.5720884998784342
0.6326969615488034,0.5722276264591439
0.6324280720623824,0.5721235709073218
0.6324280720623824,0.5722627737226277
0.6321591825759613,0.5721586760769044
0.6321591825759613,0.5722979552093476
0.6321591825759613,0.5724373021670319
0.6321591825759613,0.572576716999513
0.6321591825759613,0.5727161997563947
0.6318902930895401,0.5726120857699805
0.6318902930895401,0.5727516451377042
0.6318902930895401,0.5728912725499756
0.6318902930895401,0.5730309680565716
0.6318902930895401,0.573170731707317
0.6316214036031191,0.5730666016101488
0.6316214036031191,0.5732064421669106
0.631352514116698,0.5731022699536246
0.631352514116698,0.5732421875
0.631083624630277,0.5731379731379731
0.6302769561710138,0.5728250244379277
0.6302769561710138,0.5729650452212173
0.6302769561710138,0.5731051344743276
0.6302769561710138,0.5732452922474933
0.6300080666845926,0.5731409001956947
0.6300080666845926,0.5732811353070713
0.6300080666845926,0.5734214390602056
0.6297391771981715,0.5733170134638923
0.6297391771981715,0.5734573947110676
0.6297391771981715,0.5735978447220181
0.6294702877117505,0.5734933855952964
0.6294702877117505,0.5736339132565548
0.6292013982253294,0.5735294117647058
0.6292013982253294,0.5736700171610689
0.6289325087389083,0.5735654732712113
0.6289325087389083,0.5737061564876135
0.6286636192524873,0.5736015701668302
0.6286636192524873,0.5737423312883435
0.6283947297660661,0.5736377025036818
0.628125840279645,0.5735330223422539
0.628125840279645,0.5736738703339882
0.627856950793224,0.573569147629575
0.627856950793224,0.5737100737100738
0.6275880613068029,0.5736053084295896
0.6275880613068029,0.5737463126843658
0.6275880613068029,0.5738873862798132
0.6275880613068029,0.5743110236220472
0.6275880613068029,0.5744523750922963
0.6273191718203818,0.5743476120137863
0.6273191718203818,0.5744890421078552
0.6270502823339608,0.574384236453202
0.6270502823339608,0.5745257452574526
0.6270502823339608,0.57466732380483
0.6270502823339608,0.5748089721469066
0.6238236084969078,0.5735475896168108
0.6238236084969078,0.5736894164193868
0.6238236084969078,0.5738313133811526
0.6235547190104866,0.5737258782780802
0.6235547190104866,0.5738678544914625
0.6232858295240656,0.5737623762376237
0.6232858295240656,0.573904431790047
0.6232858295240656,0.5740465577018325
0.6232858295240656,0.5741887540252663
0.6230169400376445,0.5740832507433102
0.6227480505512234,0.5739776951672863
0.6227480505512234,0.5741199801685671
0.6227480505512234,0.5742623357302257
0.6224791610648024,0.574156746031746
0.6224791610648024,0.5742991813445795
0.6222102715783813,0.5741935483870968
0.6222102715783813,0.5743360635393397
0.6222102715783813,0.5744786494538232
0.6222102715783813,0.574621306183263
0.6216724926055391,0.5744099378881987
0.621403603119118,0.5743041749502982
0.621403603119118,0.5745897563401293
0.621403603119118,0.574732653568764
0.621134713632697,0.5746268656716418
0.6208658241462759,0.5745210251306295
0.6208658241462759,0.574664011946242
0.6208658241462759,0.574807069952701
0.6208658241462759,0.5749501992031872
0.6208658241462759,0.575093399750934
0.6208658241462759,0.5752366716492276
0.6203280451734338,0.575024925224327
0.6203280451734338,0.575168287210172
0.6203280451734338,0.5753117206982543
0.6200591556870126,0.5752057869792966
0.6200591556870126,0.5753493013972056
0.6200591556870126,0.5754928874469678
0.6200591556870126,0.5756365451822266
0.6197902662005915,0.5755305867665418
0.6197902662005915,0.5756743256743256
0.6197902662005915,0.5758181363977017
0.6197902662005915,0.5759620189905047
0.6197902662005915,0.5761059735066233
0.6195213767141705,0.576
0.6195213767141705,0.5761440360090022
0.6195213767141705,0.576288144072036
0.6195213767141705,0.5764323242431824
0.6192524872277494,0.5763263263263263
0.6192524872277494,0.5764705882352941
0.6192524872277494,0.5766149223835754
0.6189835977413283,0.5765088905584773
0.6189835977413283,0.5766533066132264
0.6187147082549073,0.5765472312703583
0.6187147082549073,0.5769809428284854
0.6184458187684861,0.5768748432405317
0.6184458187684861,0.577019568489714
0.6184458187684861,0.5771643663739021
0.6184458187684861,0.5773092369477911
0.618176929282065,0.5772031132312327
0.618176929282065,0.5773480662983426
0.618176929282065,0.5774930921878925
0.617908039795644,0.5773869346733669
0.617908039795644,0.5776772247360482
0.617908039795644,0.5778224792557204
0.617908039795644,0.5779678068410463
0.617908039795644,0.5781132075471698
0.617908039795644,0.5782586814292904
0.617908039795644,0.5784042285426629
0.6176391503092229,0.5782980866062437
0.6173702608228018,0.5781918912112818
0.6173702608228018,0.5783375314861461
0.6173702608228018,0.5784832451499118
0.6173702608228018,0.5786290322580645
0.6171013713363808,0.578522813208974
0.6171013713363808,0.5786686838124054
0.6171013713363808,0.5788146279949559
0.6165635923635386,0.5786020691395407
0.6162947028771175,0.5784957092377587
0.6160258133906964,0.578389295632416
0.6160258133906964,0.5785353535353536
0.6160258133906964,0.5786814852235413
0.6157569239042754,0.5785750378979283
0.6157569239042754,0.5787212534748547
0.6157569239042754,0.5788675429726997
0.6157569239042754,0.5790139064475348
0.6154880344178543,0.578907435508346
0.6154880344178543,0.5790538831267392
0.6152191449314331,0.5789473684210527
0.6152191449314331,0.5790939002784106
0.6152191449314331,0.579240506329114
0.6152191449314331,0.5793871866295265
0.6152191449314331,0.5795339412360689
0.6149502554450121,0.5794274132252344
0.6149502554450121,0.5795742524075013
0.6149502554450121,0.5797211660329531
0.6149502554450121,0.579868154158215
0.6149502554450121,0.5800152168399696
0.6149502554450121,0.5801623541349569
0.6149502554450121,0.5803095660999746
0.614681365958591,0.5802030456852791
0.6144124764721699,0.58009647118558
0.6144124764721699,0.580243778567801
0.6144124764721699,0.5803911607823216
0.6144124764721699,0.5805386178861789
0.6141435869857489,0.5804320203303684
0.6138746974993278,0.5803253685815963
0.6136058080129067,0.5802186625985253
0.6136058080129067,0.5803662258392676
0.6133369185264856,0.5802594759603155
0.6133369185264856,0.5804071246819339
0.6133369185264856,0.580554848561975
0.6133369185264856,0.5807026476578412
0.6130680290400645,0.5805958747135218
0.6127991395536434,0.5804890473764646
0.6127991395536434,0.5806369426751592
0.6127991395536434,0.5807849133537207
0.6127991395536434,0.581081081081081
0.6127991395536434,0.5812292782453455
0.6127991395536434,0.581525899464149
0.6127991395536434,0.5818228235894818
0.6127991395536434,0.5819713993871297
0.6127991395536434,0.5821200510855683
0.6127991395536434,0.5822687787429739
0.6125302500672224,0.5821620240224892
0.6125302500672224,0.5823108384458078
0.6125302500672224,0.5826086956521739
0.6125302500672224,0.5827577385520594
0.6125302500672224,0.582906857727738
0.6125302500672224,0.5830560532377783
0.6125302500672224,0.583205325140809
0.6125302500672224,0.5833546734955186
0.6122613605808013,0.5832479508196722
0.6119924710943803,0.5831411734563157
0.6119924710943803,0.583290620194772
0.6117235816079591,0.5831837990258908
0.6117235816079591,0.5833333333333334
0.611454692121538,0.5832264683252116
0.611185802635117,0.5831195484864032
0.6106480236622748,0.5829055441478439
0.6103791341758538,0.582798459563543
0.6101102446894326,0.5826913199794556
0.6101102446894326,0.582840996660673
0.6101102446894326,0.5829907502569374
0.6101102446894326,0.5831405808275507
0.6101102446894326,0.5832904884318766
0.6101102446894326,0.5834404731293391
0.6098413552030115,0.5833333333333334
0.6095724657165905,0.5832261384100849
0.6095724657165905,0.5833762223365929
0.6093035762301694,0.5832689832689832
0.6093035762301694,0.5834191555097837
0.6090346867437483,0.5833118722637136
0.6090346867437483,0.5834621329211747
0.6090346867437483,0.5836124710126256
0.6090346867437483,0.5837628865979382
0.6087657972573273,0.5836555813353957
0.6084969077709061,0.5835482207323363
0.6084969077709061,0.5836987361361877
0.608228018284485,0.5835913312693498
0.607959128798064,0.5834838709677419
0.6076902393116429,0.5833763551884358
0.6076902393116429,0.5835269816679577
0.6076902393116429,0.5838284680960992
0.6074213498252218,0.5837209302325581
0.6074213498252218,0.5838718014990953
0.6071524603388008,0.5837642192347466
0.6071524603388008,0.5839151797258857
0.6071524603388008,0.5840662183135024
0.6071524603388008,0.5842173350582147
0.6068835708523797,0.5841097308488613
0.6068835708523797,0.5842609370955216
0.6066146813659586,0.5841532884515795
0.6066146813659586,0.5843045843045843
0.6066146813659586,0.5844559585492228
0.6063457918795375,0.5843482767556362
0.6060769023931164,0.5843920145190563
0.6060769023931164,0.5845435684647303
0.6055391234202743,0.5843279709392839
0.6055391234202743,0.5844796262652479
0.6052702339338532,0.5843717549325026
0.6052702339338532,0.5845235003895092
0.6052702339338532,0.5846753246753247
0.6052702339338532,0.58482722785139
0.6050013444474321,0.5847193347193347
0.604732454961011,0.5846113854951911
0.604732454961011,0.5849154746423927
0.6044635654745899,0.5848074921956296
0.6044635654745899,0.5849596669268801
0.6041946759881689,0.5848516397709527
0.6033880075289056,0.5845272206303725
0.6033880075289056,0.5846795205836373
0.6033880075289056,0.584831899921814
0.6031191180424845,0.5847236704900939
0.6028502285560634,0.5846153846153846
0.6025813390696424,0.5845070422535211
0.6025813390696424,0.5846595356117923
0.6025813390696424,0.5848121085594989
0.6025813390696424,0.5849647611589663
0.6023124495832213,0.5848563968668408
0.6020435600968003,0.5847479759728389
0.6020435600968003,0.5849007314524556
0.601505781123958,0.5846837428123366
0.601236891637537,0.5845751633986929
0.6009680021511159,0.5844665271966527
0.6006991126646948,0.5843578341616531
0.6006991126646948,0.5845107273678702
0.6001613336918526,0.5842931937172775
0.6001613336918526,0.584446190102121
0.6001613336918526,0.5845992666317443
0.5998924442054315,0.5844904375163741
0.5998924442054315,0.584643605870021
0.5998924442054315,0.5847968545216251
0.5996235547190105,0.5846879916098584
0.5996235547190105,0.5848413322842906
0.5996235547190105,0.5849947534102833
0.5993546652325894,0.584885856730517
0.5993546652325894,0.5850393700787402
0.5990857757461683,0.5849304279338409
0.5990857757461683,0.5850840336134454
0.5990857757461683,0.585237719989493
0.5990857757461683,0.5853914871255912
0.5988168862597473,0.5852825229960578
0.5988168862597473,0.5854363827549948
0.5988168862597473,0.585590323428872
0.5988168862597473,0.585744345081536
0.5985479967733262,0.585635359116022
0.5985479967733262,0.5857894736842105
0.5985479967733262,0.5859436693866807
0.598279107286905,0.5858346498156924
0.598279107286905,0.5859889386357651
0.598279107286905,0.5861433087460485
0.598010217800484,0.586034255599473
0.5963968808819575,0.5853787278965427
0.5963968808819575,0.585533262935586
0.5963968808819575,0.5856878795880645
0.5963968808819575,0.5858425779186477
0.5958591019091154,0.5856236786469344
0.5955902124226943,0.5855141422151732
0.5955902124226943,0.5856689582231623
0.5953213229362732,0.585559375826501
0.5953213229362732,0.5857142857142857
0.5950524334498521,0.5856046573167505
0.594783543963431,0.5854949708840657
0.5945146544770099,0.585385226370135
0.5942457649905889,0.5852754237288136
0.5942457649905889,0.5854304635761589
0.5939768755041678,0.5853206147323794
0.5939768755041678,0.5854757487410549
0.5937079860177467,0.5853658536585366
0.5937079860177467,0.5855210819411297
0.5937079860177467,0.5856763925729443
0.5934390965313256,0.5855664632528522
0.5931702070449045,0.5854564755838642
0.5929013175584834,0.5853464295195115
0.5926324280720624,0.5852363250132767
0.5920946490992203,0.5850159404888416
0.5920946490992203,0.5851714057932501
0.5920946490992203,0.5853269537480064
0.5920946490992203,0.5854825844190374
0.5920946490992203,0.5856382978723405
0.5918257596127992,0.5855280659749933
0.591556870126378,0.5854177754124534
0.591556870126378,0.5855735959542188
0.591287980639957,0.5854632587859425
0.5910190911535359,0.5853528628495339
0.5910190911535359,0.5855087906233352
0.5910190911535359,0.585820895522388
0.5910190911535359,0.5859770727805919
0.5907502016671148,0.5858666666666666
0.5907502016671148,0.5860229394505201
0.5907502016671148,0.586179295624333
0.5907502016671148,0.5863357352548706
0.5907502016671148,0.5864922584089696
0.5904813121806938,0.5863818424566088
0.5902124226942727,0.5862713675213675
0.5896746437214305,0.5860502405130946
0.5894057542350094,0.5859395883453622
0.5891368647485883,0.5858288770053476
0.5888679752621673,0.5857181064455736
0.5888679752621673,0.586031576130586
0.5888679752621673,0.5861884368308351
0.5885990857757462,0.5860776439089692
0.5885990857757462,0.5862346009641135
0.588330196289325,0.5861237610500938
0.588330196289325,0.5862808145766345
0.588330196289325,0.5864379522916108
0.588061306802904,0.5863270777479893
0.5877924173164829,0.5862161437382676
0.5877924173164829,0.5863733905579399
0.5877924173164829,0.5865307217601288
0.5877924173164829,0.5866881374127751
0.5875235278300619,0.5865771812080537
0.5875235278300619,0.5867346938775511
0.5875235278300619,0.5868922911630405
0.5875235278300619,0.5870499731327243
0.5875235278300619,0.5872077398548777
0.5869857488572197,0.5869857488572197
0.5869857488572197,0.5871436256051641
0.5869857488572197,0.5873015873015873
0.5869857488572197,0.58745963401507
0.5867168593707986,0.5873485868102288
0.5864479698843775,0.5872374798061389
0.5864479698843775,0.5873956369512524
0.5864479698843775,0.5875538793103449
0.5861790803979564,0.5874427378065211
0.5861790803979564,0.5876010781671159
0.5861790803979564,0.5877595039094096
0.5859101909115354,0.5876483279395901
0.5856413014251143,0.5875370919881305
0.5856413014251143,0.5876956287101996
0.5856413014251143,0.5878542510121457
0.5853724119386932,0.587742980561555
0.5853724119386932,0.5879017013232514
0.5853724119386932,0.5880605078336034
0.5853724119386932,0.5882194001621184
0.5853724119386932,0.5885374425520411
0.5853724119386932,0.5886965927528394
0.5853724119386932,0.5888558290505815
0.5853724119386932,0.5890151515151515
0.5853724119386932,0.5893340552246887
0.5853724119386932,0.5894936366098024
0.5851035224522722,0.5893824485373781
0.5851035224522722,0.5895421295041994
0.584834632965851,0.5894308943089431
0.584834632965851,0.5895906749796693
0.584834632965851,0.5897505422993492
0.584834632965851,0.5899104963384866
0.584834632965851,0.5900705371676614
0.5845657434794299,0.5899592944369064
0.5842968539930089,0.5898479913137894
0.5842968539930089,0.5900081455335324
0.5842968539930089,0.5901683867463335
0.5837590750201667,0.589945652173913
0.5834901855337457,0.5898341940744768
0.5834901855337457,0.589994562262099
0.5832212960473245,0.589883056839815
0.5832212960473245,0.5900435255712732
0.5832212960473245,0.590204081632653
0.5832212960473245,0.590364725095264
0.5832212960473245,0.5905254560304928
0.5829524065609034,0.5904139433551199
0.5829524065609034,0.5905747752655952
0.5829524065609034,0.5907356948228882
0.5829524065609034,0.5908967020986645
0.5818768486152192,0.5904502046384721
0.5818768486152192,0.5906113537117904
0.5818768486152192,0.5907725907725908
0.5818768486152192,0.5909339158929546
0.5818768486152192,0.5910953291450424
0.581607959128798,0.590983606557377
0.581339069642377,0.5908718229024323
0.581339069642377,0.5910333515582286
0.5810701801559559,0.5909215203718895
0.5810701801559559,0.5910831509846827
0.5810701801559559,0.5912448700410396
0.5808012906695348,0.5911330049261084
0.5808012906695348,0.5916187345932621
0.5808012906695348,0.5917808219178082
0.5808012906695348,0.5919429980816662
0.5805324011831138,0.5918311403508771
0.5805324011831138,0.5919934192486975
0.5805324011831138,0.5921557871640154
0.5805324011831138,0.592318244170096
0.5805324011831138,0.5924807903402854
0.5802635116966927,0.5923689267087565
0.5802635116966927,0.5925315760571115
0.5802635116966927,0.5926943147486954
0.5799946222102715,0.5925824175824176
0.5799946222102715,0.5927452596867271
0.5794568432374294,0.5925213087709651
0.5794568432374294,0.5926842684268426
0.5794568432374294,0.5928473177441541
0.5794568432374294,0.593010456796918
0.5794568432374294,0.5931736856592348
0.5794568432374294,0.5933370044052864
0.5791879537510083,0.5932250068851556
0.5789190642645873,0.5931129476584022
0.5789190642645873,0.5932763846789749
0.5786501747781662,0.5931642778390298
0.578381285291745,0.5930521091811415
0.578381285291745,0.593215664644236
0.578381285291745,0.5933793103448276
0.578112395805324,0.5932671081677704
0.578112395805324,0.593430858404637
0.5778435063189029,0.5933186085035892
0.5775746168324819,0.5932062966031483
0.5775746168324819,0.5933701657458563
0.5775746168324819,0.593698175787728
0.5773057273460608,0.5935858446226154
0.5770368378596397,0.5934734513274337
0.5770368378596397,0.5936376210235131
0.5767679483732187,0.5935251798561151
0.5764990588867975,0.5934126764461666
0.5764990588867975,0.593576965669989
0.5762301694003764,0.5934644142896704
0.5762301694003764,0.5936288088642659
0.5762301694003764,0.5937932945414243
0.5759612799139554,0.593680709534368
0.5756923904275343,0.5935680621014694
0.5756923904275343,0.593732667775929
0.5756923904275343,0.5938973647711512
0.5756923904275343,0.594062153163152
0.5756923904275343,0.5942270330280321
0.5756923904275343,0.5945570674812553
0.5756923904275343,0.5947222222222223
0.5756923904275343,0.594887468741317
0.5756923904275343,0.5950528071150639
0.5754235009411132,0.5949402279677509
0.5751546114546922,0.5948275862068966
0.574885721968271,0.5947148817802503
0.574885721968271,0.5948803561491375
0.574885721968271,0.5950459226273309
0.574885721968271,0.5952115812917594
0.5746168324818499,0.595098858256753
0.5746168324818499,0.5952646239554318
0.5746168324818499,0.5959286112660346
0.5746168324818499,0.596094839609484
0.5746168324818499,0.5962611607142857
0.5746168324818499,0.5964275746581077
0.5743479429954289,0.5963149078726968
0.5743479429954289,0.5966480446927375
0.5743479429954289,0.5968147527242247
0.5740790535090078,0.5967020681945221
0.5740790535090078,0.5968688845401174
0.5738101640225867,0.5967561521252797
0.5738101640225867,0.5969230769230769
0.5738101640225867,0.5970900951315053
0.5738101640225867,0.5972572068289952
0.5735412745361657,0.5971444568868981
0.5732723850497445,0.5970316437972557
0.5732723850497445,0.597366209022135
0.5732723850497445,0.5975336322869955
0.5732723850497445,0.5977011494252874
0.5732723850497445,0.5978687605159843
0.5730034955633235,0.5977559607293128
0.5730034955633235,0.5979236812570146
0.5730034955633235,0.5980914959303958
0.5727346060769024,0.5979786636720943
0.5727346060769024,0.5981465880370682
0.5727346060769024,0.598314606741573
0.5724657165904813,0.5982017420623771
0.5721968271040603,0.5980888139404159
0.5721968271040603,0.5982569581107675
0.5721968271040603,0.5985935302390999
0.5719279376176392,0.5984805852560495
0.5719279376176392,0.5986490289895863
0.5719279376176392,0.5988175675675675
0.5719279376176392,0.5989862010701211
0.5719279376176392,0.5991549295774647
0.5719279376176392,0.599323753169907
0.5719279376176392,0.5994926719278467
0.571659048131218,0.5993797575415845
0.571659048131218,0.5995487873660462
0.571659048131218,0.5997179125528914
0.571659048131218,0.5998871331828443
0.571659048131218,0.6000564493367203
0.5711212691583759,0.5998305563400169
0.5711212691583759,0.6
0.5711212691583759,0.6001695394179146
0.5708523796719548,0.600056529112493
0.5708523796719548,0.6003959276018099
0.5705834901855338,0.6002828854314003
0.5705834901855338,0.6004527447651387
0.5703146006991127,0.6003396546844042
0.5703146006991127,0.6005096262740657
0.5703146006991127,0.6006796941376381
0.5703146006991127,0.6008498583569405
0.5703146006991127,0.6013609299688121
0.5700457112126915,0.6012478729438457
0.5700457112126915,0.601418439716312
0.5697768217262705,0.6013053348467651
0.5695079322398494,0.6011921657678115
0.5695079322398494,0.6013628620102215
0.5692390427534283,0.6012496449872196
0.5692390427534283,0.6014204545454546
0.5689701532670073,0.6013071895424836
0.5687012637805862,0.6011938601478113
0.568432374294165,0.6010804663065112
0.568432374294165,0.6012514220705347
0.568432374294165,0.6014224751066857
0.568432374294165,0.6019362186788155
0.568163484807744,0.6018228424950157
0.5678945953213229,0.6017094017094017
0.5676257058349019,0.6015958962667427
0.5673568163484808,0.6014823261117446
0.5670879268620597,0.6013686911890505
0.5668190373756387,0.6012549914432401
0.5668190373756387,0.6014265335235378
0.5668190373756387,0.6015981735159818
0.5668190373756387,0.6017699115044248
0.5668190373756387,0.6019417475728155
0.5668190373756387,0.6021136818051985
0.5668190373756387,0.6022857142857143
0.5668190373756387,0.6024578450985996
0.5668190373756387,0.6026300743281875
0.5668190373756387,0.6028024020589077
0.5668190373756387,0.602974828375286
0.5665501478892175,0.6028612303290415
0.5665501478892175,0.6030337721808815
0.5665501478892175,0.6032064128256514
0.5662812584027964,0.6030927835051546
0.5662812584027964,0.6032655399598968
0.5662812584027964,0.6034383954154727
0.5660123689163754,0.6033247348810548
0.5660123689163754,0.6034977064220184
0.5657434794299543,0.6033839977057642
0.5654745899435332,0.6032702237521514
0.5654745899435332,0.6034433285509325
0.5654745899435332,0.6036165327210103
0.5654745899435332,0.6037898363479759
0.5654745899435332,0.6039632395175186
0.5654745899435332,0.6041367423154266
0.5652057004571122,0.6040229885057471
0.564936810970691,0.6039091693015234
0.5646679214842699,0.6037952846463485
0.5646679214842699,0.6039689387402933
0.5643990319978489,0.60385500575374
0.5641301425114278,0.6037410071942446
0.5641301425114278,0.6039147956246402
0.5641301425114278,0.6040886841347538
0.5638612530250067,0.6039746543778802
0.5638612530250067,0.6041486603284356
0.5635923635385857,0.6040345821325649
0.5633234740521645,0.6039204381666187
0.5633234740521645,0.6040945790080738
0.5633234740521645,0.6042688203057398
0.5633234740521645,0.6044431621465667
0.5630545845657435,0.6043290043290044
0.5630545845657435,0.6045034642032333
0.5630545845657435,0.604678024833959
0.5627856950793224,0.6045638359329867
0.5625168055929013,0.6044495810459405
0.5622479161064803,0.6043352601156069
0.5622479161064803,0.6045099739809193
0.5622479161064803,0.6046847888953152
0.5619790266200592,0.6045704367949088
0.561710137133638,0.6044560185185185
0.561441247647217,0.6043415340086831
0.561441247647217,0.6045165026056746
0.561441247647217,0.6046915725456126
0.561441247647217,0.6048667439165701
0.561441247647217,0.6050420168067226
0.5611723581607959,0.6049275362318841
0.5611723581607959,0.6051029283850391
0.5611723581607959,0.6052784222737819
0.5611723581607959,0.6054540179866551
0.5611723581607959,0.6056297156123042
0.5611723581607959,0.6058055152394775
0.5611723581607959,0.6059814169570267
0.5611723581607959,0.6061574208539064
0.5611723581607959,0.6063335270191749
0.5609034686743748,0.6062191223481546
0.5606345791879538,0.6061046511627907
0.5600968002151115,0.6058755090168703
0.5598279107286905,0.605760837940064
0.5598279107286905,0.6059371362048894
0.5598279107286905,0.6061135371179039
0.5595590212422694,0.6059988351776354
0.5595590212422694,0.6061753568307603
0.5595590212422694,0.6063519813519813
0.5595590212422694,0.6065287088312445
0.5592901317558483,0.6064139941690962
0.5592901317558483,0.6065908428113153
0.5592901317558483,0.6067677946324388
0.5592901317558483,0.6069448497227896
0.5590212422694273,0.6068301225919439
0.5590212422694273,0.607007299270073
0.5587523527830062,0.606892523364486
0.5587523527830062,0.6070698217937481
0.5584834632965852,0.6069549970777324
0.5584834632965852,0.6071324174218065
0.558214573810164,0.6070175438596491
0.5579456843237429,0.6069026031003217
0.5576767948373219,0.6067875950848449
0.5576767948373219,0.6069651741293532
0.5574079053509008,0.6068501170960188
0.5571390158644797,0.6067349926793558
0.5571390158644797,0.606912712360867
0.5571390158644797,0.6070905361851743
0.5571390158644797,0.6072684642438453
0.5571390158644797,0.6074464966285547
0.5571390158644797,0.6076246334310851
0.5571390158644797,0.6078028747433265
0.5568701263780587,0.60768779342723
0.5566012368916375,0.6075726445553272
0.5563323474052164,0.6074574280681151
0.5563323474052164,0.6076358296622614
0.5560634579187954,0.6075205640423031
0.5557945684323743,0.6074052306788128
0.5555256789459532,0.6072898295120517
0.5555256789459532,0.6074683916495148
0.5555256789459532,0.6076470588235294
0.5552567894595322,0.6075316269491027
0.5552567894595322,0.6077104178928782
0.5552567894595322,0.6080683156654888
0.5547190104866899,0.6078373600471421
0.5547190104866899,0.6080165045682288
0.5544501210002689,0.6079009433962265
0.5541812315138478,0.607785314066647
0.5539123420274267,0.6076696165191741
0.5539123420274267,0.6078489229861316
0.5536434525410057,0.6077331759149941
0.5536434525410057,0.6079126070268674
0.5536434525410057,0.6080921441228588
0.5533745630545845,0.6079763663220089
0.5531056735681635,0.6078605200945626
0.5531056735681635,0.6080402010050251
0.5531056735681635,0.6082199881726789
0.5525678945953213,0.6079881656804734
0.5525678945953213,0.6081680970701391
0.5522990051089003,0.6080521018354056
0.5522990051089003,0.6082321587207581
0.5522990051089003,0.6084123222748815
0.551761226136058,0.6081802015411973
0.551761226136058,0.6083605099318115
0.551761226136058,0.608540925266904
0.551492336649637,0.6084247997626817
0.5512234471632159,0.6083086053412463
0.5509545576767948,0.6081923419412288
0.5509545576767948,0.6083729216152018
0.5509545576767948,0.6085536085536085
0.5506856681903738,0.6084373143196673
0.5506856681903738,0.6087990487514863
0.5506856681903738,0.6089800773119238
0.5506856681903738,0.6091612135633552
0.5506856681903738,0.6093424576019042
0.5496101102446894,0.6088769734882336
0.5496101102446894,0.6090584028605482
0.5496101102446894,0.6092399403874814
0.5496101102446894,0.6096033402922756
0.5496101102446894,0.6097852028639618
0.5496101102446894,0.6101492537313433
0.5496101102446894,0.6103314422215587
0.5496101102446894,0.6105137395459976
0.5490723312718473,0.6102809324566647
0.5490723312718473,0.6104633781763826
0.5490723312718473,0.6106459330143541
0.5488034417854262,0.6105294645527969
0.5485345522990052,0.6104129263913824
0.5485345522990052,0.610595630050883
0.5485345522990052,0.6107784431137725
0.548265662812584,0.6106618748128182
0.5479967733261629,0.6105452366686639
0.5479967733261629,0.6107281989811207
0.5477278838397419,0.6106115107913669
0.5471901048668997,0.610377924415117
0.5471901048668997,0.6105610561056105
0.5471901048668997,0.6107442977190877
0.5471901048668997,0.6109276493545481
0.5471901048668997,0.6111111111111112
0.5469212153804787,0.6109942925803544
0.5463834364076364,0.6107604448452059
0.5461145469212154,0.610643415514131
0.5458456574347943,0.6105263157894737
0.5455767679483732,0.6104091456077015
0.5453078784619522,0.6102919049052061
0.5453078784619522,0.6104756170981337
0.5453078784619522,0.6106594399277326
0.545038988975531,0.6105421686746988
0.545038988975531,0.6107261223260018
0.5445012100026889,0.6104914078987036
0.5445012100026889,0.6106755126658625
0.5445012100026889,0.6108597285067874
0.5442323205162678,0.6107423053711527
0.5439634310298467,0.6106248113492303
0.5439634310298467,0.6108091787439613
0.5439634310298467,0.6109936575052854
0.5439634310298467,0.611178247734139
0.5439634310298467,0.6113629495315805
0.5439634310298467,0.6115477629987908
0.5439634310298467,0.6117326882370728
0.5436945415434257,0.6116152450090744
0.5436945415434257,0.6118003025718608
0.5434256520570045,0.611682808716707
0.5434256520570045,0.6118679987889797
0.5434256520570045,0.612053301029679
0.5434256520570045,0.6122387155407453
0.5434256520570045,0.6124242424242424
0.5434256520570045,0.6126098817823583
0.5434256520570045,0.6127956337174045
0.5434256520570045,0.6129814983318168
0.5434256520570045,0.6131674757281553
0.5431567625705835,0.6130500758725341
0.5431567625705835,0.6132361870066788
0.5431567625705835,0.6136087484811664
0.5431567625705835,0.6137951990276511
0.5431567625705835,0.6139817629179332
0.5428878730841624,0.6138643964730921
0.5426189835977413,0.6137469586374696
0.5423500941113203,0.6136294493459081
0.5423500941113203,0.6138161898965308
0.5420812046248992,0.6136986301369863
0.5420812046248992,0.6138855054811205
0.5420812046248992,0.6140724946695096
0.541812315138478,0.6139549055453991
0.541812315138478,0.6141420298689424
0.541812315138478,0.614329268292683
0.541543425652057,0.6142116498932602
0.541543425652057,0.614399023794997
0.541543425652057,0.6145865120537076
0.5412745361656359,0.6144688644688645
0.5412745361656359,0.6146564885496183
0.5412745361656359,0.6148442272449602
0.5412745361656359,0.615032080659945
0.5412745361656359,0.6152200488997555
0.5410056466792148,0.6151024151635586
0.5407367571927938,0.6149847094801223
0.5407367571927938,0.6151728357295809
0.5407367571927938,0.6153610771113831
0.5407367571927938,0.6155494337312519
0.5404678677063727,0.6154317207593386
0.5404678677063727,0.6156202143950995
0.5401989782199516,0.6155024509803921
0.5399300887335305,0.6153846153846154
0.5399300887335305,0.615573267933783
0.5399300887335305,0.6157620361852193
0.5399300887335305,0.6159509202453988
0.5399300887335305,0.6161399202209267
0.5399300887335305,0.616329036218539
0.5399300887335305,0.6165182683451028
0.5396611992471094,0.6164004914004914
0.5396611992471094,0.616589861751152
0.5396611992471094,0.616779348494161
0.5396611992471094,0.6169689517368583
0.5393923097606883,0.6168511685116851
0.5391234202742673,0.6167333128268225
0.5391234202742673,0.6169230769230769
0.5388545307878462,0.6168051708217913
0.5388545307878462,0.6169950738916257
0.5388545307878462,0.6171850939328611
0.5385856413014252,0.6170671595810228
0.538316751815004,0.6169491525423729
0.538316751815004,0.6171393341553637
0.538316751815004,0.6173296330558126
0.538316751815004,0.6175200493522517
0.5380478623285829,0.6174020364085159
0.5380478623285829,0.6175925925925926
0.5380478623285829,0.6177832664402594
0.5377789728421619,0.6176652254478073
0.5375100833557408,0.6175471115230151
0.5375100833557408,0.6177379480840544
0.5375100833557408,0.6179289026275115
0.5375100833557408,0.6181199752628324
0.5369723043828987,0.6178836633663366
0.5367034148964775,0.6177653977096874
0.5364345254100564,0.6176470588235294
0.5364345254100564,0.617838340043357
0.5364345254100564,0.6180297397769516
0.5361656359236354,0.617911372792067
0.5361656359236354,0.6181029138251705
0.5358967464372143,0.6179844961240311
0.5356278569507932,0.6178660049627791
0.5356278569507932,0.6180577102078808
0.5353589674643722,0.6179391682184978
0.5353589674643722,0.6181310152126669
0.535090077977951,0.6180124223602484
0.5348211884915299,0.6178937558247903
0.5345522990051089,0.617775015537601
0.5345522990051089,0.6181592039800995
0.5342834095186878,0.618040435458787
0.5342834095186878,0.6182327317983821
0.5342834095186878,0.6184251478369125
0.5340145200322668,0.6183063511830635
0.5340145200322668,0.6186915887850467
0.5337456305458457,0.6185727641009661
0.5334767410594246,0.6184538653366584
0.5334767410594246,0.6186467103211725
0.5334767410594246,0.6188396756082346
0.5334767410594246,0.6190327613104524
0.5332078515730035,0.6189138576779026
0.5329389620865824,0.6187948798001873
0.5329389620865824,0.6189881324172393
0.5326700726001613,0.6188691034051859
0.5326700726001613,0.6192560175054704
0.5326700726001613,0.6194496560350219
0.5324011831137403,0.6193306224585549
0.5321322936273192,0.6192115143929913
0.5321322936273192,0.6194053208137715
0.5321322936273192,0.6195992485911084
0.5321322936273192,0.6197932978390228
0.5321322936273192,0.6199874686716792
0.531863404140898,0.6198683798182388
0.531863404140898,0.6200626959247649
0.531863404140898,0.6202571338977736
0.531863404140898,0.6204516938519448
0.531863404140898,0.6206463759021023
0.531594514654477,0.620527306967985
0.5313256251680559,0.6204081632653061
0.5310567356816348,0.6202889447236181
0.5307878461952138,0.6201696512723845
0.5307878461952138,0.6203645505971087
0.5305189567087927,0.6202452059100911
0.5305189567087927,0.6204402515723271
0.5302500672223716,0.6203208556149733
0.5302500672223716,0.6205160478288232
0.5302500672223716,0.6207113629209946
0.5299811777359505,0.6205919395465995
0.5299811777359505,0.6207874015748032
0.5297122882495294,0.6206679269061122
0.5294433987631083,0.6205483769303498
0.5294433987631083,0.6207440100882724
0.5294433987631083,0.6209397666351308
0.5291745092766873,0.6208201892744479
0.5289056197902662,0.6207005364468287
0.5286367303038452,0.6205808080808081
0.5286367303038452,0.6207767603410167
0.528367840817424,0.6206569804169298
0.528367840817424,0.6208530805687204
0.5280989513310029,0.6207332490518331
0.5280989513310029,0.6209294973126779
0.5280989513310029,0.6211258697027198
0.5280989513310029,0.6213223663397659
0.5280989513310029,0.6215189873417721
0.5280989513310029,0.6217157328268439
0.5280989513310029,0.6219126029132362
0.5280989513310029,0.6221095977193538
0.5280989513310029,0.6223067173637515
0.5278300618445819,0.6221870047543582
0.5278300618445819,0.6223842739378567
0.5275611723581608,0.6222645099904852
0.5275611723581608,0.6224619289340102
0.5275611723581608,0.6226594731831164
0.5275611723581608,0.6228571428571429
0.5275611723581608,0.6230549380755795
0.5272922828717397,0.6229351969504447
0.5272922828717397,0.6231331426755641
0.5272922828717397,0.6233312142403051
0.5270233933853187,0.6232114467408585
0.5267545038988976,0.6230916030534351
0.5264856144124764,0.6229716831053134
0.5264856144124764,0.6231699554423934
0.5262167249260554,0.6230499840815027
0.5262167249260554,0.6232484076433121
0.5259478354396343,0.623128384835935
0.5256789459532132,0.6230082855321861
0.5254100564667922,0.6228881096589098
0.5254100564667922,0.6230867346938775
0.5246033880075289,0.6227258218959464
0.5243344985211078,0.6226053639846744
0.5243344985211078,0.6228042159054615
0.5240656090346868,0.6226837060702876
0.5237967195482657,0.6225631192074145
0.5237967195482657,0.6229613047649505
0.5237967195482657,0.6231605886116443
0.5237967195482657,0.62336
0.5237967195482657,0.6235595390524968
0.5237967195482657,0.6237592058917707
0.5237967195482657,0.6239590006406149
0.5237967195482657,0.6241589234219801
0.5235278300618446,0.6240384615384615
0.5229900510890024,0.6237973059653624
0.5229900510890024,0.6239974334295797
0.5227211616025813,0.6238767650834403
0.5224522721161603,0.6237560192616373
0.5221833826297392,0.6236351958895312
0.5221833826297392,0.623835528429168
0.5219144931433181,0.6237146529562982
0.521645603656897,0.623593699774992
0.5213767141704759,0.6234726688102894
0.5213767141704759,0.6236732068189128
0.5211078246840548,0.6235521235521235
0.5211078246840548,0.6239536381197682
0.5211078246840548,0.6241545893719807
0.5208389351976338,0.6240335051546392
0.5208389351976338,0.6246372138019993
0.5208389351976338,0.6248387096774194
0.5208389351976338,0.6250403355921265
0.5205700457112127,0.6249193027759845
0.5205700457112127,0.6251210849208911
0.5205700457112127,0.6253229974160207
0.5205700457112127,0.6255250403877222
0.5205700457112127,0.6259295182670547
0.5205700457112127,0.6261319534282018
0.5205700457112127,0.6263345195729537
0.5205700457112127,0.626537216828479
0.5205700457112127,0.6269430051813472
0.5203011562247916,0.6268221574344023
0.5203011562247916,0.6270252754374595
0.5200322667383706,0.626904376012966
0.5200322667383706,0.6271076523994812
0.5200322667383706,0.627514600908501
0.5194944877655284,0.6272727272727273
0.5194944877655284,0.6274764533939591
0.5192255982791073,0.6273554256010396
0.5192255982791073,0.6275593110172246
0.5189567087926862,0.6274382314694408
0.5189567087926862,0.6276422764227643
0.5186878193062652,0.6275211450878334
0.5186878193062652,0.6277253498210218
0.518418929819844,0.6276041666666666
0.518418929819844,0.6288323548597521
0.5181500403334229,0.6287112561174552
0.5181500403334229,0.6289164490861618
0.5176122613605808,0.6286740692357936
0.5176122613605808,0.6288794511597517
0.5176122613605808,0.6290849673202614
0.5173433718741597,0.6289637136319058
0.5170744823877387,0.6288423806409418
0.5170744823877387,0.6290480863591756
0.5170744823877387,0.6292539267015707
0.5168055929013176,0.6291325695581015
0.5168055929013176,0.6293385723641126
0.5165367034148964,0.629217163445791
0.5162678139284754,0.6290956749672346
0.5159989244420543,0.628974106850213
0.5159989244420543,0.6291803278688525
0.5157300349556332,0.6290587077730403
0.5154611454692122,0.6289370078740157
0.5151922559827911,0.6288152280932064
0.5149233664963699,0.628693368351937
0.5149233664963699,0.6297270634659652
0.5149233664963699,0.6299342105263158
0.5149233664963699,0.6301414939124712
0.5149233664963699,0.630348913759052
0.5149233664963699,0.6305564702008561
0.5146544770099489,0.6304347826086957
0.5146544770099489,0.6306425041186161
0.5146544770099489,0.6308503625576797
0.5146544770099489,0.6310583580613254
0.5143855875235278,0.6309366754617414
0.5143855875235278,0.6311448366875618
0.5141166980371068,0.6310231023102311
0.5141166980371068,0.6312314295146914
0.5141166980371068,0.631439894319683
0.5138478085506857,0.6313181367690783
0.5138478085506857,0.6315267680105751
0.5135789190642646,0.631404958677686
0.5135789190642646,0.6316137566137566
0.5135789190642646,0.6320317670416943
0.5133100295778436,0.6319099635882158
0.5133100295778436,0.6321192052980132
0.5133100295778436,0.6323285856243789
0.5133100295778436,0.6325381047051027
0.5133100295778436,0.6327477626781571
0.5133100295778436,0.6329575596816976
0.5130411400914224,0.6328358208955224
0.5125033611185803,0.6325921008961168
0.5125033611185803,0.6328021248339973
0.5125033611185803,0.6330122882763202
0.5122344716321592,0.632890365448505
0.5122344716321592,0.6331006979062812
0.5122344716321592,0.6335217825074826
0.5119655821457381,0.633399866932801
0.5119655821457381,0.6336106489184692
0.5114278031728959,0.6333666333666333
0.5114278031728959,0.6335776149233844
0.5111589136864748,0.6334555148283906
0.5108900242000538,0.6333333333333333
0.5108900242000538,0.6335445148382794
0.5108900242000538,0.6337558372248165
0.5106211347136327,0.6336336336336337
0.5106211347136327,0.6338451268357811
0.5106211347136327,0.6340567612687813
0.5103522452272116,0.633934535738143
0.5103522452272116,0.6341463414634146
0.5098144662543694,0.633901705115346
0.5095455767679484,0.6337792642140468
0.5092766872815273,0.6336567413850787
0.5092766872815273,0.6338688085676037
0.5092766872815273,0.6340810177435554
0.5090077977951062,0.6339584728734092
0.5087389083086852,0.6338358458961474
0.5082011293358429,0.6335903452899765
0.5079322398494219,0.6334674714956405
0.5076633503630008,0.6333445152633345
0.5073944608765797,0.6332214765100671
0.5073944608765797,0.6334340382678751
0.5073944608765797,0.6336467427803896
0.5073944608765797,0.6338595901914679
0.5071255713901587,0.633736559139785
0.5071255713901587,0.6339495798319328
0.5068566819037376,0.6338264963012777
0.5065877924173164,0.6337033299697276
0.5060500134444743,0.6334567485695052
0.5060500134444743,0.6336700336700337
0.5060500134444743,0.6338834624452677
0.5060500134444743,0.6340970350404312
0.5057811239580532,0.6339737108190091
0.5057811239580532,0.6346153846153846
0.5055122344716322,0.6344920688491393
0.5055122344716322,0.6347062795408508
0.5052433449852111,0.6345829111786558
0.5052433449852111,0.6347972972972973
0.5049744554987899,0.6346738763095641
0.5047055660123689,0.6345503718728871
0.5044366765259478,0.634426783902604
0.5044366765259478,0.6352861496782932
0.5044366765259478,0.6355013550135501
0.5044366765259478,0.6357167062012877
0.5044366765259478,0.6359322033898305
0.5044366765259478,0.6361478467277043
0.5044366765259478,0.6363636363636364
0.5041677870395268,0.6362402443162538
0.5038988975531057,0.6361167684996606
0.5038988975531057,0.6363327674023769
0.5036300080666846,0.6362092391304348
0.5033611185802636,0.636085626911315
0.5033611185802636,0.6363018354860639
0.5030922290938424,0.6361781706902414
0.5030922290938424,0.6363945578231293
0.5028233396074213,0.6362708404219122
0.5028233396074213,0.6364874063989108
0.5028233396074213,0.6367041198501873
0.5025544501210003,0.6365803814713896
0.5022855606345792,0.6364565587734242
0.5022855606345792,0.6366734832992502
0.5020166711481581,0.6365496079099898
0.5017477816617371,0.6364256480218281
0.5017477816617371,0.6366427840327533
0.5012100026888948,0.6363946739501536
0.5009411132024738,0.6362704918032787
0.5009411132024738,0.6364878715408268
0.5006722237160527,0.6363636363636364
0.5006722237160527,0.6365811965811966
0.5006722237160527,0.6370167635990421
0.5004033342296316,0.6368925393566051
0.5004033342296316,0.6371105785689832
0.5004033342296316,0.6373287671232877
0.5004033342296316,0.6375471051730045
0.5004033342296316,0.63776559287183
0.5001344447432106,0.6376414124100103
0.5001344447432106,0.6378600823045267
0.5001344447432106,0.6380789022298456
0.5001344447432106,0.6382978723404256
0.5001344447432106,0.6385169927909372
0.49986555525678944,0.6383928571428571
0.4995966657703684,0.6382686362074889
0.4993277762839473,0.6381443298969072
0.4993277762839473,0.6383636988655895
0.4990588867975262,0.6382393397524071
0.4990588867975262,0.6384588923288613
0.4990588867975262,0.6386785960082588
0.4987899973111051,0.6385542168674698
0.4987899973111051,0.6387741046831956
0.498252218338263,0.6385251550654721
0.498252218338263,0.6387452602550845
0.4979833288518419,0.6386206896551724
0.4979833288518419,0.6388409796481546
0.4979833288518419,0.6390614216701174
0.4979833288518419,0.639282015878495
0.4979833288518419,0.6395027624309392
0.4979833288518419,0.6397236614853196
0.4979833288518419,0.6399447131997236
0.4977144393654208,0.6398202557898376
0.49744554987899975,0.6396957123098201
0.49744554987899975,0.6399169837426496
0.49717666039257863,0.6397923875432526
0.49717666039257863,0.6400138456213222
0.49690777090615756,0.6398891966759003
0.49690777090615756,0.6403326403326404
0.4966388814197365,0.640207972270364
0.4963699919333154,0.6400832177531207
0.4963699919333154,0.6403052375997225
0.4961011024468943,0.6401804302567662
0.4961011024468943,0.6404026379729261
0.4961011024468943,0.640625
0.4961011024468943,0.6408475164987844
0.4961011024468943,0.6410701876302988
0.4961011024468943,0.6412930135557873
0.4961011024468943,0.6415159944367177
0.4961011024468943,0.6417391304347826
0.4961011024468943,0.6419624217118998
0.49583221296047325,0.641837800208841
0.49583221296047325,0.6420612813370473
0.4955633234740522,0.6419366074538488
0.49529443398763107,0.6418118466898954
0.49529443398763107,0.6420355524573021
0.49529443398763107,0.6422594142259415
0.49529443398763107,0.6424834321590512
0.49529443398763107,0.6427076064200977
0.49529443398763107,0.6429319371727749
0.49502554450121,0.6428072625698324
0.49475665501478894,0.6426825008732099
0.4944877655283678,0.6427822439706397
0.4944877655283678,0.643006993006993
0.4944877655283678,0.6436821841092054
0.4944877655283678,0.6439075630252101
0.4944877655283678,0.6441330998248687
0.49421887604194675,0.6440084092501752
0.49421887604194675,0.6444600280504909
0.49421887604194675,0.6449122807017544
0.4939499865555257,0.6447876447876448
0.4936810970691046,0.6446629213483146
0.4934122075826835,0.644538110291535
0.49314331809626244,0.6444132115249473
0.49314331809626244,0.6446397188049209
0.4928744286098414,0.6445147679324894
0.4928744286098414,0.6447414702778755
0.49260553912342026,0.6446164672765659
0.49260553912342026,0.6448433650123196
0.49260553912342026,0.6450704225352113
0.4923366496369992,0.644945403311025
0.4920677601505781,0.6448202959830867
0.4920677601505781,0.6450475854776172
0.491798870664157,0.6449224259520452
0.491798870664157,0.6453775582215949
0.49152998117773594,0.645252382633251
0.4912610916913149,0.6451271186440678
0.4909922022048938,0.6450017661603673
0.4907233127184727,0.6448763250883393
0.4907233127184727,0.6451042771297278
0.4907233127184727,0.6453323903818954
0.4907233127184727,0.6455606650159179
0.49045442323205163,0.6454352441613588
0.49045442323205163,0.6456637168141592
0.49018553374563056,0.6455382436260623
0.48991664425920944,0.6454126815444563
0.48991664425920944,0.6456413890857547
0.48991664425920944,0.6458702587734846
0.4896477547727884,0.6457446808510638
0.4893788652863673,0.6456190138346931
0.4893788652863673,0.6463068181818182
0.4891099757999462,0.646410803127221
0.4891099757999462,0.6466405972271596
0.48884108631352513,0.6465149359886202
0.48884108631352513,0.6467449306296692
0.48857219682710407,0.6466192170818506
0.48857219682710407,0.6468494126023496
0.488303307340683,0.6467236467236467
0.4880344178542619,0.6465977912361952
0.4880344178542619,0.6468282252316465
0.4880344178542619,0.6470588235294118
0.4877655283678408,0.6469329529243937
0.4877655283678408,0.6471637531216554
0.4877655283678408,0.6473947180585297
0.4877655283678408,0.6476258479114602
0.48749663888141975,0.6475
0.48749663888141975,0.6477313326187925
0.48749663888141975,0.647962830593281
0.48722774939499863,0.6478369681801931
0.48722774939499863,0.648068669527897
0.48722774939499863,0.6483005366726297
0.48722774939499863,0.6485325697924124
0.48722774939499863,0.6487647690655209
0.4866899704221565,0.6485130777499104
0.48642108093573544,0.6483870967741936
0.48642108093573544,0.6486195769092865
0.48642108093573544,0.6488522238163558
0.4861521914493143,0.6487262289199857
0.48588330196289325,0.6486001435750179
0.48588330196289325,0.6488330341113105
0.4856144124764722,0.6487068965517241
0.4856144124764722,0.6489399928135106
0.4856144124764722,0.6491732566498921
0.4856144124764722,0.6494066882416397
0.48507663350363,0.6491543720762865
0.48507663350363,0.6493880489560835
0.48480774401720894,0.6492617933021246
0.4845388545307878,0.649135446685879
0.48426996504436676,0.649009009009009
0.48426996504436676,0.6492429704397982
0.48426996504436676,0.6494771006130544
0.4840010755579457,0.6493506493506493
0.48373218607152463,0.6492241068206424
0.48319440709868244,0.6489707475622969
0.48319440709868244,0.6492052023121387
0.48319440709868244,0.6494398265269244
0.48265662812584026,0.6491862567811935
0.48265662812584026,0.6494211287988423
0.48265662812584026,0.6496561708288092
0.48265662812584026,0.6498913830557567
0.4823877386394192,0.6497645780514306
0.48211884915299813,0.6496376811594203
0.48211884915299813,0.649873142442914
0.481849959666577,0.649746192893401
0.481849959666577,0.6499818643453029
0.481849959666577,0.6502177068214804
0.48158107018015595,0.6500907441016334
0.4813121806937349,0.6499636891793754
0.4813121806937349,0.650199782055939
0.4810432912073138,0.6500726744186046
0.4810432912073138,0.6503089785532533
0.4810432912073138,0.6505454545454545
0.4810432912073138,0.6507821025827574
0.48050551223447163,0.6505278485620677
0.48050551223447163,0.6507647487254188
0.48023662274805057,0.6506375227686703
0.47996773326162945,0.6505102040816326
0.47996773326162945,0.6507473569084944
0.4796988437752084,0.650619985412108
0.4796988437752084,0.6508573513316308
0.4794299542887873,0.6507299270072993
0.4794299542887873,0.6509675063891931
0.47916106480236625,0.6508400292184076
0.47889217531594513,0.6507124588966021
0.47862328582952407,0.6505847953216374
0.47862328582952407,0.6508226691042047
0.478354396343103,0.6506949524506218
0.478354396343103,0.6509330406147091
0.4780855068566819,0.650805270863836
0.4778166173702608,0.6506774075430245
0.4778166173702608,0.6509157509157509
0.4778166173702608,0.6513929618768328
0.4778166173702608,0.6516318298496516
0.47754772788383976,0.6515040352164343
0.47727883839741864,0.6513761467889908
0.47727883839741864,0.6516152716593245
0.47727883839741864,0.6518545721630554
0.47700994891099757,0.6517266715650257
0.4767410594245765,0.6515986769570011
0.4767410594245765,0.6518382352941177
0.4767410594245765,0.6520779698418536
0.47647216993815544,0.6519499632082414
0.4762032804517343,0.6518218623481782
0.47593439096531326,0.6516936671575847
0.47593439096531326,0.6519337016574586
0.47593439096531326,0.6521739130434783
0.47593439096531326,0.6524143015112421
0.47593439096531326,0.6526548672566371
0.47593439096531326,0.6528956104758392
0.47593439096531326,0.6531365313653137
0.4756655014788922,0.6530084902177925
0.4756655014788922,0.6532496307237814
0.4756655014788922,0.6534909493904691
0.4753966119924711,0.6533628972653363
0.47512772250605,0.6532347504621072
0.47485883301962895,0.6531065088757396
0.47485883301962895,0.6533481317055124
0.47485883301962895,0.6535899333826795
0.47485883301962895,0.6538319141058867
0.47485883301962895,0.654074074074074
0.4745899435332078,0.6539459058910708
0.47432105404678676,0.653817642698295
0.4740521645603657,0.653689284390063
0.47378327507394463,0.6535608308605341
0.4735143855875235,0.6534322820037106
0.4735143855875235,0.6536748329621381
0.47324549610110245,0.6535462309691794
0.4729766066146814,0.6534175334323923
0.4729766066146814,0.6536603493125233
0.47270771712826026,0.6535315985130111
0.4724388276418392,0.6534027519523986
0.47216993815541813,0.6532738095238095
0.47216993815541813,0.653516933382955
0.47216993815541813,0.6537602382725242
0.47190104866899707,0.6536312849162011
0.47163215918257595,0.6535022354694486
0.47163215918257595,0.6537458069325383
0.47163215918257595,0.6539895600298284
0.4713632696961549,0.6538604998135025
0.4710943802097338,0.6537313432835821
0.4708254907233127,0.6536020903322135
0.47055660123689164,0.6534727408513816
0.47055660123689164,0.653716847217034
0.47055660123689164,0.6539611360239163
0.47055660123689164,0.6542056074766355
0.47055660123689164,0.6544502617801047
0.47055660123689164,0.6546950991395436
0.4694810432912073,0.6541775946047209
0.4694810432912073,0.6544227886056971
0.46921215380478626,0.6542932133483315
0.46921215380478626,0.6545386346586647
0.46921215380478626,0.6547842401500938
0.468405485345523,0.6543951915852743
0.4681365958591019,0.6542653137918076
0.4678677063726808,0.6541353383458647
0.46759881688625976,0.6540052651372696
0.46759881688625976,0.6542513167795335
0.46759881688625976,0.6544975536319156
0.46759881688625976,0.6547439759036144
0.46759881688625976,0.6549905838041431
0.46759881688625976,0.6552373775433308
0.46759881688625976,0.655484357331323
0.46732992739983864,0.6553544494720965
0.46732992739983864,0.6556016597510373
0.4667921484269965,0.6553416383540959
0.4667921484269965,0.6555891238670695
0.4667921484269965,0.6558367963732528
0.46652325894057545,0.6557067271352985
0.46652325894057545,0.6559546313799622
0.4662543694541543,0.6558245083207261
0.4662543694541543,0.656072644721907
0.4662543694541543,0.6563209689629069
0.4662543694541543,0.6565694812570996
0.46598547996773326,0.656439393939394
0.46598547996773326,0.6566881394467602
0.4657165904813122,0.6565579984836998
0.4654477009948911,0.6564277588168373
0.4654477009948911,0.6566767830045523
0.46517881150847,0.6565464895635673
0.46490992202204895,0.6564160971905847
0.46464103253562783,0.6562856057728826
0.46437214304920676,0.6561550151975684
0.4641032535627857,0.6560243253515774
0.4641032535627857,0.6562737642585551
0.46383436407636464,0.6561430201597566
0.46383436407636464,0.656392694063927
0.4635654745899435,0.6562618956985155
0.46329658510352245,0.6561309977151562
0.46329658510352245,0.6563809523809524
0.4630276956171014,0.65625
0.4630276956171014,0.6565001906214258
0.46275880613068027,0.6563691838291381
0.4624899166442592,0.6562380770698206
0.4624899166442592,0.6564885496183206
0.46222102715783814,0.6563573883161512
0.4619521376714171,0.6562261268143621
0.4619521376714171,0.6564768819258693
0.46168324818499595,0.6563455657492355
0.4614143586985749,0.6562141491395793
0.4611454692121538,0.6560826319816373
0.4611454692121538,0.6563337160352086
0.4611454692121538,0.6565849923430321
0.4611454692121538,0.6568364611260054
0.4611454692121538,0.657088122605364
0.4608765797257327,0.6569566883863549
0.45926324280720626,0.6561659623511333
0.45899435332078514,0.6560338201383551
0.4587254638343641,0.6559015763168012
0.458456574347943,0.6557692307692308
0.4581876848615219,0.6556367833782224
0.45791879537510083,0.655504234026174
0.45764990588867976,0.6553715825953023
0.45738101640225864,0.6552388289676425
0.4571121269158376,0.6551059730250481
0.4571121269158376,0.6553585196607556
0.4571121269158376,0.6556112610875434
0.4571121269158376,0.6558641975308642
0.4568432374294165,0.6557313778463914
0.45657434794299545,0.6555984555984556
0.45630545845657433,0.6554654306682116
0.45630545845657433,0.6557187017001546
0.45603656897015327,0.655585620409741
0.4557676794837322,0.6554524361948956
0.4557676794837322,0.655705996131528
0.4554987899973111,0.6555727554179567
0.4554987899973111,0.6558265582655827
0.45522990051089,0.6556932610379551
0.45522990051089,0.6559473072452537
0.45522990051089,0.6562015503875969
0.45522990051089,0.6564559906940675
0.45496101102446895,0.656322730799069
0.45496101102446895,0.6565774155995343
0.45496101102446895,0.656832298136646
0.45496101102446895,0.6570873786407767
0.45496101102446895,0.6573426573426573
0.4546921215380479,0.657209483093665
0.45442323205162677,0.6570762052877138
0.4541543425652057,0.6569428238039673
0.45388545307878464,0.6568093385214008
0.45388545307878464,0.6570650058388477
0.45388545307878464,0.6573208722741433
0.4536165635923635,0.6571873782625633
0.4536165635923635,0.6576998050682261
0.4536165635923635,0.6579563182527302
0.4536165635923635,0.6582130316035896
0.4536165635923635,0.6584699453551912
0.4536165635923635,0.6587270597422882
0.45334767410594246,0.65859375
0.45334767410594246,0.6588511137162955
0.4530787846195214,0.6587177482408131
0.4530787846195214,0.6589753617520532
0.45280989513310027,0.6588419405320813
0.4525410056466792,0.6587084148727984
0.45227211616025814,0.658574784651527
0.4520032266738371,0.6584410497453975
0.4520032266738371,0.6586990595611285
0.45173433718741596,0.6585652685221481
0.45173433718741596,0.6588235294117647
0.45173433718741596,0.6593406593406593
0.4514654477009949,0.6592069100903023
0.4514654477009949,0.6594658287509819
0.4514654477009949,0.6597249508840864
0.4514654477009949,0.6599842767295597
0.4514654477009949,0.6602438065277232
0.4514654477009949,0.6605035405192762
0.4514654477009949,0.6607634789452971
0.4514654477009949,0.6610236220472441
0.45119655821457383,0.6608901142181961
0.4509276687281527,0.6607565011820331
0.4509276687281527,0.6610169491525424
0.4509276687281527,0.6612776025236593
0.45065877924173164,0.6611439842209073
0.45065877924173164,0.6614048934490924
0.45012100026888946,0.6611374407582938
0.4498521107824684,0.6610035559067562
0.4498521107824684,0.6612648221343873
0.4498521107824684,0.6615262949782523
0.44958322129604733,0.6613924050632911
0.44958322129604733,0.6616541353383458
0.44958322129604733,0.6619160728424386
0.44958322129604733,0.6621782178217822
0.44931433180962627,0.6620443740095087
0.44904544232320515,0.6619104240982957
0.4487765528367841,0.661776367961935
0.448507663350363,0.6616422054740182
0.448507663350363,0.6619047619047619
0.4482387738639419,0.6617705438666137
0.44796988437752083,0.6616362192216044
0.44796988437752083,0.6618990862137465
0.44796988437752083,0.6621621621621622
0.44796988437752083,0.6624254473161034
0.44796988437752083,0.6626889419252188
0.44796988437752083,0.6629526462395543
0.44796988437752083,0.6632165605095541
0.44796988437752083,0.6634806849860613
0.44770099489109977,0.6633466135458167
0.44770099489109977,0.6636110003985651
0.4474321054046787,0.6634768740031898
0.4474321054046787,0.6637415237335461
0.4468943264318365,0.6634730538922156
0.4468943264318365,0.6637380191693291
0.44662543694541545,0.6636036755892929
0.44662543694541545,0.6641343462614954
0.44635654745899433,0.664
0.44635654745899433,0.664265706282513
0.44635654745899433,0.6645316253002402
0.44635654745899433,0.6647977573087706
0.44608765797257327,0.6646634615384616
0.44608765797257327,0.6649298597194389
0.44608765797257327,0.665196471531676
0.44608765797257327,0.6654632972322503
0.4458187684861522,0.6653290529695024
0.4458187684861522,0.6655961461260538
0.4455498789997311,0.6654618473895583
0.44528098951331,0.6653274407392528
0.44501210002688896,0.6651929260450161
0.44501210002688896,0.6654603940490551
0.4447432105404679,0.66532582461786
0.44393654208120464,0.6649214659685864
0.4436676525947835,0.6647864625302176
0.44339876310836246,0.6646513502619912
0.4431298736219414,0.6645161290322581
0.4428609841355203,0.6643807987091569
0.4425920946490992,0.6642453591606134
0.4425920946490992,0.6645135244247073
0.44232320516267815,0.6643780290791599
0.44232320516267815,0.6646464646464646
0.4420543156762571,0.6645109135004043
0.4420543156762571,0.6647796198948646
0.4420543156762571,0.6650485436893204
0.44178542618983596,0.6649129906920275
0.4415165367034149,0.6647773279352227
0.44124764721699383,0.6646415552855407
0.4409787577305727,0.6645056726094003
0.44070986824415165,0.6643696797730037
0.44070986824415165,0.6646390916463909
0.44070986824415165,0.6649087221095334
0.4404409787577306,0.6647727272727273
0.4404409787577306,0.6650426309378806
0.4404409787577306,0.6653127538586515
0.4404409787577306,0.6655830963023162
0.4401720892713095,0.6654471544715447
0.4401720892713095,0.6657177714518097
0.43963431029846733,0.6654456654456654
0.43936542081204627,0.6653094462540716
0.43936542081204627,0.6655804480651731
0.43909653132562515,0.6654441727791361
0.43909653132562515,0.6657154504688138
0.4388276418392041,0.6655791190864601
0.438558752352783,0.6654426764585883
0.4382898628663619,0.6653061224489796
0.43802097337994084,0.6651694569211923
0.43775208389351977,0.6650326797385621
0.43775208389351977,0.6653044544340008
0.43775208389351977,0.6655764513491415
0.43775208389351977,0.6658486707566462
0.43775208389351977,0.6661211129296236
0.4374831944070987,0.6659844453540729
0.4374831944070987,0.6662571662571662
0.4372143049206776,0.6661204424416223
0.4369454154342565,0.6659836065573771
0.4369454154342565,0.6665299425758818
0.4369454154342565,0.6668034468608945
0.43667652594783546,0.6666666666666666
0.4361387469749933,0.666392769104355
0.4361387469749933,0.6669407894736842
0.4358698574885722,0.6668037844508433
0.4356009680021511,0.6666666666666666
0.4356009680021511,0.6669411280362288
0.43533207851573,0.6668039538714992
0.43533207851573,0.6670786979810466
0.43533207851573,0.667353668590272
0.43533207851573,0.6676288659793814
0.43533207851573,0.6679042904290429
0.43533207851573,0.6681799422203879
0.43533207851573,0.6684558216350124
0.43506318902930896,0.6683188764973151
0.43506318902930896,0.6685950413223141
0.43506318902930896,0.6688714344770567
0.43506318902930896,0.6691480562448304
0.43506318902930896,0.6697019867549668
0.4345254100564668,0.6694283347141674
0.4345254100564668,0.6697057604641525
0.4342565205700457,0.6695688225538972
0.4342565205700457,0.6698465367067606
0.43398763108362465,0.6697095435684647
0.43398763108362465,0.6699875466998755
0.4337187415972035,0.6698504983388704
0.4337187415972035,0.6701287910261736
0.4337187415972035,0.670407315045719
0.4337187415972035,0.6706860706860707
0.4337187415972035,0.6709650582362728
0.4337187415972035,0.6712442779858511
0.43344985211078246,0.6711074104912573
0.4331809626243614,0.6709704289879217
0.43291207313794033,0.6708333333333333
0.43291207313794033,0.6711129637348895
0.43291207313794033,0.6713928273561302
0.43291207313794033,0.6716729244889446
0.4326431836515192,0.6715358931552587
0.4326431836515192,0.6718162839248434
0.43237429416509815,0.6716791979949874
0.4321054046786771,0.671541997492687
0.4321054046786771,0.6718227424749164
0.43183651519225597,0.671685487243831
0.4315676257058349,0.6715481171548117
0.43129873621941384,0.671410632063625
0.4310298467329927,0.6712730318257957
0.4310298467329927,0.6715542521994134
0.4310298467329927,0.6718357082984073
0.4310298467329927,0.6721174004192872
0.43076095724657165,0.6719798657718121
0.43076095724657165,0.6722618548048678
0.4304920677601506,0.6721242653232578
0.4302231782737295,0.6719865602687947
0.4299542887873084,0.6718487394957983
0.4299542887873084,0.6721311475409836
0.42968539930088734,0.6719932716568545
0.4294165098144663,0.671855279764409
0.4294165098144663,0.6721380471380471
0.42914762032804515,0.672
0.4288787308416241,0.6718618365627632
0.428609841355203,0.6717235566793089
0.428609841355203,0.6720067453625632
0.428609841355203,0.6722901729228173
0.4283409518687819,0.6721518987341772
0.42807206238236084,0.6720135078092022
0.4278031728959398,0.671875
0.4278031728959398,0.6721588508660752
0.4275342834095187,0.6720202874049028
0.4275342834095187,0.6723044397463002
0.4275342834095187,0.6725888324873096
0.4275342834095187,0.6728734659331358
0.4275342834095187,0.6731583403895004
0.4272653939230976,0.6730199068191445
0.4272653939230976,0.6733050847457627
0.4272653939230976,0.6735905044510386
0.4269965044366765,0.6734520780322307
0.42672761495025546,0.6733135341535851
0.42672761495025546,0.6735993208828522
0.42645872546383434,0.6734607218683651
0.42645872546383434,0.6740331491712708
0.4261898359774133,0.6738945578231292
0.4259209464909922,0.6737558485750744
0.4259209464909922,0.6740425531914893
0.4259209464909922,0.6743295019157088
0.4259209464909922,0.6746166950596252
0.4259209464909922,0.6749041329356625
0.4259209464909922,0.6751918158567775
0.4259209464909922,0.6754797441364605
0.4256520570045711,0.6753412969283277
0.4256520570045711,0.6756295347844644
0.4256520570045711,0.6759180187873612
0.4256520570045711,0.6762067492524562
0.42538316751815003,0.6760683760683761
0.42511427803172896,0.6759298845660539
0.4248453885453079,0.6757912745936698
0.4245764990588868,0.6756525459991441
0.4245764990588868,0.6759417808219178
0.4245764990588868,0.6762312633832976
0.42403872008604465,0.6759537076725246
0.42376983059962353,0.6758147512864494
0.42376983059962353,0.6763948497854078
0.42376983059962353,0.6766852726492056
0.42350094111320247,0.6765463917525774
0.42350094111320247,0.6768371293510959
0.4232320516267814,0.6766981943250215
0.42296316214036034,0.6765591397849462
0.4226942726539392,0.6764199655765921
0.4226942726539392,0.6767111493758071
0.4226942726539392,0.6770025839793282
0.42242538316751815,0.6768634209392503
0.4221564936810971,0.6767241379310345
0.4221564936810971,0.6770159551530832
0.4221564936810971,0.6773080241587576
0.42188760419467597,0.6771687526974536
0.42188760419467597,0.677461139896373
0.4216187147082549,0.6773218142548596
0.42134982522183384,0.6771823681936041
0.42134982522183384,0.67747514051016
0.42134982522183384,0.6777681660899654
0.42134982522183384,0.6780614452617915
0.42134982522183384,0.6783549783549784
0.42134982522183384,0.678648765699437
0.42134982522183384,0.67894280762565
0.42134982522183384,0.6792371044646728
0.42081204624899166,0.6789587852494577
0.4205431567625706,0.6788194444444444
0.4202742672761495,0.6786799826313504
0.4200053777897284,0.6785403996524761
0.4200053777897284,0.6788352890047805
0.41973648830330734,0.678695652173913
0.4194675988168863,0.6785558938668986
0.41919870933046516,0.6784160139251523
0.4189298198440441,0.6782760121898128
0.4189298198440441,0.6785714285714286
0.41866093035762303,0.6784313725490196
0.41866093035762303,0.6787271142109852
0.41866093035762303,0.6790231138246838
0.4183920408712019,0.6788830715532286
0.4183920408712019,0.6791793976429507
0.41812315138478084,0.6790393013100436
0.41812315138478084,0.6793359545653124
0.41812315138478084,0.6796328671328671
0.4178542618983598,0.6794927853082641
0.4178542618983598,0.6797900262467191
0.4178542618983598,0.6800875273522976
0.4178542618983598,0.680385288966725
0.4178542618983598,0.6806833114323259
0.4178542618983598,0.6809815950920245
0.4178542618983598,0.6812801402893468
0.4175853724119387,0.6811403508771929
0.4175853724119387,0.6814392277314612
0.4173164829255176,0.6812993854258121
0.4173164829255176,0.681598594642073
0.41704759343909653,0.6814586994727593
0.41704759343909653,0.6817582417582417
0.41677870395267547,0.6816182937554969
0.41650981446625435,0.6814782226132864
0.41650981446625435,0.6817781690140845
0.4162409249798333,0.6816380449141347
0.4162409249798333,0.6819383259911894
0.4162409249798333,0.6822388717496695
0.4162409249798333,0.6825396825396826
0.4162409249798333,0.6828407587119542
0.41570314600699115,0.682560706401766
0.4148964775477279,0.6821396993810787
0.4146275880613068,0.681999115435648
0.4143586985748857,0.6818584070796461
0.4143586985748857,0.6821602478972997
0.41408980908846466,0.6820194862710364
0.41408980908846466,0.6823216659282233
0.41408980908846466,0.6826241134751773
0.41355203011562247,0.6823425022182786
0.41355203011562247,0.6826453617399023
0.4132831406292014,0.6825044404973357
0.4132831406292014,0.682807641048423
0.4132831406292014,0.6831111111111111
0.4132831406292014,0.6834148510449088
0.4132831406292014,0.6843276936776491
0.4132831406292014,0.6846325167037862
0.41301425114278034,0.6844919786096256
0.41301425114278034,0.6847971466785555
0.41301425114278034,0.6851025869759143
0.4127453616563592,0.6849620705042392
0.4127453616563592,0.6852678571428571
0.41247647216993816,0.6851272889682894
0.4122075826835171,0.6849865951742627
0.4122075826835171,0.6852928028609745
0.4105942457649906,0.6844464365755266
0.4105942457649906,0.6850605652759085
0.4105942457649906,0.6853680430879713
0.4105942457649906,0.6856757970363718
0.4105942457649906,0.6859838274932615
0.41032535627856953,0.6858426966292135
0.41032535627856953,0.6861510791366906
0.41032535627856953,0.6864597390913181
0.41032535627856953,0.6867686768676867
0.41032535627856953,0.6870778928410626
0.4100564667921484,0.6869369369369369
0.40978757730572735,0.686795853988283
0.4095186878193063,0.6866546438232642
0.40924979833288516,0.6865133062697338
0.40924979833288516,0.6868231046931408
0.4089809088464641,0.6866817155756207
0.40871201936004303,0.6865401987353207
0.40871201936004303,0.6868504292815183
0.40844312987362197,0.6867088607594937
0.40844312987362197,0.687019448213478
0.40817424038720085,0.6868778280542986
0.40817424038720085,0.6878115088355233
0.40817424038720085,0.6881233000906618
0.40817424038720085,0.6884353741496598
0.4079053509007798,0.6882940108892922
0.4076364614143587,0.6881525192918747
0.4073675719279376,0.6880108991825613
0.4073675719279376,0.688323489323035
0.4073675719279376,0.6886363636363636
0.4073675719279376,0.6889495225102319
0.4073675719279376,0.6892629663330301
0.40709868244151654,0.6891215293582158
0.40709868244151654,0.689749430523918
0.40709868244151654,0.6900638103919782
0.40709868244151654,0.6903784769721842
0.40709868244151654,0.6906934306569343
0.40682979295509547,0.6905522592423551
0.40682979295509547,0.6908675799086758
0.40682979295509547,0.6911831886706259
0.40682979295509547,0.6914990859232175
0.40656090346867435,0.691358024691358
0.40656090346867435,0.6919908466819222
0.40656090346867435,0.6923076923076923
0.40656090346867435,0.6926248282180486
0.40656090346867435,0.692942254812099
0.40656090346867435,0.6932599724896836
0.4062920139822533,0.6931192660550459
0.4062920139822533,0.6934373565855897
0.4062920139822533,0.6937557392102847
0.4062920139822533,0.6940744143316491
0.4062920139822533,0.6943933823529411
0.4062920139822533,0.6947126436781609
0.4062920139822533,0.6950321987120515
0.40575423500941116,0.6947513812154696
0.405216456036569,0.6944700460829493
0.4049475665501479,0.69432918395574
0.4049475665501479,0.6946494464944649
0.4049475665501479,0.6949700046146746
0.4049475665501479,0.6952908587257618
0.4049475665501479,0.6956120092378753
0.4046786770637268,0.6954713493530499
0.4044097875773057,0.6953305594082293
0.40414089809088466,0.6951896392229417
0.40387200860446354,0.6950485886163813
0.40387200860446354,0.6953703703703704
0.4036031191180425,0.6952292728114868
0.4033342296316214,0.6950880444856349
0.4033342296316214,0.6954102920723226
0.4033342296316214,0.6957328385899815
0.4027964506587792,0.6954503249767874
0.4027964506587792,0.6957733395262424
0.4027964506587792,0.696420269642027
0.40252756117235816,0.6962790697674418
0.40252756117235816,0.696603071195905
0.40252756117235816,0.696927374301676
0.40252756117235816,0.6972519795062878
0.4022586716859371,0.6971109040074557
0.401989782199516,0.696969696969697
0.4017208927130949,0.6968283582089553
0.40145200322667385,0.6966868875408306
0.4011831137402528,0.6965452847805789
0.40091422425383166,0.6964035497431107
0.40091422425383166,0.6967289719626168
0.4006453347674106,0.6965871902758298
0.40037644528098953,0.69644527595884
0.4001075557945684,0.6963032288254563
0.39983866630814735,0.6961610486891385
0.3995697768217263,0.6960187353629976
0.3995697768217263,0.6963448922211809
0.39930088733530517,0.6962025316455697
0.3990319978488841,0.6960600375234521
0.39876310836246304,0.6959174096668231
0.39876310836246304,0.6962441314553991
0.39822532938962085,0.6959586466165414
0.39822532938962085,0.6962858486130701
0.3979564399031998,0.6961429915333961
0.3976875504167787,0.696
0.3974186609303576,0.6958568738229756
0.39714977144393654,0.6957136128120585
0.39661199247109435,0.6954266855256954
0.3963431029846733,0.6952830188679245
0.3963431029846733,0.6956111373289288
0.395267545038989,0.6950354609929078
0.3949986555525679,0.6948912015137181
0.3947297660661468,0.6947468054898249
0.3947297660661468,0.6950757575757576
0.3944608765797257,0.6949313121743249
0.39419198709330466,0.6947867298578199
0.39419198709330466,0.6951161688003793
0.39419198709330466,0.6954459203036053
0.39392309760688354,0.6953013763644993
0.3936542081204625,0.6951566951566952
0.3936542081204625,0.6954869358669834
0.3933853186340414,0.6953422053231939
0.39311642914762035,0.6951973371374227
0.39284753966119923,0.6950523311132255
0.39257865017477817,0.694907187053784
0.39257865017477817,0.6952380952380952
0.39257865017477817,0.6955693187232015
0.3923097606883571,0.6954242135367016
0.3923097606883571,0.6957558416785885
0.3923097606883571,0.6960877862595419
0.392040871201936,0.6959427207637231
0.3917719817155149,0.6957975167144221
0.3917719817155149,0.6961299569995222
0.39150309222909385,0.6959847036328872
0.3912342027426728,0.6958393113342898
0.3912342027426728,0.6961722488038278
0.39096531325625167,0.6960268070847295
0.39096531325625167,0.696360153256705
0.3906964237698306,0.6962146621945376
0.39042753428340954,0.6960690316395014
0.39042753428340954,0.6964028776978417
0.3901586447969884,0.696257197696737
0.38988975531056735,0.6961113778204513
0.38935197633772517,0.695819317635752
0.3890830868513041,0.6956730769230769
0.38881419736488304,0.6958614051973051
0.388545307878462,0.6957149735194993
0.38827641839204086,0.6955684007707129
0.3880075289056198,0.6954216867469879
0.3877386394191987,0.695274831243973
0.3877386394191987,0.6956102267245537
0.3874697499327776,0.6954633204633205
0.38720086044635654,0.6953162723322066
0.38720086044635654,0.6956521739130435
0.3869319709599355,0.6955050749154181
0.38666308147351436,0.695357833655706
0.38612530250067223,0.6950629235237173
0.38612530250067223,0.6953995157384988
0.38558752352783005,0.6951042171594765
0.38558752352783005,0.6954413191076625
0.38558752352783005,0.6957787481804949
0.38558752352783005,0.6961165048543689
0.38558752352783005,0.6964545896066051
0.385318634041409,0.6963070942662779
0.385318634041409,0.6966456003889159
0.385318634041409,0.6969844357976653
0.385318634041409,0.697323600973236
0.385318634041409,0.6976630963972736
0.3850497445549879,0.697515830491963
0.3847808550685668,0.6973684210526315
0.38451196558214573,0.697220867869332
0.38451196558214573,0.697560975609756
0.38424307609572467,0.6974133723767691
0.38424307609572467,0.69775390625
0.3839741866093036,0.6976062530532486
0.3839741866093036,0.6979472140762464
0.3839741866093036,0.6982885085574572
0.3839741866093036,0.6986301369863014
0.3839741866093036,0.6989720998531571
0.3837052971228825,0.698824681684623
0.3834364076364614,0.6986771190592846
0.38316751815004035,0.6985294117647058
0.38316751815004035,0.6988719960765081
0.38289862866361923,0.6987242394504416
0.38289862866361923,0.6990672557682867
0.38262973917719817,0.6989194499017681
0.382091960204356,0.6986234021632252
0.382091960204356,0.6989670437776685
0.3818230707179349,0.6988188976377953
0.38155418123151386,0.6986706056129985
0.3812852917450928,0.6985221674876847
0.3812852917450928,0.6988664366683095
0.3807475127722506,0.6985693142575234
0.38047862328582954,0.6984205330700889
0.38047862328582954,0.6987654320987654
0.3802097337994084,0.6986166007905138
0.37994084431298736,0.6984676223430548
0.3796719548265663,0.6983184965380811
0.3796719548265663,0.6986640277090549
0.3796719548265663,0.699009900990099
0.3796719548265663,0.6993561168895492
0.3796719548265663,0.6997026759167493
0.3794030653401452,0.6995537927615271
0.3791341758537241,0.6994047619047619
0.37886528636730304,0.6992555831265509
0.378596396880882,0.6991062562065541
0.378596396880882,0.6994535519125683
0.37832750739446086,0.6993041749502982
0.3780586179080398,0.6991546494281452
0.37778972842161873,0.6990049751243781
0.37778972842161873,0.6993529118964659
0.3775208389351976,0.6992031872509961
0.37725194944877655,0.6990533134030892
0.3769830599623555,0.6989032901296112
0.3769830599623555,0.6992518703241896
0.3767141704759344,0.6991017964071856
0.3764452809895133,0.6989515726410385
0.3764452809895133,0.6993006993006993
0.37590750201667117,0.699
0.37590750201667117,0.6993496748374187
0.37563861253025005,0.6991991991991992
0.37563861253025005,0.699549323985979
0.37563861253025005,0.700250626566416
0.375369723043829,0.7001003009027081
0.3751008335574079,0.6999498243853487
0.3751008335574079,0.7003012048192772
0.3748319440709868,0.7001506780512305
0.3748319440709868,0.700502512562814
0.3748319440709868,0.7008547008547008
0.3748319440709868,0.7015601409159536
0.3748319440709868,0.701913393756294
0.37456305458456574,0.7017632241813602
0.37429416509814467,0.7016129032258065
0.37429416509814467,0.7019667170953101
0.3740252756117236,0.7021706208985361
0.3740252756117236,0.7025252525252526
0.3737563861253025,0.7023749368367862
0.3734874966388814,0.7022244691607684
0.37321860715246036,0.7020738492665655
0.37294971766603924,0.7019230769230769
0.3726808281796182,0.7017721518987342
0.3724119386931971,0.7016210739614995
0.3718741597203549,0.7013184584178499
0.3718741597203549,0.7016742770167428
0.3718741597203549,0.7020304568527919
0.3718741597203549,0.702386998476384
0.37160527023393386,0.7022357723577236
0.37160527023393386,0.7025927808845959
0.37160527023393386,0.7029501525940997
0.37160527023393386,0.7033078880407124
0.3713363807475128,0.7031568228105907
0.3710674912610917,0.7030056036678554
0.3710674912610917,0.7033639143730887
0.3710674912610917,0.7037225905150434
0.3707986017746706,0.7035714285714286
0.3707986017746706,0.7039305768249107
0.37052971228824955,0.7037793667007151
0.3702608228018284,0.7036280020439448
0.3702608228018284,0.7039877300613497
0.36999193331540736,0.7038363171355498
0.36999193331540736,0.7041965199590583
0.3697230438289863,0.7040450588837686
0.36945415434256523,0.7038934426229508
0.36891637536972305,0.7035897435897436
0.36891637536972305,0.7039507439712673
0.368647485883302,0.7037987679671458
0.368647485883302,0.7041602465331279
0.368647485883302,0.7045220966084276
0.368647485883302,0.7048843187660668
0.368647485883302,0.7052469135802469
0.368647485883302,0.705609881626351
0.368647485883302,0.7059732234809475
0.36837859639688086,0.7058217413704276
0.36837859639688086,0.7061855670103093
0.36837859639688086,0.7065497679216091
0.3681097069104598,0.7063983488132095
0.36784081742403874,0.7062467733608673
0.36784081742403874,0.7066115702479339
0.3675719279376176,0.7064599483204135
0.3675719279376176,0.7068252326783868
0.36730303845119655,0.7066735644076565
0.36730303845119655,0.7070393374741201
0.3670341489647755,0.7068876229932677
0.3670341489647755,0.7072538860103627
0.3670341489647755,0.7076205287713841
0.3670341489647755,0.70798755186722
0.3667652594783544,0.707836014530358
0.3667652594783544,0.7082035306334372
0.3664963699919333,0.708051948051948
0.36622748050551224,0.7079002079002079
0.36622748050551224,0.7082683307332294
0.36622748050551224,0.708636836628512
0.3659585910190912,0.7084851639770953
0.36568970153267005,0.7083333333333334
0.36568970153267005,0.7087024491922876
0.36568970153267005,0.7094418362023995
0.365420812046249,0.7092901878914405
0.3651519225598279,0.7091383812010443
0.3651519225598279,0.709508881922675
0.3651519225598279,0.7098797699947726
0.3651519225598279,0.7102510460251046
0.3648830330734068,0.7100994243851386
0.3648830330734068,0.7104712041884816
0.36461414358698574,0.7103195390256679
0.36461414358698574,0.710691823899371
0.36461414358698574,0.7110644992134242
0.3643452541005647,0.710912906610703
0.3643452541005647,0.7112860892388452
0.3643452541005647,0.7116596638655462
0.3643452541005647,0.7120336311087756
0.3643452541005647,0.7124079915878023
0.3643452541005647,0.7127827459231983
0.3640763646141436,0.7126315789473684
0.3638074751277225,0.7124802527646129
0.3635385856413014,0.7123287671232876
0.3635385856413014,0.7127042698998418
0.36300080666845924,0.712401055408971
0.36300080666845924,0.7127771911298838
0.36300080666845924,0.7131537242472267
0.36300080666845924,0.7135306553911205
0.3627319171820382,0.713379164463247
0.3624630276956171,0.7132275132275132
0.3624630276956171,0.7136050820539969
0.3624630276956171,0.7139830508474576
0.3624630276956171,0.7143614202437731
0.3624630276956171,0.7147401908801697
0.36219413820919605,0.7145888594164457
0.36219413820919605,0.714968152866242
0.36192524872277493,0.7148167817312798
0.36165635923635386,0.7146652497343252
0.3613874697499328,0.7145135566188198
0.3611185802635117,0.7143617021276596
0.3608496907770906,0.7142096860031932
0.36058080129066955,0.7140575079872205
0.36058080129066955,0.7144379328716036
0.36058080129066955,0.714818763326226
0.36058080129066955,0.7152
0.36058080129066955,0.7155816435432231
0.36031191180424843,0.7154297917778965
0.36004302231782737,0.7152777777777778
0.3597741328314063,0.7151256012827365
0.3597741328314063,0.7155080213903743
0.3597741328314063,0.7158908507223114
0.35950524334498524,0.7157387580299786
0.3592363538585641,0.7155865024102839
0.3592363538585641,0.7163538873994638
0.35896746437214305,0.7162017167381974
0.35896746437214305,0.71658615136876
0.35896746437214305,0.7169709989258861
0.35896746437214305,0.7173562600752283
0.35896746437214305,0.717741935483871
0.35896746437214305,0.7181280258203335
0.358698574885722,0.7179763186221744
0.35842968539930087,0.7178244480344642
0.35842968539930087,0.7182112068965517
0.35842968539930087,0.7185983827493262
0.3581607959128798,0.7184466019417476
0.35627856950793224,0.7173795343800758
0.35627856950793224,0.7177681473456121
0.3560096800215112,0.7176151761517615
0.3560096800215112,0.7180043383947939
0.3560096800215112,0.7183939229517091
0.355471901048669,0.7180879956545356
0.35520301156224793,0.7179347826086957
0.3549341220758268,0.7177814029363785
0.3549341220758268,0.7181719260065288
0.35466523258940574,0.7180185084376701
0.3543963431029847,0.7178649237472767
0.3541274536165636,0.7177111716621254
0.3538585641301425,0.7175572519083969
0.3538585641301425,0.717948717948718
0.35358967464372143,0.7177947598253275
0.35332078515730037,0.7176406335335882
0.35332078515730037,0.7180327868852459
0.35332078515730037,0.7184253690541279
0.35332078515730037,0.7188183807439825
0.35332078515730037,0.7192118226600985
0.35305189567087925,0.7190580503833516
0.35305189567087925,0.7194520547945206
0.3527830061844582,0.7192982456140351
0.3527830061844582,0.7196928140427866
0.3525141166980371,0.7195389681668496
0.35224522721161605,0.7193849533223503
0.35197633772519493,0.7192307692307692
0.35197633772519493,0.719626168224299
0.35197633772519493,0.7200220022002201
0.35170744823877387,0.7198679141441937
0.35170744823877387,0.7202643171806168
0.3514385587523528,0.7201101928374656
0.3514385587523528,0.7205071664829107
0.3509007797795106,0.7201986754966887
0.3509007797795106,0.7205963556046383
0.35036300080666843,0.7202874516307353
0.35036300080666843,0.7206858407079646
0.35036300080666843,0.7210846707249585
0.35009411132024737,0.7209302325581395
0.3498252218338263,0.720775623268698
0.3498252218338263,0.7211751662971175
0.34955633234740524,0.7210205213533001
0.34955633234740524,0.7214206437291898
0.34955633234740524,0.7218212104386452
0.34955633234740524,0.7222222222222222
0.3492874428609841,0.7220678154530294
0.34901855337456306,0.7219132369299222
0.348749663888142,0.7217584863661658
0.34848077440172087,0.7216035634743875
0.3482118849152998,0.7214484679665738
0.34794299542887874,0.7212931995540691
0.3476741059424576,0.7211377579475738
0.34740521645603656,0.7209821428571429
0.34740521645603656,0.7213847012841987
0.3471363269696155,0.7212290502793296
0.34686743748319443,0.7210732252655114
0.3465985479967733,0.720917225950783
0.3465985479967733,0.7213206491326245
0.3465985479967733,0.7217245240761478
0.34632965851035225,0.7215686274509804
0.3460607690239312,0.7214125560538116
0.3460607690239312,0.7218171620863713
0.3460607690239312,0.7222222222222222
0.34579187953751006,0.7220662549129703
0.34579187953751006,0.7224719101123596
0.345522990051089,0.7223159078133783
0.34525410056466793,0.7221597300337458
0.34525410056466793,0.7225661226786719
0.34498521107824687,0.7224099099099099
0.34471632159182575,0.7222535211267606
0.34471632159182575,0.7226606538895152
0.34471632159182575,0.7230682459108855
0.34471632159182575,0.7234762979683973
0.34471632159182575,0.7238848108413326
0.3444474321054047,0.7237288135593221
0.3441785426189836,0.7235726399095535
0.3439096531325625,0.7238256932654216
0.34364076364614143,0.7236693091732729
0.34364076364614143,0.7240793201133144
0.34364076364614143,0.7244897959183674
0.34364076364614143,0.7249007373794668
0.34364076364614143,0.7253121452894438
0.34337187415972037,0.7251561612720046
0.34337187415972037,0.7255681818181818
0.34337187415972037,0.7259806708357021
0.34310298467329925,0.7258248009101251
0.3428340951868782,0.7256687535571997
0.3425652057004571,0.7255125284738041
0.34229631621403606,0.7253561253561254
0.34202742672761494,0.7251995438996579
0.34175853724119387,0.7250427837992014
0.3414896477547728,0.7248858447488584
0.3414896477547728,0.7252998286693318
0.3414896477547728,0.7257142857142858
0.3412207582683517,0.725557461406518
0.3409518687819306,0.7254004576659039
0.3409518687819306,0.7258156840297653
0.34068297929550956,0.7256586483390607
0.34068297929550956,0.7260744985673352
0.34068297929550956,0.7264908256880734
0.34041408980908844,0.7263339070567987
0.34041408980908844,0.7267508610792193
0.34041408980908844,0.7271682940838599
0.3401452003226674,0.7270114942528736
0.3401452003226674,0.7274295572167913
0.3398763108362463,0.7272727272727273
0.33960742134982524,0.7271157167530224
0.33960742134982524,0.7275345622119815
0.33960742134982524,0.7279538904899135
0.33960742134982524,0.7283737024221453
0.3393385318634041,0.7282169648009232
0.33906964237698306,0.7280600461893765
0.338800752890562,0.7279029462738301
0.338800752890562,0.7283236994219653
0.338800752890562,0.728744939271255
0.3385318634041409,0.7285879629629629
0.3385318634041409,0.7290098436595251
0.3385318634041409,0.7294322132097335
0.3385318634041409,0.7298550724637681
0.3382629739177198,0.7296983758700696
0.33799408443129875,0.7295414973882762
0.33799408443129875,0.7299651567944251
0.33799408443129875,0.7303893085415456
0.3377251949448777,0.7302325581395349
0.3377251949448777,0.7306573589296103
0.33745630545845656,0.7305005820721769
0.33745630545845656,0.7309260337798485
0.33745630545845656,0.7313519813519813
0.3371874159720355,0.7311953352769679
0.33691852648561443,0.7310385064177363
0.3366496369991933,0.7308814944541739
0.33638074751277225,0.7307242990654206
0.3361118580263512,0.7305669199298656
0.3361118580263512,0.7309941520467836
0.33584296853993006,0.7308367466354593
0.335574079053509,0.7306791569086651
0.33530518956708794,0.7305213825424721
0.33476741059424575,0.7302052785923754
0.33476741059424575,0.7306338028169014
0.3344985211078247,0.7304756312389901
0.3344985211078247,0.7309048178613397
0.3344985211078247,0.7313345091122869
0.3344985211078247,0.731764705882353
0.3342296316214036,0.731606827545615
0.3339607421349825,0.7314487632508834
0.33369185264856144,0.7312905126694166
0.33369185264856144,0.7317216981132075
0.33369185264856144,0.7321533923303835
0.3334229631621404,0.731995277449823
0.3334229631621404,0.7324276432368576
0.3334229631621404,0.7328605200945626
0.33315407367571925,0.732702542874039
0.33315407367571925,0.7331360946745562
0.3328851841892982,0.7329780935464772
0.3328851841892982,0.7334123222748815
0.3326162947028771,0.7332542975696502
0.3326162947028771,0.7336892052194544
0.33234740521645606,0.7335311572700297
0.33234740521645606,0.7339667458432304
0.33207851573003494,0.7338086749851456
0.3318096262436139,0.7336504161712247
0.3318096262436139,0.7340868530636526
0.3315407367571928,0.7339285714285714
0.3312718472707717,0.7337701012507445
0.3310029577843506,0.733611442193087
0.3304651788115085,0.7332935560859188
0.32938962086582413,0.7326555023923444
0.32938962086582413,0.7344124700239808
0.32938962086582413,0.7348530293941212
0.32912073137940306,0.7346938775510204
0.32912073137940306,0.7351351351351352
0.32912073137940306,0.7355769230769231
0.328851841892982,0.73541791942273
0.3285829524065609,0.7352587244283996
0.3283140629201398,0.7350993377483444
0.3283140629201398,0.7355421686746988
0.3283140629201398,0.7359855334538878
0.32804517343371875,0.7358262967430639
0.32750739446087657,0.7355072463768116
0.3272385049744555,0.7353474320241692
0.32696961548803444,0.7351874244256348
0.32696961548803444,0.735632183908046
0.3267007260016133,0.7354721549636803
0.3267007260016133,0.7359176256814052
0.32643183651519225,0.7357575757575757
0.32643183651519225,0.7362037598544573
0.3261629470287712,0.7360436893203883
0.32589405754235007,0.7358834244080146
0.32589405754235007,0.7363304981773997
0.32589405754235007,0.7367781155015197
0.325625168055929,0.73661800486618
0.32535627856950794,0.736457699330493
0.3250873890830869,0.7362971985383678
0.3250873890830869,0.7367458866544789
0.32481849959666576,0.7365853658536585
0.3245496101102447,0.736424649176327
0.3242807206238236,0.7362637362637363
0.3240118311374025,0.7361026267562615
0.32374294165098144,0.7359413202933985
0.32374294165098144,0.7363914373088685
0.32374294165098144,0.7368421052631579
0.32374294165098144,0.7372933251684017
0.3234740521645604,0.7371323529411765
0.32320516267813926,0.7369711833231146
0.3229362731917182,0.7368098159509202
0.3229362731917182,0.7372621240024555
0.32266738370529713,0.7371007371007371
0.32239849421887606,0.7369391518131531
0.32212960473245494,0.7367773677736777
0.3218607152460339,0.7366153846153846
0.3215918257596128,0.7364532019704434
0.3215918257596128,0.7369069624152803
0.3215918257596128,0.7373612823674476
0.3215918257596128,0.7378161628624306
0.3215918257596128,0.7382716049382716
0.3215918257596128,0.7387276096355775
0.3213229362731917,0.738566131025958
0.3213229362731917,0.7390228818800247
0.32105404678677063,0.7388613861386139
0.32105404678677063,0.7393188854489164
0.32078515730034957,0.7391573729863693
0.32078515730034957,0.7396156230626162
0.32078515730034957,0.7400744416873449
0.3205162678139285,0.7399130974549969
0.3205162678139285,0.7403726708074534
0.3205162678139285,0.7408328154133001
0.3205162678139285,0.7412935323383084
0.3202473783275074,0.7411325451151214
0.3202473783275074,0.7415940224159402
0.3199784888410863,0.7414330218068536
0.3199784888410863,0.7418952618453866
0.31970959935466525,0.7417342482844667
0.31944070986824413,0.7415730337078652
0.31917182038182307,0.7414116177389132
0.318902930895402,0.74125
0.3186340414089809,0.7410881801125704
0.3186340414089809,0.7415519399249061
0.3183651519225598,0.741390106449593
0.3183651519225598,0.7418546365914787
0.31809626243613875,0.7416927899686521
0.3178273729497177,0.7415307402760352
0.31755848346329657,0.741368487131199
0.3172895939768755,0.7412060301507538
0.31702070449045444,0.7410433689503457
0.31702070449045444,0.7415094339622641
0.3167518150040333,0.7413467589679044
0.31648292551761226,0.7411838790931989
0.31648292551761226,0.741650913673598
0.3162140360311912,0.7414880201765448
0.3162140360311912,0.7419558359621451
0.3159451465447701,0.7417929292929293
0.3159451465447701,0.7422615287428932
0.315676257058349,0.7420986093552465
0.315676257058349,0.7425679949399114
0.31540736757192794,0.7424050632911392
0.3151384780855069,0.7422419252691577
0.3151384780855069,0.7427122940430925
0.3151384780855069,0.7431832593532023
0.3151384780855069,0.7436548223350253
0.31486958859908576,0.7434920634920635
0.31433180962624363,0.7431659249841068
0.31379403065340145,0.7428389560789306
0.31379403065340145,0.743312101910828
0.3135251411669804,0.7431485022307202
0.3132562516805593,0.7429846938775511
0.3132562516805593,0.7434588385449904
0.3129873621941382,0.7432950191570882
0.3129873621941382,0.7437699680511182
0.31271847270771713,0.7436061381074168
0.31271847270771713,0.7440818937939859
0.31244958322129607,0.7439180537772087
0.31244958322129607,0.7443946188340808
0.31244958322129607,0.7448717948717949
0.31218069373487495,0.7447081462475946
0.3119118042484539,0.7445442875481386
0.3119118042484539,0.7450224791265254
0.3113740252756117,0.7446945337620579
0.31110513578919063,0.7445302445302445
0.31110513578919063,0.7450096587250483
0.31083624630276957,0.7448453608247423
0.3105673568163485,0.7446808510638298
0.3102984673299274,0.7445161290322581
0.3100295778435063,0.7443511943189154
0.30976068835708526,0.7441860465116279
0.30949179887066414,0.7440206851971558
0.30949179887066414,0.7445019404915912
0.30949179887066414,0.7449838187702266
0.30922290938424307,0.7448186528497409
0.308954019897822,0.744653272845107
0.3086851304114009,0.7444876783398184
0.3084162409249798,0.7443218689162882
0.30814735143855876,0.7441558441558441
0.30814735143855876,0.7446393762183235
0.3078784619521377,0.7444733420026007
0.3076095724657166,0.7443070917371503
0.3076095724657166,0.7447916666666666
0.3073406829792955,0.7446254071661238
0.30707179349287445,0.7444589308996089
0.3068029040064533,0.7442922374429224
0.3068029040064533,0.7447780678851175
0.30653401452003226,0.744611365120836
0.3062651250336112,0.7444444444444445
0.30599623554719013,0.7442773054283846
0.30599623554719013,0.7447643979057592
0.30599623554719013,0.7452521283562541
0.30599623554719013,0.745740498034076
0.30599623554719013,0.7462295081967213
0.30599623554719013,0.7467191601049868
0.30599623554719013,0.747209455022981
0.30599623554719013,0.7477003942181341
0.305727346060769,0.747534516765286
0.305727346060769,0.7480263157894737
0.30545845657434795,0.7478604344963792
0.3051895670879269,0.7476943346508564
0.30492067760150576,0.7475280158206987
0.30492067760150576,0.7480211081794196
0.3046517881150847,0.7478547854785479
0.3046517881150847,0.7483487450462352
0.3046517881150847,0.7488433575677462
0.3046517881150847,0.7493386243386243
0.30438289862866363,0.7491727332892124
0.30438289862866363,0.7496688741721854
0.3041140091422425,0.7495029821073559
0.30384511965582145,0.7493368700265252
0.3035762301694004,0.7491705374917054
0.3033073406829793,0.749003984063745
0.3033073406829793,0.7495016611295681
0.3030384511965582,0.7493351063829787
0.3030384511965582,0.7498336660013307
0.3030384511965582,0.7503328894806924
0.30276956171013714,0.7501665556295802
0.3019628932508739,0.7496662216288384
0.3016940037644528,0.749498997995992
0.3016940037644528,0.75
0.3016940037644528,0.7505016722408027
0.3014251142780317,0.750334672021419
0.3014251142780317,0.7508372404554589
0.3014251142780317,0.7513404825737265
0.3014251142780317,0.7518443997317237
0.3014251142780317,0.7523489932885906
0.30115622479161064,0.7521826729348556
0.30115622479161064,0.7526881720430108
0.3008873353051896,0.7525218560860794
0.3006184458187685,0.7523553162853297
0.3003495563323474,0.7521885521885522
0.3000806668459263,0.7520215633423181
0.29981177735950526,0.7518543492919757
0.29981177735950526,0.752361673414305
0.29954288787308414,0.7521944632005402
0.2992739983866631,0.7520270270270271
0.299005108900242,0.7518593644354293
0.29873621941382095,0.7516914749661705
0.2984673299273998,0.7515233581584293
0.29819844044097876,0.7513550135501355
0.29819844044097876,0.751864406779661
0.2979295509545577,0.751696065128901
0.2979295509545577,0.7522063815342838
0.29712288249529445,0.7517006802721088
0.29712288249529445,0.7522123893805309
0.29712288249529445,0.7542662116040956
0.29712288249529445,0.7547814207650273
0.29685399300887333,0.7546138072453862
0.29658510352245226,0.7544459644322845
0.2963162140360312,0.7542778918548939
0.2963162140360312,0.7547945205479452
0.2963162140360312,0.7553118574366005
0.29604732454961014,0.7551440329218106
0.295778435063189,0.7549759780370625
0.29550954557676795,0.7548076923076923
0.2952406560903469,0.7546391752577319
0.29497176660392577,0.7544704264099037
0.29497176660392577,0.7549896765313145
0.29497176660392577,0.7555096418732782
0.2947028771175047,0.7553411440385941
0.2947028771175047,0.7558620689655172
0.29443398763108364,0.7556935817805382
0.2941650981446625,0.755524861878453
0.2941650981446625,0.756046993780235
0.2936273191718204,0.7557093425605537
0.2933584296853993,0.7555401662049861
0.2933584296853993,0.7560637560637561
0.2930895401989782,0.7558945908460472
0.29282065071255714,0.7557251908396947
0.2925517612261361,0.7555555555555555
0.29228287173971496,0.7553856845031272
0.2920139822532939,0.7552155771905424
0.2917450927668728,0.7550452331245651
0.2914762032804517,0.754874651810585
0.2914762032804517,0.7554006968641115
0.2909384243076096,0.755059316120028
0.2909384243076096,0.755586592178771
0.2909384243076096,0.756114605171209
0.2906695348211885,0.7559440559440559
0.2904006453347674,0.7557732680195941
0.2904006453347674,0.7563025210084033
0.2904006453347674,0.7568325157673441
0.29013175584834633,0.7566619915848527
0.29013175584834633,0.7571929824561403
0.28986286636192526,0.7570224719101124
0.28959397687550414,0.7568517217146873
0.28959397687550414,0.7573839662447257
0.2893250873890831,0.757213230119634
0.289056197902662,0.7570422535211268
0.28878730841624095,0.7568710359408034
0.28878730841624095,0.7574047954866009
0.28824952944339877,0.7570621468926554
0.2879806399569777,0.7568904593639576
0.2879806399569777,0.7574257425742574
0.2877117504705566,0.7572540693559802
0.2874428609841355,0.7570821529745042
0.28717397149771445,0.7569099929128278
0.28690508201129333,0.7567375886524823
0.28663619252487227,0.7565649396735273
0.2863673030384512,0.7563920454545454
0.28609841355203014,0.7562189054726368
0.285829524065609,0.7560455192034139
0.285829524065609,0.7571225071225072
0.285829524065609,0.7576621525302922
0.28556063457918796,0.7574893009985735
0.28556063457918796,0.7580299785867237
0.28502285560634577,0.7576840600428878
0.2847539661199247,0.7575107296137339
0.28448507663350364,0.7573371510379384
0.28448507663350364,0.7578796561604585
0.2842161871470825,0.7577060931899642
0.28394729766066146,0.757532281205165
0.28394729766066146,0.7580760947595119
0.2836784081742404,0.7579022988505747
0.2836784081742404,0.7584471603163192
0.28340951868781933,0.758273381294964
0.2831406292013982,0.7580993520518359
0.28287173971497714,0.7579250720461095
0.28287173971497714,0.7584715212689257
0.2826028502285561,0.7582972582972582
0.28233396074213496,0.7581227436823105
0.28179618176929283,0.7577729573391179
0.28152729228287177,0.7575976845151954
0.28152729228287177,0.7581462708182476
0.28152729228287177,0.7592458303118201
0.28152729228287177,0.7597968069666183
0.28152729228287177,0.7603485838779956
0.28125840279645065,0.7601744186046512
0.28125840279645065,0.7607272727272727
0.28125840279645065,0.7612809315866085
0.28125840279645065,0.7618353969410051
0.2809895133100296,0.7616618075801749
0.2807206238236085,0.7614879649890591
0.2804517343371874,0.7613138686131387
0.2804517343371874,0.7618699780861943
0.28018284485076633,0.7616959064327485
0.28018284485076633,0.7622531089978054
0.27991395536434527,0.7620790629575402
0.27964506587792415,0.7619047619047619
0.2793761763915031,0.7617302052785924
0.279107286905082,0.7615553925165077
0.27883839741866095,0.7613803230543319
0.27856950793223983,0.7612049963262307
0.27856950793223983,0.7617647058823529
0.27830061844581877,0.7615894039735099
0.27830061844581877,0.7621502209131075
0.2780317289593977,0.7619749447310243
0.2780317289593977,0.7625368731563422
0.2780317289593977,0.76309963099631
0.2777628394729766,0.7629246676514032
0.2777628394729766,0.7634885439763488
0.2777628394729766,0.7640532544378699
0.2774939499865555,0.7638786084381939
0.27722506050013446,0.7637037037037037
0.27695617101371334,0.7635285396590067
0.2766872815272923,0.7633531157270029
0.2764183920408712,0.7631774313288789
0.2764183920408712,0.7643122676579925
0.27614950255445014,0.7641369047619048
0.275880613068029,0.7639612807148176
0.275880613068029,0.7651006711409396
0.275880613068029,0.7656716417910447
0.275880613068029,0.7662434652725915
0.275880613068029,0.7668161434977578
0.27561172358160796,0.7666417352281226
0.2753428340951869,0.7664670658682635
0.2750739446087658,0.7662921348314606
0.2750739446087658,0.7668665667166417
0.2750739446087658,0.7674418604651163
0.2748050551223447,0.7672672672672672
0.27453616563592365,0.7670924117205109
0.27453616563592365,0.7676691729323308
0.27453616563592365,0.7682468021068473
0.2742672761495026,0.7680722891566265
0.27346060769023933,0.7675471698113208
0.27346060769023933,0.7681268882175226
0.27346060769023933,0.7687074829931972
0.2731917182038182,0.7685325264750378
0.27292282871739715,0.7683573050719152
0.27292282871739715,0.7689393939393939
0.27292282871739715,0.7695223654283548
0.2726539392309761,0.7693474962063733
0.2726539392309761,0.770516717325228
0.27238504974455496,0.7703422053231939
0.2721161602581339,0.7701674277016742
0.27184727077171283,0.76999238385377
0.27157838128529177,0.7698170731707317
0.27130949179887065,0.7696414950419527
0.2710406023124496,0.7694656488549618
0.2705028233396074,0.7691131498470948
0.27023393385318634,0.7689364957918898
0.26996504436676527,0.7687595712098009
0.2694272653939231,0.7684049079754601
0.26862059693465984,0.7678708685626441
0.2683517074482388,0.7676923076923077
0.2680828179618177,0.7675134719014627
0.2678139284753966,0.7673343605546995
0.2675450389889755,0.7671549730146492
0.2675450389889755,0.7677469135802469
0.2675450389889755,0.7683397683397684
0.2675450389889755,0.7689335394126738
0.2675450389889755,0.7695282289249806
0.2675450389889755,0.7701238390092879
0.26727614950255446,0.7699457784663052
0.2670072600161334,0.7697674418604651
0.2667383705297123,0.769588828549263
0.2664694810432912,0.7694099378881988
0.2664694810432912,0.77000777000777
0.26620059155687015,0.7698289269051322
0.26620059155687015,0.7704280155642024
0.26620059155687015,0.7710280373831776
0.265931702070449,0.7708495713172252
0.26566281258402796,0.7706708268330733
0.26566281258402796,0.7712724434035909
0.2653939230976069,0.77109375
0.2653939230976069,0.7716966379984362
0.2651250336111858,0.7715179968701096
0.2648561441247647,0.7713390759592795
0.26458725463834365,0.7711598746081505
0.26458725463834365,0.7717647058823529
0.2643183651519226,0.771585557299843
0.26404947566550147,0.7714061272584446
0.2632428072062382,0.7708661417322835
0.2632428072062382,0.7714736012608353
0.26297391771981715,0.7712933753943217
0.26297391771981715,0.7719021310181531
0.26297391771981715,0.7725118483412322
0.2627050282333961,0.7723320158102767
0.26243613874697497,0.7721518987341772
0.2621672492605539,0.7719714964370546
0.26189835977413284,0.7717908082408875
0.26189835977413284,0.7724028548770817
0.2616294702877118,0.7722222222222223
0.26136058080129065,0.7720413026211279
0.2610916913148696,0.7718600953895072
0.2608228018284485,0.771678599840891
0.2605539123420274,0.7714968152866242
0.2605539123420274,0.7721115537848605
0.2605539123420274,0.7727272727272727
0.26028502285560634,0.7725458898643256
0.2600161333691853,0.7723642172523961
0.2597472438827642,0.7721822541966427
0.2597472438827642,0.7728
0.2597472438827642,0.7734187349879904
0.2594783543963431,0.7732371794871795
0.259209464909922,0.773055332798717
0.259209464909922,0.7736757624398074
0.259209464909922,0.7742971887550201
0.259209464909922,0.77491961414791
0.259209464909922,0.7755430410297667
0.259209464909922,0.7761674718196457
0.25894057542350096,0.7759871071716358
0.25867168593707984,0.7758064516129032
0.2584027964506588,0.7756255044390638
0.2581339069642377,0.7754442649434572
0.25759612799139553,0.7750809061488673
0.25732723850497446,0.7748987854251013
0.2570583490185534,0.7747163695299838
0.2570583490185534,0.7753446877534469
0.2570583490185534,0.775974025974026
0.2567894595321323,0.7757920389926889
0.2567894595321323,0.7764227642276422
0.25625168055929015,0.7760586319218241
0.25625168055929015,0.7766911165444172
0.25598279107286903,0.7765089722675367
0.25598279107286903,0.7771428571428571
0.25571390158644797,0.7769607843137255
0.25571390158644797,0.777596075224857
0.2554450121000269,0.7774140752864157
0.2549072331271847,0.7770491803278688
0.2549072331271847,0.7776866283839212
0.25463834364076365,0.777504105090312
0.2543694541543426,0.7773212818405916
0.25410056466792147,0.7771381578947368
0.25410056466792147,0.7777777777777778
0.25410056466792147,0.7784184514003295
0.2538316751815004,0.7782357790601814
0.2538316751815004,0.7788778877887789
0.25356278569507934,0.7786952931461602
0.2527561172358161,0.7781456953642384
0.2527561172358161,0.7787903893951947
0.25248722774939497,0.7786069651741293
0.25248722774939497,0.779253112033195
0.2522183382629739,0.7790697674418605
0.25194944877655284,0.7788861180382377
0.25194944877655284,0.7795341098169717
0.25194944877655284,0.7801831806827644
0.2516805592901318,0.78
0.25141166980371066,0.7798165137614679
0.25141166980371066,0.7804674457429048
0.2511427803172896,0.7802840434419381
0.2511427803172896,0.7809364548494984
0.2511427803172896,0.7815899581589958
0.2511427803172896,0.7822445561139029
0.2511427803172896,0.7829002514668902
0.2511427803172896,0.7835570469798657
0.25087389083086853,0.783375314861461
0.25087389083086853,0.7840336134453781
0.2506050013444474,0.783851976450799
0.2506050013444474,0.7845117845117845
0.25033611185802634,0.7843302443133952
0.2497983328851842,0.7839662447257384
0.2497983328851842,0.7846283783783784
0.2495294433987631,0.7844463229078613
0.2495294433987631,0.7851099830795262
0.2495294433987631,0.785774767146486
0.24926055391234203,0.785593220338983
0.24899166442592094,0.7854113655640373
0.24872277493949987,0.7852292020373515
0.24845388545307878,0.7850467289719626
0.2481849959666577,0.7848639455782312
0.2481849959666577,0.7855319148936171
0.2481849959666577,0.7862010221465077
0.2481849959666577,0.7868712702472294
0.24791610648023663,0.7866894197952219
0.24791610648023663,0.7873612297181896
0.24764721699381553,0.7871794871794872
0.24764721699381553,0.787852865697177
0.24737832750739447,0.7876712328767124
0.24710943802097338,0.7874892887746359
0.2468405485345523,0.7873070325900514
0.2468405485345523,0.7879828326180257
0.2468405485345523,0.7900172117039587
0.24657165904813122,0.7898363479758829
0.24630276956171013,0.7896551724137931
0.24630276956171013,0.7903364969801553
0.24630276956171013,0.7910189982728842
0.24630276956171013,0.7917026793431288
0.24603388007528906,0.7915224913494809
0.24576499058886797,0.7913419913419913
0.2454961011024469,0.791161178509532
0.2454961011024469,0.7918473547267997
0.2454961011024469,0.7925347222222222
0.24522721161602581,0.792354474370113
0.24522721161602581,0.7930434782608695
0.24495832212960472,0.7928633594429939
0.24495832212960472,0.7935540069686411
0.24468943264318366,0.7933740191804708
0.24468943264318366,0.794066317626527
0.24442054315676257,0.7938864628820961
0.2438827641839204,0.7935258092738408
0.2438827641839204,0.7942206654991243
0.2438827641839204,0.7949167397020158
0.24334498521107825,0.7945566286215979
0.24334498521107825,0.7952548330404218
0.24307609572465716,0.7950747581354441
0.2428072062382361,0.7948943661971831
0.242538316751815,0.7947136563876652
0.242538316751815,0.7954144620811288
0.2422694272653939,0.795233892321271
0.2422694272653939,0.7959363957597173
0.2422694272653939,0.7966401414677277
0.24200053777897285,0.7964601769911505
0.24173164829255175,0.7962798937112489
0.24173164829255175,0.7969858156028369
0.2414627588061307,0.7968056787932565
0.2414627588061307,0.7975133214920072
0.2411938693197096,0.7973333333333333
0.2409249798332885,0.797153024911032
0.24065609034686744,0.7969723953695459
0.24038720086044635,0.7967914438502673
0.24038720086044635,0.7975022301516503
0.24038720086044635,0.7982142857142858
0.24011831137402528,0.7980339588918678
0.2398494218876042,0.7978533094812165
0.2398494218876042,0.7985675917636527
0.23958053240118313,0.7983870967741935
0.23958053240118313,0.7991031390134529
0.23931164291476203,0.7989228007181328
0.23904275342834094,0.7987421383647799
0.23904275342834094,0.7994604316546763
0.23877386394191988,0.7992799279927992
0.23877386394191988,0.8
0.23877386394191988,0.8007213706041478
0.23850497445549879,0.8005415162454874
0.23823608496907772,0.8003613369467028
0.23823608496907772,0.8010849909584087
0.23796719548265663,0.8009049773755657
0.23769830599623554,0.8007246376811594
0.23742941650981447,0.800543970988214
0.23716052702339338,0.8003629764065335
0.23716052702339338,0.8010899182561307
0.23689163753697232,0.8009090909090909
0.23662274805055122,0.8007279344858963
0.23635385856413013,0.8005464480874317
0.23608496907770907,0.8003646308113036
0.23608496907770907,0.801094890510949
0.23581607959128797,0.8009132420091324
0.2355471901048669,0.8007312614259597
0.2355471901048669,0.8014638609332113
0.23527830061844582,0.8012820512820513
0.23500941113202473,0.8010999083409716
0.23474052164560366,0.8009174311926606
0.23474052164560366,0.8016528925619835
0.23474052164560366,0.8023897058823529
0.23447163215918257,0.8022079116835327
0.23447163215918257,0.8029465930018416
0.2342027426727615,0.8027649769585253
0.2339338531863404,0.8025830258302583
0.2339338531863404,0.8033240997229917
0.2339338531863404,0.8040665434380776
0.2339338531863404,0.8055555555555556
0.23366496369991932,0.8053753475440223
0.23339607421349826,0.8051948051948052
0.23312718472707716,0.8050139275766016
0.23312718472707716,0.8065116279069767
0.23312718472707716,0.8072625698324022
0.2328582952406561,0.8070829450139795
0.232589405754235,0.8069029850746269
0.232589405754235,0.80765639589169
0.23232051626781391,0.8074766355140187
0.23232051626781391,0.8082319925163705
0.23232051626781391,0.8089887640449438
0.23205162678139285,0.8088097469540768
0.23178273729497176,0.8086303939962477
0.23178273729497176,0.8093896713615023
0.23178273729497176,0.8101503759398496
0.2315138478085507,0.8099717779868297
0.2315138478085507,0.8107344632768362
0.2312449583221296,0.8105560791705938
0.23097606883570854,0.810377358490566
0.23070717934928744,0.8101983002832861
0.2301694003764453,0.8098391674550615
0.2299005108900242,0.8096590909090909
0.22963162140360313,0.809478672985782
0.22963162140360313,0.8102466793168881
0.22936273191718204,0.8100664767331434
0.22909384243076095,0.8098859315589354
0.22882495294433988,0.8097050428163654
0.2285560634579188,0.8095238095238095
0.22828717397149773,0.8093422306959008
0.22828717397149773,0.8101145038167938
0.22801828448507663,0.8099331423113658
0.22774939499865554,0.8097514340344169
0.22748050551223448,0.8095693779904306
0.22748050551223448,0.8103448275862069
0.22748050551223448,0.8111217641418984
0.22721161602581338,0.8109404990403071
0.22721161602581338,0.8117195004803074
0.22721161602581338,0.8125
0.22694272653939232,0.8123195380173244
0.22640494756655014,0.8119575699132112
0.22613605808012907,0.8117760617760618
0.22613605808012907,0.81256038647343
0.22586716859370798,0.8123791102514507
0.22532938962086582,0.812015503875969
0.22506050013444473,0.8118331716779825
0.22479161064802367,0.8116504854368932
0.22452272116160257,0.8114674441205053
0.22452272116160257,0.8122568093385214
0.22398494218876042,0.8118908382066277
0.22371605270233935,0.8117073170731708
0.22344716321591826,0.8115234375
0.22317827372949717,0.8113391984359726
0.2229093842430761,0.8111545988258317
0.222640494756655,0.8109696376101861
0.22237160527023395,0.8107843137254902
0.22237160527023395,0.8115799803729146
0.22237160527023395,0.81237721021611
0.22210271578381285,0.8121927236971485
0.22183382629739176,0.812007874015748
0.2215649368109707,0.8118226600985222
0.2215649368109707,0.8126232741617357
0.2215649368109707,0.8134254689042448
0.2215649368109707,0.8142292490118577
0.2212960473245496,0.8140454995054401
0.22102715783812854,0.8138613861386138
0.22102715783812854,0.8146679881070367
0.22102715783812854,0.8154761904761905
0.22102715783812854,0.8162859980139027
0.22075826835170745,0.81610337972167
0.22075826835170745,0.8169154228855722
0.2202204893788653,0.8165503489531406
0.2199515998924442,0.8163672654690619
0.21968271040602314,0.8161838161838162
0.21968271040602314,0.817
0.21941382091960204,0.8168168168168168
0.21941382091960204,0.8184553660982948
0.21887604194675989,0.8180904522613065
0.2186071524603388,0.817907444668008
0.21833826297391773,0.8177240684793555
0.21806937348749664,0.8175403225806451
0.21780048400107554,0.8173562058526741
0.21780048400107554,0.8181818181818182
0.21753159451465448,0.8179979777553084
0.2172627050282334,0.8178137651821862
0.21699381554181232,0.817629179331307
0.21699381554181232,0.8184584178498986
0.21672492605539123,0.8182741116751269
0.21672492605539123,0.8191056910569106
0.21645603656897017,0.8189216683621566
0.21618714708254907,0.8187372708757638
0.21591825759612798,0.81855249745158
0.21564936810970692,0.8183673469387756
0.21538047862328583,0.8181818181818182
0.21511158913686476,0.8179959100204499
0.21511158913686476,0.8188331627430911
0.21484269965044367,0.8186475409836066
0.21484269965044367,0.8194871794871795
0.21457381016402258,0.8193018480492813
0.21349825221833826,0.8185567010309278
0.21349825221833826,0.8194014447884417
0.21349825221833826,0.8202479338842975
0.21322936273191717,0.8200620475698035
0.21322936273191717,0.8217616580310881
0.2129604732454961,0.8215767634854771
0.21269158375907501,0.8213914849428868
0.21242269427265395,0.8212058212058212
0.21242269427265395,0.8220603537981269
0.21242269427265395,0.8229166666666666
0.21242269427265395,0.8237747653806048
0.21215380478623286,0.8235908141962421
0.21215380478623286,0.8244514106583072
0.21188491529981177,0.8242677824267782
0.21188491529981177,0.8251308900523561
0.21188491529981177,0.8259958071278826
0.21188491529981177,0.8268625393494229
0.21188491529981177,0.8277310924369747
0.2116160258133907,0.8275499474237644
0.21107824684054854,0.827186512118019
0.21080935735412745,0.8270042194092827
0.21054046786770636,0.8268215417106652
0.21054046786770636,0.8276955602536998
0.2102715783812853,0.8275132275132275
0.2100026888948642,0.8273305084745762
0.2100026888948642,0.8282078472958643
0.20973379940844314,0.8280254777070064
0.20946490992202205,0.8278427205100957
0.20946490992202205,0.8287234042553191
0.20919602043560095,0.8285410010649628
0.2089271309491799,0.8283582089552238
0.2086582414627588,0.8281750266808965
0.20838935197633773,0.8279914529914529
0.20812046248991664,0.827807486631016
0.20812046248991664,0.828693790149893
0.20785157300349558,0.8285101822079314
0.20785157300349558,0.8293991416309013
0.20758268351707448,0.8292158968850698
0.2073137940306534,0.8290322580645161
0.2073137940306534,0.829924650161464
0.2073137940306534,0.8308189655172413
0.20704490454423233,0.8306364617044228
0.20704490454423233,0.8315334773218143
0.20650712557139017,0.8311688311688312
0.20623823608496908,0.8309859154929577
0.205969346598548,0.8308026030368764
0.20570045711212692,0.8306188925081434
0.20543156762570583,0.8304347826086956
0.20543156762570583,0.8313384113166485
0.20543156762570583,0.8322440087145969
0.20543156762570583,0.8331515812431843
0.20516267813928477,0.8329694323144105
0.20489378865286367,0.8327868852459016
0.20489378865286367,0.8336980306345733
0.20489378865286367,0.8346111719605696
0.20462489916644258,0.8344298245614035
0.20462489916644258,0.8353457738748628
0.20435600968002152,0.8351648351648352
0.20435600968002152,0.8360836083608361
0.20435600968002152,0.8370044052863436
0.20435600968002152,0.8379272326350606
0.20408712019360042,0.8377483443708609
0.20381823070717936,0.8375690607734807
0.20354934122075827,0.8373893805309734
0.20328045173433718,0.8372093023255814
0.20328045173433718,0.8381374722838137
0.20328045173433718,0.8390677025527192
0.2030115622479161,0.8388888888888889
0.2030115622479161,0.8398220244716351
0.20274267276149502,0.8396436525612472
0.20247378327507395,0.8394648829431438
0.20220489378865286,0.8392857142857143
0.20193600430223177,0.8391061452513966
0.20193600430223177,0.8400447427293065
0.20193600430223177,0.8409854423292273
0.20193600430223177,0.8419282511210763
0.20193600430223177,0.8428731762065096
0.2016671148158107,0.8426966292134831
0.2016671148158107,0.843644544431946
0.2013982253293896,0.8434684684684685
0.2013982253293896,0.8444193912063134
0.20112933584296855,0.8442437923250564
0.20086044635654746,0.8440677966101695
0.2005915568701264,0.8438914027149321
0.2003226673837053,0.8437146092865232
0.2003226673837053,0.844671201814059
0.2003226673837053,0.8456299659477866
0.2000537778972842,0.8454545454545455
0.19978488841086314,0.8452787258248009
0.19951599892444205,0.8451025056947609
0.19951599892444205,0.8460661345496009
0.19951599892444205,0.8470319634703196
0.199247109438021,0.8468571428571429
0.1989782199515999,0.8466819221967964
0.1987093304651788,0.8465063001145475
0.19844044097875774,0.8463302752293578
0.19844044097875774,0.8473019517795637
0.19790266200591558,0.8469505178365938
0.1976337725194945,0.8467741935483871
0.1973648830330734,0.8465974625144176
0.19709599354665233,0.8464203233256351
0.19682710406023124,0.846242774566474
0.19655821457381017,0.8460648148148148
0.19628932508738908,0.8458864426419467
0.196020435600968,0.845707656612529
0.19575154611454693,0.8455284552845529
0.19548265662812583,0.8453488372093023
0.19548265662812583,0.8463329452852154
0.19548265662812583,0.8473193473193473
0.19521376714170477,0.8471411901983664
0.19494487765528368,0.8469626168224299
0.19494487765528368,0.8499413833528722
0.19467598816886258,0.8497652582159625
0.19467598816886258,0.8507638072855465
0.19467598816886258,0.851764705882353
0.19440709868244152,0.8515901060070671
0.19440709868244152,0.8525943396226415
0.19440709868244152,0.8536009445100354
0.19440709868244152,0.8546099290780141
0.19440709868244152,0.855621301775148
0.19440709868244152,0.8566350710900474
0.19413820919602043,0.8564650059311981
0.19386931970959936,0.8562945368171021
0.19360043022317827,0.8561236623067776
0.19360043022317827,0.8571428571428571
0.19333154073675718,0.8569725864123957
0.19279376176391502,0.8566308243727598
0.19252487227749396,0.8564593301435407
0.19225598279107287,0.8562874251497006
0.1919870933046518,0.8561151079136691
0.1919870933046518,0.8571428571428571
0.1919870933046518,0.8581730769230769
0.1917182038182307,0.8580024067388689
0.19144931433180962,0.8578313253012049
0.19144931433180962,0.8588661037394452
0.19091153535896746,0.8585247883917775
0.1906426458725464,0.8583535108958837
0.1906426458725464,0.8593939393939394
0.1903737563861253,0.8592233009708737
0.1903737563861253,0.8602673147023087
0.1901048668997042,0.8600973236009732
0.18983597741328315,0.8599269183922046
0.18983597741328315,0.8609756097560975
0.18983597741328315,0.8620268620268621
0.18983597741328315,0.863080684596577
0.18956708792686205,0.8629130966952264
0.189298198440441,0.8627450980392157
0.1890293089540199,0.8625766871165644
0.1890293089540199,0.8636363636363636
0.1887604194675988,0.8634686346863468
0.18849152998117774,0.8633004926108374
0.18849152998117774,0.8643649815043156
0.18849152998117774,0.8654320987654321
0.18822264049475665,0.865265760197775
0.18795375100833558,0.8650990099009901
0.18795375100833558,0.8661710037174721
0.18795375100833558,0.8672456575682382
0.1876848615219145,0.867080745341615
0.1876848615219145,0.8681592039800995
0.1874159720354934,0.8679950186799502
0.18714708254907234,0.8678304239401496
0.18687819306265124,0.867665418227216
0.18687819306265124,0.86875
0.18660930357623018,0.8685857321652065
0.18660930357623018,0.8696741854636592
0.186071524603388,0.8693467336683417
0.18580263511696693,0.869182389937107
0.18580263511696693,0.8702770780856424
0.18580263511696693,0.8713745271122321
0.18553374563054584,0.8712121212121212
0.18553374563054584,0.8723135271807838
0.18526485614412477,0.8721518987341772
0.18499596665770368,0.8719898605830165
0.18472707717128262,0.8718274111675127
0.18445818768486152,0.8716645489199492
0.18418929819844043,0.871501272264631
0.18392040871201937,0.8713375796178344
0.18392040871201937,0.8724489795918368
0.18392040871201937,0.8735632183908046
0.18365151922559828,0.8734015345268542
0.1833826297391772,0.8732394366197183
0.18311374025275612,0.8730769230769231
0.18284485076633503,0.8729139922978177
0.18257596127991396,0.8727506426735219
0.18257596127991396,0.8738738738738738
0.18230707179349287,0.8737113402061856
0.18230707179349287,0.8748387096774194
0.1820381823070718,0.8746770025839793
0.1820381823070718,0.8758085381630013
0.1820381823070718,0.8769430051813472
0.1820381823070718,0.8780804150453956
0.1817692928206507,0.8779220779220779
0.18150040333422962,0.8777633289986996
0.18123151384780856,0.8776041666666666
0.18096262436138746,0.877444589308996
0.1806937348749664,0.8772845953002611
0.1804248453885453,0.8771241830065359
0.17988706641570315,0.8768020969855832
0.17988706641570315,0.8779527559055118
0.17961817692928206,0.8777923784494087
0.179349287442861,0.8776315789473684
0.179349287442861,0.8787878787878788
0.1790803979564399,0.8786279683377308
0.1790803979564399,0.8797886393659181
0.1790803979564399,0.8809523809523809
0.1788115084700188,0.8807947019867549
0.17827372949717665,0.8804780876494024
0.1780048400107556,0.8803191489361702
0.1777359505243345,0.8801597869507324
0.1774670610379134,0.88
0.17719817155149234,0.8798397863818425
0.17719817155149234,0.8810160427807486
0.17692928206507125,0.8808567603748326
0.17692928206507125,0.8820375335120644
0.17666039257865018,0.8818791946308725
0.1763915030922291,0.8817204301075269
0.17612261360580803,0.8815612382234186
0.17612261360580803,0.8827493261455526
0.17585372411938693,0.8825910931174089
0.17531594514654478,0.8822733423545331
0.17531594514654478,0.8834688346883469
0.17531594514654478,0.8846675712347354
0.17504705566012368,0.8845108695652174
0.17504705566012368,0.8857142857142857
0.17504705566012368,0.8869209809264306
0.17504705566012368,0.888130968622101
0.17477816617370262,0.8879781420765027
0.17477816617370262,0.8891928864569083
0.17477816617370262,0.8904109589041096
0.17450927668728153,0.8902606310013718
0.17424038720086044,0.8901098901098901
0.17397149771443937,0.889958734525447
0.17370260822801828,0.8898071625344353
0.17343371874159721,0.8896551724137931
0.17316482925517612,0.8895027624309392
0.17262705028233397,0.889196675900277
0.17235816079591287,0.8890429958391124
0.1720892713094918,0.8888888888888888
0.17182038182307072,0.8887343532684284
0.17155149233664962,0.8885793871866295
0.17128260285022856,0.8884239888423989
0.17101371336380747,0.888268156424581
0.17101371336380747,0.8895104895104895
0.1707448238773864,0.8893557422969187
0.1707448238773864,0.8906030855539971
0.1704759343909653,0.8904494382022472
0.17020704490454422,0.890295358649789
0.17020704490454422,0.8915492957746479
0.16993815541812315,0.8913963328631875
0.16966926593170206,0.8912429378531074
0.16966926593170206,0.8925035360678925
0.169400376445281,0.8923512747875354
0.1691314869588599,0.8921985815602836
0.16886259747243884,0.8920454545454546
0.16859370798601775,0.8918918918918919
0.16859370798601775,0.8931623931623932
0.16832481849959666,0.8930099857346647
0.1680559290131756,0.8928571428571429
0.1677870395267545,0.8927038626609443
0.1677870395267545,0.8939828080229226
0.16751815004033344,0.8938307030129125
0.16751815004033344,0.8951149425287356
0.16724926055391234,0.8949640287769784
0.16724926055391234,0.8962536023054755
0.16698037106749125,0.8961038961038961
0.1667114815810702,0.8959537572254336
0.1667114815810702,0.8972503617945007
0.1664425920946491,0.8971014492753623
0.1664425920946491,0.8997093023255814
0.16617370260822803,0.8995633187772926
0.16590481312180694,0.8994169096209913
0.16590481312180694,0.9007299270072993
0.16563592363538585,0.9005847953216374
0.16563592363538585,0.9019033674963397
0.16536703414896478,0.9017595307917888
0.1650981446625437,0.9016152716593245
0.16482925517612262,0.9014705882352941
0.16456036568970153,0.9013254786450663
0.16456036568970153,0.9026548672566371
0.16456036568970153,0.9039881831610044
0.16429147620328044,0.9038461538461539
0.16402258671685938,0.9037037037037037
0.16402258671685938,0.9050445103857567
0.16375369723043828,0.9049034175334324
0.16294702877117503,0.9044776119402985
0.16294702877117503,0.905829596412556
0.16294702877117503,0.907185628742515
0.16267813928475397,0.9070464767616192
0.16267813928475397,0.9084084084084084
0.16240924979833288,0.9082706766917293
0.16240924979833288,0.9096385542168675
0.16240924979833288,0.9110105580693816
0.16187147082549072,0.9107413010590015
0.16160258133906963,0.9106060606060606
0.16133369185264856,0.9104704097116844
0.16106480236622747,0.9103343465045592
0.1607959128798064,0.9101978691019786
0.16052702339338532,0.9100609756097561
0.16025813390696425,0.9099236641221374
0.15998924442054316,0.9097859327217125
0.159451465447701,0.9095092024539877
0.159451465447701,0.9109062980030722
0.159451465447701,0.9123076923076923
0.159451465447701,0.9137134052388289
0.159451465447701,0.9151234567901234
0.1591825759612799,0.9149922720247295
0.15891368647485885,0.9148606811145511
0.15864479698843775,0.9147286821705426
0.15837590750201666,0.9145962732919255
0.1581070180155956,0.9144634525660964
0.1581070180155956,0.9158878504672897
0.15756923904275344,0.915625
0.15730034955633235,0.9154929577464789
0.15730034955633235,0.9169278996865203
0.15703146006991126,0.9167974882260597
0.1567625705834902,0.9166666666666666
0.1567625705834902,0.9181102362204724
0.1567625705834902,0.919558359621451
0.1567625705834902,0.9210110584518167
0.1564936810970691,0.9208860759493671
0.1564936810970691,0.9223454833597464
0.15622479161064803,0.9222222222222223
0.15595590212422694,0.9220985691573926
0.15568701263780585,0.9219745222929936
0.15541812315138478,0.9218500797448166
0.1551492336649637,0.9217252396166135
0.15488034417854263,0.9216
0.15461145469212154,0.9214743589743589
0.15434256520570044,0.9213483146067416
0.15434256520570044,0.9228295819935691
0.15407367571927938,0.9227053140096618
0.1538047862328583,0.9225806451612903
0.15353589674643722,0.9224555735056543
0.15326700726001613,0.9223300970873787
0.15299811777359507,0.9222042139384117
0.15299811777359507,0.9237012987012987
0.15272922828717397,0.9235772357723577
0.15246033880075288,0.9234527687296417
0.15219144931433182,0.9233278955954323
0.15219144931433182,0.9248366013071896
0.15165367034148966,0.9245901639344263
0.15165367034148966,0.9261083743842364
0.15111589136864748,0.9258649093904449
0.15111589136864748,0.9273927392739274
0.1508470018822264,0.9272727272727272
0.15057811239580532,0.9271523178807947
0.15030922290938425,0.9270315091210614
0.15004033342296316,0.9269102990033222
0.14977144393654207,0.9267886855241264
0.149502554450121,0.9266666666666666
0.149502554450121,0.9282136894824707
0.1492336649636999,0.9280936454849499
0.14896477547727885,0.9279731993299832
0.14869588599085776,0.9278523489932886
0.14842699650443666,0.9277310924369748
0.14842699650443666,0.9292929292929293
0.1481581070180156,0.9291736930860034
0.1478892175315945,0.9290540540540541
0.14735143855875235,0.9288135593220339
0.1468136595859102,0.9285714285714286
0.1468136595859102,0.9301533219761499
0.1465447700994891,0.9300341296928327
0.14627588061306804,0.9299145299145299
0.14600699112664695,0.9297945205479452
0.14573810164022585,0.9296740994854202
0.1454692121538048,0.929553264604811
0.1452003226673837,0.9294320137693631
0.14493143318096263,0.9293103448275862
0.14466254369454154,0.9291882556131261
0.14466254369454154,0.9307958477508651
0.14439365420812048,0.9306759098786829
0.14412476472169938,0.9305555555555556
0.1438558752352783,0.9304347826086956
0.14358698574885723,0.9303135888501742
0.14331809626243613,0.9301919720767888
0.14304920677601507,0.9300699300699301
0.14278031728959398,0.9299474605954466
0.14278031728959398,0.9315789473684211
0.14251142780317289,0.9314586994727593
0.14224253831675182,0.9313380281690141
0.14197364883033073,0.9312169312169312
0.14197364883033073,0.9328621908127208
0.14170475934390966,0.9327433628318584
0.14143586985748857,0.9326241134751773
0.14116698037106748,0.9325044404973357
0.14089809088464642,0.9323843416370107
0.14062920139822532,0.9322638146167558
0.14036031191180426,0.9321428571428572
0.14009142242538317,0.9320214669051878
0.14009142242538317,0.9336917562724014
0.13982253293896207,0.933572710951526
0.139553643452541,0.9334532374100719
0.13928475396611992,0.9333333333333333
0.13901586447969885,0.9332129963898917
0.13874697499327776,0.9330922242314648
0.13847808550685667,0.9329710144927537
0.1382091960204356,0.9328493647912885
0.1379403065340145,0.9327272727272727
0.13767141704759345,0.9326047358834244
0.13740252756117236,0.9324817518248175
0.1371336380747513,0.9323583180987203
0.1368647485883302,0.9322344322344323
0.1365958591019091,0.9321100917431193
0.13632696961548804,0.9319852941176471
0.13605808012906695,0.9318600368324125
0.13605808012906695,0.933579335793358
0.13605808012906695,0.9353049907578558
0.13578919064264589,0.9351851851851852
0.1355203011562248,0.935064935064935
0.1355203011562248,0.9368029739776952
0.1355203011562248,0.9385474860335196
0.1352514116698037,0.9384328358208955
0.13498252218338264,0.9383177570093458
0.13471363269696154,0.9382022471910112
0.13471363269696154,0.9399624765478424
0.13444474321054048,0.9398496240601504
0.1341758537241194,0.9397363465160076
0.1341758537241194,0.9415094339622642
0.1339069642376983,0.941398865784499
0.13363807475127723,0.9412878787878788
0.13336918526485614,0.9411764705882353
0.13336918526485614,0.9429657794676806
0.13310029577843507,0.9428571428571428
0.13310029577843507,0.9446564885496184
0.13283140629201398,0.9445506692160612
0.1325625168055929,0.9444444444444444
0.13229362731917182,0.944337811900192
0.13202473783275073,0.9442307692307692
0.13175584834632967,0.9441233140655106
0.13148695885990858,0.944015444015444
0.13121806937348748,0.9439071566731141
0.13121806937348748,0.9457364341085271
0.13094917988706642,0.945631067961165
0.13094917988706642,0.9474708171206225
0.13068029040064533,0.9473684210526315
0.13041140091422426,0.947265625
0.13014251142780317,0.9471624266144814
0.13014251142780317,0.9490196078431372
0.1298736219413821,0.9489194499017681
0.1298736219413821,0.9507874015748031
0.129604732454961,0.9506903353057199
0.129604732454961,0.9525691699604744
0.129604732454961,0.9544554455445544
0.12933584296853992,0.9543650793650794
0.12906695348211886,0.9542743538767395
0.12799139553643452,0.9539078156312625
0.12772250605001345,0.9538152610441767
0.12745361656359236,0.9537223340040242
0.1271847270771713,0.9536290322580645
0.1269158375907502,0.9535353535353536
0.1266469481043291,0.9534412955465587
0.12637805861790805,0.9533468559837728
0.12610916913148695,0.9532520325203252
0.1258402796450659,0.9531568228105907
0.1255713901586448,0.9530612244897959
0.1255713901586448,0.9550102249488752
0.1253025006722237,0.9549180327868853
0.12503361118580264,0.9548254620123203
0.12476472169938155,0.9547325102880658
0.12449583221296047,0.954639175257732
0.12422694272653939,0.9545454545454546
0.12422694272653939,0.9565217391304348
0.12422694272653939,0.9585062240663901
0.12422694272653939,0.9604989604989606
0.12422694272653939,0.9625
0.12422694272653939,0.964509394572025
0.12395805324011831,0.9644351464435147
0.12368916375369723,0.9643605870020965
0.12342027426727616,0.9642857142857143
0.12342027426727616,0.9663157894736842
0.12315138478085506,0.9662447257383966
0.12288249529443399,0.9661733615221987
0.12288249529443399,0.9682203389830508
0.12288249529443399,0.970276008492569
0.12234471632159183,0.9701492537313433
0.12207582683517075,0.9700854700854701
0.12180693734874966,0.9700214132762313
0.12153804786232858,0.9699570815450643
0.12153804786232858,0.9720430107526882
0.1212691583759075,0.9719827586206896
0.12100026888948642,0.9719222462203023
0.12073137940306534,0.9718614718614719
0.12073137940306534,0.9739696312364425
0.12046248991664425,0.9739130434782609
0.12019360043022317,0.9738562091503268
0.1199247109438021,0.9737991266375546
0.11965582145738102,0.973741794310722
0.11938693197095994,0.9736842105263158
0.11911804248453886,0.9736263736263736
0.11884915299811777,0.973568281938326
0.11777359505243346,0.9733333333333334
0.11750470556601236,0.9732739420935412
0.11723581607959128,0.9732142857142857
0.11723581607959128,0.9753914988814317
0.1169669265931702,0.9753363228699552
0.1169669265931702,0.9775280898876404
0.11669803710674913,0.9774774774774775
0.11642914762032805,0.9774266365688488
0.11616025813390696,0.9773755656108597
0.11589136864748588,0.9773242630385488
0.1156224791610648,0.9772727272727273
0.11535358967464372,0.9772209567198178
0.11508470018822264,0.9771689497716894
0.11481581070180157,0.977116704805492
0.11454692121538047,0.9770642201834863
0.1142780317289594,0.9770114942528736
0.11400914224253832,0.9769585253456221
0.11374025275611724,0.976905311778291
0.11347136326969616,0.9768518518518519
0.11320247378327507,0.9767981438515081
0.11293358429685399,0.9767441860465116
0.11266469481043291,0.9766899766899767
0.11239580532401183,0.9766355140186916
0.11239580532401183,0.9789227166276346
0.11212691583759075,0.9788732394366197
0.11185802635116968,0.9788235294117648
0.11158913686474858,0.9787735849056604
0.11105135789190643,0.9786729857819905
0.11078246840548535,0.9786223277909739
0.11078246840548535,0.9809523809523809
0.11051357891906427,0.9809069212410502
0.11024468943264318,0.9808612440191388
0.11024468943264318,0.9832134292565947
0.10970691045980102,0.983132530120482
0.10943802097337994,0.9830917874396136
0.10916913148695886,0.9830508474576272
0.10890024200053777,0.9830097087378641
0.1086313525141167,0.9829683698296837
0.10836246302769562,0.9829268292682927
0.10809357354127454,0.9828850855745721
0.10782468405485346,0.9828431372549019
0.10701801559559021,0.9827160493827161
0.10674912610916913,0.9826732673267327
0.10648023662274805,0.9826302729528535
0.10621134713632698,0.9825870646766169
0.10594245764990588,0.9825436408977556
0.10594245764990588,0.985
0.1056735681634848,0.9849624060150376
0.1056735681634848,0.9874371859296482
0.1056735681634848,0.9899244332493703
0.10540467867706373,0.98989898989899
0.10513578919064265,0.9898734177215189
0.10513578919064265,0.9923857868020305
0.10486689970422157,0.9923664122137404
0.10459801021780048,0.9923469387755102
0.1043291207313794,0.9923273657289002
0.10406023124495832,0.9923076923076923
0.10379134175853724,0.9922879177377892
0.10379134175853724,0.9948453608247423
0.10352245227211616,0.9948320413436692
0.10325356278569509,0.9948186528497409
0.102984673299274,0.9948051948051948
0.10271578381285291,0.9947916666666666
0.10271578381285291,0.9973890339425587
0.10244689432643184,0.9973821989528796
0.10217800484001076,0.9973753280839895
0.10217800484001076,1.0
0.10190911535358968,1.0
0.10164022586716859,1.0
0.10137133638074751,1.0
0.10110244689432643,1.0
0.10083355740790535,1.0
0.10056466792148427,1.0
0.1002957784350632,1.0
0.1000268889486421,1.0
0.09975799946222103,1.0
0.09948910997579995,1.0
0.09922022048937887,1.0
0.09895133100295779,1.0
0.0986824415165367,1.0
0.09841355203011562,1.0
0.09814466254369454,1.0
0.09787577305727346,1.0
0.09760688357085238,1.0
0.09733799408443129,1.0
0.09706910459801021,1.0
0.09680021511158914,1.0
0.09653132562516806,1.0
0.09626243613874698,1.0
0.0959935466523259,1.0
0.09572465716590481,1.0
0.09545576767948373,1.0
0.09491798870664157,1.0
0.0946490992202205,1.0
0.09222909384243076,1.0
0.09196020435600968,1.0
0.09088464641032536,1.0
0.09061575692390428,1.0
0.08819575154611455,1.0
0.08792686205969347,1.0
0.08685130411400914,1.0
0.08550685668190373,1.0
0.08523796719548266,1.0
0.08443129873621942,1.0
0.08362463027695617,1.0
0.07663350363000807,1.0
0.07233127184727077,1.0
0.07152460338800753,1.0
0.0691045980102178,1.0
0.06614681365958591,1.0
0.06587792417316483,1.0
0.0648023662274805,1.0
0.05969346598547997,1.0
0.05592901317558484,1.0
0.0521645603656897,1.0
0.04302231782737295,1.0
0.04033342296316214,1.0
0.037913417585372415,1.0
0.03576230169400377,1.0
0.0225867168593708,1.0
0.020435600968002152,1.0
0.018015595590212423,1.0
0.015326700726001613,1.0
0.012637805861790804,1.0
0.008066684592632429,1.0
0.007797795106211347,1.0
0.0,1.0
