fpr,tpr
0.0,0.0
0.0,0.007797795106211347
0.0,0.008066684592632429
0.0,0.012637805861790804
0.0,0.018015595590212423
0.0,0.020435600968002152
0.0,0.0225867168593708
0.0,0.03576230169400377
0.0,0.037913417585372415
0.0,0.04033342296316214
0.0,0.04302231782737295
0.0,0.0521645603656897
0.0,0.05969346598547997
0.0,0.0648023662274805
0.0,0.06587792417316483
0.0,0.06614681365958591
0.0,0.0691045980102178
0.0,0.07152460338800753
0.0,0.07233127184727077
0.0,0.07663350363000807
0.0,0.08362463027695617
0.0,0.08523796719548266
0.0,0.08550685668190373
0.0,0.08685130411400914
0.0,0.08792686205969347
0.0,0.08819575154611455
0.0,0.09061575692390428
0.0,0.09088464641032536
0.0,0.09196020435600968
0.0,0.09222909384243076
0.0,0.0946490992202205
0.0,0.09491798870664157
0.0,0.09545576767948373
0.0,0.10217800484001076
0.00012584948401711554,0.10217800484001076
0.00012584948401711554,0.10271578381285291
0.0002516989680342311,0.10271578381285291
0.0002516989680342311,0.10379134175853724
0.0003775484520513466,0.10379134175853724
0.0003775484520513466,0.10513578919064265
0.0005033979360684622,0.10513578919064265
0.0005033979360684622,0.1056735681634848
0.0007550969041026932,0.1056735681634848
0.0007550969041026932,0.10594245764990588
0.0008809463881198087,0.10594245764990588
0.0008809463881198087,0.10701801559559021
0.0008809463881198087,0.10782468405485346
0.0008809463881198087,0.10970691045980102
0.0008809463881198087,0.11024468943264318
0.0010067958721369243,0.11024468943264318
0.0010067958721369243,0.11078246840548535
0.0011326453561540397,0.11078246840548535
0.0011326453561540397,0.11105135789190643
0.0011326453561540397,0.11158913686474858
0.0011326453561540397,0.11239580532401183
0.0012584948401711553,0.11239580532401183
0.0012584948401711553,0.1169669265931702
0.0013843443241882709,0.1169669265931702
0.0013843443241882709,0.11723581607959128
0.0015101938082053865,0.11723581607959128
0.0015101938082053865,0.11777359505243346
0.0015101938082053865,0.11884915299811777
0.0015101938082053865,0.12073137940306534
0.0016360432922225018,0.12073137940306534
0.0016360432922225018,0.12153804786232858
0.0017618927762396174,0.12153804786232858
0.0017618927762396174,0.12234471632159183
0.0017618927762396174,0.12288249529443399
0.0020135917442738486,0.12288249529443399
0.0020135917442738486,0.12342027426727616
0.002139441228290964,0.12342027426727616
0.002139441228290964,0.12422694272653939
0.0027686886483765417,0.12422694272653939
0.0027686886483765417,0.1255713901586448
0.002894538132393657,0.1255713901586448
0.002894538132393657,0.12799139553643452
0.002894538132393657,0.12906695348211886
0.002894538132393657,0.129604732454961
0.0031462371004278883,0.129604732454961
0.0031462371004278883,0.1298736219413821
0.0032720865844450037,0.1298736219413821
0.0032720865844450037,0.13014251142780317
0.0033979360684621195,0.13014251142780317
0.0033979360684621195,0.13094917988706642
0.003523785552479235,0.13094917988706642
0.003523785552479235,0.13121806937348748
0.0036496350364963502,0.13121806937348748
0.0036496350364963502,0.13310029577843507
0.003775484520513466,0.13310029577843507
0.003775484520513466,0.13336918526485614
0.0039013340045305814,0.13336918526485614
0.0039013340045305814,0.1341758537241194
0.004027183488547697,0.1341758537241194
0.004027183488547697,0.13471363269696154
0.004153032972564813,0.13471363269696154
0.004153032972564813,0.1355203011562248
0.004404731940599043,0.1355203011562248
0.004404731940599043,0.13605808012906695
0.004656430908633275,0.13605808012906695
0.004656430908633275,0.14009142242538317
0.00478228039265039,0.14009142242538317
0.00478228039265039,0.14197364883033073
0.004908129876667506,0.14197364883033073
0.004908129876667506,0.14278031728959398
0.005033979360684621,0.14278031728959398
0.005033979360684621,0.14466254369454154
0.0051598288447017365,0.14466254369454154
0.0051598288447017365,0.1468136595859102
0.005285678328718852,0.1468136595859102
0.005285678328718852,0.1478892175315945
0.005285678328718852,0.14842699650443666
0.005411527812735968,0.14842699650443666
0.005411527812735968,0.149502554450121
0.0055373772967530835,0.149502554450121
0.0055373772967530835,0.15111589136864748
0.005663226780770199,0.15111589136864748
0.005663226780770199,0.15165367034148966
0.005789076264787314,0.15165367034148966
0.005789076264787314,0.15219144931433182
0.00591492574880443,0.15219144931433182
0.00591492574880443,0.15299811777359507
0.006040775232821546,0.15299811777359507
0.006040775232821546,0.15434256520570044
0.006166624716838661,0.15434256520570044
0.006166624716838661,0.1564936810970691
0.006292474200855777,0.1564936810970691
0.006292474200855777,0.1567625705834902
0.006670022652907123,0.1567625705834902
0.006670022652907123,0.15730034955633235
0.006795872136924239,0.15730034955633235
0.006795872136924239,0.15756923904275344
0.006795872136924239,0.1581070180155956
0.006921721620941354,0.1581070180155956
0.006921721620941354,0.159451465447701
0.007425119557009816,0.159451465447701
0.007425119557009816,0.15998924442054316
0.007425119557009816,0.16187147082549072
0.007425119557009816,0.16240924979833288
0.0076768185250440475,0.16240924979833288
0.0076768185250440475,0.16267813928475397
0.007802668009061163,0.16267813928475397
0.007802668009061163,0.16294702877117503
0.008054366977095394,0.16294702877117503
0.008054366977095394,0.16375369723043828
0.008054366977095394,0.16402258671685938
0.00818021646111251,0.16402258671685938
0.00818021646111251,0.16456036568970153
0.00843191542914674,0.16456036568970153
0.00843191542914674,0.16563592363538585
0.008557764913163856,0.16563592363538585
0.008557764913163856,0.16590481312180694
0.008683614397180971,0.16590481312180694
0.008683614397180971,0.1664425920946491
0.008935313365215202,0.1664425920946491
0.008935313365215202,0.1667114815810702
0.009061162849232317,0.1667114815810702
0.009061162849232317,0.16724926055391234
0.009187012333249433,0.16724926055391234
0.009187012333249433,0.16751815004033344
0.00931286181726655,0.16751815004033344
0.00931286181726655,0.1677870395267545
0.009438711301283665,0.1677870395267545
0.009438711301283665,0.16859370798601775
0.00956456078530078,0.16859370798601775
0.00956456078530078,0.16966926593170206
0.009690410269317896,0.16966926593170206
0.009690410269317896,0.17020704490454422
0.009816259753335011,0.17020704490454422
0.009816259753335011,0.1707448238773864
0.009942109237352127,0.1707448238773864
0.009942109237352127,0.17101371336380747
0.010067958721369242,0.17101371336380747
0.010067958721369242,0.17262705028233397
0.010067958721369242,0.17316482925517612
0.010067958721369242,0.17477816617370262
0.010319657689403473,0.17477816617370262
0.010319657689403473,0.17504705566012368
0.01069720614145482,0.17504705566012368
0.01069720614145482,0.17531594514654478
0.010948905109489052,0.17531594514654478
0.010948905109489052,0.17585372411938693
0.010948905109489052,0.17612261360580803
0.011074754593506167,0.17612261360580803
0.011074754593506167,0.17692928206507125
0.011200604077523282,0.17692928206507125
0.011200604077523282,0.17719817155149234
0.011326453561540398,0.17719817155149234
0.011326453561540398,0.17827372949717665
0.011326453561540398,0.1788115084700188
0.011326453561540398,0.1790803979564399
0.011578152529574628,0.1790803979564399
0.011578152529574628,0.179349287442861
0.011704002013591744,0.179349287442861
0.011704002013591744,0.17988706641570315
0.01182985149760886,0.17988706641570315
0.01182985149760886,0.1804248453885453
0.01182985149760886,0.1820381823070718
0.012207399949660207,0.1820381823070718
0.012207399949660207,0.18230707179349287
0.012333249433677322,0.18230707179349287
0.012333249433677322,0.18257596127991396
0.012459098917694438,0.18257596127991396
0.012459098917694438,0.18392040871201937
0.012710797885728669,0.18392040871201937
0.012710797885728669,0.18553374563054584
0.012836647369745784,0.18553374563054584
0.012836647369745784,0.18580263511696693
0.013088346337780015,0.18580263511696693
0.013088346337780015,0.186071524603388
0.013088346337780015,0.18660930357623018
0.01321419582179713,0.18660930357623018
0.01321419582179713,0.18687819306265124
0.013340045305814245,0.18687819306265124
0.013340045305814245,0.1876848615219145
0.01346589478983136,0.1876848615219145
0.01346589478983136,0.18795375100833558
0.013717593757865593,0.18795375100833558
0.013717593757865593,0.18849152998117774
0.013969292725899824,0.18849152998117774
0.013969292725899824,0.1890293089540199
0.01409514220991694,0.1890293089540199
0.01409514220991694,0.18983597741328315
0.014472690661968286,0.18983597741328315
0.014472690661968286,0.1903737563861253
0.014598540145985401,0.1903737563861253
0.014598540145985401,0.1906426458725464
0.014724389630002516,0.1906426458725464
0.014724389630002516,0.19091153535896746
0.014724389630002516,0.19144931433180962
0.014850239114019632,0.19144931433180962
0.014850239114019632,0.1919870933046518
0.015101938082053864,0.1919870933046518
0.015101938082053864,0.19279376176391502
0.015101938082053864,0.19333154073675718
0.015101938082053864,0.19360043022317827
0.01522778756607098,0.19360043022317827
0.01522778756607098,0.19440709868244152
0.015857034986156558,0.19440709868244152
0.015857034986156558,0.19467598816886258
0.01610873395419079,0.19467598816886258
0.01610873395419079,0.19494487765528368
0.016486282406242135,0.19494487765528368
0.016486282406242135,0.19548265662812583
0.016737981374276366,0.19548265662812583
0.016737981374276366,0.19790266200591558
0.016737981374276366,0.19844044097875774
0.01686383085829348,0.19844044097875774
0.01686383085829348,0.19951599892444205
0.017115529826327712,0.19951599892444205
0.017115529826327712,0.2003226673837053
0.017367228794361943,0.2003226673837053
0.017367228794361943,0.2013982253293896
0.017493078278379058,0.2013982253293896
0.017493078278379058,0.2016671148158107
0.017618927762396173,0.2016671148158107
0.017618927762396173,0.20193600430223177
0.018122325698464635,0.20193600430223177
0.018122325698464635,0.2030115622479161
0.01824817518248175,0.2030115622479161
0.01824817518248175,0.20328045173433718
0.018499874150515985,0.20328045173433718
0.018499874150515985,0.20435600968002152
0.01887742260256733,0.20435600968002152
0.01887742260256733,0.20462489916644258
0.019003272086584446,0.20462489916644258
0.019003272086584446,0.20489378865286367
0.019254971054618677,0.20489378865286367
0.019254971054618677,0.20543156762570583
0.019632519506670023,0.20543156762570583
0.019632519506670023,0.20650712557139017
0.019632519506670023,0.20704490454423233
0.01975836899068714,0.20704490454423233
0.01975836899068714,0.2073137940306534
0.02001006795872137,0.2073137940306534
0.02001006795872137,0.20785157300349558
0.020135917442738484,0.20785157300349558
0.020135917442738484,0.20812046248991664
0.0202617669267556,0.20812046248991664
0.0202617669267556,0.20946490992202205
0.020387616410772715,0.20946490992202205
0.020387616410772715,0.2100026888948642
0.02051346589478983,0.2100026888948642
0.02051346589478983,0.21054046786770636
0.020639315378806946,0.21054046786770636
0.020639315378806946,0.21107824684054854
0.020639315378806946,0.2116160258133907
0.020639315378806946,0.21188491529981177
0.021142713314875407,0.21188491529981177
0.021142713314875407,0.21215380478623286
0.021268562798892523,0.21215380478623286
0.021268562798892523,0.21242269427265395
0.021646111250943872,0.21242269427265395
0.021646111250943872,0.21322936273191717
0.021897810218978103,0.21322936273191717
0.021897810218978103,0.21349825221833826
0.022149509187012334,0.21349825221833826
0.022149509187012334,0.21457381016402258
0.022149509187012334,0.21484269965044367
0.02227535867102945,0.21484269965044367
0.02227535867102945,0.21511158913686476
0.022401208155046565,0.21511158913686476
0.022401208155046565,0.21672492605539123
0.02252705763906368,0.21672492605539123
0.02252705763906368,0.21699381554181232
0.022652907123080795,0.21699381554181232
0.022652907123080795,0.21780048400107554
0.02277875660709791,0.21780048400107554
0.02277875660709791,0.21887604194675989
0.02277875660709791,0.21941382091960204
0.02303045557513214,0.21941382091960204
0.02303045557513214,0.21968271040602314
0.023156305059149257,0.21968271040602314
0.023156305059149257,0.2202204893788653
0.023156305059149257,0.22075826835170745
0.023282154543166372,0.22075826835170745
0.023282154543166372,0.22102715783812854
0.02365970299521772,0.22102715783812854
0.02365970299521772,0.2215649368109707
0.024037251447269065,0.2215649368109707
0.024037251447269065,0.22237160527023395
0.0242889504153033,0.22237160527023395
0.0242889504153033,0.22398494218876042
0.0242889504153033,0.22452272116160257
0.024414799899320414,0.22452272116160257
0.024414799899320414,0.22532938962086582
0.024414799899320414,0.22586716859370798
0.024414799899320414,0.22613605808012907
0.02454064938333753,0.22613605808012907
0.02454064938333753,0.22640494756655014
0.02454064938333753,0.22694272653939232
0.02454064938333753,0.22721161602581338
0.02479234835137176,0.22721161602581338
0.02479234835137176,0.22748050551223448
0.02504404731940599,0.22748050551223448
0.02504404731940599,0.22828717397149773
0.025169896803423106,0.22828717397149773
0.025169896803423106,0.22963162140360313
0.025295746287440222,0.22963162140360313
0.025295746287440222,0.2301694003764453
0.025295746287440222,0.23070717934928744
0.025295746287440222,0.2315138478085507
0.025421595771457337,0.2315138478085507
0.025421595771457337,0.23178273729497176
0.025673294739491568,0.23178273729497176
0.025673294739491568,0.23232051626781391
0.0259249937075258,0.23232051626781391
0.0259249937075258,0.232589405754235
0.026050843191542914,0.232589405754235
0.026050843191542914,0.23312718472707716
0.02617669267556003,0.23312718472707716
0.02642839164359426,0.23312718472707716
0.02642839164359426,0.2339338531863404
0.02668009061162849,0.2339338531863404
0.02693178957966272,0.2339338531863404
0.02693178957966272,0.23447163215918257
0.02705763906367984,0.23447163215918257
0.02705763906367984,0.23474052164560366
0.02730933803171407,0.23474052164560366
0.02730933803171407,0.2355471901048669
0.027435187515731187,0.2355471901048669
0.027435187515731187,0.23608496907770907
0.027561036999748302,0.23608496907770907
0.027561036999748302,0.23716052702339338
0.027686886483765417,0.23716052702339338
0.027686886483765417,0.23823608496907772
0.027812735967782533,0.23823608496907772
0.027812735967782533,0.23877386394191988
0.028064434935816764,0.23877386394191988
0.028064434935816764,0.23904275342834094
0.02819028441983388,0.23904275342834094
0.02819028441983388,0.23958053240118313
0.028316133903850994,0.23958053240118313
0.028316133903850994,0.2398494218876042
0.02844198338786811,0.2398494218876042
0.02844198338786811,0.24038720086044635
0.02869368235590234,0.24038720086044635
0.02869368235590234,0.2414627588061307
0.028819531839919456,0.2414627588061307
0.028819531839919456,0.24173164829255175
0.02894538132393657,0.24173164829255175
0.02894538132393657,0.2422694272653939
0.029197080291970802,0.2422694272653939
0.029197080291970802,0.242538316751815
0.029322929775987917,0.242538316751815
0.029322929775987917,0.24334498521107825
0.029448779260005033,0.24334498521107825
0.029448779260005033,0.2438827641839204
0.029700478228039263,0.2438827641839204
0.029700478228039263,0.24442054315676257
0.029700478228039263,0.24468943264318366
0.02982632771205638,0.24468943264318366
0.02982632771205638,0.24495832212960472
0.029952177196073498,0.24495832212960472
0.029952177196073498,0.24522721161602581
0.030078026680090613,0.24522721161602581
0.030078026680090613,0.2454961011024469
0.030329725648124844,0.2454961011024469
0.030329725648124844,0.24630276956171013
0.03070727410017619,0.24630276956171013
0.03070727410017619,0.2468405485345523
0.031084822552227536,0.2468405485345523
0.03121067203624465,0.2468405485345523
0.03121067203624465,0.24764721699381553
0.03133652152026177,0.24764721699381553
0.03133652152026177,0.24791610648023663
0.031462371004278886,0.24791610648023663
0.031462371004278886,0.2481849959666577
0.03183991945633023,0.2481849959666577
0.03183991945633023,0.2495294433987631
0.03209161842436446,0.2495294433987631
0.03209161842436446,0.2497983328851842
0.03221746790838158,0.2497983328851842
0.03221746790838158,0.25033611185802634
0.03221746790838158,0.2506050013444474
0.03234331739239869,0.2506050013444474
0.03234331739239869,0.25087389083086853
0.03246916687641581,0.25087389083086853
0.03246916687641581,0.2511427803172896
0.033098414296501386,0.2511427803172896
0.033098414296501386,0.25141166980371066
0.0332242637805185,0.25141166980371066
0.0332242637805185,0.25194944877655284
0.03347596274855273,0.25194944877655284
0.03347596274855273,0.25248722774939497
0.03360181223256985,0.25248722774939497
0.03360181223256985,0.2527561172358161
0.03372766171658696,0.2527561172358161
0.03372766171658696,0.25356278569507934
0.03372766171658696,0.2538316751815004
0.03385351120060408,0.2538316751815004
0.03385351120060408,0.25410056466792147
0.03410521016863831,0.25410056466792147
0.03410521016863831,0.2549072331271847
0.034231059652655424,0.2549072331271847
0.034231059652655424,0.2554450121000269
0.034231059652655424,0.25571390158644797
0.03435690913667254,0.25571390158644797
0.03435690913667254,0.25598279107286903
0.034482758620689655,0.25598279107286903
0.034482758620689655,0.25625168055929015
0.03460860810470677,0.25625168055929015
0.03460860810470677,0.2567894595321323
0.034734457588723885,0.2567894595321323
0.034734457588723885,0.2570583490185534
0.034986156556758116,0.2570583490185534
0.034986156556758116,0.25759612799139553
0.034986156556758116,0.2581339069642377
0.034986156556758116,0.259209464909922
0.03561540397684369,0.259209464909922
0.03561540397684369,0.2597472438827642
0.035867102944877924,0.2597472438827642
0.035867102944877924,0.2605539123420274
0.036118801912912155,0.2605539123420274
0.036118801912912155,0.26189835977413284
0.03624465139692927,0.26189835977413284
0.03624465139692927,0.26297391771981715
0.0364963503649635,0.26297391771981715
0.0364963503649635,0.2632428072062382
0.036622199848980616,0.2632428072062382
0.036622199848980616,0.26404947566550147
0.036622199848980616,0.26458725463834365
0.03674804933299773,0.26458725463834365
0.03674804933299773,0.2653939230976069
0.03687389881701485,0.2653939230976069
0.03687389881701485,0.26566281258402796
0.03699974830103197,0.26566281258402796
0.03699974830103197,0.26620059155687015
0.0372514472690662,0.26620059155687015
0.0372514472690662,0.2664694810432912
0.037377296753083315,0.2664694810432912
0.037377296753083315,0.2675450389889755
0.03800654417316889,0.2675450389889755
0.03800654417316889,0.26862059693465984
0.03800654417316889,0.2694272653939231
0.03800654417316889,0.26996504436676527
0.03800654417316889,0.2705028233396074
0.03800654417316889,0.2710406023124496
0.03800654417316889,0.2726539392309761
0.03825824314120312,0.2726539392309761
0.03825824314120312,0.27292282871739715
0.038509942109237354,0.27292282871739715
0.038509942109237354,0.27346060769023933
0.038761641077271584,0.27346060769023933
0.038761641077271584,0.2742672761495026
0.038761641077271584,0.27453616563592365
0.039013340045305815,0.27453616563592365
0.039013340045305815,0.2750739446087658
0.039265039013340046,0.2750739446087658
0.039265039013340046,0.275880613068029
0.03964258746539139,0.275880613068029
0.03989428643342562,0.275880613068029
0.03989428643342562,0.2764183920408712
0.040145985401459854,0.2764183920408712
0.040145985401459854,0.2777628394729766
0.040397684369494084,0.2777628394729766
0.040397684369494084,0.2780317289593977
0.040649383337528315,0.2780317289593977
0.040649383337528315,0.27830061844581877
0.04077523282154543,0.27830061844581877
0.04077523282154543,0.27856950793223983
0.040901082305562546,0.27856950793223983
0.040901082305562546,0.28018284485076633
0.04102693178957966,0.28018284485076633
0.04102693178957966,0.2804517343371874
0.04115278127359678,0.2804517343371874
0.04115278127359678,0.28125840279645065
0.04153032972564812,0.28125840279645065
0.04153032972564812,0.28152729228287177
0.04178202869368235,0.28152729228287177
0.042033727661716584,0.28152729228287177
0.0421595771457337,0.28152729228287177
0.0421595771457337,0.28179618176929283
0.0421595771457337,0.28233396074213496
0.0421595771457337,0.28287173971497714
0.042285426629750815,0.28287173971497714
0.042285426629750815,0.2836784081742404
0.04241127611376793,0.2836784081742404
0.04241127611376793,0.28394729766066146
0.042537125597785046,0.28394729766066146
0.042537125597785046,0.28448507663350364
0.04266297508180217,0.28448507663350364
0.04266297508180217,0.28502285560634577
0.04266297508180217,0.28556063457918796
0.04278882456581928,0.28556063457918796
0.04278882456581928,0.285829524065609
0.0429146740498364,0.285829524065609
0.04316637301787063,0.285829524065609
0.04316637301787063,0.2879806399569777
0.043292222501887745,0.2879806399569777
0.043292222501887745,0.28824952944339877
0.043292222501887745,0.28878730841624095
0.04341807198590486,0.28878730841624095
0.04341807198590486,0.28959397687550414
0.043543921469921976,0.28959397687550414
0.043543921469921976,0.29013175584834633
0.04366977095393909,0.29013175584834633
0.04366977095393909,0.2904006453347674
0.04392146992197332,0.2904006453347674
0.04392146992197332,0.2909384243076096
0.04417316889000755,0.2909384243076096
0.04417316889000755,0.2914762032804517
0.04429901837402467,0.2914762032804517
0.04429901837402467,0.2933584296853993
0.04442486785804178,0.2933584296853993
0.04442486785804178,0.2936273191718204
0.04442486785804178,0.2941650981446625
0.0445507173420589,0.2941650981446625
0.0445507173420589,0.2947028771175047
0.044676566826076014,0.2947028771175047
0.044676566826076014,0.29497176660392577
0.044928265794110245,0.29497176660392577
0.044928265794110245,0.2963162140360312
0.045179964762144476,0.2963162140360312
0.045179964762144476,0.29712288249529445
0.04530581424616159,0.29712288249529445
0.04580921218223005,0.29712288249529445
0.04593506166624717,0.29712288249529445
0.04593506166624717,0.2979295509545577
0.04606091115026428,0.2979295509545577
0.04606091115026428,0.29819844044097876
0.0461867606342814,0.29819844044097876
0.0461867606342814,0.29981177735950526
0.046312610118298514,0.29981177735950526
0.046312610118298514,0.30115622479161064
0.04643845960231563,0.30115622479161064
0.04643845960231563,0.3014251142780317
0.04694185753838409,0.3014251142780317
0.04694185753838409,0.3016940037644528
0.04719355650641832,0.3016940037644528
0.04719355650641832,0.3019628932508739
0.04719355650641832,0.30276956171013714
0.04719355650641832,0.3030384511965582
0.04744525547445255,0.3030384511965582
0.04744525547445255,0.3033073406829793
0.04757110495846967,0.3033073406829793
0.04757110495846967,0.30438289862866363
0.04769695444248678,0.30438289862866363
0.04769695444248678,0.3046517881150847
0.04807450289453813,0.3046517881150847
0.04807450289453813,0.30492067760150576
0.048200352378555245,0.30492067760150576
0.048200352378555245,0.305727346060769
0.04832620186257237,0.305727346060769
0.04832620186257237,0.30599623554719013
0.049207148250692175,0.30599623554719013
0.049207148250692175,0.3068029040064533
0.04933299773470929,0.3068029040064533
0.04933299773470929,0.3076095724657166
0.049458847218726405,0.3076095724657166
0.049458847218726405,0.30814735143855876
0.04958469670274352,0.30814735143855876
0.04958469670274352,0.30949179887066414
0.04983639567077775,0.30949179887066414
0.04983639567077775,0.31110513578919063
0.04996224515479487,0.31110513578919063
0.04996224515479487,0.3113740252756117
0.04996224515479487,0.3119118042484539
0.05008809463881198,0.3119118042484539
0.05008809463881198,0.31244958322129607
0.05033979360684621,0.31244958322129607
0.05033979360684621,0.31271847270771713
0.05046564309086333,0.31271847270771713
0.05046564309086333,0.3129873621941382
0.050591492574880444,0.3129873621941382
0.050591492574880444,0.3132562516805593
0.05071734205889756,0.3132562516805593
0.05071734205889756,0.31379403065340145
0.050843191542914674,0.31379403065340145
0.050843191542914674,0.31486958859908576
0.050843191542914674,0.3151384780855069
0.05122073999496602,0.3151384780855069
0.05122073999496602,0.315676257058349
0.051346589478983136,0.315676257058349
0.051346589478983136,0.3159451465447701
0.05147243896300025,0.3159451465447701
0.05147243896300025,0.3162140360311912
0.05159828844701737,0.3162140360311912
0.05159828844701737,0.31648292551761226
0.05172413793103448,0.31648292551761226
0.05172413793103448,0.31702070449045444
0.0518499874150516,0.31702070449045444
0.0518499874150516,0.3183651519225598
0.05197583689906871,0.3183651519225598
0.05197583689906871,0.3186340414089809
0.05210168638308583,0.3186340414089809
0.05210168638308583,0.3199784888410863
0.052227535867102944,0.3199784888410863
0.052227535867102944,0.3202473783275074
0.05235338535112006,0.3202473783275074
0.05235338535112006,0.3205162678139285
0.052730933803171405,0.3205162678139285
0.052730933803171405,0.32078515730034957
0.052982632771205636,0.32078515730034957
0.052982632771205636,0.32105404678677063
0.05310848225522275,0.32105404678677063
0.05310848225522275,0.3213229362731917
0.05323433173923987,0.3213229362731917
0.05323433173923987,0.3215918257596128
0.05386357915932544,0.3215918257596128
0.05386357915932544,0.3229362731917182
0.053989428643342566,0.3229362731917182
0.053989428643342566,0.32374294165098144
0.05436697709539391,0.32374294165098144
0.05436697709539391,0.3250873890830869
0.05449282657941103,0.3250873890830869
0.05449282657941103,0.32589405754235007
0.05474452554744526,0.32589405754235007
0.05474452554744526,0.32643183651519225
0.05487037503146237,0.32643183651519225
0.05487037503146237,0.3267007260016133
0.05499622451547949,0.3267007260016133
0.05499622451547949,0.32696961548803444
0.055122073999496604,0.32696961548803444
0.055122073999496604,0.32750739446087657
0.055122073999496604,0.32804517343371875
0.055122073999496604,0.3283140629201398
0.055373772967530835,0.3283140629201398
0.055373772967530835,0.32912073137940306
0.055625471935565066,0.32912073137940306
0.055625471935565066,0.32938962086582413
0.05575132141958218,0.32938962086582413
0.05625471935565064,0.32938962086582413
0.05625471935565064,0.3304651788115085
0.05625471935565064,0.3310029577843506
0.05625471935565064,0.3318096262436139
0.05638056883966776,0.3318096262436139
0.05638056883966776,0.33234740521645606
0.05650641832368487,0.33234740521645606
0.05650641832368487,0.3326162947028771
0.05663226780770199,0.3326162947028771
0.05663226780770199,0.3328851841892982
0.056758117291719104,0.3328851841892982
0.056758117291719104,0.33315407367571925
0.05688396677573622,0.33315407367571925
0.05688396677573622,0.3334229631621404
0.05713566574377045,0.3334229631621404
0.05713566574377045,0.33369185264856144
0.05738736471180468,0.33369185264856144
0.05738736471180468,0.3344985211078247
0.05776491316385603,0.3344985211078247
0.05776491316385603,0.33476741059424575
0.05789076264787314,0.33476741059424575
0.05789076264787314,0.33530518956708794
0.05789076264787314,0.3361118580263512
0.05801661213189026,0.3361118580263512
0.05801661213189026,0.33745630545845656
0.05826831109992449,0.33745630545845656
0.05826831109992449,0.3377251949448777
0.058394160583941604,0.3377251949448777
0.058394160583941604,0.33799408443129875
0.058645859551975835,0.33799408443129875
0.058645859551975835,0.3385318634041409
0.05902340800402718,0.3385318634041409
0.05902340800402718,0.338800752890562
0.05927510697206141,0.338800752890562
0.05927510697206141,0.33960742134982524
0.05965265542411276,0.33960742134982524
0.05965265542411276,0.3401452003226674
0.05977850490812988,0.3401452003226674
0.05977850490812988,0.34041408980908844
0.06003020387616411,0.34041408980908844
0.06003020387616411,0.34068297929550956
0.06028190284419834,0.34068297929550956
0.06028190284419834,0.3409518687819306
0.06040775232821546,0.3409518687819306
0.06040775232821546,0.3414896477547728
0.06065945129624969,0.3414896477547728
0.06065945129624969,0.34337187415972037
0.06091115026428392,0.34337187415972037
0.06091115026428392,0.34364076364614143
0.06141454820035238,0.34364076364614143
0.06141454820035238,0.3439096531325625
0.061540397684369495,0.3441785426189836
0.061540397684369495,0.34471632159182575
0.06204379562043796,0.34471632159182575
0.06204379562043796,0.34525410056466793
0.06216964510445507,0.34525410056466793
0.06216964510445507,0.34579187953751006
0.06229549458847219,0.34579187953751006
0.06229549458847219,0.3460607690239312
0.06254719355650643,0.3460607690239312
0.06254719355650643,0.3465985479967733
0.06279889252454066,0.3465985479967733
0.06279889252454066,0.34740521645603656
0.06292474200855777,0.34740521645603656
0.06292474200855777,0.34955633234740524
0.06330229046060912,0.34955633234740524
0.06330229046060912,0.3498252218338263
0.06342813994462623,0.3498252218338263
0.06342813994462623,0.35036300080666843
0.06367983891266046,0.35036300080666843
0.06367983891266046,0.3509007797795106
0.06380568839667758,0.3509007797795106
0.06380568839667758,0.3514385587523528
0.0639315378806947,0.3514385587523528
0.0639315378806947,0.35170744823877387
0.06405738736471181,0.35170744823877387
0.06405738736471181,0.35197633772519493
0.06430908633274604,0.35197633772519493
0.06430908633274604,0.3527830061844582
0.06443493581676316,0.3527830061844582
0.06443493581676316,0.35305189567087925
0.06456078530078027,0.35305189567087925
0.06456078530078027,0.35332078515730037
0.06506418323684873,0.35332078515730037
0.06506418323684873,0.3538585641301425
0.06519003272086585,0.3538585641301425
0.06519003272086585,0.3549341220758268
0.06531588220488296,0.3549341220758268
0.06531588220488296,0.355471901048669
0.06531588220488296,0.3560096800215112
0.0655675811729172,0.3560096800215112
0.0655675811729172,0.35627856950793224
0.06569343065693431,0.35627856950793224
0.06569343065693431,0.3581607959128798
0.06569343065693431,0.35842968539930087
0.06594512962496854,0.35842968539930087
0.06594512962496854,0.35896746437214305
0.06657437704505412,0.35896746437214305
0.06657437704505412,0.3592363538585641
0.06682607601308835,0.3592363538585641
0.06682607601308835,0.3597741328314063
0.06707777498112258,0.3597741328314063
0.06707777498112258,0.36058080129066955
0.06758117291719104,0.36058080129066955
0.06758117291719104,0.36219413820919605
0.06770702240120816,0.36219413820919605
0.06770702240120816,0.3624630276956171
0.06821042033727662,0.3624630276956171
0.06821042033727662,0.36300080666845924
0.06858796878932796,0.36300080666845924
0.06858796878932796,0.3635385856413014
0.06871381827334508,0.3635385856413014
0.06871381827334508,0.3643452541005647
0.06934306569343066,0.3643452541005647
0.06934306569343066,0.36461414358698574
0.06959476466146489,0.36461414358698574
0.06959476466146489,0.3648830330734068
0.069720614145482,0.3648830330734068
0.069720614145482,0.3651519225598279
0.07009816259753335,0.3651519225598279
0.07009816259753335,0.36568970153267005
0.07034986156556758,0.36568970153267005
0.0704757110495847,0.36568970153267005
0.0704757110495847,0.36622748050551224
0.07072741001761892,0.36622748050551224
0.07072741001761892,0.3667652594783544
0.07085325950163604,0.3667652594783544
0.07085325950163604,0.3670341489647755
0.07123080795368739,0.3670341489647755
0.07123080795368739,0.36730303845119655
0.0713566574377045,0.36730303845119655
0.0713566574377045,0.3675719279376176
0.07148250692172162,0.3675719279376176
0.07148250692172162,0.36784081742403874
0.07160835640573873,0.36784081742403874
0.07160835640573873,0.36837859639688086
0.07186005537377296,0.36837859639688086
0.07186005537377296,0.368647485883302
0.07261515227787566,0.368647485883302
0.07261515227787566,0.36891637536972305
0.07274100176189277,0.36891637536972305
0.07274100176189277,0.36945415434256523
0.07274100176189277,0.36999193331540736
0.07286685124590989,0.36999193331540736
0.07286685124590989,0.3702608228018284
0.072992700729927,0.3702608228018284
0.072992700729927,0.3707986017746706
0.07311855021394412,0.3707986017746706
0.07311855021394412,0.3710674912610917
0.07337024918197835,0.3710674912610917
0.07337024918197835,0.37160527023393386
0.0737477976340297,0.37160527023393386
0.0737477976340297,0.3718741597203549
0.07412534608608105,0.3718741597203549
0.07412534608608105,0.3724119386931971
0.07412534608608105,0.3740252756117236
0.07425119557009817,0.3740252756117236
0.07437704505411528,0.37429416509814467
0.0745028945381324,0.37429416509814467
0.0745028945381324,0.3748319440709868
0.07462874402214952,0.3748319440709868
0.07488044299018375,0.3748319440709868
0.07513214195821798,0.3748319440709868
0.07513214195821798,0.3751008335574079
0.07525799144223509,0.3751008335574079
0.07525799144223509,0.37563861253025005
0.07550969041026932,0.37563861253025005
0.07563553989428644,0.37563861253025005
0.07563553989428644,0.37590750201667117
0.07576138937830355,0.37590750201667117
0.07576138937830355,0.3764452809895133
0.07588723886232067,0.3764452809895133
0.07588723886232067,0.3769830599623555
0.07601308834633778,0.3769830599623555
0.07601308834633778,0.37778972842161873
0.0761389378303549,0.37778972842161873
0.0761389378303549,0.378596396880882
0.07626478731437202,0.378596396880882
0.07626478731437202,0.3796719548265663
0.07676818525044048,0.3796719548265663
0.07676818525044048,0.38047862328582954
0.07689403473445759,0.38047862328582954
0.07689403473445759,0.3807475127722506
0.07689403473445759,0.3812852917450928
0.07701988421847471,0.3812852917450928
0.07701988421847471,0.382091960204356
0.07714573370249182,0.382091960204356
0.07714573370249182,0.38262973917719817
0.07714573370249182,0.38289862866361923
0.07727158318650894,0.38289862866361923
0.07727158318650894,0.38316751815004035
0.07739743267052605,0.38316751815004035
0.07739743267052605,0.3839741866093036
0.07790083060659451,0.3839741866093036
0.07790083060659451,0.38424307609572467
0.07802668009061163,0.38424307609572467
0.07802668009061163,0.38451196558214573
0.07815252957462875,0.38451196558214573
0.07815252957462875,0.385318634041409
0.07865592751069721,0.385318634041409
0.07865592751069721,0.38558752352783005
0.07915932544676567,0.38558752352783005
0.07915932544676567,0.38612530250067223
0.07928517493078278,0.38612530250067223
0.07928517493078278,0.38666308147351436
0.07928517493078278,0.38720086044635654
0.0794110244147999,0.38720086044635654
0.0794110244147999,0.3877386394191987
0.07953687389881701,0.3877386394191987
0.07953687389881701,0.38881419736488304
0.07966272338283413,0.3890830868513041
0.07966272338283413,0.38935197633772517
0.07966272338283413,0.38988975531056735
0.07966272338283413,0.39042753428340954
0.07978857286685125,0.39042753428340954
0.07978857286685125,0.39096531325625167
0.07991442235086836,0.39096531325625167
0.07991442235086836,0.3912342027426728
0.08004027183488548,0.3912342027426728
0.08004027183488548,0.3917719817155149
0.08016612131890259,0.3917719817155149
0.08016612131890259,0.3923097606883571
0.08041782028693682,0.3923097606883571
0.08041782028693682,0.39257865017477817
0.08066951925497105,0.39257865017477817
0.08066951925497105,0.3936542081204625
0.08079536873898817,0.3936542081204625
0.08079536873898817,0.39419198709330466
0.0810470677070224,0.39419198709330466
0.0810470677070224,0.3947297660661468
0.08117291719103951,0.3947297660661468
0.08117291719103951,0.395267545038989
0.08117291719103951,0.3963431029846733
0.08129876667505663,0.3963431029846733
0.08129876667505663,0.39661199247109435
0.08129876667505663,0.39714977144393654
0.08129876667505663,0.39822532938962085
0.08142461615907375,0.39822532938962085
0.08142461615907375,0.39876310836246304
0.08155046564309086,0.39876310836246304
0.08155046564309086,0.3995697768217263
0.08167631512710798,0.3995697768217263
0.08167631512710798,0.40091422425383166
0.08180216461112509,0.40091422425383166
0.08180216461112509,0.40252756117235816
0.08217971306317644,0.40252756117235816
0.08217971306317644,0.4027964506587792
0.08243141203121067,0.4027964506587792
0.08255726151522778,0.4027964506587792
0.08255726151522778,0.4033342296316214
0.08280896048326201,0.4033342296316214
0.08280896048326201,0.40387200860446354
0.08293480996727913,0.40387200860446354
0.08293480996727913,0.4049475665501479
0.08343820790334759,0.4049475665501479
0.08343820790334759,0.405216456036569
0.08343820790334759,0.4062920139822533
0.08419330480745028,0.4062920139822533
0.08419330480745028,0.40656090346867435
0.08469670274351875,0.40656090346867435
0.08494840171155298,0.40656090346867435
0.08494840171155298,0.40682979295509547
0.08532595016360434,0.40682979295509547
0.08532595016360434,0.40709868244151654
0.08570349861565568,0.40709868244151654
0.08595519758368991,0.40709868244151654
0.08595519758368991,0.4073675719279376
0.08645859551975837,0.4073675719279376
0.08645859551975837,0.40817424038720085
0.0867102944877926,0.40817424038720085
0.08708784293984395,0.40817424038720085
0.08708784293984395,0.40844312987362197
0.08721369242386107,0.40844312987362197
0.08721369242386107,0.40871201936004303
0.08733954190787818,0.40871201936004303
0.08733954190787818,0.40924979833288516
0.0874653913918953,0.40924979833288516
0.0874653913918953,0.41032535627856953
0.08796878932796376,0.41032535627856953
0.08796878932796376,0.4105942457649906
0.0883463377800151,0.4105942457649906
0.08859803674804934,0.4105942457649906
0.08859803674804934,0.4122075826835171
0.08872388623206645,0.4122075826835171
0.08872388623206645,0.4127453616563592
0.08884973571608357,0.4127453616563592
0.08884973571608357,0.41301425114278034
0.0891014346841178,0.41301425114278034
0.0891014346841178,0.4132831406292014
0.08922728416813491,0.4132831406292014
0.08960483262018626,0.4132831406292014
0.0899823810722376,0.4132831406292014
0.0899823810722376,0.41355203011562247
0.09010823055625472,0.41355203011562247
0.09010823055625472,0.41408980908846466
0.09035992952428895,0.41408980908846466
0.09035992952428895,0.4143586985748857
0.09048577900830607,0.4143586985748857
0.09048577900830607,0.4148964775477279
0.09048577900830607,0.41570314600699115
0.09048577900830607,0.4162409249798333
0.09098917694437453,0.4162409249798333
0.09098917694437453,0.41650981446625435
0.09111502642839164,0.41650981446625435
0.09111502642839164,0.41704759343909653
0.09124087591240876,0.41704759343909653
0.09124087591240876,0.4173164829255176
0.09136672539642587,0.4173164829255176
0.09136672539642587,0.4175853724119387
0.09149257488044299,0.4175853724119387
0.09149257488044299,0.4178542618983598
0.09224767178454568,0.4178542618983598
0.09224767178454568,0.41812315138478084
0.09249937075257991,0.41812315138478084
0.09249937075257991,0.4183920408712019
0.09262522023659703,0.4183920408712019
0.09262522023659703,0.41866093035762303
0.09287691920463126,0.41866093035762303
0.09287691920463126,0.4189298198440441
0.09300276868864837,0.4189298198440441
0.09300276868864837,0.4200053777897284
0.09312861817266549,0.4200053777897284
0.09312861817266549,0.42081204624899166
0.09312861817266549,0.42134982522183384
0.0940095645607853,0.42134982522183384
0.0940095645607853,0.42188760419467597
0.09413541404480241,0.42188760419467597
0.09413541404480241,0.4221564936810971
0.09438711301283664,0.4221564936810971
0.09438711301283664,0.4226942726539392
0.09463881198087087,0.4226942726539392
0.09463881198087087,0.42350094111320247
0.09476466146488799,0.42350094111320247
0.09476466146488799,0.42376983059962353
0.0948905109489051,0.42376983059962353
0.09514220991693934,0.42376983059962353
0.09514220991693934,0.42403872008604465
0.09514220991693934,0.4245764990588868
0.09539390888497357,0.4245764990588868
0.09539390888497357,0.4256520570045711
0.09577145733702491,0.4256520570045711
0.09577145733702491,0.4259209464909922
0.0965265542411276,0.4259209464909922
0.0965265542411276,0.42645872546383434
0.09677825320916185,0.42645872546383434
0.09677825320916185,0.42672761495025546
0.09690410269317896,0.42672761495025546
0.09690410269317896,0.4272653939230976
0.0971558016612132,0.4272653939230976
0.0971558016612132,0.4275342834095187
0.09765919959728166,0.4275342834095187
0.09765919959728166,0.4278031728959398
0.09778504908129877,0.4278031728959398
0.09778504908129877,0.428609841355203
0.098036748049333,0.428609841355203
0.098036748049333,0.4294165098144663
0.09816259753335012,0.4294165098144663
0.09816259753335012,0.4299542887873084
0.09828844701736723,0.4299542887873084
0.09828844701736723,0.43076095724657165
0.09841429650138435,0.43076095724657165
0.09841429650138435,0.4310298467329927
0.0987918449534357,0.4310298467329927
0.0987918449534357,0.4321054046786771
0.09891769443745281,0.4321054046786771
0.09891769443745281,0.4326431836515192
0.09904354392146993,0.4326431836515192
0.09904354392146993,0.43291207313794033
0.09942109237352127,0.43291207313794033
0.09942109237352127,0.4337187415972035
0.10005033979360685,0.4337187415972035
0.10005033979360685,0.43398763108362465
0.10017618927762396,0.43398763108362465
0.10017618927762396,0.4342565205700457
0.10030203876164108,0.4342565205700457
0.10030203876164108,0.4345254100564668
0.1004278882456582,0.4345254100564668
0.1004278882456582,0.43506318902930896
0.10067958721369243,0.43506318902930896
0.10105713566574377,0.43506318902930896
0.10105713566574377,0.43533207851573
0.10181223256984646,0.43533207851573
0.10181223256984646,0.4356009680021511
0.10193808205386358,0.4356009680021511
0.10193808205386358,0.4361387469749933
0.10218978102189781,0.4361387469749933
0.10218978102189781,0.43667652594783546
0.10218978102189781,0.4369454154342565
0.10231563050591493,0.4369454154342565
0.10256732947394916,0.4369454154342565
0.10256732947394916,0.4374831944070987
0.10269317895796627,0.4374831944070987
0.10269317895796627,0.43775208389351977
0.10319657689403473,0.43775208389351977
0.10319657689403473,0.43909653132562515
0.10332242637805185,0.43909653132562515
0.10332242637805185,0.43936542081204627
0.10344827586206896,0.43936542081204627
0.10344827586206896,0.43963431029846733
0.10344827586206896,0.4401720892713095
0.10357412534608608,0.4401720892713095
0.10357412534608608,0.4404409787577306
0.10395167379813743,0.4404409787577306
0.10395167379813743,0.44070986824415165
0.10420337276617166,0.44070986824415165
0.10420337276617166,0.4420543156762571
0.10445507173420589,0.4420543156762571
0.10445507173420589,0.44232320516267815
0.104580921218223,0.44232320516267815
0.104580921218223,0.4425920946490992
0.10470677070224012,0.4425920946490992
0.10470677070224012,0.44393654208120464
0.10470677070224012,0.4447432105404679
0.10470677070224012,0.44501210002688896
0.10483262018625723,0.44501210002688896
0.10483262018625723,0.4458187684861522
0.10495846967027435,0.4458187684861522
0.10495846967027435,0.44608765797257327
0.1053360181223257,0.44608765797257327
0.1053360181223257,0.44635654745899433
0.10571356657437704,0.44635654745899433
0.10571356657437704,0.44662543694541545
0.10596526554241127,0.44662543694541545
0.10596526554241127,0.4468943264318365
0.10609111502642839,0.4468943264318365
0.10609111502642839,0.4474321054046787
0.1062169645104455,0.4474321054046787
0.1062169645104455,0.44770099489109977
0.10634281399446262,0.44770099489109977
0.10634281399446262,0.44796988437752083
0.10722376038258243,0.44796988437752083
0.10722376038258243,0.448507663350363
0.10734960986659954,0.448507663350363
0.10734960986659954,0.44958322129604733
0.10772715831865089,0.44958322129604733
0.10772715831865089,0.4498521107824684
0.10797885728668513,0.4498521107824684
0.10797885728668513,0.45012100026888946
0.10797885728668513,0.45065877924173164
0.10810470677070225,0.45065877924173164
0.10810470677070225,0.4509276687281527
0.10835640573873648,0.4509276687281527
0.10835640573873648,0.4514654477009949
0.10923735212685629,0.4514654477009949
0.10923735212685629,0.45173433718741596
0.10948905109489052,0.45173433718741596
0.10961490057890763,0.45173433718741596
0.10961490057890763,0.4520032266738371
0.10974075006292475,0.4520032266738371
0.10974075006292475,0.4530787846195214
0.10986659954694186,0.4530787846195214
0.10986659954694186,0.45334767410594246
0.10999244903095898,0.45334767410594246
0.10999244903095898,0.4536165635923635
0.11049584696702744,0.4536165635923635
0.11074754593506167,0.4536165635923635
0.11074754593506167,0.45388545307878464
0.1109992449030959,0.45388545307878464
0.1109992449030959,0.45496101102446895
0.11150264283916436,0.45496101102446895
0.11150264283916436,0.45522990051089
0.11188019129121571,0.45522990051089
0.11188019129121571,0.4554987899973111
0.11200604077523282,0.4554987899973111
0.11200604077523282,0.4557676794837322
0.11213189025924994,0.4557676794837322
0.11213189025924994,0.45630545845657433
0.11225773974326705,0.45630545845657433
0.11225773974326705,0.4571121269158376
0.1126352881953184,0.4571121269158376
0.1126352881953184,0.45926324280720626
0.1126352881953184,0.4608765797257327
0.1126352881953184,0.4611454692121538
0.11313868613138686,0.4611454692121538
0.11313868613138686,0.4619521376714171
0.11326453561540398,0.4619521376714171
0.11326453561540398,0.4624899166442592
0.11339038509942109,0.4624899166442592
0.11339038509942109,0.4630276956171014
0.11351623458343821,0.4630276956171014
0.11351623458343821,0.46329658510352245
0.11364208406745532,0.46329658510352245
0.11364208406745532,0.46383436407636464
0.11376793355147244,0.46383436407636464
0.11376793355147244,0.4641032535627857
0.11389378303548955,0.4641032535627857
0.11389378303548955,0.4654477009948911
0.11401963251950667,0.4654477009948911
0.11401963251950667,0.46598547996773326
0.11414548200352378,0.46598547996773326
0.11414548200352378,0.4662543694541543
0.11452303045557513,0.4662543694541543
0.11452303045557513,0.46652325894057545
0.11464887993959225,0.46652325894057545
0.11464887993959225,0.4667921484269965
0.11490057890762648,0.4667921484269965
0.11490057890762648,0.46732992739983864
0.11502642839164359,0.46732992739983864
0.11502642839164359,0.46759881688625976
0.11578152529574628,0.46759881688625976
0.11578152529574628,0.468405485345523
0.11578152529574628,0.46921215380478626
0.11603322426378052,0.46921215380478626
0.11603322426378052,0.4694810432912073
0.11615907374779763,0.4694810432912073
0.11615907374779763,0.47055660123689164
0.11678832116788321,0.47055660123689164
0.11678832116788321,0.47163215918257595
0.11704002013591744,0.47163215918257595
0.11704002013591744,0.47216993815541813
0.11729171910395167,0.47216993815541813
0.11729171910395167,0.4729766066146814
0.11741756858796878,0.4729766066146814
0.11741756858796878,0.4735143855875235
0.1175434180719859,0.4735143855875235
0.1175434180719859,0.47485883301962895
0.11804681600805436,0.47485883301962895
0.11804681600805436,0.4756655014788922
0.11829851497608859,0.4756655014788922
0.11829851497608859,0.47593439096531326
0.11905361188019128,0.47593439096531326
0.11905361188019128,0.4767410594245765
0.11930531084822552,0.4767410594245765
0.11930531084822552,0.47727883839741864
0.11955700981625976,0.47727883839741864
0.11955700981625976,0.4778166173702608
0.11968285930027688,0.4778166173702608
0.1199345582683111,0.4778166173702608
0.12006040775232822,0.4778166173702608
0.12006040775232822,0.478354396343103
0.12018625723634534,0.478354396343103
0.12018625723634534,0.47862328582952407
0.12031210672036245,0.47862328582952407
0.12031210672036245,0.4794299542887873
0.12043795620437957,0.4794299542887873
0.12043795620437957,0.4796988437752084
0.12056380568839668,0.4796988437752084
0.12056380568839668,0.47996773326162945
0.1206896551724138,0.47996773326162945
0.1206896551724138,0.48050551223447163
0.12081550465643091,0.48050551223447163
0.12081550465643091,0.4810432912073138
0.12119305310848226,0.4810432912073138
0.12119305310848226,0.4813121806937349
0.12131890259249938,0.4813121806937349
0.12131890259249938,0.481849959666577
0.1215706015605336,0.481849959666577
0.1215706015605336,0.48211884915299813
0.12169645104455072,0.48211884915299813
0.12169645104455072,0.48265662812584026
0.12207399949660207,0.48265662812584026
0.12207399949660207,0.48319440709868244
0.1223256984646363,0.48319440709868244
0.1223256984646363,0.48373218607152463
0.1223256984646363,0.48426996504436676
0.12257739743267053,0.48426996504436676
0.12257739743267053,0.48507663350363
0.12270324691668764,0.48507663350363
0.12270324691668764,0.4856144124764722
0.12308079536873899,0.4856144124764722
0.12308079536873899,0.48588330196289325
0.1232066448527561,0.48588330196289325
0.1232066448527561,0.48642108093573544
0.12345834382079034,0.48642108093573544
0.12345834382079034,0.4866899704221565
0.12345834382079034,0.48722774939499863
0.1239617417568588,0.48722774939499863
0.1239617417568588,0.48749663888141975
0.12421344072489303,0.48749663888141975
0.12421344072489303,0.4877655283678408
0.12459098917694438,0.4877655283678408
0.12459098917694438,0.4880344178542619
0.1248426881449786,0.4880344178542619
0.1248426881449786,0.48857219682710407
0.12496853762899572,0.48857219682710407
0.12496853762899572,0.48884108631352513
0.12509438711301285,0.48884108631352513
0.12509438711301285,0.4891099757999462
0.12522023659702997,0.4891099757999462
0.12534608608104708,0.4893788652863673
0.12572363453309843,0.4893788652863673
0.12572363453309843,0.48991664425920944
0.12597533350113266,0.48991664425920944
0.12597533350113266,0.49045442323205163
0.12610118298514977,0.49045442323205163
0.12610118298514977,0.4907233127184727
0.12647873143720112,0.4907233127184727
0.12647873143720112,0.491798870664157
0.12673043040523535,0.491798870664157
0.12673043040523535,0.4920677601505781
0.12685627988925247,0.4920677601505781
0.12685627988925247,0.49260553912342026
0.1271079788572867,0.49260553912342026
0.1271079788572867,0.4928744286098414
0.1272338283413038,0.4928744286098414
0.1272338283413038,0.49314331809626244
0.12735967782532093,0.49314331809626244
0.12735967782532093,0.49421887604194675
0.1278630757613894,0.49421887604194675
0.1278630757613894,0.4944877655283678
0.12811477472942362,0.4944877655283678
0.12849232318147497,0.4944877655283678
0.12861817266549208,0.4944877655283678
0.1287440221495092,0.49475665501478894
0.1287440221495092,0.49529443398763107
0.12937326956959477,0.49529443398763107
0.12937326956959477,0.49583221296047325
0.1294991190536119,0.49583221296047325
0.1294991190536119,0.4961011024468943
0.1305059149257488,0.4961011024468943
0.1305059149257488,0.4963699919333154
0.13063176440976593,0.4963699919333154
0.13063176440976593,0.49690777090615756
0.13088346337780016,0.49690777090615756
0.13088346337780016,0.49717666039257863
0.13100931286181727,0.49717666039257863
0.13100931286181727,0.49744554987899975
0.1311351623458344,0.49744554987899975
0.1311351623458344,0.4979833288518419
0.13189025924993708,0.4979833288518419
0.13189025924993708,0.498252218338263
0.1320161087339542,0.498252218338263
0.1320161087339542,0.4987899973111051
0.1321419582179713,0.4987899973111051
0.1321419582179713,0.4990588867975262
0.13239365718600554,0.4990588867975262
0.13239365718600554,0.4993277762839473
0.13251950667002266,0.4993277762839473
0.13251950667002266,0.5001344447432106
0.13302290460609112,0.5001344447432106
0.13302290460609112,0.5004033342296316
0.13352630254215958,0.5004033342296316
0.13352630254215958,0.5006722237160527
0.1337780015101938,0.5006722237160527
0.13390385099421093,0.5006722237160527
0.13390385099421093,0.5009411132024738
0.13402970047822804,0.5009411132024738
0.13402970047822804,0.5012100026888948
0.13402970047822804,0.5017477816617371
0.13415554996224516,0.5017477816617371
0.13415554996224516,0.5022855606345792
0.13428139944626227,0.5022855606345792
0.13428139944626227,0.5028233396074213
0.1345330984142965,0.5028233396074213
0.1345330984142965,0.5030922290938424
0.13465894789831362,0.5030922290938424
0.13465894789831362,0.5033611185802636
0.13478479738233073,0.5033611185802636
0.13478479738233073,0.5038988975531057
0.13491064686634785,0.5038988975531057
0.13491064686634785,0.5044366765259478
0.13553989428643343,0.5044366765259478
0.1360432922225019,0.5044366765259478
0.1360432922225019,0.5052433449852111
0.136169141706519,0.5052433449852111
0.136169141706519,0.5055122344716322
0.13629499119053612,0.5055122344716322
0.13629499119053612,0.5057811239580532
0.13667253964258747,0.5057811239580532
0.13667253964258747,0.5060500134444743
0.1370500880946388,0.5060500134444743
0.1370500880946388,0.5065877924173164
0.1370500880946388,0.5071255713901587
0.13717593757865593,0.5071255713901587
0.13717593757865593,0.5073944608765797
0.13755348603070727,0.5073944608765797
0.13755348603070727,0.5082011293358429
0.13755348603070727,0.5087389083086852
0.13755348603070727,0.5092766872815273
0.1378051849987415,0.5092766872815273
0.1378051849987415,0.5098144662543694
0.1378051849987415,0.5103522452272116
0.13793103448275862,0.5103522452272116
0.13793103448275862,0.5106211347136327
0.13818273345079285,0.5106211347136327
0.13818273345079285,0.5108900242000538
0.13843443241882708,0.5108900242000538
0.13843443241882708,0.5114278031728959
0.1385602819028442,0.5114278031728959
0.1385602819028442,0.5119655821457381
0.1386861313868613,0.5119655821457381
0.1386861313868613,0.5122344716321592
0.13893783035489554,0.5122344716321592
0.13906367983891266,0.5122344716321592
0.13906367983891266,0.5125033611185803
0.1393153788069469,0.5125033611185803
0.1393153788069469,0.5130411400914224
0.1393153788069469,0.5133100295778436
0.13994462622703246,0.5133100295778436
0.13994462622703246,0.5135789190642646
0.1401963251950667,0.5135789190642646
0.1403221746790838,0.5135789190642646
0.1403221746790838,0.5138478085506857
0.14044802416310093,0.5138478085506857
0.14044802416310093,0.5141166980371068
0.14069972313113516,0.5141166980371068
0.14069972313113516,0.5143855875235278
0.14082557261515227,0.5143855875235278
0.14082557261515227,0.5146544770099489
0.14120312106720362,0.5146544770099489
0.14120312106720362,0.5149233664963699
0.14170651900327208,0.5149233664963699
0.14233576642335766,0.5149233664963699
0.14233576642335766,0.5159989244420543
0.14246161590737477,0.5159989244420543
0.14246161590737477,0.5168055929013176
0.1425874653913919,0.5168055929013176
0.1425874653913919,0.5170744823877387
0.14283916435942612,0.5170744823877387
0.14283916435942612,0.5176122613605808
0.14309086332746035,0.5176122613605808
0.14309086332746035,0.5181500403334229
0.14321671281147746,0.5181500403334229
0.14321671281147746,0.518418929819844
0.14397180971558016,0.518418929819844
0.14397180971558016,0.5186878193062652
0.14409765919959727,0.5186878193062652
0.14409765919959727,0.5189567087926862
0.1442235086836144,0.5189567087926862
0.1442235086836144,0.5192255982791073
0.1443493581676315,0.5192255982791073
0.1443493581676315,0.5194944877655284
0.14447520765164862,0.5194944877655284
0.14447520765164862,0.5200322667383706
0.14472690661968285,0.5200322667383706
0.14485275610369996,0.5200322667383706
0.14485275610369996,0.5203011562247916
0.14497860558771708,0.5203011562247916
0.14497860558771708,0.5205700457112127
0.1452303045557513,0.5205700457112127
0.14560785300780266,0.5205700457112127
0.1458595519758369,0.5205700457112127
0.14623710042788823,0.5205700457112127
0.14623710042788823,0.5208389351976338
0.14648879939592246,0.5208389351976338
0.1468663478479738,0.5208389351976338
0.1468663478479738,0.5211078246840548
0.14699219733199093,0.5211078246840548
0.14724389630002516,0.5211078246840548
0.14724389630002516,0.5213767141704759
0.14736974578404227,0.5213767141704759
0.14736974578404227,0.5221833826297392
0.1474955952680594,0.5221833826297392
0.1474955952680594,0.5229900510890024
0.1476214447520765,0.5229900510890024
0.1476214447520765,0.5235278300618446
0.1476214447520765,0.5237967195482657
0.14837654165617922,0.5237967195482657
0.14862824062421345,0.5237967195482657
0.14862824062421345,0.5243344985211078
0.14875409010823057,0.5243344985211078
0.14875409010823057,0.5246033880075289
0.14875409010823057,0.5254100564667922
0.14887993959224768,0.5254100564667922
0.14887993959224768,0.5262167249260554
0.1490057890762648,0.5262167249260554
0.1490057890762648,0.5264856144124764
0.14913163856028192,0.5264856144124764
0.14913163856028192,0.5272922828717397
0.14938333752831615,0.5272922828717397
0.14938333752831615,0.5275611723581608
0.1498867354643846,0.5275611723581608
0.1498867354643846,0.5278300618445819
0.15001258494840172,0.5278300618445819
0.15001258494840172,0.5280989513310029
0.15101938082053865,0.5280989513310029
0.15101938082053865,0.528367840817424
0.15114523030455576,0.528367840817424
0.15114523030455576,0.5286367303038452
0.15127107978857288,0.5286367303038452
0.15127107978857288,0.5294433987631083
0.1515227787566071,0.5294433987631083
0.1515227787566071,0.5299811777359505
0.15164862824062422,0.5299811777359505
0.15164862824062422,0.5302500672223716
0.15190032720865845,0.5302500672223716
0.15190032720865845,0.5305189567087927
0.15202617669267557,0.5305189567087927
0.15202617669267557,0.5307878461952138
0.15215202617669268,0.5307878461952138
0.15215202617669268,0.531863404140898
0.15265542411276115,0.531863404140898
0.15265542411276115,0.5321322936273192
0.1531588220488296,0.5321322936273192
0.1531588220488296,0.5326700726001613
0.15328467153284672,0.5326700726001613
0.15353637050088095,0.5326700726001613
0.15353637050088095,0.5329389620865824
0.15366221998489807,0.5329389620865824
0.15366221998489807,0.5334767410594246
0.15403976843694941,0.5334767410594246
0.15403976843694941,0.5340145200322668
0.15429146740498365,0.5340145200322668
0.15429146740498365,0.5342834095186878
0.15454316637301788,0.5342834095186878
0.15454316637301788,0.5345522990051089
0.1547948653410521,0.5345522990051089
0.1547948653410521,0.5353589674643722
0.15492071482506922,0.5353589674643722
0.15492071482506922,0.5356278569507932
0.15504656430908634,0.5356278569507932
0.15504656430908634,0.5361656359236354
0.15517241379310345,0.5361656359236354
0.15517241379310345,0.5364345254100564
0.15542411276113768,0.5364345254100564
0.15542411276113768,0.5369723043828987
0.15542411276113768,0.5375100833557408
0.15580166121318903,0.5375100833557408
0.15580166121318903,0.5380478623285829
0.15605336018122326,0.5380478623285829
0.15605336018122326,0.538316751815004
0.1564309086332746,0.538316751815004
0.1564309086332746,0.5388545307878462
0.15668260760130884,0.5388545307878462
0.15668260760130884,0.5391234202742673
0.15680845708532595,0.5391234202742673
0.15680845708532595,0.5396611992471094
0.1571860055373773,0.5396611992471094
0.1571860055373773,0.5399300887335305
0.15794110244148,0.5399300887335305
0.15794110244148,0.5404678677063727
0.1580669519254971,0.5404678677063727
0.1580669519254971,0.5407367571927938
0.15844450037754845,0.5407367571927938
0.15844450037754845,0.5412745361656359
0.15894789831361691,0.5412745361656359
0.15894789831361691,0.541543425652057
0.15919959728165115,0.541543425652057
0.15919959728165115,0.541812315138478
0.15945129624968538,0.541812315138478
0.15945129624968538,0.5420812046248992
0.1597029952177196,0.5420812046248992
0.1597029952177196,0.5423500941113203
0.15982884470173672,0.5423500941113203
0.15982884470173672,0.5431567625705835
0.16008054366977095,0.5431567625705835
0.16033224263780518,0.5431567625705835
0.1604580921218223,0.5431567625705835
0.1604580921218223,0.5434256520570045
0.16146488799395922,0.5434256520570045
0.16146488799395922,0.5436945415434257
0.16159073747797634,0.5436945415434257
0.16159073747797634,0.5439634310298467
0.16234583438207903,0.5439634310298467
0.16234583438207903,0.5445012100026889
0.16259753335011326,0.5445012100026889
0.16259753335011326,0.545038988975531
0.16272338283413038,0.545038988975531
0.16272338283413038,0.5453078784619522
0.1629750818021646,0.5453078784619522
0.1629750818021646,0.5463834364076364
0.1629750818021646,0.5469212153804787
0.1629750818021646,0.5471901048668997
0.16347847973823307,0.5471901048668997
0.16347847973823307,0.5477278838397419
0.16347847973823307,0.5479967733261629
0.16360432922225018,0.5479967733261629
0.16360432922225018,0.5485345522990052
0.16385602819028441,0.5485345522990052
0.16385602819028441,0.5490723312718473
0.16410772715831864,0.5490723312718473
0.16410772715831864,0.5496101102446894
0.16435942612635288,0.5496101102446894
0.1646111250943871,0.5496101102446894
0.16473697457840422,0.5496101102446894
0.16498867354643845,0.5496101102446894
0.16524037251447268,0.5496101102446894
0.16524037251447268,0.5506856681903738
0.16561792096652403,0.5506856681903738
0.16586961993455826,0.5506856681903738
0.16586961993455826,0.5509545576767948
0.1661213189025925,0.5509545576767948
0.1661213189025925,0.551761226136058
0.16637301787062672,0.551761226136058
0.16637301787062672,0.5522990051089003
0.16662471683866095,0.5522990051089003
0.16662471683866095,0.5525678945953213
0.16675056632267807,0.5525678945953213
0.16675056632267807,0.5531056735681635
0.1670022652907123,0.5531056735681635
0.1670022652907123,0.5536434525410057
0.16725396425874653,0.5536434525410057
0.16725396425874653,0.5539123420274267
0.16737981374276364,0.5539123420274267
0.16737981374276364,0.5547190104866899
0.16750566322678076,0.5547190104866899
0.16750566322678076,0.5552567894595322
0.167757362194815,0.5552567894595322
0.1678832116788321,0.5552567894595322
0.1678832116788321,0.5555256789459532
0.16813491064686634,0.5555256789459532
0.16813491064686634,0.5563323474052164
0.16826076013088345,0.5563323474052164
0.16826076013088345,0.5571390158644797
0.16901585703498614,0.5571390158644797
0.16901585703498614,0.5576767948373219
0.16914170651900326,0.5576767948373219
0.16914170651900326,0.5584834632965852
0.16926755600302038,0.5584834632965852
0.16926755600302038,0.5587523527830062
0.1693934054870375,0.5587523527830062
0.1693934054870375,0.5590212422694273
0.1695192549710546,0.5590212422694273
0.1695192549710546,0.5592901317558483
0.16989680342310595,0.5592901317558483
0.16989680342310595,0.5595590212422694
0.1702743518751573,0.5595590212422694
0.1702743518751573,0.5598279107286905
0.17052605084319156,0.5598279107286905
0.17052605084319156,0.5600968002151115
0.17052605084319156,0.5606345791879538
0.17052605084319156,0.5611723581607959
0.17153284671532848,0.5611723581607959
0.17153284671532848,0.561441247647217
0.17203624465139694,0.561441247647217
0.17203624465139694,0.5622479161064803
0.17228794361943117,0.5622479161064803
0.17228794361943117,0.5630545845657435
0.1725396425874654,0.5630545845657435
0.1725396425874654,0.5633234740521645
0.17291719103951675,0.5633234740521645
0.17291719103951675,0.5638612530250067
0.17304304052353386,0.5638612530250067
0.17304304052353386,0.5641301425114278
0.1732947394915681,0.5641301425114278
0.1732947394915681,0.5646679214842699
0.1734205889755852,0.5646679214842699
0.1734205889755852,0.5654745899435332
0.1740498363956708,0.5654745899435332
0.1740498363956708,0.5660123689163754
0.1741756858796879,0.5660123689163754
0.1741756858796879,0.5662812584027964
0.17442738484772213,0.5662812584027964
0.17442738484772213,0.5665501478892175
0.17467908381575636,0.5665501478892175
0.17467908381575636,0.5668190373756387
0.17593757865592752,0.5668190373756387
0.17593757865592752,0.568432374294165
0.17631512710797886,0.568432374294165
0.1765668260760131,0.568432374294165
0.1765668260760131,0.5692390427534283
0.1766926755600302,0.5692390427534283
0.1766926755600302,0.5695079322398494
0.17681852504404733,0.5695079322398494
0.17681852504404733,0.5700457112126915
0.17694437452806444,0.5700457112126915
0.17694437452806444,0.5703146006991127
0.1773219229801158,0.5703146006991127
0.17769947143216713,0.5703146006991127
0.17769947143216713,0.5705834901855338
0.17782532091618425,0.5705834901855338
0.17782532091618425,0.5708523796719548
0.17807701988421848,0.5708523796719548
0.17807701988421848,0.5711212691583759
0.1783287188522527,0.5711212691583759
0.1783287188522527,0.571659048131218
0.17883211678832117,0.571659048131218
0.17883211678832117,0.5719279376176392
0.17958721369242386,0.5719279376176392
0.17958721369242386,0.5721968271040603
0.1798389126604581,0.5721968271040603
0.1799647621444752,0.5721968271040603
0.1799647621444752,0.5727346060769024
0.18021646111250944,0.5727346060769024
0.18021646111250944,0.5730034955633235
0.18046816008054367,0.5730034955633235
0.18046816008054367,0.5732723850497445
0.18084570853259502,0.5732723850497445
0.18109740750062925,0.5732723850497445
0.18109740750062925,0.5738101640225867
0.1814749559526806,0.5738101640225867
0.1814749559526806,0.5740790535090078
0.1816008054366977,0.5740790535090078
0.1816008054366977,0.5743479429954289
0.18172665492071483,0.5743479429954289
0.18197835388874906,0.5743479429954289
0.18197835388874906,0.5746168324818499
0.1823559023408004,0.5746168324818499
0.18285930027686886,0.5746168324818499
0.18298514976088598,0.5746168324818499
0.18298514976088598,0.574885721968271
0.18336269821293733,0.574885721968271
0.18336269821293733,0.5756923904275343
0.18374024666498867,0.5756923904275343
0.1839919456330229,0.5756923904275343
0.18449534356909136,0.5756923904275343
0.18449534356909136,0.5762301694003764
0.1847470425371256,0.5762301694003764
0.1847470425371256,0.5764990588867975
0.1848728920211427,0.5764990588867975
0.1848728920211427,0.5770368378596397
0.18499874150515982,0.5770368378596397
0.18499874150515982,0.5775746168324819
0.18525044047319406,0.5775746168324819
0.18537628995721117,0.5775746168324819
0.18537628995721117,0.578112395805324
0.1855021394412283,0.578112395805324
0.1855021394412283,0.578381285291745
0.18575383840926252,0.578381285291745
0.18575383840926252,0.5789190642645873
0.18587968789327963,0.5789190642645873
0.18587968789327963,0.5794568432374294
0.1865089353133652,0.5794568432374294
0.1865089353133652,0.5799946222102715
0.18663478479738232,0.5799946222102715
0.18663478479738232,0.5802635116966927
0.18688648376541656,0.5802635116966927
0.18688648376541656,0.5805324011831138
0.18738988170148502,0.5805324011831138
0.18738988170148502,0.5808012906695348
0.18764158066951925,0.5808012906695348
0.1880191291215706,0.5808012906695348
0.1880191291215706,0.5810701801559559
0.18827082808960482,0.5810701801559559
0.18827082808960482,0.581339069642377
0.18839667757362194,0.581339069642377
0.18839667757362194,0.5818768486152192
0.1889000755096904,0.5818768486152192
0.1889000755096904,0.5829524065609034
0.18927762396174175,0.5829524065609034
0.18927762396174175,0.5832212960473245
0.1897810218978102,0.5832212960473245
0.1897810218978102,0.5834901855337457
0.18990687138182732,0.5834901855337457
0.18990687138182732,0.5837590750201667
0.18990687138182732,0.5842968539930089
0.19015857034986156,0.5842968539930089
0.19015857034986156,0.584834632965851
0.19066196828593002,0.584834632965851
0.19066196828593002,0.5851035224522722
0.19078781776994713,0.5851035224522722
0.19078781776994713,0.5853724119386932
0.19091366725396425,0.5853724119386932
0.19116536622199848,0.5853724119386932
0.19154291467404982,0.5853724119386932
0.19179461364208406,0.5853724119386932
0.1921721620941354,0.5853724119386932
0.1921721620941354,0.5856413014251143
0.19242386106216963,0.5856413014251143
0.19242386106216963,0.5861790803979564
0.19267556003020386,0.5861790803979564
0.19267556003020386,0.5864479698843775
0.1929272589982381,0.5864479698843775
0.1929272589982381,0.5869857488572197
0.19330480745028947,0.5869857488572197
0.19330480745028947,0.5875235278300619
0.19380820538635793,0.5875235278300619
0.19380820538635793,0.5877924173164829
0.19418575383840928,0.5877924173164829
0.19418575383840928,0.588330196289325
0.1944374528064435,0.588330196289325
0.1944374528064435,0.5885990857757462
0.19456330229046062,0.5885990857757462
0.19456330229046062,0.5888679752621673
0.19468915177447774,0.5888679752621673
0.19494085074251197,0.5888679752621673
0.19494085074251197,0.5896746437214305
0.19494085074251197,0.5902124226942727
0.19494085074251197,0.5907502016671148
0.19544424867858043,0.5907502016671148
0.19544424867858043,0.5910190911535359
0.19557009816259754,0.5910190911535359
0.19582179713063178,0.5910190911535359
0.1959476466146489,0.5910190911535359
0.1959476466146489,0.591556870126378
0.196073496098666,0.591556870126378
0.196073496098666,0.5920946490992203
0.19657689403473447,0.5920946490992203
0.19657689403473447,0.5926324280720624
0.19657689403473447,0.5937079860177467
0.1968285930027687,0.5937079860177467
0.1968285930027687,0.5939768755041678
0.1969544424867858,0.5939768755041678
0.1969544424867858,0.5942457649905889
0.19708029197080293,0.5942457649905889
0.19708029197080293,0.5953213229362732
0.19720614145482004,0.5953213229362732
0.19720614145482004,0.5955902124226943
0.19733199093883716,0.5955902124226943
0.19733199093883716,0.5958591019091154
0.19733199093883716,0.5963968808819575
0.1977095393908885,0.5963968808819575
0.1977095393908885,0.598010217800484
0.1977095393908885,0.598279107286905
0.19796123835892274,0.598279107286905
0.19796123835892274,0.5985479967733262
0.19821293732695697,0.5985479967733262
0.19821293732695697,0.5988168862597473
0.1985904857790083,0.5988168862597473
0.1985904857790083,0.5990857757461683
0.19896803423105966,0.5990857757461683
0.19896803423105966,0.5993546652325894
0.19909388371507677,0.5993546652325894
0.19909388371507677,0.5996235547190105
0.199345582683111,0.5996235547190105
0.199345582683111,0.5998924442054315
0.19959728165114524,0.5998924442054315
0.19959728165114524,0.6001613336918526
0.19984898061917947,0.6001613336918526
0.19984898061917947,0.6006991126646948
0.19997483010319658,0.6006991126646948
0.19997483010319658,0.601505781123958
0.19997483010319658,0.6020435600968003
0.2001006795872137,0.6020435600968003
0.2001006795872137,0.6025813390696424
0.20047822803926504,0.6025813390696424
0.20047822803926504,0.6033880075289056
0.20072992700729927,0.6033880075289056
0.20072992700729927,0.6041946759881689
0.20072992700729927,0.6044635654745899
0.2008557764913164,0.6044635654745899
0.2008557764913164,0.604732454961011
0.20110747545935062,0.604732454961011
0.20110747545935062,0.6052702339338532
0.20148502391140197,0.6052702339338532
0.20148502391140197,0.6055391234202743
0.20161087339541908,0.6055391234202743
0.20161087339541908,0.6060769023931164
0.2017367228794362,0.6060769023931164
0.2018625723634533,0.6063457918795375
0.2018625723634533,0.6066146813659586
0.20211427133148754,0.6066146813659586
0.20211427133148754,0.6068835708523797
0.20224012081550466,0.6068835708523797
0.20224012081550466,0.6071524603388008
0.202617669267556,0.6071524603388008
0.202617669267556,0.6074213498252218
0.20274351875157312,0.6074213498252218
0.20274351875157312,0.6076902393116429
0.20299521771960735,0.6076902393116429
0.20312106720362447,0.6076902393116429
0.20312106720362447,0.6084969077709061
0.20324691668764158,0.6084969077709061
0.20324691668764158,0.6090346867437483
0.20362446513969293,0.6090346867437483
0.20362446513969293,0.6093035762301694
0.20375031462371004,0.6093035762301694
0.20375031462371004,0.6095724657165905
0.20387616410772716,0.6095724657165905
0.20387616410772716,0.6101102446894326
0.20450541152781274,0.6101102446894326
0.20450541152781274,0.6106480236622748
0.20450541152781274,0.611185802635117
0.20450541152781274,0.6117235816079591
0.20463126101182985,0.6117235816079591
0.20463126101182985,0.6119924710943803
0.20475711049584697,0.6119924710943803
0.20475711049584697,0.6125302500672224
0.20538635791593254,0.6125302500672224
0.20563805688396677,0.6125302500672224
0.2057639063679839,0.6125302500672224
0.2057639063679839,0.6127991395536434
0.20614145482003524,0.6127991395536434
0.2066448527561037,0.6127991395536434
0.2067707022401208,0.6127991395536434
0.20702240120815504,0.6127991395536434
0.20727410017618927,0.6127991395536434
0.20727410017618927,0.6133369185264856
0.20765164862824062,0.6133369185264856
0.20765164862824062,0.6136058080129067
0.20777749811225774,0.6136058080129067
0.20777749811225774,0.6144124764721699
0.20815504656430908,0.6144124764721699
0.20815504656430908,0.6149502554450121
0.20891014346841177,0.6149502554450121
0.20891014346841177,0.6152191449314331
0.20941354140448024,0.6152191449314331
0.20941354140448024,0.6154880344178543
0.20953939088849735,0.6154880344178543
0.20953939088849735,0.6157569239042754
0.2099169393405487,0.6157569239042754
0.2099169393405487,0.6160258133906964
0.21016863830858293,0.6160258133906964
0.21016863830858293,0.6165635923635386
0.21016863830858293,0.6171013713363808
0.21042033727661716,0.6171013713363808
0.21042033727661716,0.6173702608228018
0.2107978857286685,0.6173702608228018
0.2107978857286685,0.617908039795644
0.21142713314875408,0.617908039795644
0.2116788321167883,0.617908039795644
0.2116788321167883,0.618176929282065
0.21193053108482254,0.618176929282065
0.21193053108482254,0.6184458187684861
0.2123080795368739,0.6184458187684861
0.2123080795368739,0.6187147082549073
0.21268562798892524,0.6187147082549073
0.21268562798892524,0.6189835977413283
0.21281147747294235,0.6189835977413283
0.21281147747294235,0.6192524872277494
0.21306317644097658,0.6192524872277494
0.21306317644097658,0.6195213767141705
0.21344072489302793,0.6195213767141705
0.21344072489302793,0.6197902662005915
0.2139441228290964,0.6197902662005915
0.2139441228290964,0.6200591556870126
0.21432167128114774,0.6200591556870126
0.21432167128114774,0.6203280451734338
0.21457337024918197,0.6203280451734338
0.21457337024918197,0.6208658241462759
0.21520261766926754,0.6208658241462759
0.21520261766926754,0.621403603119118
0.21532846715328466,0.621403603119118
0.2155801661213189,0.621403603119118
0.2155801661213189,0.6216724926055391
0.2155801661213189,0.6222102715783813
0.21595771457337026,0.6222102715783813
0.21595771457337026,0.6224791610648024
0.21608356405738738,0.6224791610648024
0.21608356405738738,0.6227480505512234
0.2163352630254216,0.6227480505512234
0.2163352630254216,0.6232858295240656
0.21671281147747296,0.6232858295240656
0.21671281147747296,0.6235547190104866
0.21683866096149007,0.6235547190104866
0.21683866096149007,0.6238236084969078
0.2170903599295243,0.6238236084969078
0.2170903599295243,0.6270502823339608
0.21746790838157565,0.6270502823339608
0.21746790838157565,0.6273191718203818
0.21759375786559276,0.6273191718203818
0.21759375786559276,0.6275880613068029
0.21771960734960988,0.6275880613068029
0.21809715580166122,0.6275880613068029
0.21834885476969546,0.6275880613068029
0.21834885476969546,0.627856950793224
0.21847470425371257,0.627856950793224
0.21847470425371257,0.628125840279645
0.21860055373772969,0.628125840279645
0.21860055373772969,0.6286636192524873
0.2187264032217468,0.6286636192524873
0.2187264032217468,0.6289325087389083
0.21885225270576392,0.6289325087389083
0.21885225270576392,0.6292013982253294
0.21897810218978103,0.6292013982253294
0.21897810218978103,0.6294702877117505
0.21910395167379815,0.6294702877117505
0.21910395167379815,0.6297391771981715
0.21935565064183238,0.6297391771981715
0.21935565064183238,0.6300080666845926
0.2196073496098666,0.6300080666845926
0.2196073496098666,0.6302769561710138
0.21998489806191796,0.6302769561710138
0.21998489806191796,0.631083624630277
0.21998489806191796,0.631352514116698
0.22011074754593507,0.631352514116698
0.22011074754593507,0.6316214036031191
0.22023659702995219,0.6316214036031191
0.22023659702995219,0.6318902930895401
0.22073999496602065,0.6318902930895401
0.22073999496602065,0.6321591825759613
0.2212433929020891,0.6321591825759613
0.2212433929020891,0.6324280720623824
0.22136924238610622,0.6324280720623824
0.22136924238610622,0.6326969615488034
0.22174679083815757,0.6326969615488034
0.22174679083815757,0.6332347405216456
0.22187264032217469,0.6332347405216456
0.22187264032217469,0.6337725194944878
0.22187264032217469,0.6340414089809089
0.22212433929020892,0.6340414089809089
0.22212433929020892,0.6343102984673299
0.22225018877422603,0.6343102984673299
0.22225018877422603,0.6348480774401721
0.22262773722627738,0.6348480774401721
0.22262773722627738,0.6351169669265931
0.2227535867102945,0.6351169669265931
0.2227535867102945,0.6356547458994354
0.2228794361943116,0.6356547458994354
0.2228794361943116,0.6359236353858564
0.22300528567832872,0.6359236353858564
0.22300528567832872,0.6361925248722775
0.22313113516234584,0.6361925248722775
0.22313113516234584,0.6367303038451196
0.22313113516234584,0.6369991933315408
0.22350868361439719,0.6369991933315408
0.22350868361439719,0.6375369723043829
0.22413793103448276,0.6375369723043829
0.22413793103448276,0.638074751277225
0.224389630002517,0.638074751277225
0.224389630002517,0.6388814197364883
0.224389630002517,0.6391503092229094
0.2245154794865341,0.6391503092229094
0.2245154794865341,0.6394191987093305
0.22464132897055122,0.6394191987093305
0.22464132897055122,0.6396880881957515
0.22489302793858545,0.6396880881957515
0.22489302793858545,0.6402258671685938
0.22501887742260257,0.6402258671685938
0.22501887742260257,0.6404947566550148
0.22577397432670526,0.6404947566550148
0.22577397432670526,0.6407636461414359
0.22589982381072238,0.6407636461414359
0.22589982381072238,0.641301425114278
0.22627737226277372,0.641301425114278
0.22627737226277372,0.6415703146006991
0.22665492071482507,0.6415703146006991
0.22665492071482507,0.6418392040871201
0.22703246916687642,0.6418392040871201
0.22703246916687642,0.6421080935735413
0.22753586710294488,0.6421080935735413
0.22753586710294488,0.6426458725463834
0.22791341555499622,0.6426458725463834
0.22791341555499622,0.6431836515192256
0.22791341555499622,0.6437214304920678
0.22803926503901334,0.6437214304920678
0.22803926503901334,0.6442592094649099
0.22829096400704757,0.6442592094649099
0.22829096400704757,0.644528098951331
0.22841681349106469,0.6456036568970154
0.22879436194311603,0.6456036568970154
0.22879436194311603,0.6458725463834364
0.2292977598791845,0.6458725463834364
0.22967530833123584,0.6458725463834364
0.22967530833123584,0.6461414358698575
0.22980115781525295,0.6461414358698575
0.22980115781525295,0.6464103253562785
0.22992700729927007,0.6464103253562785
0.22992700729927007,0.6482925517612261
0.22992700729927007,0.6488303307340683
0.23005285678328719,0.6488303307340683
0.23005285678328719,0.6490992202204894
0.23068210420337276,0.6490992202204894
0.23068210420337276,0.6493681097069105
0.23080795368738988,0.6493681097069105
0.23080795368738988,0.6496369991933315
0.2310596526554241,0.6496369991933315
0.2310596526554241,0.6499058886797526
0.23118550213944122,0.6499058886797526
0.23118550213944122,0.6504436676525948
0.23231814749559526,0.6504436676525948
0.23231814749559526,0.6507125571390159
0.23231814749559526,0.651250336111858
0.23244399697961238,0.651250336111858
0.23244399697961238,0.6517881150847001
0.2325698464636295,0.6517881150847001
0.2325698464636295,0.6520570045711213
0.2325698464636295,0.6525947835439634
0.23294739491568084,0.6525947835439634
0.23319909388371507,0.6525947835439634
0.23319909388371507,0.6528636730303845
0.2334507928517493,0.6528636730303845
0.2334507928517493,0.6531325625168056
0.23382834130380065,0.6531325625168056
0.23382834130380065,0.6534014520032266
0.23445758872388622,0.6534014520032266
0.23445758872388622,0.6536703414896478
0.23483513717593757,0.6536703414896478
0.23483513717593757,0.6539392309760689
0.23546438459602315,0.6539392309760689
0.23546438459602315,0.6542081204624899
0.23546438459602315,0.6547458994353321
0.23559023408004026,0.6547458994353321
0.2358419330480745,0.6547458994353321
0.2358419330480745,0.6552836784081743
0.2358419330480745,0.6558214573810164
0.23621948150012584,0.6558214573810164
0.23621948150012584,0.6563592363538585
0.23647118046816007,0.6563592363538585
0.23647118046816007,0.6566281258402796
0.237477976340297,0.6566281258402796
0.237477976340297,0.6568970153267008
0.23798137427636545,0.6568970153267008
0.23823307324439968,0.6568970153267008
0.23873647118046817,0.6568970153267008
0.23873647118046817,0.6571659048131218
0.2389881701485024,0.6571659048131218
0.2389881701485024,0.6574347942995429
0.23936571860055375,0.6574347942995429
0.2397432670526051,0.6574347942995429
0.24012081550465644,0.6574347942995429
0.24037251447269067,0.6574347942995429
0.24037251447269067,0.657703683785964
0.2404983639567078,0.657703683785964
0.2404983639567078,0.6582414627588061
0.24125346086081048,0.6582414627588061
0.24125346086081048,0.6587792417316483
0.2415051598288447,0.6587792417316483
0.2415051598288447,0.6590481312180694
0.24351875157311856,0.6590481312180694
0.24351875157311856,0.6598547996773326
0.2437704505411528,0.6598547996773326
0.2437704505411528,0.6601236891637537
0.2438963000251699,0.6601236891637537
0.2438963000251699,0.6603925786501748
0.24414799899320414,0.6603925786501748
0.24414799899320414,0.661199247109438
0.24414799899320414,0.6617370260822801
0.24490309589730683,0.6617370260822801
0.24490309589730683,0.6620059155687013
0.24502894538132394,0.6620059155687013
0.24502894538132394,0.6622748050551224
0.24515479486534106,0.6622748050551224
0.24515479486534106,0.6625436945415434
0.24590989176944375,0.6625436945415434
0.24590989176944375,0.6628125840279645
0.24603574125346087,0.6628125840279645
0.24603574125346087,0.6630814735143856
0.24616159073747798,0.6630814735143856
0.24616159073747798,0.6633503630008066
0.2464132897055122,0.6633503630008066
0.24666498867354644,0.6633503630008066
0.24666498867354644,0.6636192524872278
0.24679083815756356,0.6636192524872278
0.24679083815756356,0.6641570314600699
0.24742008557764913,0.6641570314600699
0.24742008557764913,0.664425920946491
0.24767178454568337,0.664425920946491
0.2480493329977347,0.664425920946491
0.2480493329977347,0.6649636999193331
0.2480493329977347,0.6655014788921754
0.24830103196576894,0.6655014788921754
0.24830103196576894,0.6657703683785964
0.24842688144978606,0.6657703683785964
0.24842688144978606,0.6663081473514385
0.2488044299018374,0.6663081473514385
0.2488044299018374,0.6668459263242807
0.24918197835388875,0.6668459263242807
0.24918197835388875,0.6671148158107018
0.24930782783790587,0.6671148158107018
0.24930782783790587,0.6673837052971229
0.2495595268059401,0.6673837052971229
0.2495595268059401,0.667652594783544
0.24981122577397433,0.667652594783544
0.24981122577397433,0.6681903737563861
0.2510697206141455,0.6681903737563861
0.2510697206141455,0.6684592632428072
0.25157311855021397,0.6684592632428072
0.25157311855021397,0.6687281527292283
0.2516989680342311,0.6687281527292283
0.2516989680342311,0.6689970422156494
0.2516989680342311,0.6700726001613337
0.2516989680342311,0.6703414896477548
0.25220236597029955,0.6703414896477548
0.25220236597029955,0.6706103791341759
0.25232821545431666,0.6706103791341759
0.25232821545431666,0.6716859370798601
0.2524540649383338,0.6716859370798601
0.2524540649383338,0.6719548265662812
0.252705763906368,0.6719548265662812
0.252705763906368,0.6722237160527024
0.25308331235841935,0.6722237160527024
0.25308331235841935,0.6727614950255445
0.25320916184243647,0.6727614950255445
0.25320916184243647,0.6735681634848077
0.2534608608104707,0.6735681634848077
0.2534608608104707,0.6738370529712289
0.25383840926252205,0.6738370529712289
0.25383840926252205,0.6741059424576499
0.2542159577145734,0.6741059424576499
0.2542159577145734,0.674374831944071
0.2552227535867103,0.674374831944071
0.2552227535867103,0.6746437214304921
0.25560030203876166,0.6746437214304921
0.25560030203876166,0.6751815004033342
0.2558520010067959,0.6751815004033342
0.2558520010067959,0.6759881688625975
0.2558520010067959,0.6765259478354396
0.255977850490813,0.6765259478354396
0.255977850490813,0.6767948373218607
0.25622954945884724,0.6767948373218607
0.25622954945884724,0.6770637268082818
0.25635539894286435,0.6770637268082818
0.25635539894286435,0.6773326162947029
0.25648124842688147,0.6773326162947029
0.25648124842688147,0.677601505781124
0.25723634533098416,0.677601505781124
0.25723634533098416,0.6781392847539661
0.2573621948150013,0.6781392847539661
0.2576138937830355,0.6781392847539661
0.2576138937830355,0.6784081742403872
0.25786559275106974,0.6784081742403872
0.25786559275106974,0.6789459532132294
0.25799144223508685,0.6789459532132294
0.25799144223508685,0.6792148426996505
0.25799144223508685,0.6797526216724926
0.25799144223508685,0.6800215111589137
0.2582431412031211,0.6800215111589137
0.2582431412031211,0.6802904006453347
0.2583689906871382,0.6802904006453347
0.2583689906871382,0.6805592901317559
0.25887238862320666,0.6805592901317559
0.2589982381072238,0.6805592901317559
0.259249937075258,0.6805592901317559
0.2593757865592751,0.6805592901317559
0.2593757865592751,0.681097069104598
0.2600050339793607,0.681097069104598
0.2600050339793607,0.6813659585910191
0.2606342813994463,0.6813659585910191
0.2606342813994463,0.6819037375638612
0.2607601308834634,0.6819037375638612
0.2607601308834634,0.6824415165367034
0.26113767933551474,0.6824415165367034
0.26113767933551474,0.6827104060231245
0.2617669267556003,0.6827104060231245
0.2617669267556003,0.6832481849959666
0.26189277623961743,0.6832481849959666
0.26189277623961743,0.6837859639688089
0.26214447520765166,0.6837859639688089
0.26302542159577147,0.6837859639688089
0.26302542159577147,0.684323742941651
0.26302542159577147,0.6845926324280721
0.2632771205638057,0.6845926324280721
0.2632771205638057,0.6848615219144931
0.26352881953183993,0.6848615219144931
0.26352881953183993,0.6851304114009142
0.2641580669519255,0.6851304114009142
0.2641580669519255,0.6859370798601775
0.2641580669519255,0.6864748588330196
0.26440976591995974,0.6864748588330196
0.26440976591995974,0.6870126378058617
0.2649131638560282,0.6870126378058617
0.2649131638560282,0.6872815272922829
0.2650390133400453,0.6872815272922829
0.2650390133400453,0.687819306265125
0.2650390133400453,0.6880881957515461
0.26529071230807955,0.6880881957515461
0.26529071230807955,0.6886259747243882
0.2655424112761138,0.6886259747243882
0.2655424112761138,0.6888948642108094
0.2656682607601309,0.6888948642108094
0.2656682607601309,0.6897015326700726
0.26604580921218224,0.6897015326700726
0.26604580921218224,0.6902393116429147
0.26617165869619935,0.6902393116429147
0.26617165869619935,0.6905082011293359
0.26629750818021647,0.6905082011293359
0.26629750818021647,0.6907770906157569
0.2665492071482507,0.6907770906157569
0.2666750566322678,0.6907770906157569
0.2666750566322678,0.691045980102178
0.26680090611628493,0.691045980102178
0.26705260508431916,0.691045980102178
0.2671784545683363,0.691045980102178
0.2671784545683363,0.6913148695885991
0.2673043040523534,0.6913148695885991
0.2673043040523534,0.6918526485614412
0.2675560030203876,0.6918526485614412
0.2675560030203876,0.6921215380478624
0.2681852504404732,0.6921215380478624
0.2681852504404732,0.6923904275342834
0.2683110999244903,0.6923904275342834
0.2683110999244903,0.6929282065071256
0.2683110999244903,0.6931970959935466
0.26843694940850743,0.6931970959935466
0.26843694940850743,0.6950793223984942
0.2696954442486786,0.6950793223984942
0.2696954442486786,0.6956171013713364
0.2698212937326957,0.6956171013713364
0.2698212937326957,0.6958859908577575
0.27007299270072993,0.6958859908577575
0.27007299270072993,0.6961548803441785
0.27019884218474705,0.6961548803441785
0.27019884218474705,0.6964237698305996
0.27019884218474705,0.6969615488034417
0.2705763906367984,0.6969615488034417
0.2705763906367984,0.6972304382898629
0.2708280896048326,0.6972304382898629
0.2708280896048326,0.697499327776284
0.27095393908884974,0.697499327776284
0.27095393908884974,0.697768217262705
0.27107978857286685,0.697768217262705
0.27107978857286685,0.6980371067491261
0.27120563805688397,0.6980371067491261
0.27120563805688397,0.6983059962355472
0.2715831865089353,0.6983059962355472
0.2715831865089353,0.6985748857219682
0.27196073496098666,0.6985748857219682
0.27196073496098666,0.6988437752083894
0.272338283413038,0.6988437752083894
0.272338283413038,0.6993815541812315
0.2737226277372263,0.6993815541812315
0.2738484772212434,0.6996504436676526
0.27498112257739743,0.6996504436676526
0.27523282154543166,0.6996504436676526
0.2754845205134659,0.6996504436676526
0.2754845205134659,0.6999193331540737
0.27611376793355147,0.6999193331540737
0.27611376793355147,0.7001882226404947
0.2762396174175686,0.7001882226404947
0.2762396174175686,0.7018015595590212
0.2764913163856028,0.7018015595590212
0.2764913163856028,0.7020704490454424
0.27686886483765416,0.7020704490454424
0.27686886483765416,0.7026082280182845
0.2771205638056884,0.7026082280182845
0.2773722627737226,0.7026082280182845
0.27749811225773974,0.7026082280182845
0.27749811225773974,0.7031460069911266
0.2778756607097911,0.7031460069911266
0.2778756607097911,0.7034148964775477
0.27850490812987666,0.7034148964775477
0.27850490812987666,0.7036837859639689
0.2786307576138938,0.7036837859639689
0.2786307576138938,0.7044904544232321
0.2787566070979109,0.7044904544232321
0.2787566070979109,0.7047593439096531
0.27926000503397935,0.7047593439096531
0.2797634029700478,0.7047593439096531
0.2797634029700478,0.7052971228824952
0.27988925245406493,0.7052971228824952
0.27988925245406493,0.7058349018553375
0.2803926503901334,0.7058349018553375
0.2803926503901334,0.7061037913417585
0.2805184998741505,0.7061037913417585
0.2805184998741505,0.7063726808281796
0.28089604832620185,0.7063726808281796
0.2811477472942361,0.7063726808281796
0.2812735967782532,0.7063726808281796
0.2812735967782532,0.7069104598010217
0.2822803926503901,0.7069104598010217
0.28253209161842435,0.7069104598010217
0.28253209161842435,0.7071793492874429
0.2830354895544928,0.7071793492874429
0.2830354895544928,0.707448238773864
0.2836647369745784,0.707448238773864
0.2836647369745784,0.707717128260285
0.28416813491064685,0.707717128260285
0.28416813491064685,0.7079860177467061
0.2844198338786811,0.7079860177467061
0.2844198338786811,0.7082549072331272
0.2846715328467153,0.7082549072331272
0.2846715328467153,0.7087926862059694
0.28492323181474954,0.7087926862059694
0.28492323181474954,0.7090615756923905
0.28567832871885224,0.7090615756923905
0.28567832871885224,0.7093304651788115
0.28593002768688647,0.7093304651788115
0.28593002768688647,0.7095993546652326
0.2860558771709036,0.7095993546652326
0.2860558771709036,0.7101371336380747
0.2860558771709036,0.7104060231244959
0.2870626730430405,0.7104060231244959
0.2870626730430405,0.7106749126109169
0.2871885225270576,0.7106749126109169
0.2871885225270576,0.710943802097338
0.28731437201107474,0.710943802097338
0.28731437201107474,0.7114815810701801
0.2876919204631261,0.7114815810701801
0.2876919204631261,0.7120193600430224
0.2879436194311603,0.7120193600430224
0.2879436194311603,0.7122882495294434
0.2879436194311603,0.7130949179887066
0.2879436194311603,0.7133638074751277
0.288698716335263,0.7133638074751277
0.288698716335263,0.714170475934391
0.28907626478731435,0.714170475934391
0.28907626478731435,0.7147082549072331
0.28907626478731435,0.7149771443936542
0.28920211427133147,0.7149771443936542
0.2894538132393657,0.7149771443936542
0.28970551220739993,0.7149771443936542
0.28970551220739993,0.7152460338800752
0.2900830606594513,0.7152460338800752
0.2900830606594513,0.7155149233664964
0.2903347596274855,0.7155149233664964
0.2903347596274855,0.7157838128529175
0.2904606091115026,0.7157838128529175
0.2904606091115026,0.7160527023393385
0.29071230807953685,0.7160527023393385
0.29071230807953685,0.7163215918257596
0.2912157060156053,0.7163215918257596
0.2912157060156053,0.7168593707986017
0.29146740498363954,0.7168593707986017
0.29146740498363954,0.7171282602850229
0.29159325446765666,0.7171282602850229
0.29159325446765666,0.717666039257865
0.2918449534356909,0.717666039257865
0.2918449534356909,0.7179349287442861
0.2918449534356909,0.7211616025813391
0.291970802919708,0.7211616025813391
0.291970802919708,0.7214304920677601
0.2927258998238107,0.7214304920677601
0.2927258998238107,0.7225060500134445
0.2928517493078278,0.7225060500134445
0.2928517493078278,0.7227749394998656
0.29310344827586204,0.7227749394998656
0.29310344827586204,0.7235816079591288
0.29385854517996474,0.7235816079591288
0.29385854517996474,0.7238504974455499
0.29398439466398185,0.7238504974455499
0.29398439466398185,0.724119386931971
0.29411024414799897,0.724119386931971
0.29411024414799897,0.7246571659048131
0.2956204379562044,0.7246571659048131
0.2956204379562044,0.7249260553912342
0.29624968537629,0.7249260553912342
0.29624968537629,0.7254638343640764
0.2963755348603071,0.7254638343640764
0.29662723382834133,0.7254638343640764
0.29687893279637556,0.7254638343640764
0.29687893279637556,0.7257327238504975
0.2970047822803927,0.7257327238504975
0.2970047822803927,0.7260016133369185
0.2972564812484269,0.7260016133369185
0.2972564812484269,0.7265393923097607
0.29775987918449537,0.7265393923097607
0.29775987918449537,0.7270771712826029
0.2978857286685125,0.7270771712826029
0.2978857286685125,0.727614950255445
0.2978857286685125,0.7278838397418661
0.2981374276365467,0.7278838397418661
0.2981374276365467,0.7281527292282872
0.2981374276365467,0.7286905082011293
0.29826327712056383,0.7286905082011293
0.29826327712056383,0.7297660661468136
0.29826327712056383,0.7300349556332347
0.29838912660458095,0.7300349556332347
0.29838912660458095,0.7303038451196558
0.29914422350868364,0.7303038451196558
0.29914422350868364,0.7305727346060769
0.29939592247671787,0.7305727346060769
0.299521771960735,0.730841624092498
0.2996476214447521,0.730841624092498
0.2996476214447521,0.7311105135789191
0.29989932041278633,0.7311105135789191
0.29989932041278633,0.7313794030653401
0.30090611628492325,0.7313794030653401
0.30090611628492325,0.7316482925517612
0.3014095142209917,0.7316482925517612
0.3014095142209917,0.7319171820381823
0.30153536370500883,0.7319171820381823
0.30153536370500883,0.7321860715246034
0.3019129121570602,0.7321860715246034
0.3019129121570602,0.7327238504974456
0.30241631009312864,0.7327238504974456
0.30241631009312864,0.7337994084431299
0.30266800906116287,0.7337994084431299
0.30266800906116287,0.734068297929551
0.30279385854518,0.734068297929551
0.30279385854518,0.7346060769023931
0.3029197080291971,0.7346060769023931
0.3029197080291971,0.7348749663888142
0.3035489554492827,0.7348749663888142
0.3035489554492827,0.7354127453616564
0.3038006544173169,0.7354127453616564
0.3038006544173169,0.7356816348480775
0.30405235338535114,0.7356816348480775
0.3044299018374025,0.7356816348480775
0.3044299018374025,0.7359505243344985
0.3046816008054367,0.7359505243344985
0.3046816008054367,0.7362194138209196
0.30505914925748806,0.7362194138209196
0.30505914925748806,0.7364883033073407
0.3054366977095394,0.7364883033073407
0.3054366977095394,0.737294971766604
0.3061917946136421,0.737294971766604
0.3061917946136421,0.737563861253025
0.30745028945381325,0.737563861253025
0.30745028945381325,0.7378327507394461
0.30833123584193306,0.7378327507394461
0.30833123584193306,0.7381016402258672
0.3084570853259502,0.7381016402258672
0.3084570853259502,0.7386394191987093
0.30908633274603575,0.7386394191987093
0.30908633274603575,0.7391771981715515
0.3095897306821042,0.7394460876579726
0.31059652655424114,0.7394460876579726
0.31059652655424114,0.7397149771443936
0.31072237603825825,0.7397149771443936
0.31072237603825825,0.7402527561172358
0.31084822552227537,0.7402527561172358
0.31084822552227537,0.740790535090078
0.3109740750062925,0.740790535090078
0.3109740750062925,0.7410594245764991
0.3110999244903096,0.7410594245764991
0.3110999244903096,0.7413283140629201
0.3112257739743267,0.7413283140629201
0.3112257739743267,0.7418660930357623
0.31135162345834383,0.7418660930357623
0.31160332242637806,0.7418660930357623
0.3128618172665492,0.7418660930357623
0.3128618172665492,0.7421349825221834
0.313742763654669,0.7421349825221834
0.31399446262270325,0.7421349825221834
0.31412031210672037,0.7421349825221834
0.31412031210672037,0.7424038720086045
0.31462371004278883,0.7424038720086045
0.31462371004278883,0.7426727614950256
0.31487540901082306,0.7426727614950256
0.31487540901082306,0.7429416509814466
0.3150012584948402,0.7429416509814466
0.3150012584948402,0.7432105404678677
0.3151271079788573,0.7432105404678677
0.3151271079788573,0.7437483194407098
0.3153788069468915,0.7437483194407098
0.3153788069468915,0.744286098413552
0.31563050591492575,0.744286098413552
0.31588220488296,0.744286098413552
0.3160080543669771,0.744286098413552
0.3160080543669771,0.7450927668728152
0.3161339038509942,0.7450927668728152
0.3161339038509942,0.7453616563592363
0.31651145230304556,0.7453616563592363
0.31651145230304556,0.7458994353320785
0.3168890007550969,0.7458994353320785
0.3168890007550969,0.7461683248184996
0.3175182481751825,0.7461683248184996
0.31802164611125094,0.7461683248184996
0.31802164611125094,0.7464372143049207
0.3185250440473194,0.7464372143049207
0.3185250440473194,0.7467061037913417
0.3194059904354392,0.7467061037913417
0.3194059904354392,0.7469749932777628
0.31978353888749056,0.7469749932777628
0.31978353888749056,0.747243882764184
0.320286936823559,0.747243882764184
0.32053863579159325,0.747243882764184
0.32066448527561037,0.747243882764184
0.32066448527561037,0.7477816617370261
0.32141958217971306,0.7477816617370261
0.32141958217971306,0.7480505512234472
0.3216712811477473,0.7480505512234472
0.3219229801157815,0.7480505512234472
0.3219229801157815,0.7483194407098682
0.323559023408004,0.7483194407098682
0.323559023408004,0.7493949986555526
0.32381072237603825,0.7493949986555526
0.32381072237603825,0.7496638881419736
0.32393657186005537,0.7496638881419736
0.32393657186005537,0.7499327776283947
0.3241882708280896,0.7499327776283947
0.3241882708280896,0.7504705566012368
0.3243141203121067,0.7504705566012368
0.32443996979612383,0.7531594514654477
0.32443996979612383,0.7536972304382898
0.32456581928014094,0.7536972304382898
0.32456581928014094,0.753966119924711
0.3248175182481752,0.753966119924711
0.3248175182481752,0.754235009411132
0.32557261515227787,0.754235009411132
0.32557261515227787,0.7547727883839742
0.32607601308834633,0.7547727883839742
0.32607601308834633,0.7550416778703952
0.3264535615403977,0.7550416778703952
0.3264535615403977,0.7558483463296585
0.32720865844450037,0.7558483463296585
0.32720865844450037,0.7563861253025007
0.32720865844450037,0.7566550147889217
0.3275862068965517,0.7566550147889217
0.3275862068965517,0.7569239042753428
0.3280896048326202,0.7569239042753428
0.3280896048326202,0.757192793761764
0.3284671532846715,0.757192793761764
0.3284671532846715,0.757461683248185
0.3290964007047571,0.757461683248185
0.3290964007047571,0.7577305727346061
0.32934809967279133,0.7577305727346061
0.32934809967279133,0.7579994622210272
0.32947394915680844,0.7579994622210272
0.32947394915680844,0.7582683517074482
0.33048074502894537,0.7582683517074482
0.33048074502894537,0.7585372411938693
0.3308582934809967,0.7585372411938693
0.3308582934809967,0.7588061306802903
0.33110999244903094,0.7588061306802903
0.33110999244903094,0.7590750201667115
0.33123584193304806,0.7590750201667115
0.33123584193304806,0.7593439096531326
0.3316133903850994,0.7593439096531326
0.3316133903850994,0.7596127991395536
0.3324943367732192,0.7596127991395536
0.3324943367732192,0.7598816886259747
0.3329977347092877,0.7598816886259747
0.3329977347092877,0.7604194675988168
0.333375283161339,0.7604194675988168
0.333375283161339,0.760688357085238
0.33350113264535614,0.760688357085238
0.33350113264535614,0.7612261360580801
0.3341303800654417,0.7612261360580801
0.3341303800654417,0.7620328045173433
0.3350113264535615,0.7620328045173433
0.3350113264535615,0.7623016940037645
0.33526302542159575,0.7623016940037645
0.3357664233576642,0.7623016940037645
0.3357664233576642,0.7625705834901856
0.3358922728416813,0.7625705834901856
0.33614397180971556,0.7625705834901856
0.3363956707777498,0.7625705834901856
0.3363956707777498,0.7628394729766066
0.336647369745784,0.7628394729766066
0.336647369745784,0.7631083624630277
0.3372766171658696,0.7631083624630277
0.3372766171658696,0.7636461414358698
0.3375283161339038,0.7636461414358698
0.3375283161339038,0.764183920408712
0.33765416561792094,0.764183920408712
0.33765416561792094,0.7644528098951331
0.3379058645859552,0.7644528098951331
0.3380317140699723,0.7647216993815542
0.3381575635539894,0.7647216993815542
0.3381575635539894,0.7649905888679752
0.33866096149005787,0.7649905888679752
0.3389126604580921,0.7649905888679752
0.3390385099421092,0.7649905888679752
0.3390385099421092,0.7657972573272385
0.3391643594261263,0.7657972573272385
0.3391643594261263,0.7660661468136596
0.34004530581424613,0.7660661468136596
0.34029700478228037,0.7660661468136596
0.34029700478228037,0.7663350363000807
0.3405487037503146,0.7663350363000807
0.3405487037503146,0.7666039257865017
0.340926252202366,0.7666039257865017
0.340926252202366,0.7668728152729228
0.3410521016863831,0.7668728152729228
0.34130380065441734,0.7668728152729228
0.34130380065441734,0.767141704759344
0.34142965013843446,0.767141704759344
0.34142965013843446,0.767410594245765
0.3419330480745029,0.767410594245765
0.3419330480745029,0.7679483732186072
0.34218474704253715,0.7679483732186072
0.34218474704253715,0.7684861521914493
0.34231059652655427,0.7684861521914493
0.34231059652655427,0.7687550416778703
0.3424364460105714,0.7687550416778703
0.3424364460105714,0.7690239311642915
0.3425622954945885,0.7690239311642915
0.3425622954945885,0.7695617101371336
0.34293984394663984,0.7695617101371336
0.34293984394663984,0.7698305996235547
0.3434432418827083,0.7698305996235547
0.3434432418827083,0.7700994891099758
0.344198338786811,0.7700994891099758
0.344198338786811,0.7703683785963968
0.3450792851749308,0.7703683785963968
0.3450792851749308,0.7709061575692391
0.34545683362698215,0.7709061575692391
0.34545683362698215,0.7711750470556601
0.34558268311099927,0.7711750470556601
0.34558268311099927,0.7714439365420812
0.3459602315630506,0.7714439365420812
0.3459602315630506,0.7719817155149233
0.34621193053108484,0.7719817155149233
0.34621193053108484,0.7727883839741866
0.34633778001510196,0.7727883839741866
0.34633778001510196,0.7730572734606077
0.3465894789831362,0.7730572734606077
0.3465894789831362,0.7735950524334498
0.3467153284671533,0.7735950524334498
0.34721872640322177,0.7735950524334498
0.347470425371256,0.7735950524334498
0.347470425371256,0.774132831406292
0.3483513717593758,0.774132831406292
0.3483513717593758,0.7744017208927131
0.3489806191794614,0.7744017208927131
0.3492323181474956,0.7744017208927131
0.34960986659954696,0.7744017208927131
0.34960986659954696,0.7749394998655552
0.3498615655675812,0.7749394998655552
0.3498615655675812,0.7754772788383975
0.3499874150515983,0.7754772788383975
0.3499874150515983,0.7757461683248185
0.3501132645356154,0.7757461683248185
0.3501132645356154,0.7760150578112396
0.35023911401963254,0.7760150578112396
0.35023911401963254,0.7762839472976607
0.35036496350364965,0.7762839472976607
0.35036496350364965,0.7765528367840817
0.350742511955701,0.7765528367840817
0.350742511955701,0.777090615756924
0.3508683614397181,0.777090615756924
0.3508683614397181,0.777359505243345
0.35112006040775234,0.777359505243345
0.35212685627988927,0.777359505243345
0.35212685627988927,0.7776283947297661
0.3523785552479235,0.7776283947297661
0.3523785552479235,0.7778972842161872
0.35263025421595773,0.7778972842161872
0.35263025421595773,0.7784350631890293
0.35288195318399196,0.7784350631890293
0.35288195318399196,0.7787039526754503
0.35288195318399196,0.7792417316482926
0.3532595016360433,0.7792417316482926
0.35351120060407754,0.7792417316482926
0.354014598540146,0.7792417316482926
0.354014598540146,0.7803172895939768
0.3541404480241631,0.7803172895939768
0.3541404480241631,0.780586179080398
0.35439214699219734,0.780586179080398
0.3555247923483514,0.7808550685668191
0.3556506418323685,0.7808550685668191
0.3556506418323685,0.7811239580532401
0.3557764913163856,0.7811239580532401
0.3557764913163856,0.783812852917451
0.3566574377045054,0.783812852917451
0.3566574377045054,0.784081742403872
0.35678328718852254,0.784081742403872
0.35678328718852254,0.7843506318902931
0.3571608356405739,0.7843506318902931
0.3571608356405739,0.7848884108631352
0.3575383840926252,0.7848884108631352
0.3575383840926252,0.7851573003495563
0.35766423357664234,0.7851573003495563
0.35766423357664234,0.7854261898359775
0.3596778253209162,0.7854261898359775
0.3596778253209162,0.7856950793223985
0.3599295242889504,0.7856950793223985
0.36018122325698465,0.7856950793223985
0.36093632016108734,0.7856950793223985
0.36093632016108734,0.7859639688088196
0.3613138686131387,0.7859639688088196
0.3613138686131387,0.7862328582952407
0.36169141706519004,0.7862328582952407
0.36194311603322427,0.7862328582952407
0.3620689655172414,0.7862328582952407
0.3620689655172414,0.7867706372680828
0.3620689655172414,0.787039526754504
0.3621948150012585,0.787039526754504
0.3621948150012585,0.7875773057273461
0.3629499119053612,0.7875773057273461
0.3629499119053612,0.7878461952137671
0.36508935313365215,0.7878461952137671
0.36508935313365215,0.7881150847001882
0.3653410521016864,0.7881150847001882
0.3657186005537377,0.7881150847001882
0.36597029952177196,0.7881150847001882
0.36597029952177196,0.7886528636730303
0.36597029952177196,0.7891906426458726
0.3662219984898062,0.7891906426458726
0.3662219984898062,0.7899973111051358
0.3664736974578404,0.7899973111051358
0.3664736974578404,0.7902662005915568
0.36672539642587465,0.7902662005915568
0.36685124590989177,0.7934928744286098
0.3669770953939089,0.7934928744286098
0.3669770953939089,0.793761763915031
0.3679838912660458,0.793761763915031
0.3679838912660458,0.794030653401452
0.36823559023408003,0.794030653401452
0.36823559023408003,0.7945684323742942
0.36924238610621696,0.7945684323742942
0.36924238610621696,0.7951062113471363
0.36999748301031965,0.7951062113471363
0.36999748301031965,0.7956439903199785
0.370375031462371,0.7956439903199785
0.370375031462371,0.7961817692928207
0.37075257991442234,0.7961817692928207
0.37075257991442234,0.7964506587792417
0.3710042788824566,0.7964506587792417
0.3710042788824566,0.7967195482656628
0.3712559778504908,0.7967195482656628
0.3713818273345079,0.7967195482656628
0.3713818273345079,0.797257327238505
0.37175937578655927,0.797257327238505
0.3720110747545935,0.797257327238505
0.3720110747545935,0.8002151115891368
0.3721369242386106,0.8002151115891368
0.3721369242386106,0.800484001075558
0.3721369242386106,0.8010217800484001
0.3722627737226277,0.8010217800484001
0.3722627737226277,0.8018284485076633
0.37339541907878177,0.8018284485076633
0.37339541907878177,0.8020973379940844
0.3737729675308331,0.8020973379940844
0.3737729675308331,0.8026351169669266
0.3737729675308331,0.8029040064533477
0.3738988170148502,0.8029040064533477
0.3738988170148502,0.8031728959397687
0.37402466649886734,0.8031728959397687
0.37402466649886734,0.8034417854261898
0.37415051598288446,0.8034417854261898
0.37415051598288446,0.803710674912611
0.3742763654669016,0.803710674912611
0.3742763654669016,0.803979564399032
0.3752831613390385,0.803979564399032
0.3752831613390385,0.8042484538854531
0.37578655927510696,0.8042484538854531
0.37578655927510696,0.8050551223447163
0.37641580669519253,0.8050551223447163
0.37641580669519253,0.8053240118311374
0.3767933551472439,0.8053240118311374
0.3767933551472439,0.8055929013175585
0.37805184998741503,0.8055929013175585
0.37805184998741503,0.8058617908039796
0.3785552479234835,0.8058617908039796
0.3785552479234835,0.8061306802904007
0.3795620437956204,0.8061306802904007
0.3795620437956204,0.8066684592632428
0.37968789327963753,0.8066684592632428
0.37968789327963753,0.8069373487496639
0.380191291215706,0.8069373487496639
0.380191291215706,0.807206238236085
0.3804429901837402,0.807206238236085
0.3810722376038258,0.807206238236085
0.38132393657186003,0.807206238236085
0.38132393657186003,0.8074751277225061
0.3817014850239114,0.8074751277225061
0.3817014850239114,0.8077440172089271
0.3819531839919456,0.8077440172089271
0.3819531839919456,0.8080129066953482
0.3820790334759627,0.8080129066953482
0.3820790334759627,0.8085506856681903
0.38233073244399696,0.8085506856681903
0.38233073244399696,0.8088195751546114
0.38321167883211676,0.8088195751546114
0.38321167883211676,0.8090884646410326
0.3843443241882708,0.8090884646410326
0.3843443241882708,0.8093573541274536
0.38484772212433926,0.8093573541274536
0.38484772212433926,0.8098951331002958
0.3849735716083564,0.8098951331002958
0.3849735716083564,0.8101640225867168
0.3850994210923735,0.8101640225867168
0.3853511200604077,0.8101640225867168
0.38547696954442484,0.8101640225867168
0.38547696954442484,0.8107018015595591
0.3859803674804933,0.8107018015595591
0.38623206644852753,0.8107018015595591
0.38623206644852753,0.8112395805324012
0.3864837654165618,0.8112395805324012
0.3864837654165618,0.8115084700188223
0.3869871633526303,0.8115084700188223
0.3869871633526303,0.8120462489916644
0.3872388623206645,0.8120462489916644
0.3872388623206645,0.8125840279645066
0.3872388623206645,0.8131218069373487
0.38761641077271586,0.8131218069373487
0.38761641077271586,0.8133906964237698
0.3881198087087843,0.8133906964237698
0.3881198087087843,0.813928475396612
0.38824565819280143,0.813928475396612
0.38824565819280143,0.8141973648830331
0.3887490561288699,0.8141973648830331
0.3887490561288699,0.8144662543694542
0.388874905612887,0.8144662543694542
0.388874905612887,0.8147351438558752
0.38912660458092124,0.8147351438558752
0.38912660458092124,0.8150040333422963
0.38988170148502393,0.8150040333422963
0.3902592499370753,0.8150040333422963
0.3902592499370753,0.8158107018015596
0.3902592499370753,0.817155149233665
0.3902592499370753,0.8179618176929282
0.3902592499370753,0.8182307071793493
0.3903850994210924,0.8182307071793493
0.3903850994210924,0.8193062651250336
0.3912660458092122,0.8193062651250336
0.39151774477724643,0.8193062651250336
0.3920211427133149,0.8193062651250336
0.3920211427133149,0.8203818230707179
0.3930279385854518,0.8203818230707179
0.39327963755348605,0.8203818230707179
0.3935313365215203,0.8203818230707179
0.3935313365215203,0.8209196020435601
0.3937830354895545,0.8209196020435601
0.3937830354895545,0.8211884915299812
0.3939088849735716,0.8211884915299812
0.3939088849735716,0.8217262705028233
0.3939088849735716,0.8219951599892444
0.3944122829096401,0.8219951599892444
0.3944122829096401,0.8225329389620866
0.3945381323936572,0.8225329389620866
0.3945381323936572,0.8228018284485077
0.39491568084570855,0.8228018284485077
0.39491568084570855,0.8230707179349287
0.39504153032972567,0.8230707179349287
0.3952932292977599,0.8230707179349287
0.3952932292977599,0.8233396074213498
0.395419078781777,0.8233396074213498
0.395419078781777,0.8236084969077709
0.39579662723382836,0.8236084969077709
0.39579662723382836,0.8241462758806131
0.39655172413793105,0.8241462758806131
0.39655172413793105,0.8244151653670342
0.39667757362194817,0.8244151653670342
0.3969292725899824,0.8244151653670342
0.3976843694940851,0.8244151653670342
0.3976843694940851,0.8246840548534552
0.3979360684621193,0.8246840548534552
0.3979360684621193,0.8249529443398763
0.39806191794613643,0.8249529443398763
0.39806191794613643,0.8252218338262974
0.39818776743015355,0.8252218338262974
0.39818776743015355,0.8254907233127184
0.39831361691417067,0.8254907233127184
0.39831361691417067,0.8260285022855607
0.3985653158822049,0.8260285022855607
0.3985653158822049,0.8262973917719817
0.3988170148502391,0.8262973917719817
0.39906871381827336,0.8262973917719817
0.3991945633022905,0.8262973917719817
0.3991945633022905,0.8265662812584028
0.3994462622703247,0.8265662812584028
0.3994462622703247,0.8268351707448238
0.39969796123835893,0.8268351707448238
0.39969796123835893,0.8271040602312449
0.39982381072237605,0.8271040602312449
0.39982381072237605,0.8273729497176661
0.4002013591744274,0.8273729497176661
0.4002013591744274,0.8276418392040871
0.4009564560785301,0.8276418392040871
0.4009564560785301,0.8279107286905082
0.40145985401459855,0.8279107286905082
0.40145985401459855,0.8281796181769293
0.4018374024666499,0.8281796181769293
0.4018374024666499,0.8284485076633503
0.4020891014346841,0.8284485076633503
0.4028441983387868,0.8284485076633503
0.4028441983387868,0.8287173971497714
0.4035992952428895,0.8287173971497714
0.40385099421092374,0.8287173971497714
0.40485779008306066,0.8287173971497714
0.4051094890510949,0.8287173971497714
0.4051094890510949,0.8289862866361926
0.40561288698716336,0.8289862866361926
0.40561288698716336,0.8292551761226136
0.4066196828593003,0.8292551761226136
0.4066196828593003,0.8295240656090347
0.4066196828593003,0.8300618445818768
0.4067455323433174,0.8300618445818768
0.4067455323433174,0.8303307340682979
0.4067455323433174,0.8308685130411401
0.4069972313113516,0.8308685130411401
0.40724893027938586,0.8308685130411401
0.40737477976340297,0.8308685130411401
0.40737477976340297,0.8311374025275612
0.4077523282154543,0.8311374025275612
0.4077523282154543,0.8316751815004033
0.40787817769947143,0.8316751815004033
0.40787817769947143,0.8319440709868244
0.4082557261515228,0.8319440709868244
0.4082557261515228,0.8324818499596666
0.4083815756355399,0.8324818499596666
0.4086332746035741,0.8324818499596666
0.4091366725396426,0.8324818499596666
0.4091366725396426,0.8327507394460877
0.4093883715076768,0.8327507394460877
0.4093883715076768,0.8330196289325087
0.40951422099169393,0.8330196289325087
0.40951422099169393,0.8338262973917719
0.4098917694437453,0.8338262973917719
0.41064686634784797,0.8338262973917719
0.41064686634784797,0.8343640763646142
0.41115026428391643,0.8343640763646142
0.41140196325195066,0.8343640763646142
0.411779511704002,0.8343640763646142
0.411779511704002,0.8346329658510352
0.41215706015605336,0.8346329658510352
0.4126604580921218,0.8346329658510352
0.41278630757613893,0.8346329658510352
0.41278630757613893,0.8349018553374563
0.4131638560281903,0.8349018553374563
0.4131638560281903,0.8351707448238774
0.4134155549962245,0.8351707448238774
0.4134155549962245,0.8357085237967196
0.4140448024163101,0.8357085237967196
0.4140448024163101,0.8359774132831407
0.41454820035237855,0.8359774132831407
0.41454820035237855,0.8362463027695617
0.41467404983639566,0.8362463027695617
0.41467404983639566,0.8367840817424038
0.415051598288447,0.8367840817424038
0.415051598288447,0.8370529712288249
0.41530329725648124,0.8370529712288249
0.41530329725648124,0.8375907502016671
0.41530329725648124,0.8381285291745093
0.41618424364460105,0.8381285291745093
0.41618424364460105,0.8383974186609303
0.4164359426126353,0.8383974186609303
0.4164359426126353,0.8386663081473514
0.4166876415806695,0.8386663081473514
0.4166876415806695,0.8389351976337726
0.41693934054870374,0.8389351976337726
0.41693934054870374,0.8392040871201936
0.41794613642084066,0.8392040871201936
0.41794613642084066,0.8400107555794568
0.418323684872892,0.8400107555794568
0.418323684872892,0.840548534552299
0.4189529322929776,0.840548534552299
0.4189529322929776,0.8408174240387201
0.4198338786810974,0.8408174240387201
0.4200855776491316,0.8408174240387201
0.4207148250692172,0.8408174240387201
0.4207148250692172,0.8410863135251412
0.42096652403725143,0.8410863135251412
0.42096652403725143,0.8413552030115623
0.42197331990938836,0.8413552030115623
0.42197331990938836,0.8418929819844044
0.42209916939340547,0.8418929819844044
0.42209916939340547,0.8421618714708254
0.4223508683614397,0.8421618714708254
0.4223508683614397,0.8426996504436677
0.4224767178454568,0.8426996504436677
0.4224767178454568,0.8432374294165098
0.42272841681349105,0.8432374294165098
0.42272841681349105,0.8435063189029309
0.4229801157815253,0.8435063189029309
0.4229801157815253,0.8437752083893519
0.4232318147495595,0.8437752083893519
0.42348351371759374,0.8437752083893519
0.42373521268562797,0.8437752083893519
0.4241127611376793,0.8437752083893519
0.42449030958973066,0.8437752083893519
0.4247420085577649,0.8437752083893519
0.4247420085577649,0.8443129873621942
0.424867858041782,0.8443129873621942
0.424867858041782,0.8445818768486152
0.4249937075257991,0.8445818768486152
0.4249937075257991,0.8448507663350363
0.42537125597785047,0.8448507663350363
0.42537125597785047,0.8451196558214574
0.4254971054618676,0.8451196558214574
0.4254971054618676,0.8453885453078784
0.42587465391391893,0.8453885453078784
0.42587465391391893,0.8456574347942996
0.42612635288195316,0.8456574347942996
0.42612635288195316,0.8459263242807207
0.4263780518499874,0.8459263242807207
0.4265039013340045,0.8459263242807207
0.4265039013340045,0.8461952137671417
0.4272589982381072,0.8461952137671417
0.4272589982381072,0.8467329927399838
0.4272589982381072,0.8470018822264049
0.4278882456581928,0.8470018822264049
0.4278882456581928,0.8475396611992471
0.428139944626227,0.8475396611992471
0.428139944626227,0.8480774401720893
0.4287691920463126,0.8480774401720893
0.4287691920463126,0.8488841086313526
0.4288950415303297,0.8488841086313526
0.4288950415303297,0.8491529981177736
0.42914674049836393,0.8491529981177736
0.42914674049836393,0.8494218876041947
0.4305310848225522,0.8494218876041947
0.4305310848225522,0.8496907770906158
0.43078278379058643,0.8496907770906158
0.43078278379058643,0.8499596665770368
0.43090863327460355,0.8499596665770368
0.43090863327460355,0.8502285560634579
0.4311603322426378,0.8502285560634579
0.4311603322426378,0.8507663350363001
0.431412031210672,0.8507663350363001
0.4315378806946891,0.8507663350363001
0.4315378806946891,0.8510352245227212
0.43166373017870624,0.8510352245227212
0.43166373017870624,0.8515730034955633
0.43216712811477476,0.8515730034955633
0.43216712811477476,0.8521107824684054
0.432418827082809,0.8521107824684054
0.432418827082809,0.8523796719548266
0.43292222501887745,0.8523796719548266
0.43292222501887745,0.8526485614412477
0.4343065693430657,0.8526485614412477
0.4343065693430657,0.8534552299005109
0.43443241882708283,0.8534552299005109
0.43443241882708283,0.8537241193869319
0.43468411779511706,0.8537241193869319
0.43468411779511706,0.853993008873353
0.4348099672791342,0.853993008873353
0.4348099672791342,0.8542618983597742
0.4364460105713567,0.8542618983597742
0.4364460105713567,0.8545307878461952
0.43783035489554495,0.8545307878461952
0.43783035489554495,0.8547996773326163
0.4380820538635792,0.8547996773326163
0.4382079033475963,0.8547996773326163
0.4382079033475963,0.8550685668190374
0.438963000251699,0.8550685668190374
0.438963000251699,0.8553374563054584
0.4392146992197332,0.8553374563054584
0.4392146992197332,0.8556063457918796
0.43934054870375033,0.8556063457918796
0.43934054870375033,0.8558752352783007
0.4399697961238359,0.8558752352783007
0.44022149509187014,0.8558752352783007
0.4405990435439215,0.8558752352783007
0.4405990435439215,0.8561441247647217
0.44097659199597283,0.8561441247647217
0.44122829096400706,0.8561441247647217
0.44122829096400706,0.8564130142511428
0.4417316889000755,0.8564130142511428
0.4417316889000755,0.8566819037375638
0.442235086836144,0.8566819037375638
0.442235086836144,0.8569507932239849
0.44273848477221245,0.8569507932239849
0.4429901837402467,0.8569507932239849
0.4431160332242638,0.8569507932239849
0.4431160332242638,0.857219682710406
0.443367732192298,0.857219682710406
0.44374528064434937,0.857219682710406
0.44374528064434937,0.8577574616832482
0.44437452806443495,0.8577574616832482
0.44437452806443495,0.8580263511696693
0.44450037754845206,0.8580263511696693
0.44450037754845206,0.8582952406560903
0.4448779260005034,0.8582952406560903
0.4448779260005034,0.8585641301425114
0.44525547445255476,0.8585641301425114
0.445507173420589,0.8585641301425114
0.4456330229046061,0.8585641301425114
0.4456330229046061,0.8591019091153536
0.44588472187264033,0.8591019091153536
0.44588472187264033,0.8593707986017747
0.44676566826076014,0.8593707986017747
0.44676566826076014,0.8596396880881958
0.4481500125849484,0.8596396880881958
0.44852756103699976,0.8596396880881958
0.4490309589730682,0.8596396880881958
0.4490309589730682,0.8601774670610379
0.4506670022652907,0.8601774670610379
0.4506670022652907,0.860446356547459
0.45091870123332495,0.860446356547459
0.45091870123332495,0.86071524603388
0.4512962496853763,0.86071524603388
0.4512962496853763,0.8615219144931433
0.45167379813742764,0.8615219144931433
0.45167379813742764,0.8617908039795644
0.452051346589479,0.8617908039795644
0.4523030455575132,0.8617908039795644
0.45255474452554745,0.8617908039795644
0.45268059400956456,0.8617908039795644
0.45268059400956456,0.8623285829524066
0.4539390888497357,0.8623285829524066
0.4539390888497357,0.8625974724388277
0.4548200352378555,0.8625974724388277
0.4548200352378555,0.8628663619252487
0.45507173420588976,0.8628663619252487
0.45507173420588976,0.8631352514116698
0.455323433173924,0.8631352514116698
0.455323433173924,0.8634041408980909
0.4555751321419582,0.8634041408980909
0.45582683110999245,0.8634041408980909
0.45670777749811226,0.8634041408980909
0.45670777749811226,0.863941919870933
0.4572111754341807,0.863941919870933
0.4572111754341807,0.8642108093573542
0.45733702491819783,0.8642108093573542
0.45733702491819783,0.8644796988437752
0.45746287440221495,0.8644796988437752
0.45746287440221495,0.8647485883301963
0.4578404228542663,0.8647485883301963
0.4578404228542663,0.8650174778166174
0.4580921218223005,0.8650174778166174
0.4580921218223005,0.8655552567894595
0.4580921218223005,0.8658241462758807
0.45821797130631764,0.8658241462758807
0.45846967027435187,0.8658241462758807
0.458595519758369,0.8658241462758807
0.458595519758369,0.8660930357623017
0.458595519758369,0.8677063726808282
0.458595519758369,0.8679752621672493
0.4588472187264032,0.8679752621672493
0.45897306821042033,0.8679752621672493
0.45897306821042033,0.8682441516536703
0.45909891769443745,0.8682441516536703
0.4594764661464888,0.8682441516536703
0.4596023156305059,0.8682441516536703
0.4596023156305059,0.8685130411400914
0.459728165114523,0.8685130411400914
0.459728165114523,0.8687819306265125
0.45985401459854014,0.8687819306265125
0.45985401459854014,0.8690508201129336
0.45997986408255725,0.8690508201129336
0.4603574125346086,0.8690508201129336
0.46073496098665995,0.8690508201129336
0.46073496098665995,0.8695885990857758
0.46086081047067706,0.8695885990857758
0.46086081047067706,0.870395267545039
0.4609866599546942,0.870395267545039
0.4609866599546942,0.8709330465178812
0.4611125094387113,0.8709330465178812
0.4611125094387113,0.8712019360043022
0.4613642084067455,0.8712019360043022
0.46174175685879687,0.8712019360043022
0.46174175685879687,0.8714708254907233
0.4619934558268311,0.8714708254907233
0.4619934558268311,0.8720086044635654
0.4621193053108482,0.8720086044635654
0.4621193053108482,0.8722774939499865
0.46224515479486533,0.8722774939499865
0.46224515479486533,0.8725463834364077
0.4628744022149509,0.8725463834364077
0.4628744022149509,0.8728152729228287
0.463000251698968,0.8728152729228287
0.46325195066700225,0.8728152729228287
0.4636294991190536,0.8728152729228287
0.4636294991190536,0.8730841624092498
0.46501384344324187,0.8730841624092498
0.46501384344324187,0.8733530518956709
0.4652655424112761,0.8733530518956709
0.4653913918952932,0.8733530518956709
0.46639818776743014,0.8733530518956709
0.4667757362194815,0.8733530518956709
0.4670274351875157,0.8733530518956709
0.4670274351875157,0.8736219413820919
0.46715328467153283,0.8736219413820919
0.46715328467153283,0.8741597203549342
0.46727913415554995,0.8741597203549342
0.4677825320916184,0.8741597203549342
0.46891517744777245,0.8741597203549342
0.46891517744777245,0.8746974993277763
0.46979612383589225,0.8746974993277763
0.4700478228039265,0.8746974993277763
0.4702995217719607,0.8746974993277763
0.47055122073999495,0.8746974993277763
0.47055122073999495,0.8749663888141974
0.4709287691920463,0.8749663888141974
0.4709287691920463,0.8752352783006184
0.47143216712811475,0.8752352783006184
0.47143216712811475,0.8755041677870395
0.47155801661213187,0.8755041677870395
0.4718097155801661,0.8755041677870395
0.4718097155801661,0.8760419467598817
0.4719355650641832,0.8760419467598817
0.4719355650641832,0.8763108362463028
0.47218726403221745,0.8763108362463028
0.47218726403221745,0.8768486152191449
0.4724389630002517,0.8768486152191449
0.4726906619682859,0.8768486152191449
0.47294236093632014,0.8768486152191449
0.4733199093883715,0.877117504705566
0.4734457588723886,0.877117504705566
0.47369745784042283,0.877117504705566
0.4740750062924742,0.877117504705566
0.4743267052605084,0.877117504705566
0.4743267052605084,0.877386394191987
0.47558520010067956,0.877386394191987
0.47558520010067956,0.8776552836784082
0.4757110495846967,0.8776552836784082
0.4757110495846967,0.8779241731648293
0.47634029700478225,0.8779241731648293
0.47634029700478225,0.8781930626512503
0.47646614648879937,0.8781930626512503
0.47646614648879937,0.8784619521376714
0.4768436949408507,0.8784619521376714
0.4768436949408507,0.8787308416240925
0.47759879184495346,0.8787308416240925
0.47759879184495346,0.8789997311105135
0.4778504908129877,0.8789997311105135
0.4778504908129877,0.8792686205969347
0.47822803926503904,0.8792686205969347
0.47822803926503904,0.8798063995697768
0.47898313616914173,0.8798063995697768
0.47898313616914173,0.8800752890561979
0.47910898565315885,0.8800752890561979
0.47910898565315885,0.88061306802904
0.4793606846211931,0.88061306802904
0.4793606846211931,0.8808819575154612
0.4796123835892273,0.8808819575154612
0.4796123835892273,0.8811508470018822
0.4802416310093129,0.8811508470018822
0.4802416310093129,0.8816886259747244
0.4804933299773471,0.8816886259747244
0.4804933299773471,0.8819575154611454
0.48074502894538135,0.8819575154611454
0.483639567077775,0.8819575154611454
0.483639567077775,0.8824952944339877
0.4837654165617921,0.8824952944339877
0.4837654165617921,0.8827641839204087
0.48401711552982635,0.8827641839204087
0.48401711552982635,0.8830330734068298
0.48414296501384346,0.8830330734068298
0.48414296501384346,0.8833019628932509
0.4843946639818777,0.8833019628932509
0.4846463629499119,0.8833019628932509
0.48489806191794615,0.8833019628932509
0.4851497608859804,0.8833019628932509
0.48577900830606596,0.8833019628932509
0.48577900830606596,0.883839741866093
0.4862824062421344,0.883839741866093
0.4862824062421344,0.8841086313525142
0.4867858041782029,0.8841086313525142
0.4867858041782029,0.8843775208389352
0.48691165366222,0.8843775208389352
0.48716335263025423,0.8843775208389352
0.4876667505663227,0.8843775208389352
0.4879184495343569,0.8843775208389352
0.48879939592247673,0.8843775208389352
0.48879939592247673,0.8846464103253563
0.4893027938585452,0.8846464103253563
0.4893027938585452,0.8849152998117774
0.4903095897306821,0.8849152998117774
0.4903095897306821,0.8851841892981984
0.4909388371507677,0.8851841892981984
0.4909388371507677,0.8854530787846195
0.49144223508683615,0.8854530787846195
0.49144223508683615,0.8857219682710405
0.4925748804429902,0.8857219682710405
0.4925748804429902,0.8859908577574617
0.49395922476717846,0.8859908577574617
0.49395922476717846,0.8862597472438828
0.4943367732192298,0.8862597472438828
0.4943367732192298,0.8867975262167249
0.49471432167128115,0.8867975262167249
0.49471432167128115,0.887066415703146
0.4949660206393154,0.887066415703146
0.4949660206393154,0.887335305189567
0.4959728165114523,0.887335305189567
0.4959728165114523,0.8876041946759882
0.4968537628995721,0.8876041946759882
0.4968537628995721,0.8878730841624093
0.49697961238358923,0.8878730841624093
0.49723131135162346,0.8878730841624093
0.49723131135162346,0.8884108631352514
0.4989932041278631,0.8884108631352514
0.4989932041278631,0.8886797526216725
0.49974830103196577,0.8886797526216725
0.5,0.8886797526216725
0.5,0.8889486421080935
0.5001258494840172,0.8889486421080935
0.5001258494840172,0.8892175315945147
0.5006292474200856,0.8892175315945147
0.5008809463881199,0.8892175315945147
0.5010067958721369,0.8892175315945147
0.5012584948401712,0.8892175315945147
0.5012584948401712,0.8894864210809358
0.5013843443241883,0.8894864210809358
0.5016360432922226,0.8894864210809358
0.502139441228291,0.8894864210809358
0.502139441228291,0.8897553105673568
0.5022652907123081,0.8897553105673568
0.5022652907123081,0.8900242000537779
0.5030203876164108,0.8900242000537779
0.5030203876164108,0.8902930895401989
0.5035237855524792,0.8902930895401989
0.5035237855524792,0.8908308685130412
0.5041530329725649,0.8908308685130412
0.5041530329725649,0.8910997579994622
0.5044047319405991,0.8910997579994622
0.5044047319405991,0.8913686474858833
0.5047822803926504,0.8913686474858833
0.5047822803926504,0.8916375369723044
0.5049081298766676,0.8916375369723044
0.5049081298766676,0.8921753159451465
0.5052856783287188,0.8921753159451465
0.5052856783287188,0.8924442054315677
0.5055373772967531,0.8924442054315677
0.5055373772967531,0.8927130949179887
0.5056632267807702,0.8927130949179887
0.5056632267807702,0.8945953213229363
0.50654417316889,0.8945953213229363
0.50654417316889,0.8948642108093574
0.5075509690410269,0.8948642108093574
0.5075509690410269,0.8951331002957784
0.5078026680090612,0.8951331002957784
0.5078026680090612,0.8954019897821995
0.5080543669770954,0.8954019897821995
0.5080543669770954,0.8956708792686205
0.5088094638811981,0.8956708792686205
0.5088094638811981,0.8959397687550417
0.5089353133652152,0.8959397687550417
0.5093128618172665,0.8959397687550417
0.5095645607853008,0.8959397687550417
0.5095645607853008,0.8962086582414628
0.5104455071734206,0.8962086582414628
0.5104455071734206,0.8967464372143049
0.5114523030455576,0.8967464372143049
0.5114523030455576,0.897015326700726
0.5123332494336773,0.897015326700726
0.5123332494336773,0.8980908846464103
0.5127107978857287,0.8980908846464103
0.5127107978857287,0.8983597741328314
0.5128366473697458,0.8983597741328314
0.5128366473697458,0.8986286636192525
0.5129624968537629,0.8986286636192525
0.5129624968537629,0.8988975531056735
0.5133400453058142,0.8988975531056735
0.5133400453058142,0.8991664425920947
0.5142209916939341,0.8991664425920947
0.5142209916939341,0.8994353320785158
0.5147243896300026,0.8994353320785158
0.5147243896300026,0.8997042215649368
0.5148502391140196,0.8997042215649368
0.5148502391140196,0.8999731110513579
0.5151019380820538,0.8999731110513579
0.5151019380820538,0.9002420005377789
0.5158570349861565,0.9002420005377789
0.5158570349861565,0.9005108900242
0.5161087339541908,0.9005108900242
0.5161087339541908,0.9007797795106212
0.5162345834382079,0.9007797795106212
0.5164862824062422,0.9007797795106212
0.5171155298263277,0.9007797795106212
0.5171155298263277,0.9015864479698844
0.5173672287943619,0.9015864479698844
0.5173672287943619,0.9018553374563054
0.5174930782783791,0.9018553374563054
0.5174930782783791,0.9021242269427265
0.5177447772464133,0.9021242269427265
0.5178706267304304,0.903737563861253
0.5198842184747042,0.903737563861253
0.5198842184747042,0.9040064533476742
0.5208910143468412,0.9040064533476742
0.5208910143468412,0.9042753428340952
0.5210168638308583,0.9042753428340952
0.5210168638308583,0.9045442323205163
0.5216461112509438,0.9045442323205163
0.5216461112509438,0.9050820112933584
0.5222753586710295,0.9050820112933584
0.5225270576390637,0.9050820112933584
0.522904606091115,0.9050820112933584
0.522904606091115,0.9053509007797795
0.5230304555751322,0.9053509007797795
0.5232821545431664,0.9053509007797795
0.5236597029952177,0.9053509007797795
0.5236597029952177,0.9056197902662005
0.5239114019632519,0.9056197902662005
0.5239114019632519,0.9058886797526217
0.5241631009312862,0.9058886797526217
0.5241631009312862,0.9061575692390428
0.5245406493833376,0.9061575692390428
0.5247923483513718,0.9061575692390428
0.5247923483513718,0.9064264587254638
0.5249181978353888,0.9064264587254638
0.5249181978353888,0.906964237698306
0.5254215957714573,0.906964237698306
0.5259249937075258,0.906964237698306
0.5259249937075258,0.907233127184727
0.5263025421595772,0.907233127184727
0.5265542411276114,0.907233127184727
0.5278127359677826,0.907233127184727
0.5280644349358168,0.907233127184727
0.5290712308079537,0.907233127184727
0.5290712308079537,0.9075020166711482
0.5302038761641077,0.9075020166711482
0.5302038761641077,0.9077709061575693
0.5308331235841933,0.9077709061575693
0.5310848225522276,0.9077709061575693
0.5312106720362446,0.9077709061575693
0.5312106720362446,0.9080397956439903
0.5318399194563302,0.9080397956439903
0.5318399194563302,0.9085775746168325
0.5325950163604329,0.9085775746168325
0.5325950163604329,0.9088464641032535
0.5346086081047068,0.9088464641032535
0.5346086081047068,0.9091153535896747
0.5349861565567581,0.9091153535896747
0.5349861565567581,0.9093842430760958
0.5353637050088095,0.9093842430760958
0.5353637050088095,0.9096531325625168
0.5362446513969292,0.9096531325625168
0.5364963503649635,0.9096531325625168
0.5364963503649635,0.9099220220489379
0.5367480493329977,0.9099220220489379
0.5368738988170149,0.9099220220489379
0.5371255977850491,0.9099220220489379
0.5372514472690662,0.9101909115353589
0.5377548452051346,0.9101909115353589
0.5378806946891518,0.9101909115353589
0.5383840926252202,0.9101909115353589
0.5385099421092373,0.9101909115353589
0.5385099421092373,0.91045980102178
0.5395167379813742,0.91045980102178
0.5395167379813742,0.9107286905082012
0.5397684369494085,0.9107286905082012
0.5397684369494085,0.9115353589674644
0.5409010823055626,0.9115353589674644
0.5409010823055626,0.9118042484538854
0.5415303297256481,0.9118042484538854
0.5417820286936823,0.9118042484538854
0.5419078781776995,0.9118042484538854
0.5419078781776995,0.9120731379403065
0.5424112761137679,0.9120731379403065
0.5424112761137679,0.9126109169131487
0.5432922225018877,0.9126109169131487
0.5432922225018877,0.9128798063995698
0.5439214699219733,0.9128798063995698
0.5439214699219733,0.9131486958859909
0.5442990183740246,0.9131486958859909
0.544676566826076,0.9131486958859909
0.544676566826076,0.9134175853724119
0.5449282657941102,0.9134175853724119
0.5451799647621445,0.9134175853724119
0.5461867606342814,0.9134175853724119
0.5461867606342814,0.913686474858833
0.5464384596023156,0.913686474858833
0.5466901585703499,0.913686474858833
0.5473194059904355,0.913686474858833
0.5473194059904355,0.9142242538316752
0.547948653410521,0.9142242538316752
0.547948653410521,0.9147620328045173
0.5499622451547949,0.9147620328045173
0.5499622451547949,0.9150309222909384
0.5502139441228291,0.9150309222909384
0.5504656430908633,0.9150309222909384
0.5504656430908633,0.9152998117773595
0.551220739994966,0.9152998117773595
0.551220739994966,0.9155687012637805
0.5514724389630002,0.9155687012637805
0.5514724389630002,0.9158375907502017
0.5517241379310345,0.9158375907502017
0.5517241379310345,0.9161064802366228
0.5518499874150516,0.9161064802366228
0.5518499874150516,0.9166442592094649
0.5534860307072741,0.9166442592094649
0.5534860307072741,0.916913148695886
0.5537377296753083,0.916913148695886
0.5537377296753083,0.917182038182307
0.5538635791593255,0.917182038182307
0.5538635791593255,0.9174509276687282
0.5552479234835137,0.9174509276687282
0.5552479234835137,0.9179887066415703
0.5572615152277876,0.9179887066415703
0.5572615152277876,0.9182575961279914
0.5585200100679587,0.9182575961279914
0.5585200100679587,0.9185264856144125
0.5596526554241128,0.9185264856144125
0.5596526554241128,0.9187953751008335
0.5606594512962497,0.9187953751008335
0.5606594512962497,0.9193331540736758
0.560911150264284,0.9193331540736758
0.560911150264284,0.9198709330465179
0.5622954945884722,0.9198709330465179
0.5625471935565064,0.9198709330465179
0.5626730430405236,0.9198709330465179
0.5626730430405236,0.9201398225329389
0.5627988925245406,0.9201398225329389
0.5627988925245406,0.92040871201936
0.5634281399446263,0.92040871201936
0.5636798389126605,0.92040871201936
0.564309086332746,0.92040871201936
0.564309086332746,0.9206776015057812
0.5644349358167632,0.9206776015057812
0.5644349358167632,0.9209464909922022
0.5646866347847974,0.9209464909922022
0.5649383337528316,0.9209464909922022
0.5653158822048829,0.9209464909922022
0.5653158822048829,0.9212153804786233
0.5655675811729172,0.9212153804786233
0.5658192801409514,0.9212153804786233
0.5658192801409514,0.9217531594514654
0.5665743770450541,0.9217531594514654
0.5665743770450541,0.9220220489378865
0.5670777749811226,0.9220220489378865
0.5670777749811226,0.9222909384243076
0.5673294739491568,0.9222909384243076
0.5673294739491568,0.9225598279107287
0.5682104203372766,0.9225598279107287
0.5682104203372766,0.9230976068835709
0.5684621193053109,0.9230976068835709
0.5684621193053109,0.923635385856413
0.5692172162094136,0.923635385856413
0.5692172162094136,0.9241731648292552
0.5698464636294991,0.9241731648292552
0.5698464636294991,0.9244420543156763
0.5704757110495847,0.9244420543156763
0.570727410017619,0.9244420543156763
0.570727410017619,0.9247109438020973
0.570853259501636,0.9247109438020973
0.5714825069217216,0.9247109438020973
0.5714825069217216,0.9249798332885184
0.5716083564057387,0.9249798332885184
0.5724893027938586,0.9249798332885184
0.5732443996979613,0.9249798332885184
0.5732443996979613,0.9252487227749395
0.5738736471180468,0.9252487227749395
0.5738736471180468,0.9257865017477817
0.5738736471180468,0.9263242807206238
0.5742511955700982,0.9263242807206238
0.5745028945381324,0.9263242807206238
0.5758872388623206,0.9263242807206238
0.5758872388623206,0.9265931702070449
0.5761389378303549,0.9265931702070449
0.5761389378303549,0.926862059693466
0.5767681852504405,0.926862059693466
0.5767681852504405,0.9273998386663082
0.5779008306065945,0.9273998386663082
0.5779008306065945,0.9279376176391503
0.5812987666750566,0.9279376176391503
0.5812987666750566,0.9282065071255714
0.5834382079033475,0.9282065071255714
0.5834382079033475,0.9284753966119925
0.5840674553234332,0.9284753966119925
0.5840674553234332,0.9290131755848346
0.5857034986156556,0.9290131755848346
0.5857034986156556,0.9295509545576768
0.5863327460357413,0.9295509545576768
0.5868361439718097,0.9295509545576768
0.5868361439718097,0.9298198440440979
0.587087842939844,0.9298198440440979
0.587213692423861,0.9298198440440979
0.5874653913918952,0.9298198440440979
0.5879687893279637,0.9298198440440979
0.5879687893279637,0.9300887335305189
0.5887238862320664,0.9300887335305189
0.5889755852001006,0.9300887335305189
0.5906116284923232,0.9300887335305189
0.5908633274603574,0.9300887335305189
0.5909891769443746,0.9300887335305189
0.5909891769443746,0.93035762301694
0.5917442738484773,0.93035762301694
0.5917442738484773,0.9306265125033611
0.592625220236597,0.9306265125033611
0.592625220236597,0.9311642914762033
0.5928769192046313,0.9311642914762033
0.5930027686886484,0.9311642914762033
0.5930027686886484,0.9314331809626244
0.5932544676566827,0.9314331809626244
0.5932544676566827,0.9317020704490454
0.5940095645607854,0.9317020704490454
0.5940095645607854,0.9319709599354665
0.5965265542411277,0.9319709599354665
0.5967782532091619,0.9319709599354665
0.5970299521771961,0.9319709599354665
0.5972816511452304,0.9319709599354665
0.5972816511452304,0.9322398494218876
0.5981625975333501,0.9322398494218876
0.5981625975333501,0.9325087389083087
0.599169393405487,0.9325087389083087
0.6008054366977096,0.9325087389083087
0.601308834633778,0.9325087389083087
0.601308834633778,0.9327776283947298
0.6020639315378807,0.9327776283947298
0.602315630505915,0.9327776283947298
0.6028190284419834,0.9327776283947298
0.6030707274100177,0.9327776283947298
0.6035741253460861,0.9327776283947298
0.6035741253460861,0.9330465178811509
0.6047067707022401,0.9330465178811509
0.6049584696702743,0.9330465178811509
0.6052101686383086,0.9330465178811509
0.6052101686383086,0.933584296853993
0.6068462119305311,0.933584296853993
0.6070979108985654,0.933584296853993
0.6070979108985654,0.9338531863404141
0.6076013088346338,0.9338531863404141
0.607853007802668,0.9338531863404141
0.6083564057387365,0.9338531863404141
0.6086081047067707,0.9338531863404141
0.6096149005789077,0.9338531863404141
0.6096149005789077,0.9343909653132563
0.6098665995469419,0.9343909653132563
0.6103699974830104,0.9343909653132563
0.6130128366473697,0.9343909653132563
0.6133903850994211,0.9343909653132563
0.6135162345834382,0.9343909653132563
0.6135162345834382,0.9346598547996773
0.6140196325195066,0.9346598547996773
0.6140196325195066,0.9354665232589405
0.6151522778756607,0.9354665232589405
0.6151522778756607,0.9357354127453616
0.6156556758117292,0.9357354127453616
0.6156556758117292,0.9360043022317828
0.6164107727158319,0.9360043022317828
0.6164107727158319,0.9362731917182038
0.617669267556003,0.9362731917182038
0.617669267556003,0.9365420812046249
0.6190536118801913,0.9365420812046249
0.6190536118801913,0.936810970691046
0.6193053108482255,0.936810970691046
0.6193053108482255,0.937079860177467
0.6194311603322427,0.937079860177467
0.619808708784294,0.937079860177467
0.6200604077523282,0.937079860177467
0.6200604077523282,0.9373487496638881
0.6214447520765165,0.9373487496638881
0.6214447520765165,0.9378865286367303
0.621948150012585,0.9378865286367303
0.621948150012585,0.9381554181231514
0.622073999496602,0.9381554181231514
0.6223256984646363,0.9381554181231514
0.6227032469166877,0.9381554181231514
0.6227032469166877,0.9384243076095725
0.6229549458847219,0.9384243076095725
0.6233324943367732,0.9384243076095725
0.6234583438207904,0.9384243076095725
0.6234583438207904,0.9386931970959935
0.6244651396929273,0.9386931970959935
0.6244651396929273,0.9389620865824146
0.6255977850490813,0.9389620865824146
0.6255977850490813,0.9392309760688357
0.6258494840171155,0.9392309760688357
0.6261011829851497,0.9392309760688357
0.6261011829851497,0.9397687550416779
0.6273596778253209,0.9397687550416779
0.6273596778253209,0.9400376445280989
0.627485527309338,0.9400376445280989
0.6278630757613893,0.9400376445280989
0.6281147747294236,0.9400376445280989
0.6281147747294236,0.94030653401452
0.6281147747294236,0.9408443129873622
0.6288698716335263,0.9408443129873622
0.6288698716335263,0.9411132024737833
0.6298766675056632,0.9411132024737833
0.6298766675056632,0.9413820919602044
0.6305059149257488,0.9413820919602044
0.6305059149257488,0.9421887604194676
0.6306317644097659,0.9421887604194676
0.6311351623458343,0.9421887604194676
0.6311351623458343,0.9424576499058887
0.6312610118298515,0.9424576499058887
0.6312610118298515,0.9427265393923098
0.6344072489302793,0.9427265393923098
0.6344072489302793,0.9429954288787309
0.6352881953183992,0.9429954288787309
0.6352881953183992,0.943533207851573
0.6357915932544677,0.943533207851573
0.6357915932544677,0.9438020973379941
0.636169141706519,0.9438020973379941
0.6364208406745533,0.9438020973379941
0.6365466901585703,0.9438020973379941
0.6367983891266046,0.9438020973379941
0.6378051849987415,0.9438020973379941
0.6381827334507929,0.9438020973379941
0.6389378303548956,0.9438020973379941
0.6391895293229298,0.9438020973379941
0.6394412282909641,0.9438020973379941
0.6394412282909641,0.9440709868244151
0.6400704757110496,0.9440709868244151
0.6400704757110496,0.9443398763108363
0.6412031210672037,0.9443398763108363
0.6412031210672037,0.9448776552836784
0.641580669519255,0.9448776552836784
0.641580669519255,0.9451465447700995
0.6418323684872892,0.9451465447700995
0.6428391643594261,0.9451465447700995
0.6428391643594261,0.9456843237429416
0.6439718097155802,0.9456843237429416
0.6439718097155802,0.9459532132293628
0.6440976591995973,0.9459532132293628
0.6447269066196829,0.9459532132293628
0.6452303045557514,0.9459532132293628
0.6452303045557514,0.9462221027157838
0.6456078530078027,0.9462221027157838
0.6456078530078027,0.9464909922022049
0.6462371004278883,0.9464909922022049
0.6462371004278883,0.946759881688626
0.6474955952680594,0.946759881688626
0.6474955952680594,0.947028771175047
0.6491316385602819,0.947028771175047
0.6495091870123333,0.947028771175047
0.6501384344324188,0.947028771175047
0.6501384344324188,0.9472976606614681
0.6507676818525044,0.9472976606614681
0.6507676818525044,0.9478354396343103
0.6511452303045557,0.9478354396343103
0.65139692927259,0.9478354396343103
0.6520261766926756,0.9478354396343103
0.6520261766926756,0.9481043291207314
0.6522778756607098,0.9481043291207314
0.6522778756607098,0.9486421080935735
0.6524037251447269,0.9486421080935735
0.6524037251447269,0.9491798870664157
0.6527812735967783,0.9491798870664157
0.6527812735967783,0.9494487765528368
0.6529071230807953,0.9494487765528368
0.6531588220488296,0.9494487765528368
0.6534105210168638,0.9494487765528368
0.653662219984898,0.9494487765528368
0.6550465643090864,0.9494487765528368
0.6550465643090864,0.9497176660392579
0.6554241127611377,0.9497176660392579
0.6554241127611377,0.9502554450121
0.6560533601812233,0.9502554450121
0.6565567581172917,0.9502554450121
0.6566826076013088,0.9502554450121
0.6566826076013088,0.9505243344985211
0.6574377045054115,0.9505243344985211
0.6584445003775484,0.9505243344985211
0.6586961993455827,0.9505243344985211
0.6589478983136169,0.9505243344985211
0.6591995972816511,0.9505243344985211
0.6594512962496853,0.9505243344985211
0.6597029952177196,0.9505243344985211
0.6599546941857538,0.9505243344985211
0.6638560281902844,0.9505243344985211
0.6638560281902844,0.9510621134713633
0.6641077271583187,0.9510621134713633
0.6643594261263529,0.9510621134713633
0.6652403725144727,0.9510621134713633
0.6652403725144727,0.9513310029577844
0.6657437704505411,0.9513310029577844
0.6657437704505411,0.9518687819306265
0.6663730178706267,0.9518687819306265
0.6663730178706267,0.9524065609034686
0.6664988673546438,0.9524065609034686
0.6664988673546438,0.9526754503898898
0.666624716838661,0.9526754503898898
0.666624716838661,0.9529443398763109
0.6668764158066952,0.9529443398763109
0.6668764158066952,0.9532132293627319
0.6670022652907123,0.9532132293627319
0.6670022652907123,0.953751008335574
0.667757362194815,0.953751008335574
0.667757362194815,0.9542887873084163
0.6686383085829348,0.9542887873084163
0.6686383085829348,0.9548265662812584
0.6692675560030203,0.9548265662812584
0.6692675560030203,0.9550954557676795
0.670022652907123,0.9550954557676795
0.670022652907123,0.9553643452541005
0.6702743518751573,0.9553643452541005
0.6702743518751573,0.9556332347405216
0.6709035992952429,0.9556332347405216
0.6709035992952429,0.9559021242269428
0.6720362446513969,0.9559021242269428
0.6720362446513969,0.9561710137133638
0.6722879436194311,0.9561710137133638
0.6722879436194311,0.9564399031997849
0.6729171910395167,0.9564399031997849
0.6729171910395167,0.956708792686206
0.6736722879436194,0.956708792686206
0.6736722879436194,0.9572465716590481
0.6744273848477221,0.9572465716590481
0.6744273848477221,0.9575154611454693
0.6745532343317392,0.9575154611454693
0.6745532343317392,0.9577843506318903
0.6755600302038761,0.9577843506318903
0.6758117291719103,0.9577843506318903
0.6760634281399446,0.9577843506318903
0.6760634281399446,0.9580532401183114
0.6771960734960987,0.9580532401183114
0.6771960734960987,0.9583221296047325
0.6773219229801157,0.9583221296047325
0.6773219229801157,0.9585910190911535
0.67757362194815,0.9585910190911535
0.6779511704002014,0.9585910190911535
0.6779511704002014,0.9588599085775746
0.6785804178202869,0.9588599085775746
0.6788321167883211,0.9588599085775746
0.679838912660458,0.9588599085775746
0.6807198590485779,0.9588599085775746
0.6809715580166121,0.9588599085775746
0.6809715580166121,0.9591287980639956
0.6821042033727662,0.9591287980639956
0.6821042033727662,0.9593976875504168
0.6822300528567833,0.9593976875504168
0.6824817518248175,0.9593976875504168
0.6828593002768689,0.9593976875504168
0.6832368487289202,0.9593976875504168
0.6834885476969544,0.9593976875504168
0.6847470425371256,0.9593976875504168
0.6847470425371256,0.9596665770368379
0.6848728920211428,0.9596665770368379
0.6848728920211428,0.9604732454961011
0.685124590989177,0.9604732454961011
0.6860055373772967,0.9604732454961011
0.6860055373772967,0.9607421349825221
0.686257236345331,0.9607421349825221
0.686257236345331,0.9610110244689433
0.6867606342813994,0.9610110244689433
0.6867606342813994,0.9612799139553644
0.6872640322174679,0.9612799139553644
0.6872640322174679,0.9618176929282065
0.6901585703498616,0.9618176929282065
0.6901585703498616,0.9620865824146276
0.6902844198338787,0.9620865824146276
0.6902844198338787,0.9623554719010486
0.6915429146740498,0.9623554719010486
0.691794613642084,0.9623554719010486
0.6919204631261012,0.9623554719010486
0.6919204631261012,0.9626243613874698
0.6921721620941355,0.9626243613874698
0.6921721620941355,0.9628932508738909
0.6934306569343066,0.9628932508738909
0.6936823559023408,0.9628932508738909
0.6943116033224264,0.9628932508738909
0.6945633022904606,0.9628932508738909
0.6946891517744778,0.9628932508738909
0.694940850742512,0.9628932508738909
0.695066700226529,0.9628932508738909
0.695066700226529,0.963431029846733
0.6964510445507174,0.963431029846733
0.6964510445507174,0.963699919333154
0.6985904857790083,0.963699919333154
0.6985904857790083,0.9639688088195751
0.7009816259753335,0.9639688088195751
0.7009816259753335,0.9642376983059963
0.7017367228794362,0.9642376983059963
0.7017367228794362,0.9645065877924173
0.7036244651396929,0.9645065877924173
0.7036244651396929,0.9647754772788384
0.7050088094638812,0.9647754772788384
0.7053863579159325,0.9647754772788384
0.7061414548200352,0.9647754772788384
0.7061414548200352,0.9650443667652595
0.7063931537880694,0.9650443667652595
0.7066448527561037,0.9650443667652595
0.7070224012081551,0.9650443667652595
0.7070224012081551,0.9653132562516805
0.7082808960483262,0.9653132562516805
0.7082808960483262,0.9655821457381016
0.7084067455323433,0.9655821457381016
0.7084067455323433,0.9658510352245228
0.7090359929524289,0.9658510352245228
0.7095393908884974,0.9658510352245228
0.7097910898565316,0.9658510352245228
0.7097910898565316,0.9661199247109438
0.7100427888245658,0.9661199247109438
0.7100427888245658,0.966657703683786
0.7109237352126856,0.966657703683786
0.7109237352126856,0.966926593170207
0.711301283664737,0.966926593170207
0.7116788321167883,0.966926593170207
0.7119305310848225,0.966926593170207
0.7119305310848225,0.9671954826566281
0.7126856279889252,0.9671954826566281
0.7130631764409766,0.9671954826566281
0.7138182733450793,0.9671954826566281
0.7138182733450793,0.9674643721430493
0.7162094135414044,0.9674643721430493
0.7162094135414044,0.9677332616294703
0.7167128114774729,0.9677332616294703
0.7169645104455071,0.9677332616294703
0.7194815001258494,0.9677332616294703
0.7197331990938837,0.9677332616294703
0.7198590485779008,0.9677332616294703
0.7201107475459351,0.9677332616294703
0.7202365970299521,0.9677332616294703
0.7204882959979864,0.9677332616294703
0.7207399949660206,0.9677332616294703
0.7209916939340548,0.9677332616294703
0.7217467908381575,0.9677332616294703
0.7217467908381575,0.9680021511158914
0.722250188774226,0.9680021511158914
0.722250188774226,0.9685399300887335
0.7226277372262774,0.9685399300887335
0.7228794361943116,0.9685399300887335
0.7253964258746539,0.9685399300887335
0.7253964258746539,0.9688088195751546
0.725522275358671,0.9688088195751546
0.725522275358671,0.9690777090615756
0.7258998238107224,0.9690777090615756
0.7261515227787566,0.9690777090615756
0.7271583186508935,0.9690777090615756
0.7274100176189278,0.9690777090615756
0.7279134155549962,0.9690777090615756
0.7279134155549962,0.9693465985479968
0.729801157815253,0.9693465985479968
0.729801157815253,0.9696154880344179
0.7308079536873899,0.9696154880344179
0.7310596526554242,0.9696154880344179
0.7318147495595269,0.9696154880344179
0.7318147495595269,0.97015326700726
0.7325698464636295,0.97015326700726
0.7328215454316638,0.97015326700726
0.7331990938837151,0.97015326700726
0.7331990938837151,0.9704221564936811
0.7337024918197835,0.9704221564936811
0.7337024918197835,0.9706910459801021
0.7344575887238862,0.9706910459801021
0.7349609866599547,0.9706910459801021
0.7350868361439719,0.9706910459801021
0.7353385351120061,0.9706910459801021
0.7358419330480745,0.9706910459801021
0.7368487289202115,0.9706910459801021
0.7393657186005538,0.9706910459801021
0.7393657186005538,0.9709599354665233
0.7413793103448276,0.9709599354665233
0.7417568587968789,0.9709599354665233
0.7430153536370501,0.9709599354665233
0.7432670526050843,0.9709599354665233
0.7433929020891015,0.9709599354665233
0.7433929020891015,0.9712288249529444
0.7442738484772212,0.9712288249529444
0.7442738484772212,0.9714977144393654
0.7493078278379058,0.9714977144393654
0.7495595268059401,0.9714977144393654
0.7500629247420085,0.9714977144393654
0.7500629247420085,0.9717666039257865
0.7504404731940599,0.9717666039257865
0.7506921721620942,0.9717666039257865
0.7508180216461112,0.9717666039257865
0.7511955700981626,0.9717666039257865
0.7516989680342311,0.9717666039257865
0.7519506670022653,0.9717666039257865
0.7520765164862824,0.9717666039257865
0.7520765164862824,0.9720354934122076
0.7537125597785049,0.9720354934122076
0.7539642587465392,0.9720354934122076
0.7558520010067958,0.9720354934122076
0.7558520010067958,0.9723043828986286
0.755977850490813,0.9723043828986286
0.7564812484268815,0.9723043828986286
0.7568587968789328,0.9723043828986286
0.757110495846967,0.9723043828986286
0.7578655927510697,0.9723043828986286
0.7581172917191039,0.9723043828986286
0.7584948401711553,0.9723043828986286
0.7587465391391895,0.9723043828986286
0.7606342813994462,0.9723043828986286
0.7608859803674805,0.9723043828986286
0.7617669267556003,0.9723043828986286
0.7617669267556003,0.9725732723850498
0.7620186257236345,0.9725732723850498
0.7620186257236345,0.9728421618714709
0.7627737226277372,0.9728421618714709
0.7632771205638057,0.9728421618714709
0.7640322174679084,0.9728421618714709
0.7642839164359426,0.9728421618714709
0.7647873143720111,0.9728421618714709
0.7647873143720111,0.973379940844313
0.7665492071482507,0.973379940844313
0.7665492071482507,0.973648830330734
0.7674301535363705,0.973648830330734
0.7674301535363705,0.9739177198171551
0.7686886483765416,0.9739177198171551
0.769066196828593,0.9739177198171551
0.7704505411527812,0.9739177198171551
0.7704505411527812,0.9741866093035763
0.7707022401208155,0.9741866093035763
0.7715831865089353,0.9741866093035763
0.7715831865089353,0.9744554987899973
0.7717090359929524,0.9744554987899973
0.7717090359929524,0.9747243882764184
0.7718348854769695,0.9747243882764184
0.7720865844450038,0.9747243882764184
0.7722124339290208,0.9747243882764184
0.7724641328970551,0.9747243882764184
0.7734709287691921,0.9747243882764184
0.7737226277372263,0.9747243882764184
0.7741001761892776,0.9747243882764184
0.7743518751573119,0.9747243882764184
0.7752328215454317,0.9747243882764184
0.775484520513466,0.9747243882764184
0.7759879184495344,0.9747243882764184
0.7759879184495344,0.9749932777628395
0.7772464132897056,0.9749932777628395
0.7772464132897056,0.9752621672492605
0.7781273596778253,0.9752621672492605
0.7781273596778253,0.9755310567356816
0.7783790586458595,0.9755310567356816
0.7783790586458595,0.9757999462221028
0.7825320916184244,0.9757999462221028
0.7825320916184244,0.9760688357085238
0.7827837905864586,0.9760688357085238
0.7827837905864586,0.9763377251949449
0.7830354895544929,0.9763377251949449
0.7830354895544929,0.976606614681366
0.7850490812987667,0.976606614681366
0.785300780266801,0.976606614681366
0.7855524792348352,0.976606614681366
0.7858041782028694,0.976606614681366
0.7863075761389379,0.976606614681366
0.7863075761389379,0.976875504167787
0.7865592751069721,0.976875504167787
0.7868109740750063,0.976875504167787
0.7870626730430406,0.976875504167787
0.7874402214950919,0.976875504167787
0.7874402214950919,0.9771443936542081
0.7878177699471433,0.9771443936542081
0.7880694689151775,0.9771443936542081
0.7889504153032972,0.9771443936542081
0.7890762647873144,0.9771443936542081
0.7890762647873144,0.9774132831406293
0.7893279637553486,0.9774132831406293
0.7895796627233829,0.9774132831406293
0.7899572111754342,0.9774132831406293
0.7899572111754342,0.9776821726270503
0.7907123080795369,0.9776821726270503
0.7907123080795369,0.9779510621134714
0.7909640070475711,0.9779510621134714
0.7913415554996225,0.9782199515998924
0.7915932544676567,0.9782199515998924
0.7923483513717594,0.9782199515998924
0.7923483513717594,0.9784888410863135
0.7933551472438963,0.9784888410863135
0.7933551472438963,0.9787577305727346
0.7949911905361188,0.9787577305727346
0.7949911905361188,0.9790266200591556
0.795242889504153,0.9790266200591556
0.795242889504153,0.9792955095455768
0.7966272338283413,0.9792955095455768
0.7968789327963756,0.9792955095455768
0.7968789327963756,0.9795643990319979
0.7970047822803926,0.9795643990319979
0.7972564812484269,0.9795643990319979
0.797382330732444,0.9795643990319979
0.7986408255726152,0.9795643990319979
0.7990183740246665,0.9795643990319979
0.7990183740246665,0.9798332885184189
0.7992700729927007,0.9798332885184189
0.8000251698968034,0.9798332885184189
0.8000251698968034,0.98010217800484
0.8004027183488548,0.98010217800484
0.8010319657689403,0.98010217800484
0.8012836647369745,0.98010217800484
0.801661213189026,0.98010217800484
0.8025421595771457,0.98010217800484
0.8025421595771457,0.9803710674912611
0.8026680090611629,0.9803710674912611
0.8026680090611629,0.9806399569776821
0.8034231059652656,0.9806399569776821
0.8034231059652656,0.9809088464641033
0.8038006544173169,0.9809088464641033
0.8038006544173169,0.9811777359505244
0.8044299018374025,0.9811777359505244
0.805059149257488,0.9811777359505244
0.8053108482255222,0.9811777359505244
0.8055625471935565,0.9811777359505244
0.8059400956456079,0.9811777359505244
0.8059400956456079,0.9814466254369454
0.8061917946136421,0.9814466254369454
0.8065693430656934,0.9814466254369454
0.8065693430656934,0.9819844044097876
0.8070727410017619,0.9819844044097876
0.807198590485779,0.9822532938962086
0.8092121822300529,0.9822532938962086
0.8094638811980871,0.9822532938962086
0.8099672791341556,0.9822532938962086
0.8099672791341556,0.9825221833826298
0.8113516234583438,0.9825221833826298
0.8113516234583438,0.9830599623554719
0.811477472942361,0.9830599623554719
0.811477472942361,0.983328851841893
0.8121067203624465,0.983328851841893
0.8124842688144979,0.983328851841893
0.8134910646866348,0.983328851841893
0.8134910646866348,0.983597741328314
0.813742763654669,0.983597741328314
0.813742763654669,0.9838666308147351
0.8147495595268059,0.9838666308147351
0.8150012584948402,0.9838666308147351
0.8152529574628744,0.9838666308147351
0.8162597533350113,0.9838666308147351
0.8180216461112509,0.9838666308147351
0.8180216461112509,0.9841355203011563
0.8189025924993708,0.9841355203011563
0.819154291467405,0.9841355203011563
0.8199093883715077,0.9841355203011563
0.820161087339542,0.9841355203011563
0.820286936823559,0.9841355203011563
0.8211678832116789,0.9841355203011563
0.8216712811477473,0.9841355203011563
0.8219229801157816,0.9841355203011563
0.8223005285678329,0.9841355203011563
0.8225522275358671,0.9841355203011563
0.8231814749559527,0.9841355203011563
0.823433173923987,0.9841355203011563
0.8246916687641581,0.9841355203011563
0.8246916687641581,0.9846732992739984
0.8248175182481752,0.9846732992739984
0.8250692172162094,0.9846732992739984
0.8254467656682608,0.9846732992739984
0.8254467656682608,0.9849421887604195
0.8258243141203121,0.9849421887604195
0.8258243141203121,0.9852110782468405
0.826831109992449,0.9852110782468405
0.8270828089604833,0.9852110782468405
0.8274603574125347,0.9852110782468405
0.8277120563805689,0.9852110782468405
0.8277120563805689,0.9854799677332616
0.8294739491568085,0.9854799677332616
0.8297256481248427,0.9854799677332616
0.8297256481248427,0.9857488572196828
0.8309841429650139,0.9857488572196828
0.8309841429650139,0.9860177467061038
0.8314875409010823,0.9860177467061038
0.8314875409010823,0.9862866361925249
0.832242637805185,0.9862866361925249
0.8324943367732193,0.9862866361925249
0.8337528316133904,0.9862866361925249
0.8342562295494589,0.9862866361925249
0.8342562295494589,0.986555525678946
0.8348854769695444,0.986555525678946
0.8351371759375786,0.986555525678946
0.8374024666498867,0.986555525678946
0.8374024666498867,0.986824415165367
0.8376541656179209,0.986824415165367
0.8377800151019381,0.986824415165367
0.8382834130380066,0.986824415165367
0.8386609614900579,0.986824415165367
0.8390385099421093,0.986824415165367
0.8401711552982633,0.986824415165367
0.8401711552982633,0.9870933046517881
0.8410521016863831,0.9870933046517881
0.8410521016863831,0.9873621941382092
0.8418071985904858,0.9873621941382092
0.8421847470425371,0.9873621941382092
0.8433173923986912,0.9873621941382092
0.8435690913667254,0.9873621941382092
0.8441983387868109,0.9873621941382092
0.8444500377548452,0.9873621941382092
0.846337780015102,0.9873621941382092
0.846337780015102,0.9876310836246303
0.8469670274351875,0.9876310836246303
0.8472187264032217,0.9876310836246303
0.8487289202114271,0.9876310836246303
0.8487289202114271,0.9878999731110514
0.8492323181474956,0.9878999731110514
0.8503649635036497,0.9878999731110514
0.8506166624716839,0.9878999731110514
0.8506166624716839,0.9881688625974724
0.8509942109237352,0.9881688625974724
0.8509942109237352,0.9884377520838935
0.8512459098917694,0.9884377520838935
0.8512459098917694,0.9887066415703146
0.8513717593757866,0.9887066415703146
0.851875157311855,0.9887066415703146
0.8522527057639063,0.9887066415703146
0.8525044047319406,0.9887066415703146
0.852881953183992,0.9887066415703146
0.8531336521520262,0.9887066415703146
0.8531336521520262,0.9889755310567356
0.8532595016360432,0.9889755310567356
0.8535112006040775,0.9889755310567356
0.8536370500880947,0.9889755310567356
0.8536370500880947,0.9892444205431568
0.8541404480241631,0.9892444205431568
0.8541404480241631,0.9895133100295779
0.8542662975081802,0.9895133100295779
0.8542662975081802,0.9897821995159989
0.8543921469921973,0.9897821995159989
0.8547696954442486,0.9897821995159989
0.858419330480745,0.9897821995159989
0.8586710294487793,0.9897821995159989
0.8620689655172413,0.9897821995159989
0.8620689655172413,0.9903199784888411
0.863830858293481,0.9903199784888411
0.8640825572615153,0.9903199784888411
0.8642084067455323,0.9903199784888411
0.8642084067455323,0.9905888679752621
0.864963503649635,0.9905888679752621
0.864963503649635,0.9911266469481044
0.8697457840422854,0.9911266469481044
0.8697457840422854,0.9913955364345254
0.870375031462371,0.9913955364345254
0.870375031462371,0.9916644259209465
0.8712559778504908,0.9916644259209465
0.871507676818525,0.9916644259209465
0.871507676818525,0.9919333154073676
0.8726403221746791,0.9919333154073676
0.8726403221746791,0.9922022048937886
0.8745280644349358,0.9922022048937886
0.8755348603070727,0.9922022048937886
0.8770450541152781,0.9922022048937886
0.8772967530833123,0.9922022048937886
0.8776743015353637,0.9922022048937886
0.8776743015353637,0.9924710943802098
0.877926000503398,0.9924710943802098
0.8799395922476718,0.9924710943802098
0.8799395922476718,0.9930088733530519
0.8806946891517745,0.9930088733530519
0.8809463881198087,0.9930088733530519
0.88132393657186,0.9930088733530519
0.8815756355398943,0.9930088733530519
0.882330732443997,0.9930088733530519
0.882330732443997,0.993277762839473
0.8824565819280141,0.993277762839473
0.8824565819280141,0.993546652325894
0.8840926252202366,0.993546652325894
0.8840926252202366,0.9938155418123151
0.8857286685124591,0.9938155418123151
0.8857286685124591,0.9940844312987362
0.8859803674804934,0.9940844312987362
0.8866096149005789,0.9940844312987362
0.8876164107727158,0.9940844312987362
0.8883715076768185,0.9940844312987362
0.891014346841178,0.9940844312987362
0.8912660458092122,0.9940844312987362
0.8913918952932293,0.9940844312987362
0.8916435942612635,0.9940844312987362
0.8946639818776743,0.9940844312987362
0.8946639818776743,0.9943533207851573
0.8952932292977599,0.9943533207851573
0.8952932292977599,0.9946222102715784
0.8969292725899823,0.9946222102715784
0.8971809715580166,0.9946222102715784
0.8971809715580166,0.9948910997579995
0.9012081550465643,0.9948910997579995
0.9012081550465643,0.9951599892444205
0.9024666498867354,0.9951599892444205
0.9027183488547696,0.9951599892444205
0.9044802416310093,0.9951599892444205
0.9044802416310093,0.9956977682172627
0.9141706519003272,0.9956977682172627
0.9144223508683614,0.9956977682172627
0.9159325446765668,0.9956977682172627
0.9159325446765668,0.9959666577036838
0.916184243644601,0.9959666577036838
0.9166876415806695,0.9959666577036838
0.9166876415806695,0.9962355471901049
0.9179461364208407,0.9962355471901049
0.9183236848728921,0.9962355471901049
0.9183236848728921,0.996504436676526
0.9210923735212686,0.996504436676526
0.9215957714573371,0.996504436676526
0.9220991693934055,0.996504436676526
0.9220991693934055,0.996773326162947
0.9222250188774226,0.996773326162947
0.9222250188774226,0.9970422156493681
0.9232318147495595,0.9970422156493681
0.9232318147495595,0.9975799946222103
0.9241127611376794,0.9975799946222103
0.9243644601057136,0.9975799946222103
0.9246161590737478,0.9975799946222103
0.9246161590737478,0.9978488841086314
0.9254971054618676,0.9978488841086314
0.9257488044299018,0.9978488841086314
0.9261263528819532,0.9978488841086314
0.9261263528819532,0.9981177735950524
0.9281399446262271,0.9981177735950524
0.9281399446262271,0.9983866630814735
0.9295242889504153,0.9983866630814735
0.9295242889504153,0.9986555525678946
0.9296501384344324,0.9986555525678946
0.9296501384344324,0.9989244420543156
0.9334256229549459,0.9989244420543156
0.9336773219229801,0.9989244420543156
0.9355650641832368,0.9989244420543156
0.935816763151271,0.9989244420543156
0.9405990435439214,0.9989244420543156
0.9408507425119557,0.9989244420543156
0.942235086836144,0.9989244420543156
0.942235086836144,0.9991933315407368
0.9482758620689655,0.9991933315407368
0.9485275610369998,0.9991933315407368
0.9541907878177699,0.9991933315407368
0.9541907878177699,0.9994622210271579
0.9578404228542663,0.9994622210271579
0.9578404228542663,0.9997311105135789
0.9589730682104204,0.9997311105135789
0.9589730682104204,1.0
0.9611125094387113,1.0
1.0,1.0
