fpr,tpr
0.0,0.0
0.0,0.007797795106211347
0.0,0.012368916375369724
0.0,0.015057811239580532
0.0,0.01720892713094918
0.0,0.01747781661737026
0.0,0.02016671148158107
0.0,0.022317827372949718
0.0,0.024737832750739448
0.0,0.027426727614950255
0.0,0.031191180424845387
0.0,0.04033342296316214
0.0,0.04409787577305727
0.0,0.05727346060769024
0.0,0.05969346598547997
0.0,0.0648023662274805
0.0,0.06560903468674374
0.0,0.06991126646948104
0.0,0.07690239311642914
0.0,0.07986017746706103
0.0,0.08093573541274536
0.0,0.08174240387200861
0.0,0.08201129335842969
0.0,0.08281796181769292
0.0,0.08523796719548266
0.0,0.08631352514116698
0.0,0.08765797257327239
0.0,0.08819575154611455
0.0,0.09061575692390428
0.0,0.0916913148695886
0.0,0.09249798332885184
0.0,0.09491798870664157
0.0,0.09545576767948373
0.0,0.0959935466523259
0.0,0.09814466254369454
0.0,0.0986824415165367
0.0,0.1000268889486421
0.00012584948401711554,0.1000268889486421
0.00012584948401711554,0.10083355740790535
0.0003775484520513466,0.10083355740790535
0.0006292474200855776,0.10083355740790535
0.0006292474200855776,0.10110244689432643
0.0006292474200855776,0.10164022586716859
0.0006292474200855776,0.10190911535358968
0.0007550969041026932,0.10190911535358968
0.0007550969041026932,0.10217800484001076
0.0008809463881198087,0.10217800484001076
0.0008809463881198087,0.1086313525141167
0.0011326453561540397,0.1086313525141167
0.0011326453561540397,0.11051357891906427
0.0012584948401711553,0.11051357891906427
0.0012584948401711553,0.11078246840548535
0.0015101938082053865,0.11078246840548535
0.0015101938082053865,0.11105135789190643
0.0016360432922225018,0.11105135789190643
0.0016360432922225018,0.1113202473783275
0.001887742260256733,0.1113202473783275
0.0020135917442738486,0.1113202473783275
0.0020135917442738486,0.11185802635116968
0.0022652907123080794,0.11185802635116968
0.0022652907123080794,0.11239580532401183
0.002391140196325195,0.11239580532401183
0.002391140196325195,0.11293358429685399
0.0025169896803423106,0.11293358429685399
0.0025169896803423106,0.11347136326969616
0.0025169896803423106,0.1142780317289594
0.002642839164359426,0.1142780317289594
0.002642839164359426,0.11454692121538047
0.002642839164359426,0.11508470018822264
0.0027686886483765417,0.11508470018822264
0.0027686886483765417,0.11535358967464372
0.0031462371004278883,0.11535358967464372
0.0031462371004278883,0.11589136864748588
0.0033979360684621195,0.11589136864748588
0.0033979360684621195,0.11723581607959128
0.003523785552479235,0.11723581607959128
0.003523785552479235,0.11777359505243346
0.003775484520513466,0.11777359505243346
0.003775484520513466,0.11831137402527561
0.003775484520513466,0.11884915299811777
0.003775484520513466,0.11911804248453886
0.004027183488547697,0.11911804248453886
0.004027183488547697,0.11965582145738102
0.004278882456581928,0.11965582145738102
0.004278882456581928,0.1199247109438021
0.004656430908633275,0.1199247109438021
0.004656430908633275,0.1212691583759075
0.004656430908633275,0.12180693734874966
0.004656430908633275,0.12342027426727616
0.00478228039265039,0.12342027426727616
0.00478228039265039,0.12449583221296047
0.004908129876667506,0.12449583221296047
0.004908129876667506,0.12503361118580264
0.005033979360684621,0.12503361118580264
0.005033979360684621,0.1255713901586448
0.005411527812735968,0.1255713901586448
0.005411527812735968,0.1258402796450659
0.0055373772967530835,0.1258402796450659
0.0055373772967530835,0.1269158375907502
0.0055373772967530835,0.12745361656359236
0.005789076264787314,0.12745361656359236
0.005789076264787314,0.12879806399569776
0.006040775232821546,0.12879806399569776
0.006040775232821546,0.12933584296853992
0.006040775232821546,0.13041140091422426
0.006040775232821546,0.13094917988706642
0.006040775232821546,0.13121806937348748
0.006166624716838661,0.13121806937348748
0.006166624716838661,0.13202473783275073
0.006292474200855777,0.13202473783275073
0.006292474200855777,0.13229362731917182
0.006418323684872892,0.13229362731917182
0.006418323684872892,0.1325625168055929
0.006544173168890007,0.1325625168055929
0.006795872136924239,0.1325625168055929
0.006795872136924239,0.13283140629201398
0.00704757110495847,0.13283140629201398
0.00704757110495847,0.1339069642376983
0.007173420588975585,0.1339069642376983
0.007173420588975585,0.13444474321054048
0.007173420588975585,0.13498252218338264
0.0072992700729927005,0.13498252218338264
0.0072992700729927005,0.1352514116698037
0.0076768185250440475,0.1352514116698037
0.0076768185250440475,0.13578919064264589
0.007802668009061163,0.13578919064264589
0.007802668009061163,0.13632696961548804
0.007928517493078279,0.13632696961548804
0.007928517493078279,0.1365958591019091
0.007928517493078279,0.1371336380747513
0.007928517493078279,0.13740252756117236
0.008054366977095394,0.13740252756117236
0.008054366977095394,0.13767141704759345
0.00818021646111251,0.13767141704759345
0.00818021646111251,0.1382091960204356
0.008306065945129625,0.1382091960204356
0.008306065945129625,0.13847808550685667
0.008306065945129625,0.13901586447969885
0.008306065945129625,0.13928475396611992
0.00843191542914674,0.13928475396611992
0.00843191542914674,0.139553643452541
0.008557764913163856,0.139553643452541
0.008557764913163856,0.14251142780317289
0.008809463881198087,0.14251142780317289
0.008809463881198087,0.14278031728959398
0.009061162849232317,0.14278031728959398
0.009061162849232317,0.14331809626243613
0.009187012333249433,0.14331809626243613
0.009187012333249433,0.14439365420812048
0.009438711301283665,0.14439365420812048
0.009438711301283665,0.14466254369454154
0.009438711301283665,0.1454692121538048
0.009438711301283665,0.14600699112664695
0.00956456078530078,0.14600699112664695
0.00956456078530078,0.1465447700994891
0.009690410269317896,0.1465447700994891
0.009690410269317896,0.14735143855875235
0.009816259753335011,0.14735143855875235
0.009816259753335011,0.14842699650443666
0.009942109237352127,0.14842699650443666
0.009942109237352127,0.14977144393654207
0.009942109237352127,0.15004033342296316
0.010067958721369242,0.15004033342296316
0.010067958721369242,0.15030922290938425
0.010193808205386358,0.15030922290938425
0.010193808205386358,0.15057811239580532
0.010319657689403473,0.15057811239580532
0.010319657689403473,0.1508470018822264
0.01069720614145482,0.1508470018822264
0.01069720614145482,0.15138478085506857
0.010823055625471936,0.15138478085506857
0.010823055625471936,0.15165367034148966
0.010823055625471936,0.15219144931433182
0.011074754593506167,0.15219144931433182
0.011074754593506167,0.15353589674643722
0.011200604077523282,0.15353589674643722
0.011200604077523282,0.15407367571927938
0.011326453561540398,0.15407367571927938
0.011326453561540398,0.1551492336649637
0.011452303045557513,0.1551492336649637
0.011452303045557513,0.15541812315138478
0.011578152529574628,0.15541812315138478
0.011578152529574628,0.15595590212422694
0.011704002013591744,0.15595590212422694
0.011704002013591744,0.15622479161064803
0.011955700981625975,0.15622479161064803
0.011955700981625975,0.1564936810970691
0.012081550465643092,0.1564936810970691
0.012081550465643092,0.1567625705834902
0.012333249433677322,0.1567625705834902
0.012333249433677322,0.15756923904275344
0.012459098917694438,0.15756923904275344
0.012459098917694438,0.1591825759612799
0.012584948401711553,0.1591825759612799
0.012584948401711553,0.159451465447701
0.012710797885728669,0.159451465447701
0.012710797885728669,0.15998924442054316
0.0129624968537629,0.15998924442054316
0.0129624968537629,0.16025813390696425
0.013717593757865593,0.16025813390696425
0.013717593757865593,0.1607959128798064
0.013969292725899824,0.1607959128798064
0.013969292725899824,0.1621403603119118
0.01409514220991694,0.1621403603119118
0.01409514220991694,0.16294702877117503
0.014220991693934055,0.16294702877117503
0.014220991693934055,0.16456036568970153
0.01434684117795117,0.16456036568970153
0.01434684117795117,0.16563592363538585
0.014598540145985401,0.16563592363538585
0.014598540145985401,0.1667114815810702
0.015353637050088095,0.1667114815810702
0.015353637050088095,0.16724926055391234
0.01547948653410521,0.16724926055391234
0.01547948653410521,0.1677870395267545
0.015731185502139443,0.1677870395267545
0.015731185502139443,0.16832481849959666
0.016234583438207904,0.16832481849959666
0.016234583438207904,0.169400376445281
0.01636043292222502,0.169400376445281
0.01636043292222502,0.1704759343909653
0.01636043292222502,0.17128260285022856
0.01636043292222502,0.17182038182307072
0.016737981374276366,0.17182038182307072
0.016737981374276366,0.17235816079591287
0.01686383085829348,0.17235816079591287
0.01686383085829348,0.17262705028233397
0.017115529826327712,0.17262705028233397
0.017115529826327712,0.17289593976875503
0.017367228794361943,0.17289593976875503
0.017367228794361943,0.17450927668728153
0.017618927762396173,0.17450927668728153
0.017618927762396173,0.17477816617370262
0.017870626730430404,0.17477816617370262
0.017870626730430404,0.1763915030922291
0.01824817518248175,0.1763915030922291
0.01824817518248175,0.17692928206507125
0.018374024666498866,0.17692928206507125
0.018374024666498866,0.17719817155149234
0.018499874150515985,0.17719817155149234
0.018499874150515985,0.1774670610379134
0.0186257236345331,0.1774670610379134
0.0186257236345331,0.1777359505243345
0.01887742260256733,0.1777359505243345
0.01887742260256733,0.1788115084700188
0.01887742260256733,0.179349287442861
0.019254971054618677,0.179349287442861
0.019254971054618677,0.17961817692928206
0.019380820538635792,0.17961817692928206
0.019380820538635792,0.18015595590212422
0.019506670022652908,0.18015595590212422
0.019506670022652908,0.1804248453885453
0.02001006795872137,0.1804248453885453
0.02001006795872137,0.18150040333422962
0.020135917442738484,0.18150040333422962
0.020135917442738484,0.1817692928206507
0.020387616410772715,0.1817692928206507
0.020387616410772715,0.1820381823070718
0.02051346589478983,0.1820381823070718
0.020639315378806946,0.18230707179349287
0.02076516486282406,0.18230707179349287
0.02076516486282406,0.18284485076633503
0.020891014346841177,0.18284485076633503
0.020891014346841177,0.18445818768486152
0.021016863830858292,0.18445818768486152
0.021016863830858292,0.18499596665770368
0.02139441228290964,0.18499596665770368
0.02139441228290964,0.18580263511696693
0.021520261766926757,0.18580263511696693
0.021771960734960988,0.18580263511696693
0.021897810218978103,0.18580263511696693
0.021897810218978103,0.186071524603388
0.02202365970299522,0.186071524603388
0.02202365970299522,0.18660930357623018
0.022149509187012334,0.18660930357623018
0.022149509187012334,0.1876848615219145
0.02227535867102945,0.1876848615219145
0.02227535867102945,0.1887604194675988
0.02252705763906368,0.1887604194675988
0.02252705763906368,0.1890293089540199
0.02277875660709791,0.1890293089540199
0.02303045557513214,0.1890293089540199
0.023156305059149257,0.1890293089540199
0.023156305059149257,0.18956708792686205
0.023408004027183488,0.18956708792686205
0.023408004027183488,0.1901048668997042
0.023408004027183488,0.1917182038182307
0.023533853511200603,0.1917182038182307
0.023533853511200603,0.19225598279107287
0.023785552479234834,0.19225598279107287
0.023785552479234834,0.19306265125033611
0.023785552479234834,0.19360043022317827
0.023785552479234834,0.19440709868244152
0.02391140196325195,0.19440709868244152
0.02391140196325195,0.19467598816886258
0.024037251447269065,0.19467598816886258
0.024037251447269065,0.19494487765528368
0.024163100931286183,0.19494487765528368
0.024163100931286183,0.19548265662812583
0.0242889504153033,0.19548265662812583
0.0242889504153033,0.196020435600968
0.024414799899320414,0.196020435600968
0.024414799899320414,0.19655821457381017
0.024414799899320414,0.1973648830330734
0.02454064938333753,0.1973648830330734
0.02454064938333753,0.1976337725194945
0.02504404731940599,0.1976337725194945
0.02504404731940599,0.19790266200591558
0.025295746287440222,0.19790266200591558
0.025295746287440222,0.19817155149233665
0.025547445255474453,0.19817155149233665
0.025547445255474453,0.19951599892444205
0.025673294739491568,0.19951599892444205
0.0259249937075258,0.19951599892444205
0.0259249937075258,0.19978488841086314
0.02617669267556003,0.19978488841086314
0.02617669267556003,0.2000537778972842
0.026554241127611376,0.2000537778972842
0.02668009061162849,0.2003226673837053
0.02668009061162849,0.2005915568701264
0.026805940095645606,0.2005915568701264
0.026805940095645606,0.20086044635654746
0.027183488547696956,0.20086044635654746
0.027183488547696956,0.2013982253293896
0.027561036999748302,0.2013982253293896
0.027561036999748302,0.2016671148158107
0.027686886483765417,0.2016671148158107
0.027686886483765417,0.20247378327507395
0.028064434935816764,0.20247378327507395
0.028064434935816764,0.2030115622479161
0.02819028441983388,0.2030115622479161
0.02819028441983388,0.20328045173433718
0.02819028441983388,0.20381823070717936
0.02819028441983388,0.20516267813928477
0.029197080291970802,0.20516267813928477
0.029197080291970802,0.20543156762570583
0.030078026680090613,0.20543156762570583
0.030078026680090613,0.20623823608496908
0.03133652152026177,0.20623823608496908
0.03133652152026177,0.20650712557139017
0.031462371004278886,0.20650712557139017
0.031462371004278886,0.20704490454423233
0.031588220488296,0.20704490454423233
0.031588220488296,0.2086582414627588
0.03196576894034735,0.2086582414627588
0.03196576894034735,0.2100026888948642
0.03221746790838158,0.2100026888948642
0.03221746790838158,0.2102715783812853
0.03234331739239869,0.2102715783812853
0.03234331739239869,0.21107824684054854
0.03246916687641581,0.2116160258133907
0.03246916687641581,0.21215380478623286
0.03246916687641581,0.21242269427265395
0.03272086584445004,0.21242269427265395
0.03272086584445004,0.21269158375907501
0.032846715328467155,0.21269158375907501
0.032846715328467155,0.21376714170475936
0.03297256481248427,0.21376714170475936
0.03297256481248427,0.2143049206776015
0.033098414296501386,0.2143049206776015
0.033098414296501386,0.21484269965044367
0.033098414296501386,0.21511158913686476
0.0332242637805185,0.21511158913686476
0.0332242637805185,0.21564936810970692
0.03372766171658696,0.21564936810970692
0.03372766171658696,0.21591825759612798
0.03410521016863831,0.21591825759612798
0.03410521016863831,0.21645603656897017
0.034734457588723885,0.21645603656897017
0.034734457588723885,0.21699381554181232
0.034860307072741,0.21699381554181232
0.034860307072741,0.21753159451465448
0.03536370500880946,0.21753159451465448
0.03536370500880946,0.21806937348749664
0.03548955449282658,0.21806937348749664
0.03548955449282658,0.21833826297391773
0.03599295242889504,0.21833826297391773
0.03599295242889504,0.2186071524603388
0.03687389881701485,0.2186071524603388
0.03687389881701485,0.21887604194675989
0.03699974830103197,0.21887604194675989
0.03699974830103197,0.21968271040602314
0.037125597785049085,0.21968271040602314
0.037125597785049085,0.2199515998924442
0.03750314623710043,0.2199515998924442
0.03750314623710043,0.2202204893788653
0.037628995721117546,0.2202204893788653
0.037628995721117546,0.22048937886528636
0.03775484520513466,0.22048937886528636
0.03775484520513466,0.22183382629739176
0.03800654417316889,0.22183382629739176
0.03800654417316889,0.22210271578381285
0.03825824314120312,0.22210271578381285
0.03825824314120312,0.22317827372949717
0.038509942109237354,0.22317827372949717
0.038509942109237354,0.22371605270233935
0.038509942109237354,0.22452272116160257
0.038509942109237354,0.22479161064802367
0.039013340045305815,0.22479161064802367
0.039013340045305815,0.22532938962086582
0.03913918952932293,0.22532938962086582
0.03913918952932293,0.22559827910728691
0.03989428643342562,0.22559827910728691
0.03989428643342562,0.22613605808012907
0.04002013591744274,0.22613605808012907
0.04002013591744274,0.22640494756655014
0.04002013591744274,0.22694272653939232
0.04002013591744274,0.22721161602581338
0.04027183488547697,0.22721161602581338
0.04027183488547697,0.22774939499865554
0.040901082305562546,0.22774939499865554
0.040901082305562546,0.22801828448507663
0.04140448024163101,0.22801828448507663
0.04140448024163101,0.22828717397149773
0.04153032972564812,0.22828717397149773
0.04153032972564812,0.2285560634579188
0.04165617920966524,0.2285560634579188
0.04165617920966524,0.22882495294433988
0.04165617920966524,0.22936273191718204
0.04165617920966524,0.22963162140360313
0.04178202869368235,0.22963162140360313
0.04178202869368235,0.2299005108900242
0.04190787817769947,0.2299005108900242
0.04190787817769947,0.23043828986286635
0.04190787817769947,0.23070717934928744
0.042033727661716584,0.23070717934928744
0.042033727661716584,0.23097606883570854
0.0421595771457337,0.23097606883570854
0.0421595771457337,0.2315138478085507
0.042537125597785046,0.2315138478085507
0.042537125597785046,0.23205162678139285
0.04266297508180217,0.23205162678139285
0.04266297508180217,0.232589405754235
0.04278882456581928,0.232589405754235
0.04278882456581928,0.23339607421349826
0.0429146740498364,0.23339607421349826
0.0429146740498364,0.2339338531863404
0.043292222501887745,0.2339338531863404
0.043292222501887745,0.23474052164560366
0.043543921469921976,0.23474052164560366
0.043543921469921976,0.23500941113202473
0.043795620437956206,0.23500941113202473
0.043795620437956206,0.23527830061844582
0.04392146992197332,0.23527830061844582
0.04392146992197332,0.2355471901048669
0.0445507173420589,0.2355471901048669
0.0445507173420589,0.23635385856413013
0.045179964762144476,0.23635385856413013
0.045179964762144476,0.23689163753697232
0.045179964762144476,0.23769830599623554
0.04530581424616159,0.23769830599623554
0.04530581424616159,0.23823608496907772
0.045431663730178706,0.23823608496907772
0.045431663730178706,0.23850497445549879
0.04555751321419582,0.23850497445549879
0.04555751321419582,0.23904275342834094
0.04580921218223005,0.23904275342834094
0.04580921218223005,0.23958053240118313
0.046312610118298514,0.23958053240118313
0.046312610118298514,0.2398494218876042
0.04643845960231563,0.2398494218876042
0.04643845960231563,0.24011831137402528
0.046564309086332745,0.24011831137402528
0.046564309086332745,0.24065609034686744
0.047067707022401206,0.24065609034686744
0.047067707022401206,0.2409249798332885
0.04719355650641832,0.2409249798332885
0.04719355650641832,0.24200053777897285
0.04719355650641832,0.242538316751815
0.04719355650641832,0.24334498521107825
0.04731940599043544,0.24334498521107825
0.04731940599043544,0.24361387469749932
0.04744525547445255,0.24361387469749932
0.04744525547445255,0.2441516536703415
0.04757110495846967,0.2441516536703415
0.04757110495846967,0.24522721161602581
0.04769695444248678,0.24522721161602581
0.04769695444248678,0.24576499058886797
0.0478228039265039,0.24576499058886797
0.0478228039265039,0.24630276956171013
0.048200352378555245,0.24630276956171013
0.048200352378555245,0.24657165904813122
0.048200352378555245,0.24710943802097338
0.04832620186257237,0.24710943802097338
0.04832620186257237,0.24737832750739447
0.048955449282657944,0.24737832750739447
0.048955449282657944,0.24764721699381553
0.049207148250692175,0.24764721699381553
0.049207148250692175,0.24791610648023663
0.05008809463881198,0.24791610648023663
0.050843191542914674,0.24791610648023663
0.051094890510948905,0.24791610648023663
0.051346589478983136,0.24791610648023663
0.051346589478983136,0.2481849959666577
0.05159828844701737,0.2481849959666577
0.05197583689906871,0.2481849959666577
0.05235338535112006,0.2481849959666577
0.05235338535112006,0.24845388545307878
0.05260508431915429,0.24845388545307878
0.05260508431915429,0.24872277493949987
0.05285678328718852,0.24872277493949987
0.05285678328718852,0.24926055391234203
0.05310848225522275,0.24926055391234203
0.05310848225522275,0.2495294433987631
0.05323433173923987,0.2495294433987631
0.05323433173923987,0.2500672223716053
0.05361188019129121,0.2500672223716053
0.05361188019129121,0.25033611185802634
0.053989428643342566,0.25033611185802634
0.053989428643342566,0.25087389083086853
0.05411527812735968,0.25087389083086853
0.05411527812735968,0.25194944877655284
0.05474452554744526,0.25194944877655284
0.05474452554744526,0.2522183382629739
0.055373772967530835,0.2522183382629739
0.055373772967530835,0.2527561172358161
0.05549962245154795,0.2527561172358161
0.05549962245154795,0.2532938962086582
0.05575132141958218,0.2532938962086582
0.05575132141958218,0.25356278569507934
0.055877170903599296,0.25356278569507934
0.055877170903599296,0.25410056466792147
0.05612886987163353,0.25410056466792147
0.05612886987163353,0.25463834364076365
0.05625471935565064,0.25463834364076365
0.05625471935565064,0.2549072331271847
0.05638056883966776,0.2549072331271847
0.05638056883966776,0.2551761226136058
0.057009816259753335,0.2551761226136058
0.057009816259753335,0.25571390158644797
0.05713566574377045,0.25571390158644797
0.05713566574377045,0.25598279107286903
0.057261515227787566,0.25598279107286903
0.057261515227787566,0.25625168055929015
0.057513214195821796,0.25625168055929015
0.057513214195821796,0.2565205700457112
0.05776491316385603,0.2565205700457112
0.05776491316385603,0.2570583490185534
0.05776491316385603,0.25732723850497446
0.05789076264787314,0.25732723850497446
0.05789076264787314,0.2578650174778166
0.05826831109992449,0.2578650174778166
0.05826831109992449,0.25867168593707984
0.05826831109992449,0.259209464909922
0.058645859551975835,0.259209464909922
0.058645859551975835,0.2594783543963431
0.05902340800402718,0.2594783543963431
0.05902340800402718,0.2597472438827642
0.059149257488044296,0.2597472438827642
0.059149257488044296,0.26028502285560634
0.05927510697206141,0.26028502285560634
0.05927510697206141,0.2605539123420274
0.059904354392146995,0.2605539123420274
0.059904354392146995,0.2610916913148696
0.06003020387616411,0.2610916913148696
0.06028190284419834,0.2610916913148696
0.06053360181223257,0.2610916913148696
0.06053360181223257,0.26136058080129065
0.06091115026428392,0.26136058080129065
0.06091115026428392,0.2616294702877118
0.06116284923231815,0.2616294702877118
0.06116284923231815,0.2621672492605539
0.06116284923231815,0.2627050282333961
0.06141454820035238,0.2627050282333961
0.06141454820035238,0.26297391771981715
0.061540397684369495,0.26297391771981715
0.061540397684369495,0.2632428072062382
0.06166624716838661,0.2632428072062382
0.06166624716838661,0.26351169669265934
0.06216964510445507,0.26351169669265934
0.06216964510445507,0.2637805861790804
0.06229549458847219,0.2637805861790804
0.06229549458847219,0.2643183651519226
0.0624213440724893,0.2643183651519226
0.0624213440724893,0.26458725463834365
0.06279889252454066,0.26458725463834365
0.06279889252454066,0.2651250336111858
0.06305059149257489,0.2651250336111858
0.06305059149257489,0.26620059155687015
0.06342813994462623,0.26620059155687015
0.06342813994462623,0.2670072600161334
0.06355398942864335,0.2670072600161334
0.06355398942864335,0.2675450389889755
0.06380568839667758,0.2675450389889755
0.06380568839667758,0.2678139284753966
0.0639315378806947,0.2678139284753966
0.0639315378806947,0.2680828179618177
0.06443493581676316,0.2680828179618177
0.06443493581676316,0.2683517074482388
0.0648124842688145,0.2683517074482388
0.0648124842688145,0.26888948642108096
0.06519003272086585,0.26888948642108096
0.06519003272086585,0.269158375907502
0.06544173168890008,0.269158375907502
0.06544173168890008,0.2694272653939231
0.06544173168890008,0.26996504436676527
0.0655675811729172,0.26996504436676527
0.0655675811729172,0.2705028233396074
0.06581928014095142,0.2705028233396074
0.06581928014095142,0.2707717128260285
0.06607097910898566,0.2707717128260285
0.06607097910898566,0.27130949179887065
0.06619682859300277,0.27130949179887065
0.06619682859300277,0.27157838128529177
0.06632267807701989,0.27157838128529177
0.06632267807701989,0.27184727077171283
0.066448527561037,0.27184727077171283
0.066448527561037,0.2721161602581339
0.06657437704505412,0.2721161602581339
0.06657437704505412,0.27238504974455496
0.06682607601308835,0.27238504974455496
0.06707777498112258,0.27238504974455496
0.06707777498112258,0.2731917182038182
0.0672036244651397,0.2731917182038182
0.0672036244651397,0.27346060769023933
0.06758117291719104,0.27346060769023933
0.06758117291719104,0.2737294971766604
0.06770702240120816,0.2737294971766604
0.06770702240120816,0.27399838666308146
0.0680845708532595,0.27399838666308146
0.0680845708532595,0.27453616563592365
0.06833626982129373,0.27453616563592365
0.06833626982129373,0.2750739446087658
0.06846211930531085,0.2750739446087658
0.06846211930531085,0.2753428340951869
0.06858796878932796,0.2753428340951869
0.06858796878932796,0.27561172358160796
0.06871381827334508,0.27561172358160796
0.06871381827334508,0.2764183920408712
0.0688396677573622,0.2764183920408712
0.0688396677573622,0.2766872815272923
0.06959476466146489,0.2766872815272923
0.06959476466146489,0.27722506050013446
0.06984646362949912,0.27722506050013446
0.06984646362949912,0.2777628394729766
0.06997231311351623,0.2777628394729766
0.06997231311351623,0.27883839741866095
0.06997231311351623,0.279107286905082
0.07009816259753335,0.279107286905082
0.0704757110495847,0.279107286905082
0.0704757110495847,0.2793761763915031
0.07060156053360181,0.2793761763915031
0.07060156053360181,0.27964506587792415
0.07085325950163604,0.27964506587792415
0.07085325950163604,0.28018284485076633
0.07186005537377296,0.28018284485076633
0.07223760382582431,0.28018284485076633
0.07223760382582431,0.2804517343371874
0.07236345330984142,0.2804517343371874
0.07236345330984142,0.2809895133100296
0.07236345330984142,0.28152729228287177
0.07248930279385854,0.28152729228287177
0.07248930279385854,0.2820650712557139
0.07337024918197835,0.2820650712557139
0.07337024918197835,0.28233396074213496
0.07362194815001258,0.28233396074213496
0.07362194815001258,0.2831406292013982
0.07399949660206394,0.2831406292013982
0.07399949660206394,0.28340951868781933
0.07425119557009817,0.28340951868781933
0.07425119557009817,0.28394729766066146
0.07437704505411528,0.28394729766066146
0.07437704505411528,0.2842161871470825
0.07488044299018375,0.2842161871470825
0.07488044299018375,0.28502285560634577
0.07488044299018375,0.2852917450927669
0.07538384092625221,0.2852917450927669
0.07538384092625221,0.28556063457918796
0.07563553989428644,0.28556063457918796
0.07563553989428644,0.285829524065609
0.07588723886232067,0.285829524065609
0.07588723886232067,0.2863673030384512
0.07601308834633778,0.2863673030384512
0.07601308834633778,0.28690508201129333
0.0761389378303549,0.28690508201129333
0.0761389378303549,0.2874428609841355
0.07639063679838913,0.2874428609841355
0.07676818525044048,0.2874428609841355
0.07701988421847471,0.2874428609841355
0.07701988421847471,0.2879806399569777
0.07739743267052605,0.2879806399569777
0.07739743267052605,0.28824952944339877
0.07764913163856028,0.28824952944339877
0.07764913163856028,0.28851841892981983
0.07790083060659451,0.28851841892981983
0.07815252957462875,0.28851841892981983
0.07827837905864586,0.28851841892981983
0.07827837905864586,0.28878730841624095
0.07865592751069721,0.28878730841624095
0.07865592751069721,0.289056197902662
0.07928517493078278,0.289056197902662
0.07928517493078278,0.2893250873890831
0.07953687389881701,0.2893250873890831
0.07953687389881701,0.29120731379403064
0.07953687389881701,0.2917450927668728
0.07953687389881701,0.2920139822532939
0.07966272338283413,0.2920139822532939
0.07966272338283413,0.2925517612261361
0.07966272338283413,0.2933584296853993
0.07966272338283413,0.2936273191718204
0.07978857286685125,0.2936273191718204
0.07978857286685125,0.29389620865824145
0.08004027183488548,0.29389620865824145
0.08004027183488548,0.29443398763108364
0.08029197080291971,0.29443398763108364
0.08066951925497105,0.29443398763108364
0.08066951925497105,0.2947028771175047
0.08092121822300528,0.2947028771175047
0.08092121822300528,0.29497176660392577
0.08167631512710798,0.29497176660392577
0.08167631512710798,0.2952406560903469
0.08192801409514221,0.2952406560903469
0.08230556254719355,0.2952406560903469
0.08255726151522778,0.2952406560903469
0.08255726151522778,0.295778435063189
0.08293480996727913,0.295778435063189
0.08293480996727913,0.2963162140360312
0.08318650893531336,0.2963162140360312
0.08318650893531336,0.29712288249529445
0.0835640573873647,0.29712288249529445
0.08381575635539894,0.29712288249529445
0.08381575635539894,0.2973917719817155
0.08406745532343317,0.2973917719817155
0.08419330480745028,0.2973917719817155
0.08419330480745028,0.2979295509545577
0.0843191542914674,0.2979295509545577
0.0843191542914674,0.29819844044097876
0.08444500377548451,0.29819844044097876
0.08444500377548451,0.2984673299273998
0.08457085325950163,0.2984673299273998
0.08457085325950163,0.29873621941382095
0.08482255222753586,0.29873621941382095
0.08482255222753586,0.299005108900242
0.08532595016360434,0.299005108900242
0.08532595016360434,0.29981177735950526
0.08545179964762145,0.29981177735950526
0.08545179964762145,0.3006184458187685
0.08570349861565568,0.3006184458187685
0.08570349861565568,0.3008873353051896
0.08570349861565568,0.3014251142780317
0.08595519758368991,0.3014251142780317
0.08620689655172414,0.3014251142780317
0.08620689655172414,0.30223178273729495
0.0874653913918953,0.30223178273729495
0.0874653913918953,0.30250067222371607
0.08759124087591241,0.30250067222371607
0.08759124087591241,0.30276956171013714
0.08771709035992953,0.30276956171013714
0.08771709035992953,0.3030384511965582
0.08771709035992953,0.3035762301694004
0.08784293984394664,0.3035762301694004
0.08784293984394664,0.30384511965582145
0.08796878932796376,0.30384511965582145
0.08796878932796376,0.3041140091422425
0.0883463377800151,0.3041140091422425
0.0883463377800151,0.30492067760150576
0.08859803674804934,0.30492067760150576
0.08859803674804934,0.3051895670879269
0.0891014346841178,0.3051895670879269
0.0891014346841178,0.30599623554719013
0.0891014346841178,0.30653401452003226
0.0891014346841178,0.30707179349287445
0.08947898313616914,0.30707179349287445
0.08947898313616914,0.3073406829792955
0.08973068210420337,0.3073406829792955
0.08973068210420337,0.3076095724657166
0.0899823810722376,0.3076095724657166
0.0899823810722376,0.30814735143855876
0.0899823810722376,0.30922290938424307
0.09035992952428895,0.30922290938424307
0.09035992952428895,0.30949179887066414
0.09048577900830607,0.30949179887066414
0.09048577900830607,0.3100295778435063
0.09048577900830607,0.3105673568163485
0.09048577900830607,0.31083624630276957
0.09048577900830607,0.3116429147620328
0.09086332746035741,0.3116429147620328
0.09086332746035741,0.3119118042484539
0.09098917694437453,0.3119118042484539
0.09098917694437453,0.31218069373487495
0.09111502642839164,0.31218069373487495
0.09111502642839164,0.31271847270771713
0.09174427384847722,0.31271847270771713
0.09174427384847722,0.3129873621941382
0.09174427384847722,0.3135251411669804
0.09199597281651145,0.3135251411669804
0.09199597281651145,0.31379403065340145
0.09212182230052857,0.31379403065340145
0.09212182230052857,0.3140629201398225
0.09249937075257991,0.3140629201398225
0.09249937075257991,0.31433180962624363
0.09262522023659703,0.31433180962624363
0.09287691920463126,0.31433180962624363
0.0932544676566826,0.31433180962624363
0.0932544676566826,0.31486958859908576
0.09350616662471684,0.31486958859908576
0.09350616662471684,0.31540736757192794
0.09388371507676818,0.31540736757192794
0.09388371507676818,0.3159451465447701
0.0940095645607853,0.3159451465447701
0.0940095645607853,0.31648292551761226
0.09426126352881953,0.31648292551761226
0.09426126352881953,0.31702070449045444
0.0948905109489051,0.31702070449045444
0.0948905109489051,0.3172895939768755
0.09501636043292222,0.3172895939768755
0.09501636043292222,0.31755848346329657
0.09514220991693934,0.31755848346329657
0.09539390888497357,0.31755848346329657
0.09589730682104203,0.31755848346329657
0.09627485527309337,0.31755848346329657
0.09627485527309337,0.3178273729497177
0.0965265542411276,0.3178273729497177
0.09677825320916185,0.3178273729497177
0.09677825320916185,0.3186340414089809
0.09690410269317896,0.3186340414089809
0.09690410269317896,0.31917182038182307
0.09690410269317896,0.31944070986824413
0.09702995217719608,0.31944070986824413
0.09702995217719608,0.3199784888410863
0.09728165114523031,0.3199784888410863
0.09728165114523031,0.3202473783275074
0.09778504908129877,0.3202473783275074
0.09778504908129877,0.3205162678139285
0.09791089856531589,0.3205162678139285
0.09791089856531589,0.32105404678677063
0.09816259753335012,0.32105404678677063
0.0987918449534357,0.32105404678677063
0.0987918449534357,0.3213229362731917
0.09916939340548704,0.3213229362731917
0.09942109237352127,0.3213229362731917
0.09954694185753839,0.3213229362731917
0.09954694185753839,0.32212960473245494
0.09979864082557262,0.32212960473245494
0.09992449030958973,0.32212960473245494
0.09992449030958973,0.32239849421887606
0.10017618927762396,0.32239849421887606
0.10017618927762396,0.3229362731917182
0.10030203876164108,0.3229362731917182
0.10030203876164108,0.32320516267813926
0.10055373772967531,0.32320516267813926
0.10055373772967531,0.32374294165098144
0.10118298514976089,0.32374294165098144
0.10143468411779512,0.32374294165098144
0.10156053360181223,0.32374294165098144
0.10156053360181223,0.3240118311374025
0.10181223256984646,0.3240118311374025
0.10181223256984646,0.325625168055929
0.10193808205386358,0.325625168055929
0.10193808205386358,0.3261629470287712
0.1020639315378807,0.3261629470287712
0.1020639315378807,0.32643183651519225
0.10244147998993204,0.32643183651519225
0.10244147998993204,0.3267007260016133
0.10269317895796627,0.3267007260016133
0.10269317895796627,0.3272385049744555
0.10307072741001762,0.3272385049744555
0.10307072741001762,0.32965851035224525
0.10357412534608608,0.32965851035224525
0.10357412534608608,0.3301962893250874
0.10357412534608608,0.3304651788115085
0.10395167379813743,0.3304651788115085
0.10395167379813743,0.3310029577843506
0.10420337276617166,0.3310029577843506
0.10420337276617166,0.3312718472707717
0.10445507173420589,0.3312718472707717
0.10445507173420589,0.3318096262436139
0.104580921218223,0.3318096262436139
0.104580921218223,0.33234740521645606
0.10470677070224012,0.3326162947028771
0.10470677070224012,0.33315407367571925
0.10470677070224012,0.33369185264856144
0.10483262018625723,0.33369185264856144
0.10483262018625723,0.3339607421349825
0.10508431915429146,0.3339607421349825
0.1053360181223257,0.3339607421349825
0.1053360181223257,0.3342296316214036
0.10546186760634281,0.3342296316214036
0.10546186760634281,0.33476741059424575
0.10571356657437704,0.33476741059424575
0.10571356657437704,0.33503630008066687
0.10583941605839416,0.33503630008066687
0.10583941605839416,0.335574079053509
0.10609111502642839,0.335574079053509
0.10609111502642839,0.33584296853993006
0.10634281399446262,0.33584296853993006
0.10634281399446262,0.33745630545845656
0.10684621193053108,0.33745630545845656
0.10684621193053108,0.3377251949448777
0.1069720614145482,0.3377251949448777
0.1069720614145482,0.33799408443129875
0.10722376038258243,0.33799408443129875
0.10722376038258243,0.3382629739177198
0.10747545935061666,0.3382629739177198
0.10747545935061666,0.338800752890562
0.10797885728668513,0.338800752890562
0.10797885728668513,0.3393385318634041
0.10810470677070225,0.3393385318634041
0.10810470677070225,0.3398763108362463
0.10823055625471936,0.3398763108362463
0.10823055625471936,0.34041408980908844
0.10873395419078782,0.34041408980908844
0.10873395419078782,0.34202742672761494
0.10885980367480494,0.34202742672761494
0.10885980367480494,0.34229631621403606
0.10911150264283917,0.34229631621403606
0.10911150264283917,0.3425652057004571
0.1093632016108734,0.3425652057004571
0.1093632016108734,0.3428340951868782
0.10961490057890763,0.3428340951868782
0.10961490057890763,0.34310298467329925
0.10986659954694186,0.34310298467329925
0.10986659954694186,0.34364076364614143
0.10999244903095898,0.34364076364614143
0.10999244903095898,0.3439096531325625
0.10999244903095898,0.3444474321054047
0.10999244903095898,0.34471632159182575
0.11011829851497609,0.34471632159182575
0.11011829851497609,0.34498521107824687
0.11036999748301032,0.34498521107824687
0.11036999748301032,0.34525410056466793
0.11049584696702744,0.34525410056466793
0.11049584696702744,0.345522990051089
0.11087339541907879,0.345522990051089
0.11087339541907879,0.3460607690239312
0.11125094387113013,0.3460607690239312
0.11125094387113013,0.34632965851035225
0.11137679335514725,0.34632965851035225
0.11162849232318148,0.34632965851035225
0.11188019129121571,0.34632965851035225
0.11188019129121571,0.34740521645603656
0.11225773974326705,0.34740521645603656
0.11225773974326705,0.34794299542887874
0.11238358922728417,0.34794299542887874
0.11238358922728417,0.3482118849152998
0.11276113767933552,0.3482118849152998
0.11276113767933552,0.348749663888142
0.11301283664736975,0.348749663888142
0.11301283664736975,0.34955633234740524
0.11313868613138686,0.34955633234740524
0.11313868613138686,0.35009411132024737
0.11326453561540398,0.35009411132024737
0.11326453561540398,0.35036300080666843
0.11339038509942109,0.35036300080666843
0.11339038509942109,0.35063189029308955
0.11351623458343821,0.35063189029308955
0.11351623458343821,0.3509007797795106
0.11364208406745532,0.3509007797795106
0.11364208406745532,0.35170744823877387
0.11376793355147244,0.35170744823877387
0.11376793355147244,0.3527830061844582
0.11401963251950667,0.3527830061844582
0.11401963251950667,0.35305189567087925
0.11414548200352378,0.35305189567087925
0.11414548200352378,0.35332078515730037
0.11477472942360936,0.35332078515730037
0.11477472942360936,0.3538585641301425
0.11477472942360936,0.3543963431029847
0.11490057890762648,0.3543963431029847
0.11490057890762648,0.35520301156224793
0.11552982632771205,0.35520301156224793
0.11552982632771205,0.355471901048669
0.1159073747797634,0.355471901048669
0.1159073747797634,0.3560096800215112
0.11628492323181475,0.3560096800215112
0.11628492323181475,0.35627856950793224
0.11628492323181475,0.3568163484807744
0.11653662219984898,0.3568163484807744
0.11653662219984898,0.3570852379671955
0.11716586961993455,0.3570852379671955
0.11716586961993455,0.35735412745361655
0.11766926755600302,0.35735412745361655
0.11766926755600302,0.35789190642645874
0.11779511704002013,0.35789190642645874
0.11779511704002013,0.35842968539930087
0.11817266549207148,0.35842968539930087
0.11817266549207148,0.358698574885722
0.11829851497608859,0.358698574885722
0.11829851497608859,0.3592363538585641
0.11829851497608859,0.35950524334498524
0.11855021394412282,0.35950524334498524
0.11867606342813994,0.35950524334498524
0.11867606342813994,0.3597741328314063
0.11892776239617417,0.3597741328314063
0.11892776239617417,0.36031191180424843
0.11930531084822552,0.36031191180424843
0.11930531084822552,0.36058080129066955
0.11943116033224264,0.36058080129066955
0.11943116033224264,0.3608496907770906
0.11980870878429399,0.3608496907770906
0.11980870878429399,0.3613874697499328
0.11980870878429399,0.36192524872277493
0.1199345582683111,0.36192524872277493
0.1199345582683111,0.36219413820919605
0.12018625723634534,0.36219413820919605
0.12018625723634534,0.36300080666845924
0.12031210672036245,0.36300080666845924
0.12031210672036245,0.36326969615488036
0.12043795620437957,0.36326969615488036
0.12043795620437957,0.3638074751277225
0.1206896551724138,0.3638074751277225
0.1206896551724138,0.3643452541005647
0.12106720362446514,0.3643452541005647
0.12106720362446514,0.3648830330734068
0.12119305310848226,0.3648830330734068
0.12119305310848226,0.365420812046249
0.12144475207651649,0.365420812046249
0.1215706015605336,0.365420812046249
0.1215706015605336,0.36568970153267005
0.12207399949660207,0.36568970153267005
0.12207399949660207,0.36622748050551224
0.12219984898061918,0.36622748050551224
0.12219984898061918,0.3667652594783544
0.1223256984646363,0.3667652594783544
0.1223256984646363,0.3670341489647755
0.12282909640070476,0.3670341489647755
0.12282909640070476,0.3681097069104598
0.12295494588472188,0.3681097069104598
0.12295494588472188,0.36837859639688086
0.1232066448527561,0.36837859639688086
0.1232066448527561,0.36891637536972305
0.12371004278882457,0.36891637536972305
0.12371004278882457,0.3691852648561441
0.12383589227284168,0.3691852648561441
0.12383589227284168,0.3697230438289863
0.12408759124087591,0.3697230438289863
0.12433929020891014,0.3697230438289863
0.12433929020891014,0.36999193331540736
0.12446513969292726,0.36999193331540736
0.12446513969292726,0.3713363807475128
0.12446513969292726,0.37160527023393386
0.12459098917694438,0.37160527023393386
0.12459098917694438,0.3726808281796182
0.12471683866096149,0.3726808281796182
0.12471683866096149,0.37321860715246036
0.12496853762899572,0.37321860715246036
0.12496853762899572,0.3740252756117236
0.1255977850490813,0.3740252756117236
0.1255977850490813,0.37429416509814467
0.1262270324691669,0.37429416509814467
0.1262270324691669,0.37456305458456574
0.12673043040523535,0.37456305458456574
0.12673043040523535,0.3748319440709868
0.1271079788572867,0.3748319440709868
0.1271079788572867,0.3751008335574079
0.1272338283413038,0.3751008335574079
0.1272338283413038,0.375369723043829
0.12761137679335516,0.375369723043829
0.12761137679335516,0.37590750201667117
0.1278630757613894,0.37590750201667117
0.1278630757613894,0.3764452809895133
0.12849232318147497,0.3764452809895133
0.12849232318147497,0.3767141704759344
0.12861817266549208,0.3767141704759344
0.12861817266549208,0.3775208389351976
0.1287440221495092,0.3775208389351976
0.1287440221495092,0.37778972842161873
0.1288698716335263,0.37778972842161873
0.1288698716335263,0.37832750739446086
0.12912157060156054,0.37832750739446086
0.12912157060156054,0.378596396880882
0.1294991190536119,0.378596396880882
0.1294991190536119,0.3794030653401452
0.12975081802164612,0.3794030653401452
0.12975081802164612,0.37994084431298736
0.12975081802164612,0.3802097337994084
0.13012836647369747,0.3802097337994084
0.13012836647369747,0.38101640225867167
0.13025421595771458,0.38101640225867167
0.13025421595771458,0.3812852917450928
0.13025421595771458,0.3818230707179349
0.1305059149257488,0.3818230707179349
0.1305059149257488,0.38262973917719817
0.13063176440976593,0.38262973917719817
0.13063176440976593,0.38289862866361923
0.13088346337780016,0.38289862866361923
0.13088346337780016,0.3839741866093036
0.1311351623458344,0.3839741866093036
0.1311351623458344,0.38424307609572467
0.13163856028190285,0.38424307609572467
0.13163856028190285,0.38451196558214573
0.1320161087339542,0.38451196558214573
0.1320161087339542,0.38612530250067223
0.1321419582179713,0.38612530250067223
0.1321419582179713,0.38666308147351436
0.1321419582179713,0.3869319709599355
0.13226780770198843,0.3869319709599355
0.13226780770198843,0.38720086044635654
0.13239365718600554,0.38720086044635654
0.13239365718600554,0.3877386394191987
0.13239365718600554,0.3880075289056198
0.13251950667002266,0.3880075289056198
0.13251950667002266,0.38827641839204086
0.1327712056380569,0.38827641839204086
0.1327712056380569,0.388545307878462
0.132897055122074,0.388545307878462
0.132897055122074,0.3890830868513041
0.132897055122074,0.38935197633772517
0.13302290460609112,0.3896208658241463
0.13302290460609112,0.38988975531056735
0.13327460357412535,0.38988975531056735
0.13327460357412535,0.3901586447969884
0.13352630254215958,0.3901586447969884
0.1337780015101938,0.3901586447969884
0.1337780015101938,0.39042753428340954
0.1337780015101938,0.3912342027426728
0.13428139944626227,0.3912342027426728
0.13428139944626227,0.39150309222909385
0.1345330984142965,0.39150309222909385
0.1345330984142965,0.3917719817155149
0.13503649635036497,0.3917719817155149
0.13579159325446766,0.3917719817155149
0.13579159325446766,0.3923097606883571
0.1360432922225019,0.3923097606883571
0.1360432922225019,0.39257865017477817
0.136169141706519,0.39257865017477817
0.136169141706519,0.3933853186340414
0.13629499119053612,0.3933853186340414
0.13629499119053612,0.3936542081204625
0.13667253964258747,0.3936542081204625
0.13667253964258747,0.39419198709330466
0.1369242386106217,0.39419198709330466
0.1369242386106217,0.3947297660661468
0.13730178706267304,0.3947297660661468
0.13730178706267304,0.3949986555525679
0.1376793355147244,0.3949986555525679
0.1376793355147244,0.395267545038989
0.13793103448275862,0.395267545038989
0.13793103448275862,0.39580532401183116
0.13793103448275862,0.3960742134982522
0.13793103448275862,0.39661199247109435
0.13818273345079285,0.39661199247109435
0.13818273345079285,0.39714977144393654
0.13843443241882708,0.39714977144393654
0.13843443241882708,0.3974186609303576
0.1385602819028442,0.3974186609303576
0.1385602819028442,0.3976875504167787
0.13881198087087843,0.3976875504167787
0.13881198087087843,0.39822532938962085
0.13893783035489554,0.39822532938962085
0.13893783035489554,0.398494218876042
0.13956707777498112,0.398494218876042
0.13956707777498112,0.3990319978488841
0.13969292725899823,0.3990319978488841
0.13969292725899823,0.3995697768217263
0.13981877674301535,0.3995697768217263
0.13981877674301535,0.4001075557945684
0.14007047571104958,0.4001075557945684
0.14007047571104958,0.40037644528098953
0.1401963251950667,0.40037644528098953
0.1401963251950667,0.4006453347674106
0.14082557261515227,0.4006453347674106
0.14082557261515227,0.40091422425383166
0.1409514220991694,0.40091422425383166
0.1409514220991694,0.4017208927130949
0.14170651900327208,0.4017208927130949
0.14170651900327208,0.4022586716859371
0.14233576642335766,0.4022586716859371
0.14233576642335766,0.40252756117235816
0.1425874653913919,0.40252756117235816
0.1425874653913919,0.40306534014520035
0.1425874653913919,0.4033342296316214
0.14283916435942612,0.4033342296316214
0.14283916435942612,0.40387200860446354
0.14296501384344323,0.40387200860446354
0.14296501384344323,0.40414089809088466
0.14334256229549458,0.40414089809088466
0.14334256229549458,0.4044097875773057
0.1434684117795117,0.4044097875773057
0.1434684117795117,0.40575423500941116
0.14384596023156304,0.40575423500941116
0.14409765919959727,0.40575423500941116
0.1442235086836144,0.40575423500941116
0.1442235086836144,0.4060231244958322
0.14497860558771708,0.4060231244958322
0.1452303045557513,0.4060231244958322
0.1452303045557513,0.40682979295509547
0.14535615403976843,0.40682979295509547
0.14535615403976843,0.4073675719279376
0.14548200352378554,0.4073675719279376
0.14548200352378554,0.4076364614143587
0.14560785300780266,0.4076364614143587
0.14560785300780266,0.4079053509007798
0.14623710042788823,0.4079053509007798
0.14623710042788823,0.40817424038720085
0.14636294991190535,0.40844312987362197
0.14648879939592246,0.40844312987362197
0.14648879939592246,0.40871201936004303
0.14648879939592246,0.40978757730572735
0.14661464887993958,0.40978757730572735
0.14661464887993958,0.4100564667921484
0.1467404983639567,0.4100564667921484
0.1467404983639567,0.41086313525141166
0.14711804681600804,0.41086313525141166
0.14711804681600804,0.41140091422425384
0.1474955952680594,0.41140091422425384
0.1474955952680594,0.41247647216993816
0.14774729423609365,0.41247647216993816
0.14774729423609365,0.4127453616563592
0.14787314372011076,0.4127453616563592
0.148124842688145,0.4127453616563592
0.14837654165617922,0.4127453616563592
0.14837654165617922,0.41355203011562247
0.14862824062421345,0.41355203011562247
0.14862824062421345,0.41382091960204354
0.14875409010823057,0.41382091960204354
0.14875409010823057,0.41408980908846466
0.14875409010823057,0.4146275880613068
0.1490057890762648,0.4146275880613068
0.1490057890762648,0.41516536703414897
0.14925748804429903,0.41516536703414897
0.14925748804429903,0.41570314600699115
0.14950918701233326,0.41570314600699115
0.14950918701233326,0.4159720354934122
0.1498867354643846,0.4159720354934122
0.1498867354643846,0.41650981446625435
0.15026428391643595,0.41650981446625435
0.15026428391643595,0.41677870395267547
0.15089353133652153,0.41677870395267547
0.15089353133652153,0.41704759343909653
0.15101938082053865,0.41704759343909653
0.15101938082053865,0.4173164829255176
0.15127107978857288,0.4173164829255176
0.15127107978857288,0.4175853724119387
0.15190032720865845,0.4175853724119387
0.15240372514472691,0.4175853724119387
0.15240372514472691,0.4178542618983598
0.15278127359677826,0.4178542618983598
0.15278127359677826,0.4183920408712019
0.1530329725648125,0.4183920408712019
0.1530329725648125,0.41866093035762303
0.15341052101686384,0.41866093035762303
0.15341052101686384,0.4189298198440441
0.15353637050088095,0.4189298198440441
0.15353637050088095,0.4194675988168863
0.1539139189529323,0.4194675988168863
0.1539139189529323,0.4200053777897284
0.15403976843694941,0.4200053777897284
0.15441731688900076,0.4200053777897284
0.1547948653410521,0.4200053777897284
0.1547948653410521,0.4205431567625706
0.15504656430908634,0.4205431567625706
0.15504656430908634,0.42081204624899166
0.1555499622451548,0.42081204624899166
0.1555499622451548,0.4210809357354127
0.15605336018122326,0.4210809357354127
0.15605336018122326,0.42134982522183384
0.15605336018122326,0.42188760419467597
0.1563050591492575,0.42188760419467597
0.15655675811729172,0.42242538316751815
0.15668260760130884,0.42242538316751815
0.15668260760130884,0.4226942726539392
0.15743770450541153,0.4226942726539392
0.15743770450541153,0.42296316214036034
0.15781525295746288,0.42296316214036034
0.15781525295746288,0.42350094111320247
0.1580669519254971,0.42350094111320247
0.15831865089353134,0.42350094111320247
0.15869619934558268,0.42350094111320247
0.15945129624968538,0.42350094111320247
0.15945129624968538,0.42376983059962353
0.1597029952177196,0.42376983059962353
0.1597029952177196,0.4243076095724657
0.15982884470173672,0.4243076095724657
0.15982884470173672,0.4245764990588868
0.15995469418575384,0.4245764990588868
0.15995469418575384,0.4248453885453079
0.16020639315378807,0.4248453885453079
0.16020639315378807,0.42511427803172896
0.16108733954190788,0.42511427803172896
0.16108733954190788,0.42538316751815003
0.16146488799395922,0.42538316751815003
0.16146488799395922,0.4256520570045711
0.16159073747797634,0.4256520570045711
0.16159073747797634,0.4261898359774133
0.16196828593002768,0.4261898359774133
0.16221998489806191,0.4261898359774133
0.16221998489806191,0.42645872546383434
0.16234583438207903,0.42645872546383434
0.16234583438207903,0.42672761495025546
0.16247168386609614,0.42672761495025546
0.16247168386609614,0.4272653939230976
0.1628492323181475,0.4272653939230976
0.16335263025421595,0.4272653939230976
0.16335263025421595,0.4275342834095187
0.1637301787062673,0.4275342834095187
0.1637301787062673,0.4283409518687819
0.16398187767430153,0.4283409518687819
0.16398187767430153,0.428609841355203
0.16398187767430153,0.4294165098144663
0.16398187767430153,0.42968539930088734
0.16410772715831864,0.42968539930088734
0.16410772715831864,0.4299542887873084
0.16435942612635288,0.4299542887873084
0.16435942612635288,0.4302231782737295
0.16448527561037,0.4302231782737295
0.16448527561037,0.4304920677601506
0.16498867354643845,0.4304920677601506
0.16498867354643845,0.43076095724657165
0.16511452303045557,0.43076095724657165
0.16511452303045557,0.4315676257058349
0.16524037251447268,0.4315676257058349
0.16524037251447268,0.43183651519225597
0.1653662219984898,0.43183651519225597
0.1653662219984898,0.4326431836515192
0.16549207148250691,0.4326431836515192
0.16549207148250691,0.4331809626243614
0.16574377045054114,0.4331809626243614
0.16574377045054114,0.43344985211078246
0.16586961993455826,0.43344985211078246
0.16586961993455826,0.4345254100564668
0.1662471683866096,0.4345254100564668
0.1662471683866096,0.43506318902930896
0.1662471683866096,0.43533207851573
0.16649886735464384,0.43533207851573
0.16675056632267807,0.43533207851573
0.16675056632267807,0.4361387469749933
0.16675056632267807,0.43667652594783546
0.1670022652907123,0.43667652594783546
0.16725396425874653,0.43667652594783546
0.16737981374276364,0.43667652594783546
0.16737981374276364,0.4369454154342565
0.16750566322678076,0.4369454154342565
0.16750566322678076,0.4374831944070987
0.16763151271079788,0.4374831944070987
0.16763151271079788,0.43775208389351977
0.167757362194815,0.43775208389351977
0.167757362194815,0.4382898628663619
0.1678832116788321,0.4382898628663619
0.1678832116788321,0.43909653132562515
0.16800906116284922,0.43909653132562515
0.16800906116284922,0.43936542081204627
0.16813491064686634,0.43936542081204627
0.16813491064686634,0.4399031997848884
0.16826076013088345,0.4401720892713095
0.16838660961490057,0.4401720892713095
0.16838660961490057,0.44070986824415165
0.16889000755096903,0.44070986824415165
0.16889000755096903,0.4409787577305727
0.16901585703498614,0.4409787577305727
0.16901585703498614,0.44124764721699383
0.1693934054870375,0.44124764721699383
0.1693934054870375,0.4415165367034149
0.1693934054870375,0.4425920946490992
0.1695192549710546,0.4425920946490992
0.1695192549710546,0.4428609841355203
0.16964510445507172,0.4428609841355203
0.16989680342310595,0.4428609841355203
0.17014850239114018,0.4428609841355203
0.17014850239114018,0.44339876310836246
0.1702743518751573,0.44339876310836246
0.1702743518751573,0.44393654208120464
0.1704002013591744,0.44393654208120464
0.1704002013591744,0.4444743210540468
0.1707777498112258,0.4444743210540468
0.1707777498112258,0.4447432105404679
0.1707777498112258,0.44528098951331
0.17102944877926002,0.44528098951331
0.17102944877926002,0.4458187684861522
0.17115529826327713,0.4458187684861522
0.17115529826327713,0.44635654745899433
0.17115529826327713,0.4468943264318365
0.17128114774729425,0.4471632159182576
0.17128114774729425,0.44770099489109977
0.17128114774729425,0.448507663350363
0.1716586961993456,0.448507663350363
0.1716586961993456,0.44958322129604733
0.1716586961993456,0.45012100026888946
0.1717845456833627,0.45012100026888946
0.1717845456833627,0.45119655821457383
0.17191039516737983,0.45119655821457383
0.17191039516737983,0.45227211616025814
0.1725396425874654,0.45227211616025814
0.1725396425874654,0.4525410056466792
0.17279134155549963,0.4525410056466792
0.17291719103951675,0.4525410056466792
0.17291719103951675,0.45280989513310027
0.1732947394915681,0.45280989513310027
0.1732947394915681,0.4530787846195214
0.17354643845960233,0.4530787846195214
0.17354643845960233,0.45388545307878464
0.17354643845960233,0.4557676794837322
0.17354643845960233,0.4571121269158376
0.17367228794361944,0.4571121269158376
0.17367228794361944,0.45764990588867976
0.17392398691165367,0.45764990588867976
0.1741756858796879,0.45764990588867976
0.1741756858796879,0.4581876848615219
0.17430153536370502,0.4581876848615219
0.17430153536370502,0.458456574347943
0.17442738484772213,0.458456574347943
0.17442738484772213,0.4587254638343641
0.17467908381575636,0.4587254638343641
0.17467908381575636,0.45899435332078514
0.1749307827837906,0.45899435332078514
0.1749307827837906,0.4595321322936273
0.1749307827837906,0.46006991126646946
0.1756858796878933,0.46006991126646946
0.1756858796878933,0.4614143586985749
0.1756858796878933,0.4619521376714171
0.17681852504404733,0.4619521376714171
0.17707022401208156,0.4619521376714171
0.17719607349609867,0.4619521376714171
0.17719607349609867,0.46222102715783814
0.1773219229801158,0.46222102715783814
0.1773219229801158,0.46275880613068027
0.1774477724641329,0.46275880613068027
0.1774477724641329,0.46329658510352245
0.17757362194815002,0.46329658510352245
0.17757362194815002,0.46383436407636464
0.17782532091618425,0.46383436407636464
0.17782532091618425,0.4641032535627857
0.17795117040020136,0.4641032535627857
0.17795117040020136,0.46464103253562783
0.17845456833626983,0.46464103253562783
0.17845456833626983,0.46490992202204895
0.17858041782028694,0.46490992202204895
0.17858041782028694,0.4654477009948911
0.17883211678832117,0.4654477009948911
0.17883211678832117,0.4662543694541543
0.1790838157563554,0.4662543694541543
0.1790838157563554,0.4670610379134176
0.17946136420840675,0.4670610379134176
0.17946136420840675,0.46732992739983864
0.17958721369242386,0.46732992739983864
0.17958721369242386,0.46759881688625976
0.1798389126604581,0.46759881688625976
0.1798389126604581,0.4681365958591019
0.18009061162849233,0.4681365958591019
0.18034231059652656,0.4681365958591019
0.18046816008054367,0.4681365958591019
0.18046816008054367,0.468405485345523
0.1807198590485779,0.468405485345523
0.18097155801661213,0.468405485345523
0.18097155801661213,0.46894326431836514
0.18109740750062925,0.46894326431836514
0.18109740750062925,0.46921215380478626
0.18122325698464636,0.46921215380478626
0.18122325698464636,0.4694810432912073
0.1814749559526806,0.4694810432912073
0.1814749559526806,0.4697499327776284
0.1816008054366977,0.4697499327776284
0.1816008054366977,0.47001882226404945
0.18185250440473194,0.47001882226404945
0.18185250440473194,0.47028771175047057
0.18248175182481752,0.47028771175047057
0.18248175182481752,0.47055660123689164
0.18273345079285175,0.47055660123689164
0.18273345079285175,0.4710943802097338
0.1831109992449031,0.4710943802097338
0.18336269821293733,0.4710943802097338
0.18336269821293733,0.4713632696961549
0.18348854769695444,0.4713632696961549
0.18348854769695444,0.47216993815541813
0.18361439718097156,0.47216993815541813
0.18361439718097156,0.47270771712826026
0.18374024666498867,0.47270771712826026
0.18374024666498867,0.4729766066146814
0.1838660961490058,0.4729766066146814
0.1838660961490058,0.47324549610110245
0.18411779511704002,0.47324549610110245
0.18411779511704002,0.47378327507394463
0.18424364460105713,0.47378327507394463
0.18449534356909136,0.47378327507394463
0.18462119305310848,0.47378327507394463
0.18462119305310848,0.47432105404678676
0.18512459098917694,0.47432105404678676
0.18512459098917694,0.47512772250605
0.1856279889252454,0.47512772250605
0.1856279889252454,0.47593439096531326
0.18587968789327963,0.47593439096531326
0.18600553737729675,0.47593439096531326
0.18600553737729675,0.4762032804517343
0.18625723634533098,0.4762032804517343
0.18625723634533098,0.47647216993815544
0.1863830858293481,0.47647216993815544
0.1863830858293481,0.4767410594245765
0.18663478479738232,0.4767410594245765
0.18663478479738232,0.47754772788383976
0.18688648376541656,0.47754772788383976
0.18701233324943367,0.47754772788383976
0.18701233324943367,0.4778166173702608
0.1872640322174679,0.4778166173702608
0.1872640322174679,0.478354396343103
0.1872640322174679,0.47862328582952407
0.18751573118550213,0.47862328582952407
0.18751573118550213,0.47889217531594513
0.18776743015353636,0.47889217531594513
0.18789327963755348,0.47889217531594513
0.18789327963755348,0.47916106480236625
0.1880191291215706,0.47916106480236625
0.1880191291215706,0.4794299542887873
0.1881449786055877,0.4794299542887873
0.1881449786055877,0.4796988437752084
0.18839667757362194,0.4796988437752084
0.18839667757362194,0.48023662274805057
0.18864837654165617,0.48023662274805057
0.18864837654165617,0.4807744017208927
0.1889000755096904,0.4807744017208927
0.1889000755096904,0.4810432912073138
0.18915177447772463,0.4810432912073138
0.18915177447772463,0.4813121806937349
0.18927762396174175,0.4813121806937349
0.18952932292977598,0.4813121806937349
0.1897810218978102,0.4813121806937349
0.1897810218978102,0.4823877386394192
0.1897810218978102,0.48265662812584026
0.19003272086584444,0.48265662812584026
0.19003272086584444,0.48319440709868244
0.19078781776994713,0.48319440709868244
0.19078781776994713,0.48426996504436676
0.19103951673798136,0.48588330196289325
0.19103951673798136,0.48642108093573544
0.1912912157060156,0.48642108093573544
0.1912912157060156,0.4866899704221565
0.19154291467404982,0.4866899704221565
0.19154291467404982,0.48695885990857757
0.19166876415806694,0.48695885990857757
0.19166876415806694,0.48722774939499863
0.19179461364208406,0.48722774939499863
0.19179461364208406,0.4891099757999462
0.19192046312610117,0.4891099757999462
0.19192046312610117,0.4896477547727884
0.19229801157815252,0.4896477547727884
0.19229801157815252,0.49045442323205163
0.19254971054618675,0.49045442323205163
0.19267556003020386,0.4907233127184727
0.19267556003020386,0.4909922022048938
0.1929272589982381,0.4909922022048938
0.1929272589982381,0.4912610916913149
0.19380820538635793,0.4912610916913149
0.19380820538635793,0.49152998117773594
0.19405990435439216,0.49152998117773594
0.19405990435439216,0.4923366496369992
0.19418575383840928,0.4923366496369992
0.19418575383840928,0.4934122075826835
0.19456330229046062,0.4934122075826835
0.19456330229046062,0.4939499865555257
0.19468915177447774,0.4939499865555257
0.19468915177447774,0.49421887604194675
0.19506670022652908,0.49421887604194675
0.19506670022652908,0.49502554450121
0.19506670022652908,0.49529443398763107
0.1953183991945633,0.49529443398763107
0.19557009816259754,0.49529443398763107
0.19557009816259754,0.4961011024468943
0.19569594764661466,0.4961011024468943
0.19569594764661466,0.4966388814197365
0.19582179713063178,0.4966388814197365
0.19582179713063178,0.49717666039257863
0.196073496098666,0.49717666039257863
0.19645104455071735,0.49717666039257863
0.19645104455071735,0.49744554987899975
0.19670274351875158,0.49744554987899975
0.19670274351875158,0.4977144393654208
0.19670274351875158,0.498252218338263
0.19670274351875158,0.49852110782468406
0.1969544424867858,0.49852110782468406
0.1969544424867858,0.5006722237160527
0.1975836899068714,0.5006722237160527
0.1975836899068714,0.5009411132024738
0.19821293732695697,0.5009411132024738
0.19821293732695697,0.5017477816617371
0.1985904857790083,0.5017477816617371
0.1985904857790083,0.5020166711481581
0.19972313113516235,0.5020166711481581
0.19997483010319658,0.5020166711481581
0.19997483010319658,0.5025544501210003
0.2001006795872137,0.5025544501210003
0.2001006795872137,0.5028233396074213
0.20047822803926504,0.5028233396074213
0.20047822803926504,0.5038988975531057
0.20060407752328216,0.5038988975531057
0.20060407752328216,0.5041677870395268
0.2008557764913164,0.5041677870395268
0.20110747545935062,0.5041677870395268
0.20110747545935062,0.5044366765259478
0.20161087339541908,0.5044366765259478
0.20161087339541908,0.5047055660123689
0.2017367228794362,0.5047055660123689
0.2017367228794362,0.5049744554987899
0.2024918197835389,0.5049744554987899
0.2024918197835389,0.5052433449852111
0.202617669267556,0.5052433449852111
0.202617669267556,0.5055122344716322
0.20312106720362447,0.5055122344716322
0.20312106720362447,0.5057811239580532
0.2033727661716587,0.5057811239580532
0.20387616410772716,0.5057811239580532
0.20387616410772716,0.5060500134444743
0.2041278630757614,0.5060500134444743
0.2041278630757614,0.5065877924173164
0.2042537125597785,0.5065877924173164
0.2042537125597785,0.5068566819037376
0.20488295997986408,0.5068566819037376
0.20488295997986408,0.5071255713901587
0.2051346589478983,0.5071255713901587
0.20526050843191543,0.5071255713901587
0.20526050843191543,0.5079322398494219
0.20538635791593254,0.5079322398494219
0.20538635791593254,0.5082011293358429
0.20563805688396677,0.5082011293358429
0.205889755852001,0.5092766872815273
0.20601560533601812,0.5092766872815273
0.20601560533601812,0.5095455767679484
0.20614145482003524,0.5095455767679484
0.20651900327208658,0.5095455767679484
0.20702240120815504,0.5095455767679484
0.20702240120815504,0.5103522452272116
0.20727410017618927,0.5103522452272116
0.20727410017618927,0.5114278031728959
0.20727410017618927,0.5119655821457381
0.20727410017618927,0.5122344716321592
0.2073999496602064,0.5122344716321592
0.2073999496602064,0.5130411400914224
0.20777749811225774,0.5130411400914224
0.20777749811225774,0.5135789190642646
0.20777749811225774,0.5138478085506857
0.20802919708029197,0.5138478085506857
0.20802919708029197,0.5141166980371068
0.20815504656430908,0.5141166980371068
0.2084067455323433,0.5141166980371068
0.20853259501636043,0.5141166980371068
0.20891014346841177,0.5141166980371068
0.2090359929524289,0.5141166980371068
0.2090359929524289,0.5143855875235278
0.20979108985653158,0.5143855875235278
0.2100427888245658,0.5143855875235278
0.21016863830858293,0.5143855875235278
0.21016863830858293,0.5146544770099489
0.21029448779260004,0.5146544770099489
0.21029448779260004,0.5149233664963699
0.21054618676063427,0.5149233664963699
0.21054618676063427,0.5151922559827911
0.2107978857286685,0.5151922559827911
0.21104958469670274,0.5151922559827911
0.21117543418071985,0.5151922559827911
0.21117543418071985,0.5165367034148964
0.21130128366473697,0.5165367034148964
0.21130128366473697,0.5168055929013176
0.2115529826327712,0.5168055929013176
0.2115529826327712,0.518418929819844
0.21180468160080543,0.518418929819844
0.21218223005285677,0.518418929819844
0.21218223005285677,0.5186878193062652
0.21268562798892524,0.5186878193062652
0.21268562798892524,0.5192255982791073
0.21356657437704504,0.5192255982791073
0.21356657437704504,0.5194944877655284
0.21369242386106216,0.5194944877655284
0.21369242386106216,0.5197633772519494
0.2140699723131135,0.5197633772519494
0.2140699723131135,0.5200322667383706
0.21419582179713062,0.5200322667383706
0.21419582179713062,0.5203011562247916
0.2148250692172162,0.5203011562247916
0.2148250692172162,0.5205700457112127
0.2149509187012333,0.5205700457112127
0.2149509187012333,0.5208389351976338
0.21520261766926754,0.5208389351976338
0.21520261766926754,0.5211078246840548
0.21532846715328466,0.5211078246840548
0.21532846715328466,0.5213767141704759
0.2155801661213189,0.5213767141704759
0.2155801661213189,0.521645603656897
0.2155801661213189,0.5221833826297392
0.21595771457337026,0.5221833826297392
0.21595771457337026,0.5224522721161603
0.21608356405738738,0.5224522721161603
0.21646111250943872,0.5224522721161603
0.2170903599295243,0.5224522721161603
0.2170903599295243,0.5229900510890024
0.21721620941354142,0.5229900510890024
0.21721620941354142,0.5235278300618446
0.21734205889755853,0.5235278300618446
0.21734205889755853,0.5240656090346868
0.21771960734960988,0.5240656090346868
0.21771960734960988,0.5243344985211078
0.2179713063176441,0.5243344985211078
0.21809715580166122,0.5243344985211078
0.21809715580166122,0.525141166980371
0.21847470425371257,0.525141166980371
0.21847470425371257,0.5254100564667922
0.2187264032217468,0.5254100564667922
0.2187264032217468,0.5256789459532132
0.21885225270576392,0.5256789459532132
0.21885225270576392,0.5259478354396343
0.21910395167379815,0.5259478354396343
0.21910395167379815,0.5264856144124764
0.21922980115781526,0.5264856144124764
0.2194815001258495,0.5264856144124764
0.2194815001258495,0.5272922828717397
0.21973319909388372,0.5272922828717397
0.21973319909388372,0.5278300618445819
0.21985904857790084,0.5278300618445819
0.21985904857790084,0.5286367303038452
0.21998489806191796,0.5286367303038452
0.22023659702995219,0.5286367303038452
0.22023659702995219,0.5291745092766873
0.22086584445003776,0.5291745092766873
0.22086584445003776,0.5297122882495294
0.22149509187012334,0.5297122882495294
0.22149509187012334,0.5299811777359505
0.22162094135414045,0.5299811777359505
0.22162094135414045,0.5302500672223716
0.22187264032217469,0.5302500672223716
0.22187264032217469,0.5307878461952138
0.22187264032217469,0.5310567356816348
0.22237603825824315,0.5310567356816348
0.22237603825824315,0.531863404140898
0.22250188774226026,0.531863404140898
0.22250188774226026,0.5324011831137403
0.2227535867102945,0.5324011831137403
0.2227535867102945,0.5326700726001613
0.2228794361943116,0.5326700726001613
0.2228794361943116,0.5332078515730035
0.22300528567832872,0.5332078515730035
0.22300528567832872,0.5337456305458457
0.22313113516234584,0.5337456305458457
0.22313113516234584,0.5340145200322668
0.22325698464636295,0.5340145200322668
0.22325698464636295,0.5342834095186878
0.22338283413038007,0.5342834095186878
0.22338283413038007,0.5345522990051089
0.22350868361439719,0.5345522990051089
0.22350868361439719,0.5348211884915299
0.22388623206644853,0.5348211884915299
0.22388623206644853,0.5353589674643722
0.224389630002517,0.5353589674643722
0.224389630002517,0.5356278569507932
0.22464132897055122,0.5356278569507932
0.22464132897055122,0.5358967464372143
0.22489302793858545,0.5358967464372143
0.22489302793858545,0.5361656359236354
0.2252705763906368,0.5361656359236354
0.2252705763906368,0.5367034148964775
0.22539642587465392,0.5367034148964775
0.22539642587465392,0.5369723043828987
0.22564812484268815,0.5369723043828987
0.22564812484268815,0.5375100833557408
0.22577397432670526,0.5375100833557408
0.22577397432670526,0.5377789728421619
0.2260256732947395,0.5377789728421619
0.2260256732947395,0.5380478623285829
0.22640322174679084,0.5380478623285829
0.22640322174679084,0.538316751815004
0.22665492071482507,0.538316751815004
0.22665492071482507,0.5385856413014252
0.22678077019884219,0.5385856413014252
0.22678077019884219,0.5391234202742673
0.2269066196828593,0.5391234202742673
0.2269066196828593,0.5396611992471094
0.22703246916687642,0.5396611992471094
0.22703246916687642,0.5399300887335305
0.22741001761892776,0.5399300887335305
0.22741001761892776,0.5404678677063727
0.22753586710294488,0.5404678677063727
0.22753586710294488,0.541812315138478
0.227661716586962,0.541812315138478
0.227661716586962,0.5420812046248992
0.2277875660709791,0.5420812046248992
0.2277875660709791,0.5423500941113203
0.22803926503901334,0.5428878730841624
0.22803926503901334,0.5436945415434257
0.22829096400704757,0.5436945415434257
0.22829096400704757,0.5447700994891099
0.22904606091115026,0.5447700994891099
0.22904606091115026,0.545038988975531
0.22967530833123584,0.545038988975531
0.22967530833123584,0.5453078784619522
0.22992700729927007,0.5453078784619522
0.2301787062673043,0.5453078784619522
0.2301787062673043,0.5458456574347943
0.2301787062673043,0.5463834364076364
0.23030455575132142,0.5463834364076364
0.23030455575132142,0.5466523258940575
0.23055625471935565,0.5466523258940575
0.23055625471935565,0.5469212153804787
0.23068210420337276,0.5469212153804787
0.23068210420337276,0.5471901048668997
0.23080795368738988,0.5471901048668997
0.23080795368738988,0.5474589943533208
0.230933803171407,0.5474589943533208
0.230933803171407,0.5477278838397419
0.2310596526554241,0.5477278838397419
0.2310596526554241,0.5479967733261629
0.23131135162345834,0.5479967733261629
0.23131135162345834,0.548265662812584
0.23143720110747545,0.548265662812584
0.23143720110747545,0.5485345522990052
0.23168890007550969,0.5485345522990052
0.23168890007550969,0.5488034417854262
0.2325698464636295,0.5488034417854262
0.2325698464636295,0.5493412207582683
0.2325698464636295,0.5498789997311105
0.23282154543166372,0.5498789997311105
0.23307324439969795,0.5498789997311105
0.23332494336773218,0.5498789997311105
0.23332494336773218,0.5501478892175315
0.23332494336773218,0.5506856681903738
0.23332494336773218,0.5509545576767948
0.23382834130380065,0.5509545576767948
0.23382834130380065,0.5512234471632159
0.23408004027183488,0.5512234471632159
0.2343317392398691,0.5512234471632159
0.23458343820790334,0.5512234471632159
0.23458343820790334,0.551761226136058
0.23458343820790334,0.5520301156224792
0.23483513717593757,0.5520301156224792
0.23483513717593757,0.5525678945953213
0.23483513717593757,0.5528367840817424
0.23559023408004026,0.5528367840817424
0.23559023408004026,0.5536434525410057
0.23621948150012584,0.5536434525410057
0.23621948150012584,0.5539123420274267
0.23659702995217718,0.5539123420274267
0.23659702995217718,0.5541812315138478
0.23697457840422853,0.5541812315138478
0.23697457840422853,0.5544501210002689
0.23710042788824565,0.5544501210002689
0.23710042788824565,0.5552567894595322
0.23710042788824565,0.5557945684323743
0.237477976340297,0.5557945684323743
0.237477976340297,0.5560634579187954
0.2376038258243141,0.5560634579187954
0.2376038258243141,0.5563323474052164
0.23772967530833122,0.5563323474052164
0.23772967530833122,0.5566012368916375
0.23798137427636545,0.5566012368916375
0.23798137427636545,0.5571390158644797
0.23810722376038257,0.5571390158644797
0.23810722376038257,0.5574079053509008
0.23873647118046817,0.5574079053509008
0.23873647118046817,0.5576767948373219
0.2389881701485024,0.5576767948373219
0.23911401963251952,0.5576767948373219
0.23911401963251952,0.5579456843237429
0.23936571860055375,0.5579456843237429
0.23936571860055375,0.558214573810164
0.2397432670526051,0.558214573810164
0.2397432670526051,0.5584834632965852
0.23999496602063933,0.5584834632965852
0.23999496602063933,0.5590212422694273
0.23999496602063933,0.5592901317558483
0.24012081550465644,0.5592901317558483
0.24037251447269067,0.5592901317558483
0.2406242134407249,0.5592901317558483
0.2406242134407249,0.5595590212422694
0.2415051598288447,0.5595590212422694
0.2415051598288447,0.5606345791879538
0.2415051598288447,0.561441247647217
0.24200855776491317,0.561441247647217
0.24200855776491317,0.561710137133638
0.2421344072489303,0.561710137133638
0.2421344072489303,0.5622479161064803
0.2421344072489303,0.5627856950793224
0.24238610621696452,0.5627856950793224
0.24288950415303298,0.5627856950793224
0.24288950415303298,0.5633234740521645
0.2430153536370501,0.5635923635385857
0.2431412031210672,0.5635923635385857
0.2431412031210672,0.5638612530250067
0.24326705260508433,0.5638612530250067
0.24326705260508433,0.5641301425114278
0.24351875157311856,0.5641301425114278
0.24351875157311856,0.5643990319978489
0.2437704505411528,0.5643990319978489
0.2437704505411528,0.564936810970691
0.24414799899320414,0.564936810970691
0.24414799899320414,0.5652057004571122
0.24427384847722125,0.5652057004571122
0.24427384847722125,0.5654745899435332
0.24439969796123837,0.5654745899435332
0.24439969796123837,0.5657434794299543
0.24452554744525548,0.5657434794299543
0.24452554744525548,0.5662812584027964
0.24452554744525548,0.5665501478892175
0.2446513969292726,0.5665501478892175
0.24490309589730683,0.5665501478892175
0.24502894538132394,0.5665501478892175
0.24502894538132394,0.5670879268620597
0.24502894538132394,0.5673568163484808
0.24515479486534106,0.5673568163484808
0.24515479486534106,0.5678945953213229
0.2454064938333753,0.5678945953213229
0.24578404228542663,0.5678945953213229
0.24653913918952933,0.5678945953213229
0.24653913918952933,0.568163484807744
0.24653913918952933,0.5687012637805862
0.24679083815756356,0.5687012637805862
0.24679083815756356,0.5692390427534283
0.24679083815756356,0.5695079322398494
0.24691668764158067,0.5695079322398494
0.24691668764158067,0.5697768217262705
0.2471683866096149,0.5697768217262705
0.2471683866096149,0.5700457112126915
0.2480493329977347,0.5700457112126915
0.2480493329977347,0.5705834901855338
0.24817518248175183,0.5705834901855338
0.24817518248175183,0.5708523796719548
0.24855273093380317,0.5708523796719548
0.24855273093380317,0.5711212691583759
0.24855273093380317,0.571659048131218
0.2486785804178203,0.571659048131218
0.2486785804178203,0.5719279376176392
0.24893027938585452,0.5719279376176392
0.24893027938585452,0.5724657165904813
0.24905612886987163,0.5724657165904813
0.24905612886987163,0.5727346060769024
0.24918197835388875,0.5727346060769024
0.24918197835388875,0.5730034955633235
0.2495595268059401,0.5730034955633235
0.2495595268059401,0.5735412745361657
0.2496853762899572,0.5735412745361657
0.2496853762899572,0.5740790535090078
0.2496853762899572,0.5743479429954289
0.2500629247420086,0.5743479429954289
0.2500629247420086,0.574885721968271
0.25044047319405993,0.574885721968271
0.25044047319405993,0.5754235009411132
0.2508180216461113,0.5754235009411132
0.2508180216461113,0.5759612799139554
0.2509438711301284,0.5759612799139554
0.2509438711301284,0.5762301694003764
0.2511955700981626,0.5762301694003764
0.2511955700981626,0.5770368378596397
0.25132141958217974,0.5770368378596397
0.25132141958217974,0.5773057273460608
0.25157311855021397,0.5773057273460608
0.25232821545431666,0.5773057273460608
0.25232821545431666,0.578381285291745
0.2525799144223509,0.578381285291745
0.25308331235841935,0.578381285291745
0.25308331235841935,0.5789190642645873
0.25308331235841935,0.5791879537510083
0.25320916184243647,0.5791879537510083
0.25320916184243647,0.5794568432374294
0.2533350113264536,0.5794568432374294
0.2533350113264536,0.5797257327238505
0.2534608608104707,0.5797257327238505
0.2534608608104707,0.5799946222102715
0.2535867102944878,0.5799946222102715
0.2535867102944878,0.5802635116966927
0.2540901082305563,0.5802635116966927
0.2540901082305563,0.5808012906695348
0.25459350616662474,0.5808012906695348
0.25459350616662474,0.5810701801559559
0.25471935565064185,0.5810701801559559
0.25471935565064185,0.5818768486152192
0.25484520513465897,0.5818768486152192
0.25484520513465897,0.5824146275880613
0.2549710546186761,0.5824146275880613
0.2552227535867103,0.5824146275880613
0.25547445255474455,0.5824146275880613
0.25547445255474455,0.5826835170744824
0.25560030203876166,0.5826835170744824
0.25560030203876166,0.5829524065609034
0.2557261515227788,0.5829524065609034
0.2557261515227788,0.5832212960473245
0.255977850490813,0.5832212960473245
0.255977850490813,0.5834901855337457
0.2561036999748301,0.5834901855337457
0.25635539894286435,0.5834901855337457
0.25635539894286435,0.5837590750201667
0.2567329473949157,0.5837590750201667
0.2567329473949157,0.5840279645065878
0.2568587968789328,0.5840279645065878
0.2568587968789328,0.5842968539930089
0.25711049584696705,0.5842968539930089
0.25711049584696705,0.5845657434794299
0.2573621948150013,0.5845657434794299
0.2573621948150013,0.584834632965851
0.2574880442990184,0.584834632965851
0.2574880442990184,0.5851035224522722
0.25786559275106974,0.5851035224522722
0.25799144223508685,0.5851035224522722
0.25799144223508685,0.5859101909115354
0.2582431412031211,0.5859101909115354
0.2582431412031211,0.5869857488572197
0.2584948401711553,0.5869857488572197
0.2584948401711553,0.5872546383436408
0.25887238862320666,0.5872546383436408
0.25887238862320666,0.5904813121806938
0.25950163604329224,0.5904813121806938
0.25950163604329224,0.5907502016671148
0.2598791844953436,0.5907502016671148
0.2598791844953436,0.591287980639957
0.2598791844953436,0.591556870126378
0.2600050339793607,0.591556870126378
0.2600050339793607,0.5923635385856413
0.26025673294739493,0.5923635385856413
0.26025673294739493,0.5926324280720624
0.26050843191542916,0.5926324280720624
0.2608859803674805,0.5926324280720624
0.2608859803674805,0.5929013175584834
0.2610118298514976,0.5929013175584834
0.2610118298514976,0.5937079860177467
0.2615152277875661,0.5937079860177467
0.2615152277875661,0.5939768755041678
0.2616410772715832,0.5939768755041678
0.2616410772715832,0.5942457649905889
0.26189277623961743,0.5942457649905889
0.26189277623961743,0.5945146544770099
0.26214447520765166,0.5945146544770099
0.2622703246916688,0.5945146544770099
0.2622703246916688,0.5950524334498521
0.2622703246916688,0.5953213229362732
0.2623961741756859,0.5953213229362732
0.2626478731437201,0.5953213229362732
0.2631512710797886,0.5953213229362732
0.2632771205638057,0.5955902124226943
0.2634029700478228,0.5955902124226943
0.2634029700478228,0.5961279913955364
0.26365466901585705,0.5961279913955364
0.26365466901585705,0.5969346598547997
0.26378051849987416,0.5969346598547997
0.26378051849987416,0.5972035493412208
0.2642839164359426,0.5972035493412208
0.2642839164359426,0.5977413283140629
0.26440976591995974,0.5977413283140629
0.26440976591995974,0.5988168862597473
0.2647873143720111,0.5988168862597473
0.2647873143720111,0.5990857757461683
0.2649131638560282,0.5990857757461683
0.2649131638560282,0.5996235547190105
0.26541656179209666,0.5996235547190105
0.26541656179209666,0.5998924442054315
0.265794110244148,0.5998924442054315
0.265794110244148,0.6001613336918526
0.26604580921218224,0.6001613336918526
0.26604580921218224,0.6004302231782738
0.26629750818021647,0.6004302231782738
0.2664233576642336,0.6006991126646948
0.2664233576642336,0.6009680021511159
0.2665492071482507,0.6009680021511159
0.2665492071482507,0.601505781123958
0.2666750566322678,0.601505781123958
0.2666750566322678,0.6017746706103791
0.26680090611628493,0.6017746706103791
0.26680090611628493,0.6020435600968003
0.26692675560030205,0.6020435600968003
0.2674301535363705,0.6020435600968003
0.2675560030203876,0.6020435600968003
0.2675560030203876,0.6028502285560634
0.26768185250440474,0.6028502285560634
0.26768185250440474,0.6031191180424845
0.26793355147243897,0.6031191180424845
0.26793355147243897,0.6033880075289056
0.2689403473445759,0.6033880075289056
0.2689403473445759,0.6039257865017478
0.26931789579662724,0.6039257865017478
0.26931789579662724,0.6041946759881689
0.2696954442486786,0.6041946759881689
0.2699471432167128,0.6041946759881689
0.27007299270072993,0.6041946759881689
0.27007299270072993,0.6044635654745899
0.2704505411527813,0.6044635654745899
0.2704505411527813,0.604732454961011
0.2705763906367984,0.604732454961011
0.2705763906367984,0.6050013444474321
0.2707022401208155,0.6050013444474321
0.27095393908884974,0.6050013444474321
0.27120563805688397,0.6050013444474321
0.27120563805688397,0.6052702339338532
0.2720865844450038,0.6052702339338532
0.2720865844450038,0.6055391234202743
0.272338283413038,0.6055391234202743
0.272338283413038,0.6058080129066954
0.2730933803171407,0.6058080129066954
0.2730933803171407,0.6060769023931164
0.2741001761892776,0.6060769023931164
0.2741001761892776,0.6066146813659586
0.27422602567329474,0.6066146813659586
0.27422602567329474,0.6068835708523797
0.27435187515731185,0.6068835708523797
0.27435187515731185,0.6071524603388008
0.2746035741253461,0.6071524603388008
0.2746035741253461,0.607959128798064
0.2746035741253461,0.6095724657165905
0.2748552730933803,0.6095724657165905
0.27598791844953435,0.6095724657165905
0.2762396174175686,0.6095724657165905
0.2763654669015857,0.6095724657165905
0.2763654669015857,0.6103791341758538
0.2764913163856028,0.6103791341758538
0.2764913163856028,0.6109169131486959
0.2764913163856028,0.611185802635117
0.27661716586961993,0.611185802635117
0.27661716586961993,0.611454692121538
0.27674301535363705,0.611454692121538
0.27674301535363705,0.6117235816079591
0.2769947143216713,0.6117235816079591
0.2769947143216713,0.6122613605808013
0.2771205638056884,0.6122613605808013
0.2773722627737226,0.6122613605808013
0.27749811225773974,0.6122613605808013
0.27749811225773974,0.6125302500672224
0.2781273596778253,0.6125302500672224
0.2781273596778253,0.6130680290400645
0.27825320916184243,0.6130680290400645
0.27825320916184243,0.6133369185264856
0.2787566070979109,0.6133369185264856
0.2787566070979109,0.6136058080129067
0.27913415554996224,0.6136058080129067
0.27913415554996224,0.6138746974993278
0.27926000503397935,0.6138746974993278
0.27926000503397935,0.6144124764721699
0.27938585451799647,0.6144124764721699
0.27938585451799647,0.614681365958591
0.2795117040020136,0.614681365958591
0.2795117040020136,0.6176391503092229
0.2797634029700478,0.6176391503092229
0.2797634029700478,0.6187147082549073
0.2797634029700478,0.6192524872277494
0.28014095142209916,0.6192524872277494
0.28014095142209916,0.6195213767141705
0.28014095142209916,0.6200591556870126
0.28089604832620185,0.6200591556870126
0.28089604832620185,0.6205969346598548
0.2811477472942361,0.6205969346598548
0.2811477472942361,0.6208658241462759
0.2812735967782532,0.6208658241462759
0.2812735967782532,0.621134713632697
0.2813994462622703,0.621134713632697
0.2813994462622703,0.621403603119118
0.28152529574628743,0.621403603119118
0.28152529574628743,0.6216724926055391
0.28177699471432166,0.6216724926055391
0.2820286936823559,0.6216724926055391
0.28253209161842435,0.6216724926055391
0.28253209161842435,0.6227480505512234
0.2827837905864586,0.6227480505512234
0.2827837905864586,0.6232858295240656
0.2830354895544928,0.6232858295240656
0.2830354895544928,0.6235547190104866
0.2830354895544928,0.6240924979833289
0.28341303800654416,0.6240924979833289
0.28341303800654416,0.6243613874697499
0.2835388874905613,0.6243613874697499
0.2835388874905613,0.624630276956171
0.2836647369745784,0.624630276956171
0.2836647369745784,0.6248991664425921
0.28429398439466397,0.6248991664425921
0.28429398439466397,0.6254369454154343
0.2844198338786811,0.6254369454154343
0.2844198338786811,0.6259747243882764
0.2845456833626982,0.6259747243882764
0.2845456833626982,0.6262436138746975
0.28479738233073243,0.6262436138746975
0.28479738233073243,0.6265125033611186
0.28492323181474954,0.6265125033611186
0.28492323181474954,0.6267813928475396
0.2851749307827838,0.6267813928475396
0.2851749307827838,0.6270502823339608
0.28643342562295493,0.6270502823339608
0.28643342562295493,0.6275880613068029
0.28668512459098916,0.6275880613068029
0.28668512459098916,0.627856950793224
0.2869368235590234,0.627856950793224
0.2871885225270576,0.627856950793224
0.2878177699471432,0.627856950793224
0.2878177699471432,0.628125840279645
0.2879436194311603,0.628125840279645
0.2879436194311603,0.6283947297660661
0.28832116788321166,0.6283947297660661
0.2885728668512459,0.6283947297660661
0.2885728668512459,0.6289325087389083
0.288698716335263,0.6289325087389083
0.288698716335263,0.6292013982253294
0.2888245658192801,0.6292013982253294
0.2888245658192801,0.6294702877117505
0.2895796627233828,0.6294702877117505
0.2895796627233828,0.6300080666845926
0.28970551220739993,0.6300080666845926
0.28970551220739993,0.6302769561710138
0.28983136169141704,0.6302769561710138
0.28983136169141704,0.6305458456574348
0.2900830606594513,0.6305458456574348
0.2900830606594513,0.631352514116698
0.2900830606594513,0.6316214036031191
0.2903347596274855,0.6316214036031191
0.29058645859551974,0.6316214036031191
0.29071230807953685,0.6316214036031191
0.29071230807953685,0.6318902930895401
0.29083815756355397,0.6318902930895401
0.29083815756355397,0.6324280720623824
0.29083815756355397,0.6335036300080666
0.29083815756355397,0.6337725194944878
0.2909640070475711,0.6337725194944878
0.2909640070475711,0.6343102984673299
0.2912157060156053,0.6343102984673299
0.29146740498363954,0.6343102984673299
0.29146740498363954,0.634579187953751
0.2918449534356909,0.634579187953751
0.2918449534356909,0.6356547458994354
0.291970802919708,0.6356547458994354
0.291970802919708,0.6359236353858564
0.2920966524037251,0.6359236353858564
0.2920966524037251,0.6364614143586986
0.29222250188774224,0.6364614143586986
0.29222250188774224,0.6367303038451196
0.29247420085577647,0.6367303038451196
0.29247420085577647,0.6369991933315408
0.2926000503397936,0.6369991933315408
0.2926000503397936,0.6372680828179618
0.2927258998238107,0.6372680828179618
0.2927258998238107,0.637805861790804
0.2927258998238107,0.638074751277225
0.29297759879184493,0.638074751277225
0.29297759879184493,0.6383436407636461
0.29322929775987916,0.6383436407636461
0.29322929775987916,0.6386125302500673
0.2936068462119305,0.6386125302500673
0.2936068462119305,0.6388814197364883
0.29473949156808454,0.6388814197364883
0.29473949156808454,0.6394191987093305
0.29473949156808454,0.6396880881957515
0.2956204379562044,0.6396880881957515
0.2956204379562044,0.6402258671685938
0.29587213692423864,0.6402258671685938
0.29587213692423864,0.6404947566550148
0.29624968537629,0.6404947566550148
0.29624968537629,0.6407636461414359
0.2965013843443242,0.6407636461414359
0.2965013843443242,0.641301425114278
0.29662723382834133,0.641301425114278
0.29662723382834133,0.6415703146006991
0.29687893279637556,0.6415703146006991
0.29687893279637556,0.6418392040871201
0.2970047822803927,0.6418392040871201
0.2970047822803927,0.6423769830599624
0.29763402970047825,0.6423769830599624
0.29763402970047825,0.6426458725463834
0.29775987918449537,0.6426458725463834
0.29775987918449537,0.6431836515192256
0.29775987918449537,0.6437214304920678
0.2981374276365467,0.6437214304920678
0.2981374276365467,0.6439903199784889
0.2988925245406494,0.6439903199784889
0.2988925245406494,0.6442592094649099
0.29939592247671787,0.6442592094649099
0.299521771960735,0.6442592094649099
0.299521771960735,0.644528098951331
0.30002516989680345,0.644528098951331
0.3002768688648377,0.644528098951331
0.3002768688648377,0.6447969884377521
0.3005285678328719,0.6447969884377521
0.3005285678328719,0.6450658779241731
0.30078026680090614,0.6450658779241731
0.30078026680090614,0.6453347674105943
0.3011578152529575,0.6453347674105943
0.3011578152529575,0.6456036568970154
0.3012836647369746,0.6456036568970154
0.3012836647369746,0.6461414358698575
0.3014095142209917,0.6461414358698575
0.3014095142209917,0.6466792148426996
0.30266800906116287,0.6466792148426996
0.30266800906116287,0.6469481043291208
0.30279385854518,0.6469481043291208
0.30279385854518,0.6472169938155418
0.3030455575132142,0.6472169938155418
0.3030455575132142,0.6474858833019629
0.30342310596526556,0.6474858833019629
0.30342310596526556,0.648023662274805
0.3038006544173169,0.648023662274805
0.3038006544173169,0.6482925517612261
0.303926503901334,0.6485614412476473
0.30405235338535114,0.6485614412476473
0.30405235338535114,0.6490992202204894
0.3044299018374025,0.6490992202204894
0.3044299018374025,0.6493681097069105
0.3046816008054367,0.6493681097069105
0.3046816008054367,0.6496369991933315
0.30493329977347094,0.6496369991933315
0.30505914925748806,0.6496369991933315
0.30505914925748806,0.6501747781661738
0.3051849987415052,0.6501747781661738
0.3051849987415052,0.6504436676525948
0.3063176440976592,0.6504436676525948
0.3063176440976592,0.6507125571390159
0.3068210420337277,0.6507125571390159
0.3068210420337277,0.651250336111858
0.3078278379058646,0.651250336111858
0.3078278379058646,0.6523258940575424
0.30833123584193306,0.6523258940575424
0.30833123584193306,0.6528636730303845
0.3085829348099673,0.6528636730303845
0.3085829348099673,0.6531325625168056
0.3085829348099673,0.6542081204624899
0.3088346337780015,0.6542081204624899
0.3088346337780015,0.654477009948911
0.30896048326201864,0.654477009948911
0.30896048326201864,0.6547458994353321
0.30908633274603575,0.6547458994353321
0.30908633274603575,0.6552836784081743
0.3095897306821042,0.6552836784081743
0.30984142965013844,0.6552836784081743
0.30984142965013844,0.6558214573810164
0.30996727913415556,0.6558214573810164
0.30996727913415556,0.6563592363538585
0.3102189781021898,0.6563592363538585
0.3102189781021898,0.6571659048131218
0.3103448275862069,0.6571659048131218
0.3103448275862069,0.6574347942995429
0.31059652655424114,0.6574347942995429
0.31059652655424114,0.657703683785964
0.31084822552227537,0.657703683785964
0.31084822552227537,0.657972573272385
0.3112257739743267,0.657972573272385
0.3117291719103952,0.657972573272385
0.3121067203624465,0.657972573272385
0.3121067203624465,0.6582414627588061
0.31235841933048075,0.6582414627588061
0.31235841933048075,0.6585103522452272
0.312610118298515,0.6585103522452272
0.312610118298515,0.6587792417316483
0.31311351623458344,0.6587792417316483
0.31311351623458344,0.6595859101909115
0.31323936571860056,0.6595859101909115
0.31323936571860056,0.6598547996773326
0.3133652152026177,0.6598547996773326
0.3133652152026177,0.6606614681365959
0.31462371004278883,0.6606614681365959
0.31462371004278883,0.660930357623017
0.31487540901082306,0.660930357623017
0.31487540901082306,0.661199247109438
0.3150012584948402,0.661199247109438
0.3150012584948402,0.6614681365958591
0.31550465643090864,0.6614681365958591
0.31550465643090864,0.6617370260822801
0.3160080543669771,0.6617370260822801
0.3160080543669771,0.6620059155687013
0.31638560281902844,0.6620059155687013
0.31638560281902844,0.6625436945415434
0.31638560281902844,0.6630814735143856
0.31651145230304556,0.6630814735143856
0.31651145230304556,0.6633503630008066
0.3167631512710798,0.6633503630008066
0.3167631512710798,0.6636192524872278
0.3168890007550969,0.6636192524872278
0.31714069972313114,0.6636192524872278
0.31714069972313114,0.6638881419736489
0.319154291467405,0.6638881419736489
0.319154291467405,0.664425920946491
0.3192801409514221,0.664425920946491
0.3192801409514221,0.6649636999193331
0.31953183991945633,0.6649636999193331
0.31978353888749056,0.6649636999193331
0.3200352378555248,0.6649636999193331
0.320286936823559,0.6649636999193331
0.32041278630757614,0.6649636999193331
0.32066448527561037,0.6649636999193331
0.32066448527561037,0.6652325894057542
0.3207903347596275,0.6652325894057542
0.3207903347596275,0.6657703683785964
0.3216712811477473,0.6657703683785964
0.3216712811477473,0.6660392578650175
0.3217971306317644,0.6660392578650175
0.3217971306317644,0.6663081473514385
0.32217467908381575,0.6663081473514385
0.32217467908381575,0.6665770368378596
0.32242637805185,0.6665770368378596
0.32242637805185,0.6668459263242807
0.3225522275358671,0.6668459263242807
0.3225522275358671,0.6673837052971229
0.32292977598791844,0.6673837052971229
0.32292977598791844,0.667652594783544
0.3233073244399698,0.667652594783544
0.3233073244399698,0.6681903737563861
0.3234331739239869,0.6681903737563861
0.3234331739239869,0.6684592632428072
0.32368487289202114,0.6684592632428072
0.32368487289202114,0.6692659317020705
0.32381072237603825,0.6692659317020705
0.32381072237603825,0.6695348211884915
0.3240624213440725,0.6695348211884915
0.3241882708280896,0.6698037106749126
0.3248175182481752,0.6698037106749126
0.3248175182481752,0.6700726001613337
0.3249433677321923,0.6700726001613337
0.3249433677321923,0.6703414896477548
0.32532091618424364,0.6703414896477548
0.32532091618424364,0.6706103791341759
0.32544676566826075,0.6706103791341759
0.325698464636295,0.6706103791341759
0.32620186257236344,0.6706103791341759
0.32620186257236344,0.6708792686205969
0.32695695947646614,0.6708792686205969
0.32695695947646614,0.671148158107018
0.32695695947646614,0.6716859370798601
0.32708280896048325,0.6716859370798601
0.32708280896048325,0.6719548265662812
0.32708280896048325,0.6727614950255445
0.3274603574125346,0.6727614950255445
0.3274603574125346,0.6735681634848077
0.3282154543166373,0.6735681634848077
0.3282154543166373,0.6738370529712289
0.3284671532846715,0.6738370529712289
0.3284671532846715,0.6741059424576499
0.32884470173672287,0.6741059424576499
0.32884470173672287,0.6746437214304921
0.3290964007047571,0.6746437214304921
0.3290964007047571,0.6749126109169131
0.3298514976088598,0.6749126109169131
0.3298514976088598,0.6754503898897554
0.330103196576894,0.6754503898897554
0.330103196576894,0.6757192793761764
0.33022904606091114,0.6757192793761764
0.33022904606091114,0.6762570583490185
0.3313616914170652,0.6762570583490185
0.3313616914170652,0.6765259478354396
0.3314875409010823,0.6765259478354396
0.3314875409010823,0.6770637268082818
0.3316133903850994,0.6770637268082818
0.3316133903850994,0.6773326162947029
0.33287188522527056,0.6773326162947029
0.33287188522527056,0.677870395267545
0.33350113264535614,0.677870395267545
0.33350113264535614,0.6786770637268082
0.3342562295494588,0.6786770637268082
0.3342562295494588,0.6792148426996505
0.33513717593757864,0.6792148426996505
0.33513717593757864,0.6794837321860715
0.33526302542159575,0.6794837321860715
0.33526302542159575,0.6797526216724926
0.33538887490561287,0.6797526216724926
0.33538887490561287,0.6800215111589137
0.33551472438963,0.6800215111589137
0.33551472438963,0.6805592901317559
0.33551472438963,0.6808281796181769
0.3358922728416813,0.6808281796181769
0.3358922728416813,0.681097069104598
0.3362698212937327,0.681097069104598
0.3362698212937327,0.6816348480774401
0.33702491819783537,0.6816348480774401
0.33702491819783537,0.6821726270502824
0.3371507676818525,0.6821726270502824
0.3371507676818525,0.6829792955095456
0.33778001510193806,0.6829792955095456
0.33778001510193806,0.6832481849959666
0.3380317140699723,0.6832481849959666
0.3380317140699723,0.6835170744823877
0.3382834130380065,0.6835170744823877
0.3382834130380065,0.684323742941651
0.33866096149005787,0.684323742941651
0.33866096149005787,0.6845926324280721
0.338786810974075,0.6845926324280721
0.338786810974075,0.6848615219144931
0.3395419078781777,0.6848615219144931
0.3395419078781777,0.6851304114009142
0.3396677573621948,0.6851304114009142
0.3396677573621948,0.6856681903737564
0.34004530581424613,0.6856681903737564
0.34004530581424613,0.6862059693465985
0.34029700478228037,0.6862059693465985
0.3406745532343317,0.6862059693465985
0.340926252202366,0.6862059693465985
0.34130380065441734,0.6862059693465985
0.34205889755852004,0.6862059693465985
0.34205889755852004,0.6864748588330196
0.34231059652655427,0.6864748588330196
0.34231059652655427,0.6867437483194407
0.34281399446262273,0.6867437483194407
0.34281399446262273,0.6870126378058617
0.3431915429146741,0.6870126378058617
0.3431915429146741,0.6872815272922829
0.3434432418827083,0.6872815272922829
0.3434432418827083,0.687819306265125
0.34394663981877677,0.687819306265125
0.344198338786811,0.687819306265125
0.344198338786811,0.6886259747243882
0.3443241882708281,0.6886259747243882
0.3443241882708281,0.6888948642108094
0.3449534356909137,0.6888948642108094
0.3449534356909137,0.6894326431836515
0.3450792851749308,0.6894326431836515
0.3450792851749308,0.6902393116429147
0.34545683362698215,0.6902393116429147
0.34558268311099927,0.6902393116429147
0.34558268311099927,0.6905082011293359
0.3459602315630506,0.6905082011293359
0.3459602315630506,0.6907770906157569
0.3464636294991191,0.6907770906157569
0.3464636294991191,0.691045980102178
0.34709287691920465,0.691045980102178
0.34709287691920465,0.6913148695885991
0.3473445758872389,0.6913148695885991
0.3473445758872389,0.6915837590750201
0.3475962748552731,0.6915837590750201
0.3475962748552731,0.6918526485614412
0.3475962748552731,0.6937348749663889
0.34784797382330734,0.6937348749663889
0.34797382330732446,0.6937348749663889
0.3482255222753587,0.6937348749663889
0.3482255222753587,0.694272653939231
0.3492323181474956,0.694272653939231
0.34948401711552984,0.6945415434256521
0.3498615655675812,0.6945415434256521
0.3501132645356154,0.6945415434256521
0.35036496350364965,0.6945415434256521
0.35036496350364965,0.6948104329120731
0.35049081298766677,0.6948104329120731
0.35049081298766677,0.6950793223984942
0.3506166624716839,0.6950793223984942
0.3506166624716839,0.6953482118849152
0.3508683614397181,0.6953482118849152
0.35124590989176946,0.6953482118849152
0.3514976088598037,0.6953482118849152
0.3516234583438208,0.6953482118849152
0.3516234583438208,0.6958859908577575
0.3516234583438208,0.6964237698305996
0.3523785552479235,0.6964237698305996
0.3523785552479235,0.6966926593170207
0.35275610369997484,0.6966926593170207
0.35275610369997484,0.6969615488034417
0.3530078026680091,0.6969615488034417
0.3530078026680091,0.697499327776284
0.3531336521520262,0.697499327776284
0.3531336521520262,0.697768217262705
0.35351120060407754,0.697768217262705
0.35351120060407754,0.6980371067491261
0.35376289957211177,0.6980371067491261
0.35376289957211177,0.6988437752083894
0.3538887490561289,0.6988437752083894
0.3538887490561289,0.6991126646948105
0.3541404480241631,0.6991126646948105
0.3541404480241631,0.6996504436676526
0.35426629750818023,0.6996504436676526
0.35426629750818023,0.6999193331540737
0.35439214699219734,0.6999193331540737
0.35439214699219734,0.7001882226404947
0.3547696954442487,0.7001882226404947
0.3547696954442487,0.7004571121269159
0.3548955449282658,0.7004571121269159
0.3548955449282658,0.7012637805861791
0.35590234080040273,0.7012637805861791
0.35590234080040273,0.7015326700726001
0.3566574377045054,0.7015326700726001
0.3566574377045054,0.7020704490454424
0.35690913667253965,0.7020704490454424
0.35690913667253965,0.7026082280182845
0.35703498615655677,0.7026082280182845
0.35703498615655677,0.7028771175047056
0.357286685124591,0.7028771175047056
0.357286685124591,0.7031460069911266
0.357286685124591,0.7036837859639689
0.357286685124591,0.7039526754503899
0.3574125346086081,0.7039526754503899
0.3574125346086081,0.7044904544232321
0.3579159325446766,0.7044904544232321
0.3579159325446766,0.7047593439096531
0.3580417820286937,0.7047593439096531
0.3580417820286937,0.7050282333960742
0.3582934809967279,0.7050282333960742
0.3582934809967279,0.7052971228824952
0.3590485779008306,0.7052971228824952
0.3590485779008306,0.7058349018553375
0.3596778253209162,0.7058349018553375
0.3596778253209162,0.7061037913417585
0.360558771709036,0.7061037913417585
0.360558771709036,0.7063726808281796
0.3613138686131387,0.7063726808281796
0.3613138686131387,0.7066415703146007
0.3621948150012585,0.7066415703146007
0.3621948150012585,0.7071793492874429
0.36257236345330984,0.7071793492874429
0.36257236345330984,0.707448238773864
0.3632016108733954,0.707448238773864
0.3632016108733954,0.707717128260285
0.36345330984142965,0.707717128260285
0.3637050088094639,0.707717128260285
0.3640825572615152,0.707717128260285
0.3640825572615152,0.7079860177467061
0.36433425622954946,0.7079860177467061
0.36433425622954946,0.7082549072331272
0.36496350364963503,0.7082549072331272
0.36496350364963503,0.7085237967195482
0.36496350364963503,0.7090615756923905
0.36508935313365215,0.7090615756923905
0.36508935313365215,0.7093304651788115
0.36521520261766927,0.7093304651788115
0.36521520261766927,0.7098682441516536
0.3653410521016864,0.7098682441516536
0.3655927510697206,0.7098682441516536
0.36672539642587465,0.7098682441516536
0.36672539642587465,0.7106749126109169
0.3669770953939089,0.7106749126109169
0.3669770953939089,0.7112126915837591
0.3669770953939089,0.7114815810701801
0.3673546438459602,0.7114815810701801
0.3673546438459602,0.7117504705566012
0.3677321922980116,0.7117504705566012
0.3677321922980116,0.7120193600430224
0.3678580417820287,0.7120193600430224
0.3678580417820287,0.7122882495294434
0.3681097407500629,0.7122882495294434
0.3681097407500629,0.7125571390158645
0.36823559023408003,0.7125571390158645
0.36823559023408003,0.7128260285022856
0.36823559023408003,0.7133638074751277
0.3687389881701485,0.7133638074751277
0.3689906871381827,0.7133638074751277
0.36924238610621696,0.7133638074751277
0.36924238610621696,0.7136326969615489
0.3694940850742512,0.7136326969615489
0.37012333249433677,0.7136326969615489
0.3706267304304052,0.7136326969615489
0.3706267304304052,0.7139015864479699
0.3710042788824566,0.7139015864479699
0.3710042788824566,0.714170475934391
0.3711301283664737,0.714170475934391
0.3711301283664737,0.7144393654208121
0.3712559778504908,0.7144393654208121
0.3712559778504908,0.7147082549072331
0.3712559778504908,0.7152460338800752
0.3713818273345079,0.7152460338800752
0.3713818273345079,0.7155149233664964
0.37163352630254215,0.7155149233664964
0.37163352630254215,0.7157838128529175
0.37238862320664484,0.7157838128529175
0.37238862320664484,0.7160527023393385
0.3728920211427133,0.7160527023393385
0.3728920211427133,0.7171282602850229
0.37314372011074753,0.7171282602850229
0.37314372011074753,0.717397149771444
0.37339541907878177,0.717397149771444
0.37339541907878177,0.7179349287442861
0.3735212685627989,0.7179349287442861
0.3737729675308331,0.7179349287442861
0.3738988170148502,0.7179349287442861
0.3744022149509187,0.7179349287442861
0.3744022149509187,0.7187415972035494
0.3746539139189529,0.7187415972035494
0.3746539139189529,0.7190104866899705
0.37477976340297003,0.7190104866899705
0.37477976340297003,0.7198171551492336
0.37503146237100426,0.7198171551492336
0.37503146237100426,0.7203549341220759
0.3751573118550214,0.7203549341220759
0.3751573118550214,0.7206238236084969
0.3752831613390385,0.7206238236084969
0.3752831613390385,0.720892713094918
0.3754090108230556,0.720892713094918
0.3754090108230556,0.7211616025813391
0.3759124087591241,0.7211616025813391
0.3759124087591241,0.7216993815541812
0.3760382582431412,0.7216993815541812
0.3760382582431412,0.7219682710406023
0.3761641077271583,0.7219682710406023
0.3761641077271583,0.7225060500134445
0.37641580669519253,0.7225060500134445
0.37641580669519253,0.7227749394998656
0.37641580669519253,0.7233127184727077
0.3767933551472439,0.7233127184727077
0.3767933551472439,0.7235816079591288
0.376919204631261,0.7235816079591288
0.376919204631261,0.7238504974455499
0.37742260256732946,0.7238504974455499
0.37742260256732946,0.724119386931971
0.3778001510193808,0.724119386931971
0.3779260005033979,0.727346060769024
0.37817769947143215,0.727346060769024
0.37817769947143215,0.727614950255445
0.37830354895544926,0.727614950255445
0.37830354895544926,0.7278838397418661
0.3786810974075006,0.7278838397418661
0.3786810974075006,0.7281527292282872
0.37893279637553484,0.7281527292282872
0.37893279637553484,0.7286905082011293
0.3791844953435691,0.7286905082011293
0.3791844953435691,0.7289593976875505
0.37981374276365465,0.7289593976875505
0.37981374276365465,0.7292282871739715
0.37993959224767176,0.7292282871739715
0.37993959224767176,0.7294971766603926
0.37993959224767176,0.7300349556332347
0.37993959224767176,0.7303038451196558
0.38056883966775734,0.7303038451196558
0.3808205386357916,0.7303038451196558
0.38245658192801407,0.7303038451196558
0.38245658192801407,0.730841624092498
0.38245658192801407,0.7311105135789191
0.3825824314120312,0.7311105135789191
0.3825824314120312,0.7313794030653401
0.3828341303800654,0.7313794030653401
0.3828341303800654,0.7316482925517612
0.38295997986408253,0.7316482925517612
0.38295997986408253,0.7319171820381823
0.383463377800151,0.7319171820381823
0.383463377800151,0.7324549610110245
0.383463377800151,0.7327238504974456
0.38409262522023657,0.7327238504974456
0.38409262522023657,0.7329927399838666
0.3844701736722879,0.7329927399838666
0.38472187264032215,0.7329927399838666
0.3852252705763906,0.7329927399838666
0.3852252705763906,0.7362194138209196
0.3853511200604077,0.7362194138209196
0.3853511200604077,0.7367571927937617
0.38560281902844196,0.7367571927937617
0.38560281902844196,0.7370260822801828
0.3858545179964762,0.7370260822801828
0.3858545179964762,0.737294971766604
0.3861062169645104,0.737294971766604
0.38635791593254465,0.737294971766604
0.38673546438459605,0.737294971766604
0.38673546438459605,0.737563861253025
0.38686131386861317,0.737563861253025
0.38686131386861317,0.7378327507394461
0.3871130128366474,0.7378327507394461
0.3871130128366474,0.7381016402258672
0.3872388623206645,0.7381016402258672
0.3872388623206645,0.7383705297122882
0.3881198087087843,0.7383705297122882
0.3881198087087843,0.7386394191987093
0.3890007550969041,0.7386394191987093
0.38925245406493836,0.7386394191987093
0.38988170148502393,0.7386394191987093
0.38988170148502393,0.7389083086851305
0.3905109489051095,0.7389083086851305
0.3905109489051095,0.7391771981715515
0.3913918952932293,0.7391771981715515
0.3913918952932293,0.7394460876579726
0.39164359426126355,0.7394460876579726
0.392146992197332,0.7394460876579726
0.392146992197332,0.7399838666308147
0.3929020891014347,0.7399838666308147
0.3929020891014347,0.7402527561172358
0.3930279385854518,0.7402527561172358
0.3930279385854518,0.7405216456036569
0.39327963755348605,0.7405216456036569
0.39327963755348605,0.740790535090078
0.3936571860055374,0.740790535090078
0.3936571860055374,0.7410594245764991
0.3939088849735716,0.7410594245764991
0.3939088849735716,0.7413283140629201
0.39403473445758874,0.7413283140629201
0.39403473445758874,0.7415972035493412
0.394286433425623,0.7415972035493412
0.394286433425623,0.7418660930357623
0.3944122829096401,0.7418660930357623
0.3944122829096401,0.7421349825221834
0.3944122829096401,0.744017208927131
0.3951673798137428,0.744017208927131
0.3951673798137428,0.744286098413552
0.3955449282657941,0.744286098413552
0.3955449282657941,0.7445549878999731
0.3968034231059653,0.7445549878999731
0.3968034231059653,0.7450927668728152
0.39743267052605086,0.7450927668728152
0.39743267052605086,0.7456305458456575
0.3979360684621193,0.7456305458456575
0.39806191794613643,0.7456305458456575
0.39831361691417067,0.7456305458456575
0.398691165366222,0.7456305458456575
0.398691165366222,0.7458994353320785
0.39906871381827336,0.7458994353320785
0.39906871381827336,0.7461683248184996
0.3991945633022905,0.7461683248184996
0.3991945633022905,0.7464372143049207
0.3995721117543418,0.7464372143049207
0.3995721117543418,0.7467061037913417
0.39982381072237605,0.7467061037913417
0.39982381072237605,0.747243882764184
0.4000755096904103,0.747243882764184
0.4000755096904103,0.747512772250605
0.4002013591744274,0.747512772250605
0.4002013591744274,0.7480505512234472
0.4004530581424616,0.7480505512234472
0.40070475711049586,0.7480505512234472
0.40070475711049586,0.7483194407098682
0.4010823055625472,0.7483194407098682
0.4010823055625472,0.7488572196827104
0.40145985401459855,0.7488572196827104
0.40145985401459855,0.7493949986555526
0.40145985401459855,0.7496638881419736
0.4018374024666499,0.7496638881419736
0.4018374024666499,0.7502016671148158
0.40234080040271836,0.7502016671148158
0.40234080040271836,0.750739446087658
0.4024666498867355,0.750739446087658
0.4024666498867355,0.7510083355740791
0.40297004782280393,0.7510083355740791
0.40297004782280393,0.7512772250605001
0.40309589730682105,0.7512772250605001
0.40309589730682105,0.7515461145469212
0.4033475962748553,0.7515461145469212
0.4033475962748553,0.7520838935197633
0.4037251447269066,0.7520838935197633
0.4037251447269066,0.7523527830061845
0.4042285426629751,0.7523527830061845
0.4042285426629751,0.7526216724926056
0.4043543921469922,0.7526216724926056
0.40460609111502643,0.7526216724926056
0.40485779008306066,0.7526216724926056
0.40485779008306066,0.754235009411132
0.40548703750314624,0.754235009411132
0.40548703750314624,0.7547727883839742
0.4059904354392147,0.7547727883839742
0.4059904354392147,0.7555794568432375
0.4061162849232318,0.7555794568432375
0.4061162849232318,0.7563861253025007
0.40624213440724893,0.7563861253025007
0.40624213440724893,0.7566550147889217
0.40649383337528316,0.7566550147889217
0.40649383337528316,0.7569239042753428
0.4069972313113516,0.7569239042753428
0.4069972313113516,0.757192793761764
0.40712308079536874,0.757192793761764
0.40737477976340297,0.757192793761764
0.40800402718348855,0.757192793761764
0.40800402718348855,0.7577305727346061
0.4083815756355399,0.7577305727346061
0.4083815756355399,0.7579994622210272
0.408507425119557,0.7579994622210272
0.408507425119557,0.7582683517074482
0.40875912408759124,0.7582683517074482
0.40901082305562547,0.7582683517074482
0.40901082305562547,0.7593439096531326
0.4091366725396426,0.7593439096531326
0.4091366725396426,0.7596127991395536
0.40976591995972816,0.7596127991395536
0.40976591995972816,0.7598816886259747
0.4102693178957966,0.7598816886259747
0.4102693178957966,0.7601505781123958
0.41052101686383086,0.7601505781123958
0.41052101686383086,0.760688357085238
0.41064686634784797,0.760688357085238
0.4108985653158822,0.760688357085238
0.4115278127359678,0.760688357085238
0.4115278127359678,0.7612261360580801
0.411779511704002,0.7612261360580801
0.411779511704002,0.7614950255445012
0.4119053611880191,0.7614950255445012
0.4119053611880191,0.7617639150309223
0.4124087591240876,0.7617639150309223
0.4124087591240876,0.7620328045173433
0.4126604580921218,0.7620328045173433
0.4126604580921218,0.7625705834901856
0.4132897055122074,0.7625705834901856
0.4132897055122074,0.7628394729766066
0.4140448024163101,0.7628394729766066
0.4140448024163101,0.7633772519494488
0.4140448024163101,0.7636461414358698
0.4141706519003272,0.7636461414358698
0.4141706519003272,0.764183920408712
0.4142965013843443,0.764183920408712
0.41454820035237855,0.764183920408712
0.41454820035237855,0.7644528098951331
0.41467404983639566,0.7644528098951331
0.41467404983639566,0.7647216993815542
0.4151774477724641,0.7647216993815542
0.4151774477724641,0.7649905888679752
0.41530329725648124,0.7649905888679752
0.41555499622451547,0.7649905888679752
0.4158066951925497,0.7649905888679752
0.4158066951925497,0.7657972573272385
0.4159325446765668,0.7657972573272385
0.4159325446765668,0.7660661468136596
0.4164359426126353,0.7660661468136596
0.4164359426126353,0.7663350363000807
0.4168134910646866,0.7663350363000807
0.4168134910646866,0.7668728152729228
0.4175685879687893,0.7668728152729228
0.4175685879687893,0.767141704759344
0.41769443745280643,0.767410594245765
0.41794613642084066,0.767410594245765
0.41794613642084066,0.7676794837321861
0.418323684872892,0.7676794837321861
0.418323684872892,0.7679483732186072
0.41933048074502893,0.7679483732186072
0.41933048074502893,0.7682172627050282
0.4197080291970803,0.7682172627050282
0.4197080291970803,0.7684861521914493
0.42021142713314874,0.7684861521914493
0.42021142713314874,0.7687550416778703
0.42046312610118297,0.7687550416778703
0.4207148250692172,0.7687550416778703
0.4207148250692172,0.7690239311642915
0.42109237352126855,0.7690239311642915
0.42109237352126855,0.7692928206507126
0.42184747042537124,0.7692928206507126
0.42184747042537124,0.7695617101371336
0.4223508683614397,0.7695617101371336
0.42272841681349105,0.7695617101371336
0.42272841681349105,0.7698305996235547
0.4229801157815253,0.7698305996235547
0.4229801157815253,0.7700994891099758
0.4232318147495595,0.7700994891099758
0.4233576642335766,0.7700994891099758
0.4233576642335766,0.7703683785963968
0.42348351371759374,0.7703683785963968
0.42348351371759374,0.7711750470556601
0.4238610621696451,0.7711750470556601
0.4238610621696451,0.7714439365420812
0.4241127611376793,0.7714439365420812
0.4241127611376793,0.7717128260285023
0.42423861062169643,0.7717128260285023
0.42423861062169643,0.7719817155149233
0.42449030958973066,0.7719817155149233
0.42449030958973066,0.7725194944877656
0.4262522023659703,0.7725194944877656
0.4262522023659703,0.773863941919871
0.4263780518499874,0.773863941919871
0.4263780518499874,0.774132831406292
0.42688144978605586,0.774132831406292
0.42688144978605586,0.7744017208927131
0.4271331487540901,0.7744017208927131
0.4271331487540901,0.7749394998655552
0.42751069720614143,0.7749394998655552
0.42751069720614143,0.7757461683248185
0.42763654669015855,0.7757461683248185
0.42763654669015855,0.7760150578112396
0.42851749307827836,0.7760150578112396
0.42851749307827836,0.7762839472976607
0.42864334256229547,0.7762839472976607
0.42864334256229547,0.7768217262705028
0.4288950415303297,0.7768217262705028
0.4288950415303297,0.777090615756924
0.42914674049836393,0.777090615756924
0.42927258998238105,0.777090615756924
0.42927258998238105,0.777359505243345
0.42939843946639816,0.777359505243345
0.42939843946639816,0.7776283947297661
0.4297759879184495,0.7776283947297661
0.43002768688648374,0.7776283947297661
0.43015353637050086,0.7776283947297661
0.43015353637050086,0.7792417316482926
0.43027938585451797,0.7792417316482926
0.4306569343065693,0.7792417316482926
0.43090863327460355,0.7792417316482926
0.4311603322426378,0.7792417316482926
0.431412031210672,0.7792417316482926
0.431412031210672,0.7795106211347136
0.43166373017870624,0.7795106211347136
0.43166373017870624,0.7797795106211347
0.43229297759879187,0.7797795106211347
0.43229297759879187,0.7800484001075558
0.43279637553486033,0.7800484001075558
0.43304807450289456,0.7800484001075558
0.4334256229549459,0.7800484001075558
0.4334256229549459,0.780586179080398
0.4341807198590486,0.780586179080398
0.4341807198590486,0.7808550685668191
0.4343065693430657,0.7808550685668191
0.4343065693430657,0.7813928475396612
0.4351875157311855,0.7813928475396612
0.4351875157311855,0.7819306265125033
0.435690913667254,0.7819306265125033
0.435690913667254,0.7821995159989245
0.4358167631512711,0.7821995159989245
0.43606846211930533,0.7821995159989245
0.4375786559275107,0.7821995159989245
0.4375786559275107,0.7824684054853456
0.4380820538635792,0.7824684054853456
0.4384596023156305,0.7824684054853456
0.4384596023156305,0.7827372949717666
0.4390888497357161,0.7827372949717666
0.4390888497357161,0.7830061844581877
0.43934054870375033,0.7830061844581877
0.43934054870375033,0.783812852917451
0.43946639818776745,0.783812852917451
0.4397180971558017,0.783812852917451
0.4398439466398188,0.783812852917451
0.4398439466398188,0.784081742403872
0.4399697961238359,0.784081742403872
0.4399697961238359,0.7843506318902931
0.4407248930279386,0.7843506318902931
0.4407248930279386,0.7846195213767142
0.44122829096400706,0.7846195213767142
0.4414799899320413,0.7846195213767142
0.4416058394160584,0.7846195213767142
0.44185753838409264,0.7846195213767142
0.44210923735212687,0.7846195213767142
0.44210923735212687,0.7851573003495563
0.442235086836144,0.7851573003495563
0.442235086836144,0.7854261898359775
0.4424867858041782,0.7854261898359775
0.4424867858041782,0.7856950793223985
0.44273848477221245,0.7856950793223985
0.44273848477221245,0.7859639688088196
0.4429901837402467,0.7859639688088196
0.4429901837402467,0.7865017477816617
0.4432418827082809,0.7865017477816617
0.4432418827082809,0.787039526754504
0.44349358167631514,0.787039526754504
0.44450037754845206,0.787039526754504
0.44450037754845206,0.787308416240925
0.44601057135665745,0.787308416240925
0.44601057135665745,0.7878461952137671
0.4463881198087088,0.7878461952137671
0.4463881198087088,0.7881150847001882
0.4465139692927259,0.7881150847001882
0.4465139692927259,0.7883839741866093
0.446639818776743,0.7883839741866093
0.446639818776743,0.7886528636730303
0.44676566826076014,0.7886528636730303
0.44676566826076014,0.7889217531594515
0.4473949156808457,0.7889217531594515
0.4473949156808457,0.7891906426458726
0.44764661464887995,0.7891906426458726
0.4480241631009313,0.7891906426458726
0.44915680845708533,0.7891906426458726
0.44915680845708533,0.7894595321322936
0.4495343569091367,0.7894595321322936
0.4495343569091367,0.7897284216187147
0.4497860558771709,0.7897284216187147
0.4497860558771709,0.7908039795643991
0.4497860558771709,0.7913417585372412
0.45028945381323937,0.7913417585372412
0.45028945381323937,0.7916106480236623
0.4506670022652907,0.7916106480236623
0.4506670022652907,0.7924173164829256
0.4512962496853763,0.7924173164829256
0.4512962496853763,0.7926862059693466
0.4514220991693934,0.7926862059693466
0.4514220991693934,0.7929550954557677
0.4515479486534105,0.7929550954557677
0.4515479486534105,0.7932239849421887
0.45179964762144476,0.7932239849421887
0.45179964762144476,0.7934928744286098
0.45192549710546187,0.7934928744286098
0.45192549710546187,0.793761763915031
0.45268059400956456,0.793761763915031
0.45268059400956456,0.794030653401452
0.4529322929775988,0.794030653401452
0.4529322929775988,0.7942995428878731
0.4530581424616159,0.7942995428878731
0.4530581424616159,0.7945684323742942
0.4530581424616159,0.7951062113471363
0.453183991945633,0.7951062113471363
0.453183991945633,0.7953751008335574
0.4536873898817015,0.7953751008335574
0.4536873898817015,0.7956439903199785
0.45419078781776995,0.7956439903199785
0.45419078781776995,0.7959128798063996
0.45431663730178706,0.7959128798063996
0.45431663730178706,0.7961817692928207
0.45582683110999245,0.7961817692928207
0.45582683110999245,0.7967195482656628
0.4560785300780267,0.7967195482656628
0.4560785300780267,0.796988437752084
0.4563302290460609,0.796988437752084
0.4563302290460609,0.797257327238505
0.45658192801409514,0.797257327238505
0.45670777749811226,0.7975262167249261
0.45670777749811226,0.7977951062113471
0.45670777749811226,0.7983328851841893
0.4570853259501636,0.7983328851841893
0.4570853259501636,0.7988706641570315
0.45758872388623206,0.7988706641570315
0.45758872388623206,0.7991395536434526
0.4579662723382834,0.7991395536434526
0.4579662723382834,0.7994084431298736
0.458595519758369,0.7994084431298736
0.4596023156305059,0.7994084431298736
0.4596023156305059,0.7996773326162947
0.45985401459854014,0.7996773326162947
0.45985401459854014,0.7999462221027158
0.45997986408255725,0.7999462221027158
0.45997986408255725,0.8002151115891368
0.46086081047067706,0.8002151115891368
0.46086081047067706,0.800484001075558
0.46161590737477975,0.800484001075558
0.46174175685879687,0.8007528905619791
0.46224515479486533,0.8007528905619791
0.46224515479486533,0.8012906695348212
0.46249685376289956,0.8012906695348212
0.46249685376289956,0.8018284485076633
0.4627485527309338,0.8018284485076633
0.4627485527309338,0.8020973379940844
0.4635036496350365,0.8020973379940844
0.4635036496350365,0.8023662274805056
0.4637553486030707,0.8023662274805056
0.46400704757110495,0.8023662274805056
0.4646362949911905,0.8023662274805056
0.4646362949911905,0.8029040064533477
0.46488799395922475,0.8029040064533477
0.46488799395922475,0.8034417854261898
0.46664988673546437,0.8034417854261898
0.46664988673546437,0.803979564399032
0.4667757362194815,0.803979564399032
0.4667757362194815,0.8042484538854531
0.4669015857034986,0.8042484538854531
0.4669015857034986,0.8050551223447163
0.46727913415554995,0.8050551223447163
0.46727913415554995,0.8053240118311374
0.4676566826076013,0.8053240118311374
0.4676566826076013,0.8055929013175585
0.4679083815756355,0.8055929013175585
0.46803423105965264,0.8055929013175585
0.46803423105965264,0.8058617908039796
0.46828593002768687,0.8058617908039796
0.46828593002768687,0.8061306802904007
0.4685376289957211,0.8061306802904007
0.4685376289957211,0.8063995697768217
0.46878932796375533,0.8063995697768217
0.46878932796375533,0.8066684592632428
0.4694185753838409,0.8066684592632428
0.4694185753838409,0.8069373487496639
0.46967027435187514,0.8069373487496639
0.46992197331990937,0.8069373487496639
0.46992197331990937,0.8074751277225061
0.4700478228039265,0.8074751277225061
0.4700478228039265,0.8082817961817693
0.4702995217719607,0.8082817961817693
0.4702995217719607,0.8088195751546114
0.47067707022401206,0.8088195751546114
0.4709287691920463,0.8088195751546114
0.4709287691920463,0.8090884646410326
0.4710546186760634,0.8090884646410326
0.4710546186760634,0.8096262436138747
0.47206141454820033,0.8096262436138747
0.47206141454820033,0.8098951331002958
0.47231311351623456,0.8098951331002958
0.47231311351623456,0.8101640225867168
0.4735716083564057,0.8101640225867168
0.47382330732443995,0.8101640225867168
0.4743267052605084,0.8101640225867168
0.4743267052605084,0.810432912073138
0.47457840422854264,0.810432912073138
0.47457840422854264,0.8107018015595591
0.4750818021646111,0.8107018015595591
0.4750818021646111,0.8109706910459801
0.47545935061666245,0.8109706910459801
0.47545935061666245,0.8112395805324012
0.476088598036748,0.8112395805324012
0.476088598036748,0.8115084700188223
0.4768436949408507,0.8115084700188223
0.4768436949408507,0.8117773595052433
0.47696954442486783,0.8117773595052433
0.47696954442486783,0.8120462489916644
0.47734709287691923,0.8120462489916644
0.4777246413289706,0.8120462489916644
0.4777246413289706,0.8123151384780855
0.47822803926503904,0.8123151384780855
0.47822803926503904,0.8125840279645066
0.47835388874905616,0.8125840279645066
0.4786055877170904,0.8125840279645066
0.4794865341052102,0.8125840279645066
0.4794865341052102,0.8128529174509277
0.4796123835892273,0.8128529174509277
0.4796123835892273,0.8131218069373487
0.4797382330732444,0.8131218069373487
0.47986408255726154,0.8133906964237698
0.48011578152529577,0.8133906964237698
0.48011578152529577,0.8136595859101909
0.4802416310093129,0.8136595859101909
0.4802416310093129,0.8141973648830331
0.48061917946136423,0.8141973648830331
0.48061917946136423,0.8147351438558752
0.48074502894538135,0.8147351438558752
0.48074502894538135,0.8152729228287174
0.48087087842939846,0.8152729228287174
0.4811225773974327,0.8152729228287174
0.4812484268814498,0.8152729228287174
0.48150012584948404,0.8152729228287174
0.4818776743015354,0.8152729228287174
0.4818776743015354,0.8158107018015596
0.4821293732695696,0.8158107018015596
0.4821293732695696,0.8160795912879807
0.48225522275358673,0.8160795912879807
0.48225522275358673,0.8166173702608228
0.48250692172162096,0.8166173702608228
0.4827586206896552,0.8166173702608228
0.4828844701736723,0.8166173702608228
0.4828844701736723,0.8168862597472439
0.48338786810974077,0.8168862597472439
0.48338786810974077,0.817155149233665
0.48401711552982635,0.817155149233665
0.4842688144978606,0.817155149233665
0.4842688144978606,0.8174240387200861
0.4843946639818777,0.8174240387200861
0.4843946639818777,0.8176929282065071
0.48477221243392904,0.8176929282065071
0.48477221243392904,0.8179618176929282
0.48640825572615154,0.8179618176929282
0.4870375031462371,0.8179618176929282
0.48741505159828846,0.8179618176929282
0.4875409010823056,0.8206507125571391
0.4879184495343569,0.8206507125571391
0.4879184495343569,0.8209196020435601
0.48804429901837404,0.8209196020435601
0.48804429901837404,0.8211884915299812
0.4893027938585452,0.8211884915299812
0.4893027938585452,0.8214573810164023
0.4895544928265794,0.8214573810164023
0.4895544928265794,0.8217262705028233
0.48968034231059654,0.8217262705028233
0.48968034231059654,0.8219951599892444
0.48980619179461365,0.8219951599892444
0.48980619179461365,0.8222640494756654
0.49144223508683615,0.8222640494756654
0.4916939340548704,0.8222640494756654
0.4918197835388875,0.8222640494756654
0.4918197835388875,0.8228018284485077
0.49207148250692173,0.8228018284485077
0.49207148250692173,0.8230707179349287
0.49232318147495596,0.8230707179349287
0.49232318147495596,0.823877386394192
0.4925748804429902,0.823877386394192
0.49320412786307577,0.823877386394192
0.4935816763151271,0.823877386394192
0.4935816763151271,0.8244151653670342
0.4935816763151271,0.8246840548534552
0.4943367732192298,0.8246840548534552
0.4943367732192298,0.8249529443398763
0.4944626227032469,0.8249529443398763
0.4944626227032469,0.8252218338262974
0.49484017115529827,0.8252218338262974
0.49484017115529827,0.8254907233127184
0.4950918701233325,0.8254907233127184
0.49534356909136673,0.8254907233127184
0.49534356909136673,0.8260285022855607
0.4960986659954694,0.8260285022855607
0.49635036496350365,0.8260285022855607
0.4968537628995721,0.8260285022855607
0.4968537628995721,0.8265662812584028
0.49710546186760635,0.8265662812584028
0.49710546186760635,0.8268351707448238
0.49723131135162346,0.8268351707448238
0.4983639567077775,0.8271040602312449
0.49886735464384596,0.8271040602312449
0.49886735464384596,0.8273729497176661
0.4992449030958973,0.8273729497176661
0.4992449030958973,0.8279107286905082
0.49974830103196577,0.8279107286905082
0.49974830103196577,0.8281796181769293
0.5,0.8281796181769293
0.5002516989680342,0.8281796181769293
0.5003775484520514,0.8281796181769293
0.5003775484520514,0.8284485076633503
0.5006292474200856,0.8284485076633503
0.5007550969041027,0.8284485076633503
0.5007550969041027,0.8287173971497714
0.5010067958721369,0.8287173971497714
0.5010067958721369,0.8289862866361926
0.5015101938082054,0.8289862866361926
0.5015101938082054,0.8292551761226136
0.502139441228291,0.8292551761226136
0.502139441228291,0.8319440709868244
0.5023911401963252,0.8319440709868244
0.5027686886483765,0.8319440709868244
0.5041530329725649,0.8319440709868244
0.5041530329725649,0.8324818499596666
0.5049081298766676,0.8324818499596666
0.5049081298766676,0.8327507394460877
0.5050339793606846,0.8327507394460877
0.5050339793606846,0.8330196289325087
0.505411527812736,0.8330196289325087
0.5056632267807702,0.8330196289325087
0.5056632267807702,0.8332885184189298
0.5066700226529072,0.8332885184189298
0.5066700226529072,0.8335574079053509
0.5071734205889756,0.8335574079053509
0.5071734205889756,0.8338262973917719
0.5074251195570099,0.8338262973917719
0.5074251195570099,0.8343640763646142
0.5081802164611126,0.8343640763646142
0.5081802164611126,0.8346329658510352
0.5084319154291468,0.8346329658510352
0.508683614397181,0.8346329658510352
0.5091870123332495,0.8346329658510352
0.5091870123332495,0.8349018553374563
0.5095645607853008,0.8349018553374563
0.5095645607853008,0.8351707448238774
0.509816259753335,0.8351707448238774
0.5100679587213692,0.8351707448238774
0.5104455071734206,0.8351707448238774
0.5104455071734206,0.8354396343102984
0.5106972061414549,0.8354396343102984
0.5106972061414549,0.8357085237967196
0.5112006040775233,0.8357085237967196
0.5112006040775233,0.8362463027695617
0.5112006040775233,0.8367840817424038
0.5117040020135918,0.8367840817424038
0.5117040020135918,0.8370529712288249
0.511955700981626,0.8370529712288249
0.5123332494336773,0.8370529712288249
0.5128366473697458,0.8370529712288249
0.5128366473697458,0.8375907502016671
0.51308834633778,0.8375907502016671
0.51308834633778,0.8378596396880882
0.51308834633778,0.8383974186609303
0.5133400453058142,0.8383974186609303
0.5133400453058142,0.8386663081473514
0.5143468411779512,0.8386663081473514
0.5143468411779512,0.8389351976337726
0.5149760885980368,0.8389351976337726
0.515227787566071,0.8389351976337726
0.5156053360181223,0.8389351976337726
0.5156053360181223,0.8392040871201936
0.5159828844701737,0.8392040871201936
0.5162345834382079,0.8392040871201936
0.5178706267304304,0.8394729766066147
0.518499874150516,0.8394729766066147
0.518499874150516,0.8400107555794568
0.5188774226025673,0.8400107555794568
0.5188774226025673,0.8408174240387201
0.51963251950667,0.8408174240387201
0.51963251950667,0.8410863135251412
0.5201359174427385,0.8410863135251412
0.5201359174427385,0.8413552030115623
0.5205134658947899,0.8413552030115623
0.5205134658947899,0.8416240924979833
0.5220236597029952,0.8416240924979833
0.5220236597029952,0.8418929819844044
0.5227787566070979,0.8418929819844044
0.5230304555751322,0.8418929819844044
0.5232821545431664,0.8418929819844044
0.5232821545431664,0.8424307609572466
0.5232821545431664,0.8426996504436677
0.5232821545431664,0.8432374294165098
0.5244147998993204,0.8432374294165098
0.5244147998993204,0.8435063189029309
0.5246664988673546,0.8435063189029309
0.5247923483513718,0.8435063189029309
0.5247923483513718,0.8437752083893519
0.5249181978353888,0.8437752083893519
0.5249181978353888,0.8440440978757731
0.5252957462874402,0.8440440978757731
0.5252957462874402,0.8443129873621942
0.5254215957714573,0.8443129873621942
0.5254215957714573,0.8448507663350363
0.5256732947394915,0.8448507663350363
0.5263025421595772,0.8448507663350363
0.5263025421595772,0.8456574347942996
0.5268059400956456,0.8456574347942996
0.5268059400956456,0.8461952137671417
0.5268059400956456,0.8464641032535628
0.5270576390636799,0.8464641032535628
0.5270576390636799,0.8467329927399838
0.5274351875157312,0.8467329927399838
0.5276868864837654,0.8467329927399838
0.5284419833878681,0.8467329927399838
0.5284419833878681,0.8470018822264049
0.5289453813239365,0.8470018822264049
0.5289453813239365,0.847270771712826
0.5297004782280392,0.847270771712826
0.5297004782280392,0.8478085506856682
0.5300780266800906,0.8478085506856682
0.5305814246161591,0.8478085506856682
0.5308331235841933,0.8478085506856682
0.5308331235841933,0.8480774401720893
0.5310848225522276,0.8480774401720893
0.5313365215202618,0.8480774401720893
0.5313365215202618,0.8486152191449314
0.531588220488296,0.8486152191449314
0.531588220488296,0.8488841086313526
0.5317140699723131,0.8488841086313526
0.5317140699723131,0.8491529981177736
0.5318399194563302,0.8491529981177736
0.5318399194563302,0.8494218876041947
0.5324691668764158,0.8494218876041947
0.5324691668764158,0.8496907770906158
0.53272086584445,0.8496907770906158
0.5329725648124842,0.8496907770906158
0.5329725648124842,0.8502285560634579
0.5330984142965014,0.8502285560634579
0.5330984142965014,0.850497445549879
0.5332242637805185,0.850497445549879
0.5332242637805185,0.8510352245227212
0.5342310596526554,0.8510352245227212
0.5342310596526554,0.8513041140091422
0.5346086081047068,0.8513041140091422
0.5346086081047068,0.8521107824684054
0.5349861565567581,0.8521107824684054
0.5349861565567581,0.8523796719548266
0.5358671029448779,0.8523796719548266
0.5361188019129122,0.8523796719548266
0.5367480493329977,0.8523796719548266
0.5369997483010319,0.8523796719548266
0.5369997483010319,0.8526485614412477
0.5371255977850491,0.8526485614412477
0.5373772967530833,0.8526485614412477
0.5376289957211176,0.8526485614412477
0.5376289957211176,0.8537241193869319
0.538132393657186,0.853993008873353
0.538132393657186,0.8545307878461952
0.5382582431412031,0.8545307878461952
0.5382582431412031,0.8547996773326163
0.5387616410772715,0.8547996773326163
0.5387616410772715,0.8550685668190374
0.5403976843694941,0.8550685668190374
0.5403976843694941,0.8553374563054584
0.5405235338535112,0.8553374563054584
0.5405235338535112,0.8556063457918796
0.5409010823055626,0.8556063457918796
0.5409010823055626,0.8566819037375638
0.5410269317895796,0.8566819037375638
0.5410269317895796,0.8569507932239849
0.5415303297256481,0.8569507932239849
0.5417820286936823,0.8569507932239849
0.5422854266297508,0.8569507932239849
0.5422854266297508,0.857219682710406
0.542537125597785,0.857219682710406
0.542537125597785,0.8577574616832482
0.5431663730178706,0.8577574616832482
0.5431663730178706,0.8582952406560903
0.5434180719859049,0.8582952406560903
0.5434180719859049,0.8585641301425114
0.5437956204379562,0.8585641301425114
0.5437956204379562,0.8588330196289325
0.5441731688900076,0.8588330196289325
0.5441731688900076,0.8591019091153536
0.5444248678580418,0.8591019091153536
0.544676566826076,0.8591019091153536
0.5453058142461615,0.8591019091153536
0.5455575132141959,0.8591019091153536
0.5463126101182986,0.8591019091153536
0.5463126101182986,0.8593707986017747
0.5464384596023156,0.8593707986017747
0.5464384596023156,0.8596396880881958
0.5464384596023156,0.8601774670610379
0.5469418575383841,0.8601774670610379
0.5471935565064183,0.8601774670610379
0.5482003523785552,0.8601774670610379
0.5482003523785552,0.860446356547459
0.5492071482506922,0.860446356547459
0.5492071482506922,0.8609841355203012
0.5494588472187264,0.8609841355203012
0.5494588472187264,0.8612530250067222
0.5498363956707778,0.8612530250067222
0.5498363956707778,0.8615219144931433
0.5509690410269318,0.8615219144931433
0.5509690410269318,0.8617908039795644
0.551094890510949,0.8617908039795644
0.551094890510949,0.8623285829524066
0.5515982884470174,0.8623285829524066
0.5515982884470174,0.8625974724388277
0.5515982884470174,0.8631352514116698
0.5515982884470174,0.8634041408980909
0.5517241379310345,0.8634041408980909
0.5522275358671029,0.8634041408980909
0.5522275358671029,0.863941919870933
0.5527309338031714,0.863941919870933
0.5527309338031714,0.8642108093573542
0.553360181223257,0.8642108093573542
0.5536118801912913,0.8642108093573542
0.5537377296753083,0.8642108093573542
0.5537377296753083,0.8644796988437752
0.5549962245154795,0.8644796988437752
0.5549962245154795,0.8650174778166174
0.5551220739994966,0.8650174778166174
0.5551220739994966,0.8652863673030384
0.5558771709035993,0.8652863673030384
0.5558771709035993,0.8655552567894595
0.5562547193556506,0.8655552567894595
0.556632267807702,0.8655552567894595
0.5567581172917191,0.8655552567894595
0.5567581172917191,0.8658241462758807
0.5570098162597533,0.8658241462758807
0.5572615152277876,0.8658241462758807
0.5573873647118047,0.8658241462758807
0.5573873647118047,0.8660930357623017
0.5575132141958218,0.8660930357623017
0.5575132141958218,0.8663619252487228
0.557639063679839,0.8663619252487228
0.557639063679839,0.8666308147351438
0.557764913163856,0.8666308147351438
0.557764913163856,0.867168593707986
0.5578907626478732,0.867168593707986
0.5578907626478732,0.8679752621672493
0.5580166121318902,0.8679752621672493
0.5580166121318902,0.8682441516536703
0.5582683110999245,0.8682441516536703
0.5582683110999245,0.8685130411400914
0.5582683110999245,0.8695885990857758
0.5582683110999245,0.8701263780586179
0.5586458595519759,0.8701263780586179
0.5586458595519759,0.870395267545039
0.5591492574880443,0.870395267545039
0.5592751069720614,0.870395267545039
0.5592751069720614,0.87066415703146
0.5594009564560786,0.87066415703146
0.5594009564560786,0.8712019360043022
0.5594009564560786,0.8717397149771444
0.559904354392147,0.8717397149771444
0.559904354392147,0.8720086044635654
0.5601560533601813,0.8720086044635654
0.5601560533601813,0.8722774939499865
0.5605336018122326,0.8722774939499865
0.5607853007802668,0.8722774939499865
0.5607853007802668,0.8725463834364077
0.5611628492323182,0.8725463834364077
0.5611628492323182,0.8728152729228287
0.5625471935565064,0.8728152729228287
0.5634281399446263,0.8730841624092498
0.5635539894286433,0.8730841624092498
0.5638056883966776,0.8730841624092498
0.5640573873647118,0.8730841624092498
0.5640573873647118,0.8733530518956709
0.564183236848729,0.8733530518956709
0.564183236848729,0.8736219413820919
0.5644349358167632,0.8736219413820919
0.5644349358167632,0.873890830868513
0.5645607853007802,0.873890830868513
0.5648124842688145,0.873890830868513
0.5649383337528316,0.873890830868513
0.5649383337528316,0.8744286098413552
0.5654417316889001,0.8744286098413552
0.5656934306569343,0.8744286098413552
0.5659451296249686,0.8744286098413552
0.5659451296249686,0.8746974993277763
0.5661968285930028,0.8746974993277763
0.5663226780770199,0.8746974993277763
0.5663226780770199,0.8752352783006184
0.5677070224012082,0.8752352783006184
0.5677070224012082,0.8755041677870395
0.5679587213692424,0.8755041677870395
0.5679587213692424,0.8757730572734606
0.5685879687893279,0.8757730572734606
0.5685879687893279,0.8760419467598817
0.5688396677573622,0.8760419467598817
0.5692172162094136,0.8760419467598817
0.5694689151774478,0.8760419467598817
0.5695947646614649,0.8760419467598817
0.5695947646614649,0.8763108362463028
0.5700981625975333,0.8763108362463028
0.5700981625975333,0.8768486152191449
0.5702240120815505,0.8768486152191449
0.5702240120815505,0.877386394191987
0.5704757110495847,0.877386394191987
0.5704757110495847,0.8776552836784082
0.570853259501636,0.8776552836784082
0.5711049584696702,0.8776552836784082
0.5716083564057387,0.8776552836784082
0.5716083564057387,0.8781930626512503
0.5718600553737729,0.8781930626512503
0.5722376038258243,0.8781930626512503
0.5722376038258243,0.8787308416240925
0.5723634533098414,0.8787308416240925
0.5726151522778756,0.8787308416240925
0.572992700729927,0.8787308416240925
0.572992700729927,0.8789997311105135
0.5738736471180468,0.8789997311105135
0.5738736471180468,0.8795375100833558
0.5743770450541152,0.8795375100833558
0.5743770450541152,0.8798063995697768
0.5752579914422351,0.8798063995697768
0.5755096904102693,0.8798063995697768
0.5756355398942864,0.8798063995697768
0.5756355398942864,0.8800752890561979
0.576264787314372,0.8800752890561979
0.576264787314372,0.880344178542619
0.5766423357664233,0.880344178542619
0.5766423357664233,0.8808819575154612
0.5766423357664233,0.8811508470018822
0.5770198842184747,0.8811508470018822
0.5770198842184747,0.8816886259747244
0.5775232821545432,0.8816886259747244
0.5775232821545432,0.8819575154611454
0.5776491316385602,0.8819575154611454
0.5776491316385602,0.8824952944339877
0.5786559275106972,0.8824952944339877
0.5786559275106972,0.8827641839204087
0.5790334759627486,0.8827641839204087
0.5790334759627486,0.8830330734068298
0.5791593254467656,0.8830330734068298
0.5791593254467656,0.8833019628932509
0.5794110244147999,0.8833019628932509
0.5796627233828341,0.8833019628932509
0.5799144223508683,0.8833019628932509
0.5799144223508683,0.883839741866093
0.5801661213189026,0.883839741866093
0.5801661213189026,0.8841086313525142
0.5802919708029197,0.8841086313525142
0.5802919708029197,0.8843775208389352
0.5807953687389882,0.8843775208389352
0.5807953687389882,0.8846464103253563
0.5814246161590737,0.8846464103253563
0.5816763151271079,0.8846464103253563
0.5820538635791593,0.8846464103253563
0.5820538635791593,0.8851841892981984
0.5821797130631764,0.8851841892981984
0.5821797130631764,0.8854530787846195
0.582808960483262,0.8854530787846195
0.582808960483262,0.8857219682710405
0.583815756355399,0.8857219682710405
0.583815756355399,0.8859908577574617
0.5841933048074502,0.8859908577574617
0.5841933048074502,0.8865286367303038
0.5843191542914674,0.8865286367303038
0.5843191542914674,0.8867975262167249
0.5849484017115529,0.8867975262167249
0.5849484017115529,0.887066415703146
0.5853259501636043,0.887066415703146
0.5853259501636043,0.887335305189567
0.5854517996476214,0.887335305189567
0.5854517996476214,0.8876041946759882
0.5855776491316386,0.8876041946759882
0.5858293480996728,0.8876041946759882
0.5859551975836899,0.8876041946759882
0.5859551975836899,0.8878730841624093
0.5862068965517241,0.8878730841624093
0.5862068965517241,0.8881419736488303
0.5863327460357413,0.8881419736488303
0.5863327460357413,0.8884108631352514
0.5868361439718097,0.8884108631352514
0.5868361439718097,0.8889486421080935
0.5869619934558268,0.8889486421080935
0.5869619934558268,0.8892175315945147
0.5873395419078782,0.8892175315945147
0.5874653913918952,0.8892175315945147
0.5874653913918952,0.8894864210809358
0.5877170903599295,0.8894864210809358
0.5879687893279637,0.8894864210809358
0.5879687893279637,0.8900242000537779
0.5882204882959979,0.8900242000537779
0.5887238862320664,0.8900242000537779
0.5887238862320664,0.8902930895401989
0.5888497357160836,0.8902930895401989
0.5888497357160836,0.89056197902662
0.5891014346841178,0.89056197902662
0.589353133652152,0.89056197902662
0.589353133652152,0.8910997579994622
0.5902340800402718,0.8910997579994622
0.5902340800402718,0.8913686474858833
0.590485779008306,0.8913686474858833
0.590485779008306,0.8916375369723044
0.5909891769443746,0.8916375369723044
0.5909891769443746,0.8919064264587254
0.5913667253964259,0.8919064264587254
0.5913667253964259,0.8921753159451465
0.59249937075258,0.8921753159451465
0.5930027686886484,0.8921753159451465
0.5932544676566827,0.8921753159451465
0.5937578655927511,0.8921753159451465
0.5937578655927511,0.8924442054315677
0.5941354140448024,0.8924442054315677
0.5941354140448024,0.8927130949179887
0.5948905109489051,0.8927130949179887
0.5948905109489051,0.8929819844044098
0.5950163604329223,0.8932508738908309
0.5953939088849736,0.8932508738908309
0.5953939088849736,0.8935197633772519
0.5962748552730934,0.8935197633772519
0.5965265542411277,0.8935197633772519
0.5974075006292474,0.8935197633772519
0.5974075006292474,0.893788652863673
0.5982884470173673,0.893788652863673
0.5984142965013843,0.8940575423500942
0.5987918449534357,0.8940575423500942
0.5987918449534357,0.8943264318365152
0.59904354392147,0.8943264318365152
0.59904354392147,0.8945953213229363
0.5992952428895042,0.8945953213229363
0.6015605336018123,0.8945953213229363
0.6015605336018123,0.8948642108093574
0.602315630505915,0.8948642108093574
0.602315630505915,0.8951331002957784
0.602441479989932,0.8951331002957784
0.602441479989932,0.8954019897821995
0.6025673294739492,0.8954019897821995
0.6028190284419834,0.8954019897821995
0.6028190284419834,0.8959397687550417
0.6031965768940347,0.8959397687550417
0.6031965768940347,0.8962086582414628
0.6033224263780519,0.8962086582414628
0.6033224263780519,0.8967464372143049
0.6036999748301032,0.8967464372143049
0.6040775232821546,0.8967464372143049
0.6047067707022401,0.8967464372143049
0.6047067707022401,0.897284216187147
0.6050843191542915,0.897284216187147
0.6059652655424113,0.897284216187147
0.6059652655424113,0.8975531056735682
0.606720362446514,0.8975531056735682
0.606720362446514,0.8978219951599893
0.6073496098665996,0.8978219951599893
0.6073496098665996,0.8983597741328314
0.6074754593506166,0.8983597741328314
0.6074754593506166,0.8986286636192525
0.6077271583186509,0.8986286636192525
0.6077271583186509,0.8991664425920947
0.6079788572866851,0.8991664425920947
0.6079788572866851,0.8997042215649368
0.6087339541907878,0.8997042215649368
0.6087339541907878,0.9002420005377789
0.6097407500629247,0.9002420005377789
0.609992449030959,0.9002420005377789
0.6101182985149761,0.9002420005377789
0.6101182985149761,0.9007797795106212
0.6109992449030959,0.9007797795106212
0.6109992449030959,0.9013175584834633
0.611125094387113,0.9013175584834633
0.6120060407752328,0.9013175584834633
0.6120060407752328,0.9015864479698844
0.6123835892272842,0.9015864479698844
0.6123835892272842,0.9021242269427265
0.6135162345834382,0.9021242269427265
0.6135162345834382,0.9023931164291477
0.615529826327712,0.9023931164291477
0.615529826327712,0.9029308954019898
0.6161590737477977,0.9029308954019898
0.6161590737477977,0.9031997848884109
0.6164107727158319,0.9031997848884109
0.6164107727158319,0.9034686743748319
0.6174175685879688,0.9034686743748319
0.6174175685879688,0.9040064533476742
0.6177951170400201,0.9040064533476742
0.6181726654920715,0.9040064533476742
0.6200604077523282,0.9040064533476742
0.6200604077523282,0.9042753428340952
0.6203121067203624,0.9042753428340952
0.6203121067203624,0.9045442323205163
0.6223256984646363,0.9045442323205163
0.6225773974326705,0.9045442323205163
0.6244651396929273,0.9045442323205163
0.6244651396929273,0.9053509007797795
0.6250943871130128,0.9053509007797795
0.625346086081047,0.9053509007797795
0.6254719355650642,0.9053509007797795
0.6254719355650642,0.9056197902662005
0.6257236345330984,0.9056197902662005
0.6264787314372011,0.9056197902662005
0.6264787314372011,0.9061575692390428
0.6269821293732696,0.9061575692390428
0.6269821293732696,0.9064264587254638
0.627485527309338,0.9064264587254638
0.627485527309338,0.9066953482118849
0.6282406242134407,0.9066953482118849
0.6282406242134407,0.906964237698306
0.628492323181475,0.906964237698306
0.6287440221495092,0.906964237698306
0.6292474200855777,0.906964237698306
0.6292474200855777,0.907233127184727
0.629624968537629,0.907233127184727
0.629624968537629,0.9077709061575693
0.6302542159577146,0.9077709061575693
0.6311351623458343,0.9077709061575693
0.6313868613138686,0.9077709061575693
0.6316385602819028,0.9077709061575693
0.6316385602819028,0.9080397956439903
0.6322678077019884,0.9080397956439903
0.6322678077019884,0.9083086851304114
0.6323936571860055,0.9083086851304114
0.6323936571860055,0.9088464641032535
0.6323936571860055,0.9091153535896747
0.6325195066700227,0.9091153535896747
0.6327712056380569,0.9091153535896747
0.632897055122074,0.9091153535896747
0.632897055122074,0.9093842430760958
0.6330229046060911,0.9093842430760958
0.6332746035741253,0.9093842430760958
0.6334004530581424,0.9093842430760958
0.6334004530581424,0.9096531325625168
0.634029700478228,0.9096531325625168
0.634029700478228,0.9099220220489379
0.6341555499622451,0.9099220220489379
0.6341555499622451,0.9101909115353589
0.6356657437704505,0.9101909115353589
0.6359174427384847,0.9101909115353589
0.6376793355147244,0.9101909115353589
0.6379310344827587,0.9101909115353589
0.6380568839667757,0.9101909115353589
0.6384344324188271,0.9101909115353589
0.6384344324188271,0.91045980102178
0.6400704757110496,0.91045980102178
0.6400704757110496,0.9107286905082012
0.640448024163101,0.9107286905082012
0.640448024163101,0.9109975799946222
0.640573873647118,0.9109975799946222
0.640573873647118,0.9112664694810433
0.6410772715831865,0.9112664694810433
0.6410772715831865,0.9115353589674644
0.6413289705512207,0.9115353589674644
0.6413289705512207,0.9120731379403065
0.6422099169393406,0.9120731379403065
0.6424616159073748,0.9120731379403065
0.6428391643594261,0.9120731379403065
0.6430908633274603,0.9120731379403065
0.6433425622954946,0.9120731379403065
0.6433425622954946,0.9123420274267277
0.6434684117795118,0.9123420274267277
0.6434684117795118,0.9126109169131487
0.6435942612635288,0.9126109169131487
0.6435942612635288,0.9128798063995698
0.643845960231563,0.9128798063995698
0.643845960231563,0.9131486958859909
0.6439718097155802,0.9131486958859909
0.6442235086836144,0.9131486958859909
0.6442235086836144,0.9134175853724119
0.6446010571356657,0.9134175853724119
0.6446010571356657,0.913686474858833
0.6447269066196829,0.913686474858833
0.6447269066196829,0.9139553643452542
0.6449786055877171,0.9139553643452542
0.6458595519758369,0.9139553643452542
0.6458595519758369,0.9144931433180963
0.6461112509438711,0.9144931433180963
0.6467404983639568,0.9144931433180963
0.6467404983639568,0.9147620328045173
0.646992197331991,0.9147620328045173
0.6476214447520765,0.9147620328045173
0.6477472942360937,0.9150309222909384
0.6479989932041279,0.9150309222909384
0.6479989932041279,0.9152998117773595
0.6482506921721621,0.9152998117773595
0.6486282406242134,0.9152998117773595
0.6486282406242134,0.9158375907502017
0.6498867354643846,0.9158375907502017
0.6501384344324188,0.9158375907502017
0.6501384344324188,0.9161064802366228
0.650390133400453,0.9161064802366228
0.6505159828844702,0.9161064802366228
0.6505159828844702,0.9163753697230438
0.6517744777246414,0.9163753697230438
0.6517744777246414,0.9166442592094649
0.6527812735967783,0.9166442592094649
0.6527812735967783,0.917182038182307
0.6529071230807953,0.917182038182307
0.6531588220488296,0.917182038182307
0.6531588220488296,0.9174509276687282
0.6534105210168638,0.9174509276687282
0.6540397684369494,0.9174509276687282
0.6540397684369494,0.9179887066415703
0.6541656179209665,0.9179887066415703
0.6541656179209665,0.9185264856144125
0.6542914674049837,0.9185264856144125
0.6542914674049837,0.9187953751008335
0.654669015857035,0.9187953751008335
0.6551724137931034,0.9187953751008335
0.6551724137931034,0.9190642645872547
0.6561792096652403,0.9190642645872547
0.6561792096652403,0.9193331540736758
0.6565567581172917,0.9193331540736758
0.656808457085326,0.9193331540736758
0.65794110244148,0.9193331540736758
0.65794110244148,0.9198709330465179
0.6598288447017367,0.9198709330465179
0.6598288447017367,0.9201398225329389
0.660080543669771,0.9201398225329389
0.660080543669771,0.9206776015057812
0.661213189025925,0.9206776015057812
0.661213189025925,0.9212153804786233
0.6614648879939592,0.9212153804786233
0.6614648879939592,0.9214842699650444
0.6615907374779764,0.9214842699650444
0.6615907374779764,0.9220220489378865
0.6623458343820791,0.9220220489378865
0.6623458343820791,0.9222909384243076
0.6629750818021646,0.9222909384243076
0.6629750818021646,0.9225598279107287
0.6636043292222502,0.9225598279107287
0.6636043292222502,0.9230976068835709
0.6636043292222502,0.9233664963699919
0.6647369745784042,0.9233664963699919
0.6652403725144727,0.9233664963699919
0.6653662219984898,0.9233664963699919
0.6653662219984898,0.9239042753428341
0.6657437704505411,0.9239042753428341
0.6657437704505411,0.9241731648292552
0.6658696199345583,0.9241731648292552
0.6658696199345583,0.9244420543156763
0.6659954694185753,0.9244420543156763
0.6659954694185753,0.9247109438020973
0.6663730178706267,0.9247109438020973
0.6663730178706267,0.9249798332885184
0.6664988673546438,0.9249798332885184
0.6664988673546438,0.9252487227749395
0.666624716838661,0.9252487227749395
0.666624716838661,0.9255176122613605
0.6670022652907123,0.9255176122613605
0.6670022652907123,0.9260553912342028
0.6675056632267807,0.9260553912342028
0.667757362194815,0.9260553912342028
0.667757362194815,0.9265931702070449
0.6678832116788321,0.9265931702070449
0.6678832116788321,0.926862059693466
0.6681349106468664,0.926862059693466
0.6681349106468664,0.927130949179887
0.6682607601308834,0.927130949179887
0.6682607601308834,0.9273998386663082
0.6686383085829348,0.9273998386663082
0.6686383085829348,0.9276687281527293
0.6692675560030203,0.9276687281527293
0.6692675560030203,0.9279376176391503
0.6692675560030203,0.9284753966119925
0.6695192549710546,0.9284753966119925
0.6697709539390888,0.9284753966119925
0.6709035992952429,0.9284753966119925
0.6709035992952429,0.9287442860984135
0.6711552982632771,0.9287442860984135
0.6711552982632771,0.9292820650712557
0.6712811477472942,0.9292820650712557
0.6712811477472942,0.9298198440440979
0.6724137931034483,0.9298198440440979
0.6724137931034483,0.93035762301694
0.6729171910395167,0.93035762301694
0.673168890007551,0.93035762301694
0.673294739491568,0.93035762301694
0.673294739491568,0.9308954019897822
0.6735464384596023,0.9308954019897822
0.6735464384596023,0.9311642914762033
0.6737981374276365,0.9311642914762033
0.6737981374276365,0.9314331809626244
0.6739239869116537,0.9314331809626244
0.6739239869116537,0.9317020704490454
0.6746790838157564,0.9317020704490454
0.6749307827837906,0.9317020704490454
0.6750566322678077,0.9317020704490454
0.6750566322678077,0.9319709599354665
0.6754341807198591,0.9319709599354665
0.6754341807198591,0.9322398494218876
0.6761892776239617,0.9322398494218876
0.6761892776239617,0.9327776283947298
0.676440976591996,0.9327776283947298
0.6766926755600302,0.9327776283947298
0.6774477724641329,0.9327776283947298
0.6776994714321671,0.9327776283947298
0.6779511704002014,0.9327776283947298
0.6782028693682356,0.9327776283947298
0.6785804178202869,0.9327776283947298
0.6787062673043041,0.9327776283947298
0.6787062673043041,0.933584296853993
0.6792096652403725,0.933584296853993
0.6792096652403725,0.9338531863404141
0.6792096652403725,0.9343909653132563
0.6793355147243896,0.9343909653132563
0.6795872136924238,0.9343909653132563
0.679713063176441,0.9343909653132563
0.679713063176441,0.9346598547996773
0.6804681600805437,0.9346598547996773
0.6804681600805437,0.9349287442860984
0.680845708532595,0.9349287442860984
0.680845708532595,0.9351976337725195
0.6809715580166121,0.9351976337725195
0.6809715580166121,0.9354665232589405
0.6810974075006292,0.9354665232589405
0.6810974075006292,0.9357354127453616
0.6812232569846464,0.9357354127453616
0.6812232569846464,0.9360043022317828
0.6821042033727662,0.9360043022317828
0.6821042033727662,0.9362731917182038
0.6826076013088347,0.9362731917182038
0.6826076013088347,0.9365420812046249
0.6828593002768689,0.9365420812046249
0.6828593002768689,0.936810970691046
0.6832368487289202,0.937079860177467
0.6841177951170401,0.937079860177467
0.6841177951170401,0.9373487496638881
0.6844953435690914,0.9373487496638881
0.6844953435690914,0.9376176391503093
0.6847470425371256,0.9376176391503093
0.6847470425371256,0.9378865286367303
0.6853762899572112,0.9378865286367303
0.6853762899572112,0.9381554181231514
0.6857538384092625,0.9381554181231514
0.6857538384092625,0.9384243076095725
0.6860055373772967,0.9384243076095725
0.6860055373772967,0.9386931970959935
0.6865089353133652,0.9386931970959935
0.6865089353133652,0.9389620865824146
0.6868864837654166,0.9389620865824146
0.6871381827334508,0.9389620865824146
0.6871381827334508,0.9392309760688357
0.6876415806695193,0.9392309760688357
0.6876415806695193,0.9394998655552568
0.6878932796375535,0.9394998655552568
0.6878932796375535,0.9397687550416779
0.6896551724137931,0.9397687550416779
0.6896551724137931,0.9400376445280989
0.6902844198338787,0.9400376445280989
0.6902844198338787,0.94030653401452
0.6909136672539643,0.94030653401452
0.6909136672539643,0.9405754235009411
0.6911653662219985,0.9405754235009411
0.6911653662219985,0.9411132024737833
0.6914170651900328,0.9411132024737833
0.6914170651900328,0.9413820919602044
0.6920463126101183,0.9413820919602044
0.6924238610621697,0.9413820919602044
0.6924238610621697,0.9416509814466254
0.6925497105461867,0.9416509814466254
0.692801409514221,0.9416509814466254
0.6930531084822552,0.9416509814466254
0.6930531084822552,0.9427265393923098
0.6930531084822552,0.9432643183651519
0.6933048074502894,0.9432643183651519
0.6935565064183237,0.9432643183651519
0.6935565064183237,0.943533207851573
0.6939340548703751,0.943533207851573
0.6939340548703751,0.9438020973379941
0.694940850742512,0.9438020973379941
0.694940850742512,0.9440709868244151
0.6958217971306317,0.9440709868244151
0.6958217971306317,0.9443398763108363
0.6963251950667002,0.9443398763108363
0.6963251950667002,0.9448776552836784
0.6965768940347344,0.9448776552836784
0.6965768940347344,0.9451465447700995
0.6968285930027687,0.9451465447700995
0.698212937326957,0.9451465447700995
0.698212937326957,0.9454154342565205
0.699345582683111,0.9454154342565205
0.6995972816511452,0.9454154342565205
0.7019884218474705,0.9454154342565205
0.7022401208155047,0.9454154342565205
0.7023659702995217,0.9454154342565205
0.7027435187515731,0.9454154342565205
0.7029952177196074,0.9454154342565205
0.7029952177196074,0.9456843237429416
0.7037503146237101,0.9456843237429416
0.7037503146237101,0.9459532132293628
0.704757110495847,0.9459532132293628
0.704757110495847,0.946759881688626
0.7057639063679839,0.946759881688626
0.7057639063679839,0.947028771175047
0.7062673043040524,0.947028771175047
0.7062673043040524,0.9475665501478893
0.7072741001761893,0.9475665501478893
0.7072741001761893,0.9481043291207314
0.7076516486282406,0.9481043291207314
0.7076516486282406,0.9483732186071525
0.7090359929524289,0.9483732186071525
0.7090359929524289,0.9486421080935735
0.7092876919204631,0.9486421080935735
0.7092876919204631,0.9489109975799946
0.7111754341807198,0.9489109975799946
0.7111754341807198,0.9491798870664157
0.7116788321167883,0.9491798870664157
0.7119305310848225,0.9491798870664157
0.7123080795368739,0.9491798870664157
0.7123080795368739,0.9494487765528368
0.7126856279889252,0.9494487765528368
0.7126856279889252,0.9497176660392579
0.7138182733450793,0.9497176660392579
0.7138182733450793,0.9499865555256789
0.7140699723131135,0.9499865555256789
0.7140699723131135,0.9502554450121
0.7144475207651648,0.9502554450121
0.7144475207651648,0.9505243344985211
0.714699219733199,0.9505243344985211
0.714699219733199,0.9507932239849421
0.7149509187012333,0.9507932239849421
0.7149509187012333,0.9510621134713633
0.715706015605336,0.9510621134713633
0.715706015605336,0.9513310029577844
0.7158318650893531,0.9513310029577844
0.7158318650893531,0.9515998924442054
0.7164611125094387,0.9515998924442054
0.7164611125094387,0.9521376714170476
0.7170903599295243,0.9521376714170476
0.7170903599295243,0.9524065609034686
0.7175937578655928,0.9524065609034686
0.7180971558016612,0.9524065609034686
0.7197331990938837,0.9524065609034686
0.7197331990938837,0.9526754503898898
0.7203624465139693,0.9526754503898898
0.7203624465139693,0.9529443398763109
0.7226277372262774,0.9529443398763109
0.7228794361943116,0.9529443398763109
0.7240120815504656,0.9529443398763109
0.7242637805184998,0.9529443398763109
0.7242637805184998,0.9532132293627319
0.724515479486534,0.9532132293627319
0.7248930279385855,0.9532132293627319
0.7251447269066197,0.9532132293627319
0.7252705763906367,0.9532132293627319
0.7252705763906367,0.953482118849153
0.7257739743267052,0.953482118849153
0.7257739743267052,0.953751008335574
0.7262773722627737,0.953751008335574
0.7265290712308079,0.953751008335574
0.7274100176189278,0.953751008335574
0.7274100176189278,0.9540198978219951
0.7275358671029449,0.9540198978219951
0.7277875660709792,0.9540198978219951
0.7277875660709792,0.9542887873084163
0.7289202114271331,0.9542887873084163
0.7289202114271331,0.9545576767948373
0.7301787062673043,0.9545576767948373
0.7301787062673043,0.9548265662812584
0.7305562547193557,0.9548265662812584
0.7308079536873899,0.9548265662812584
0.730933803171407,0.9548265662812584
0.730933803171407,0.9550954557676795
0.7310596526554242,0.9550954557676795
0.7310596526554242,0.9553643452541005
0.7324439969796124,0.9553643452541005
0.7324439969796124,0.9556332347405216
0.7337024918197835,0.9556332347405216
0.7337024918197835,0.9559021242269428
0.7339541907878178,0.9559021242269428
0.7339541907878178,0.9564399031997849
0.7348351371759376,0.9564399031997849
0.7348351371759376,0.956708792686206
0.7365970299521772,0.956708792686206
0.7365970299521772,0.956977682172627
0.7372262773722628,0.956977682172627
0.737477976340297,0.956977682172627
0.7379813742763655,0.956977682172627
0.7379813742763655,0.9572465716590481
0.7393657186005538,0.9572465716590481
0.7393657186005538,0.9575154611454693
0.7394915680845708,0.9575154611454693
0.7394915680845708,0.9577843506318903
0.7413793103448276,0.9577843506318903
0.7413793103448276,0.9580532401183114
0.7415051598288447,0.9580532401183114
0.7417568587968789,0.9580532401183114
0.7452806443493581,0.9580532401183114
0.7452806443493581,0.9583221296047325
0.7457840422854266,0.9583221296047325
0.7460357412534608,0.9583221296047325
0.7460357412534608,0.9585910190911535
0.7462874402214951,0.9585910190911535
0.7465391391895293,0.9585910190911535
0.7476717845456834,0.9585910190911535
0.7479234835137176,0.9585910190911535
0.7479234835137176,0.9588599085775746
0.7481751824817519,0.9588599085775746
0.7481751824817519,0.9591287980639956
0.7484268814497861,0.9591287980639956
0.7484268814497861,0.9593976875504168
0.7488044299018374,0.9593976875504168
0.7488044299018374,0.9596665770368379
0.750566322678077,0.9596665770368379
0.750566322678077,0.96020435600968
0.7509438711301284,0.96020435600968
0.7509438711301284,0.9604732454961011
0.7513214195821797,0.9604732454961011
0.7513214195821797,0.9607421349825221
0.7515731185502139,0.9607421349825221
0.7515731185502139,0.9612799139553644
0.7522023659702995,0.9612799139553644
0.7522023659702995,0.9615488034417854
0.752705763906368,0.9615488034417854
0.7529574628744022,0.9615488034417854
0.7530833123584193,0.9615488034417854
0.7533350113264535,0.9615488034417854
0.753838409262522,0.9615488034417854
0.753838409262522,0.9618176929282065
0.7542159577145734,0.9618176929282065
0.7542159577145734,0.9620865824146276
0.7544676566826076,0.9620865824146276
0.7548452051346589,0.9620865824146276
0.7557261515227788,0.9620865824146276
0.7561036999748301,0.9620865824146276
0.7563553989428643,0.9620865824146276
0.7563553989428643,0.9623554719010486
0.7569846463629499,0.9623554719010486
0.7572363453309842,0.9623554719010486
0.7572363453309842,0.9626243613874698
0.7584948401711553,0.9626243613874698
0.7584948401711553,0.9628932508738909
0.7591240875912408,0.9628932508738909
0.7591240875912408,0.9631621403603119
0.7593757865592751,0.9631621403603119
0.7593757865592751,0.963431029846733
0.7598791844953435,0.963431029846733
0.7598791844953435,0.963699919333154
0.7615152277875661,0.963699919333154
0.7617669267556003,0.963699919333154
0.7622703246916688,0.963699919333154
0.7622703246916688,0.9639688088195751
0.7641580669519255,0.9639688088195751
0.7646614648879939,0.9639688088195751
0.7647873143720111,0.9639688088195751
0.7647873143720111,0.9642376983059963
0.7649131638560281,0.9642376983059963
0.7655424112761138,0.9642376983059963
0.7661716586961993,0.9642376983059963
0.7661716586961993,0.9650443667652595
0.7662975081802165,0.9650443667652595
0.7662975081802165,0.9653132562516805
0.7664233576642335,0.9653132562516805
0.7664233576642335,0.9655821457381016
0.7666750566322678,0.9655821457381016
0.766926755600302,0.9655821457381016
0.7679335514724389,0.9655821457381016
0.7679335514724389,0.9661199247109438
0.7693178957966272,0.9661199247109438
0.7693178957966272,0.9663888141973649
0.7695695947646615,0.9663888141973649
0.7695695947646615,0.9682710406023125
0.7696954442486785,0.9682710406023125
0.7699471432167128,0.9682710406023125
0.7710797885728669,0.9682710406023125
0.7713314875409011,0.9682710406023125
0.7715831865089353,0.9682710406023125
0.7715831865089353,0.9685399300887335
0.774477724641329,0.9685399300887335
0.7751069720614145,0.9685399300887335
0.7752328215454317,0.9685399300887335
0.7752328215454317,0.9688088195751546
0.7753586710294488,0.9688088195751546
0.7753586710294488,0.9690777090615756
0.775484520513466,0.9690777090615756
0.775484520513466,0.9693465985479968
0.7762396174175686,0.9693465985479968
0.7764913163856029,0.9693465985479968
0.7773722627737226,0.9693465985479968
0.7773722627737226,0.9696154880344179
0.7774981122577398,0.9696154880344179
0.7774981122577398,0.9698843775208389
0.7776239617417569,0.9698843775208389
0.7776239617417569,0.97015326700726
0.777749811225774,0.97015326700726
0.7778756607097911,0.9717666039257865
0.7783790586458595,0.9717666039257865
0.7786307576138938,0.9717666039257865
0.7786307576138938,0.9720354934122076
0.778756607097911,0.9720354934122076
0.778756607097911,0.9723043828986286
0.7795117040020136,0.9723043828986286
0.7795117040020136,0.9725732723850498
0.7796375534860307,0.9725732723850498
0.7796375534860307,0.9728421618714709
0.7798892524540649,0.9728421618714709
0.7798892524540649,0.9731110513578919
0.7801409514220992,0.9731110513578919
0.7801409514220992,0.973379940844313
0.7812735967782533,0.973379940844313
0.7812735967782533,0.973648830330734
0.7815252957462875,0.973648830330734
0.7815252957462875,0.9739177198171551
0.782154543166373,0.9739177198171551
0.7824062421344072,0.9739177198171551
0.7831613390385099,0.9739177198171551
0.7834130380065442,0.9739177198171551
0.7844198338786811,0.9739177198171551
0.7844198338786811,0.9744554987899973
0.7846715328467153,0.9744554987899973
0.7846715328467153,0.9749932777628395
0.7849232318147495,0.9749932777628395
0.785300780266801,0.9749932777628395
0.7855524792348352,0.9749932777628395
0.7883211678832117,0.9749932777628395
0.788572866851246,0.9749932777628395
0.7893279637553486,0.9749932777628395
0.7895796627233829,0.9749932777628395
0.7898313616914171,0.9749932777628395
0.7898313616914171,0.9752621672492605
0.7909640070475711,0.9752621672492605
0.7912157060156053,0.9752621672492605
0.7923483513717594,0.9752621672492605
0.7923483513717594,0.9755310567356816
0.7926000503397936,0.9755310567356816
0.7931034482758621,0.9755310567356816
0.7931034482758621,0.9760688357085238
0.7943619431160333,0.9760688357085238
0.7946136420840675,0.9760688357085238
0.7946136420840675,0.9763377251949449
0.7953687389881702,0.9763377251949449
0.7956204379562044,0.9763377251949449
0.7968789327963756,0.9763377251949449
0.7968789327963756,0.976606614681366
0.798389126604581,0.976606614681366
0.7991442235086836,0.976606614681366
0.7997734709287692,0.976606614681366
0.7997734709287692,0.976875504167787
0.8000251698968034,0.976875504167787
0.8000251698968034,0.9771443936542081
0.8002768688648376,0.9771443936542081
0.8002768688648376,0.9774132831406293
0.8004027183488548,0.9774132831406293
0.800654417316889,0.9774132831406293
0.801661213189026,0.9774132831406293
0.8019129121570602,0.9774132831406293
0.8045557513214195,0.9774132831406293
0.8045557513214195,0.9776821726270503
0.8051849987415052,0.9776821726270503
0.8056883966775736,0.9776821726270503
0.8069468915177448,0.9776821726270503
0.8074502894538133,0.9776821726270503
0.8077019884218475,0.9776821726270503
0.8079536873898817,0.9776821726270503
0.8084570853259502,0.9776821726270503
0.8087087842939844,0.9776821726270503
0.8095897306821042,0.9776821726270503
0.8095897306821042,0.9779510621134714
0.8098414296501384,0.9779510621134714
0.8107223760382583,0.9779510621134714
0.8109740750062925,0.9779510621134714
0.8112257739743267,0.9779510621134714
0.8112257739743267,0.9782199515998924
0.8117291719103952,0.9782199515998924
0.8119808708784294,0.9782199515998924
0.8143720110747545,0.9782199515998924
0.8146237100427888,0.9782199515998924
0.814875409010823,0.9782199515998924
0.8153788069468915,0.9782199515998924
0.8167631512710798,0.9782199515998924
0.8171406997231311,0.9782199515998924
0.818147495595268,0.9782199515998924
0.818147495595268,0.9784888410863135
0.8183991945633023,0.9784888410863135
0.8186508935313366,0.9784888410863135
0.8189025924993708,0.9784888410863135
0.8190284419833879,0.9784888410863135
0.8190284419833879,0.9787577305727346
0.8194059904354393,0.9787577305727346
0.8194059904354393,0.9790266200591556
0.8196576894034735,0.9790266200591556
0.8206644852756104,0.9790266200591556
0.8209161842436447,0.9790266200591556
0.8216712811477473,0.9790266200591556
0.8217971306317644,0.9792955095455768
0.82242637805185,0.9792955095455768
0.82242637805185,0.9795643990319979
0.8226780770198843,0.9795643990319979
0.8231814749559527,0.9795643990319979
0.8239365718600554,0.9795643990319979
0.8245658192801409,0.9795643990319979
0.8245658192801409,0.9798332885184189
0.8253209161842436,0.9798332885184189
0.8255726151522779,0.9798332885184189
0.8258243141203121,0.9798332885184189
0.8258243141203121,0.98010217800484
0.8262018625723635,0.98010217800484
0.8265794110244148,0.98010217800484
0.8274603574125347,0.98010217800484
0.8277120563805689,0.98010217800484
0.8278379058645859,0.98010217800484
0.8280896048326202,0.98010217800484
0.8292222501887743,0.98010217800484
0.8294739491568085,0.9803710674912611
0.829977347092877,0.9803710674912611
0.8302290460609112,0.9803710674912611
0.8313616914170652,0.9803710674912611
0.8316133903850994,0.9803710674912611
0.8319909388371508,0.9803710674912611
0.8319909388371508,0.9806399569776821
0.8324943367732193,0.9806399569776821
0.8329977347092877,0.9806399569776821
0.8342562295494589,0.9806399569776821
0.8345079285174931,0.9806399569776821
0.8347596274855273,0.9806399569776821
0.8347596274855273,0.9809088464641033
0.8353888749056129,0.9809088464641033
0.8356405738736471,0.9809088464641033
0.8357664233576643,0.9809088464641033
0.8357664233576643,0.9811777359505244
0.8395419078781777,0.9811777359505244
0.839793606846212,0.9811777359505244
0.8405487037503147,0.9811777359505244
0.8408004027183489,0.9811777359505244
0.8408004027183489,0.9814466254369454
0.8411779511704002,0.9814466254369454
0.8411779511704002,0.9817155149233665
0.8414296501384344,0.9817155149233665
0.8416813491064686,0.9817155149233665
0.8428139944626227,0.9817155149233665
0.8428139944626227,0.9819844044097876
0.843065693430657,0.9819844044097876
0.8434432418827083,0.9819844044097876
0.8434432418827083,0.9822532938962086
0.8459602315630506,0.9822532938962086
0.846337780015102,0.9822532938962086
0.8475962748552731,0.9822532938962086
0.8478479738233073,0.9822532938962086
0.8479738233073244,0.9822532938962086
0.8479738233073244,0.9825221833826298
0.84860307072741,0.9825221833826298
0.84860307072741,0.9830599623554719
0.8489806191794613,0.9830599623554719
0.849735716083564,0.9830599623554719
0.8504908129876667,0.9830599623554719
0.8507425119557009,0.9830599623554719
0.8522527057639063,0.9830599623554719
0.8522527057639063,0.983328851841893
0.8525044047319406,0.983328851841893
0.8526302542159577,0.983328851841893
0.8526302542159577,0.983597741328314
0.8535112006040775,0.983597741328314
0.8535112006040775,0.9838666308147351
0.8550213944122829,0.9838666308147351
0.8552730933803171,0.9838666308147351
0.8555247923483513,0.9838666308147351
0.8555247923483513,0.9844044097875773
0.8576642335766423,0.9844044097875773
0.8579159325446766,0.9844044097875773
0.8582934809967279,0.9844044097875773
0.8582934809967279,0.9846732992739984
0.8608104706770702,0.9846732992739984
0.8608104706770702,0.9849421887604195
0.8613138686131386,0.9849421887604195
0.8613138686131386,0.9854799677332616
0.862698212937327,0.9854799677332616
0.8629499119053612,0.9854799677332616
0.8633274603574125,0.9854799677332616
0.8633274603574125,0.9860177467061038
0.8633274603574125,0.9862866361925249
0.8639567077774981,0.9862866361925249
0.8639567077774981,0.986555525678946
0.864837654165618,0.986555525678946
0.864837654165618,0.986824415165367
0.8650893531336522,0.986824415165367
0.8650893531336522,0.9873621941382092
0.8657186005537377,0.9873621941382092
0.8657186005537377,0.9876310836246303
0.8679838912660458,0.9876310836246303
0.8679838912660458,0.9881688625974724
0.8701233324943368,0.9881688625974724
0.8701233324943368,0.9884377520838935
0.8702491819783539,0.9884377520838935
0.8702491819783539,0.9887066415703146
0.870375031462371,0.9887066415703146
0.8707525799144223,0.9887066415703146
0.8711301283664737,0.9887066415703146
0.8711301283664737,0.9892444205431568
0.871381827334508,0.9892444205431568
0.871381827334508,0.9895133100295779
0.871507676818525,0.9895133100295779
0.871507676818525,0.9897821995159989
0.8720110747545935,0.9897821995159989
0.8722627737226277,0.9897821995159989
0.8737729675308331,0.9897821995159989
0.8737729675308331,0.99005108900242
0.8741505159828845,0.99005108900242
0.8745280644349358,0.99005108900242
0.8745280644349358,0.9903199784888411
0.8751573118550214,0.9903199784888411
0.8754090108230557,0.9903199784888411
0.8755348603070727,0.9903199784888411
0.875786559275107,0.9903199784888411
0.8761641077271584,0.9903199784888411
0.8766675056632268,0.9903199784888411
0.8770450541152781,0.9903199784888411
0.877926000503398,0.9903199784888411
0.877926000503398,0.9905888679752621
0.8784293984394664,0.9905888679752621
0.8784293984394664,0.9908577574616833
0.8786810974075007,0.9908577574616833
0.8789327963755349,0.9908577574616833
0.8791844953435691,0.9908577574616833
0.8800654417316889,0.9908577574616833
0.8800654417316889,0.9911266469481044
0.8808205386357916,0.9911266469481044
0.88132393657186,0.9911266469481044
0.88132393657186,0.9913955364345254
0.8825824314120312,0.9913955364345254
0.8829599798640826,0.9913955364345254
0.8830858293480996,0.9916644259209465
0.8838409262522023,0.9916644259209465
0.8840926252202366,0.9916644259209465
0.884596023156305,0.9916644259209465
0.884596023156305,0.9919333154073676
0.8852252705763907,0.9919333154073676
0.8857286685124591,0.9919333154073676
0.8896300025169896,0.9919333154073676
0.8896300025169896,0.9922022048937886
0.891140196325195,0.9922022048937886
0.892146992197332,0.9922022048937886
0.89441228290964,0.9922022048937886
0.89441228290964,0.9924710943802098
0.8946639818776743,0.9924710943802098
0.8946639818776743,0.9927399838666308
0.8949156808457085,0.9927399838666308
0.8949156808457085,0.9930088733530519
0.896551724137931,0.9930088733530519
0.896551724137931,0.993277762839473
0.8971809715580166,0.993277762839473
0.8974326705260508,0.993277762839473
0.8974326705260508,0.993546652325894
0.8990687138182734,0.993546652325894
0.8993204127863076,0.993546652325894
0.8995721117543418,0.993546652325894
0.9003272086584445,0.993546652325894
0.9013340045305814,0.993546652325894
0.9015857034986157,0.993546652325894
0.9022149509187012,0.993546652325894
0.9024666498867354,0.993546652325894
0.9025924993707526,0.993546652325894
0.9025924993707526,0.9938155418123151
0.9032217467908381,0.9938155418123151
0.9034734457588723,0.9938155418123151
0.9043543921469922,0.9938155418123151
0.9046060911150264,0.9938155418123151
0.9048577900830607,0.9938155418123151
0.9048577900830607,0.9940844312987362
0.9051094890510949,0.9940844312987362
0.9051094890510949,0.9943533207851573
0.9059904354392146,0.9943533207851573
0.9062421344072489,0.9943533207851573
0.9091366725396426,0.9943533207851573
0.9093883715076768,0.9943533207851573
0.909514220991694,0.9943533207851573
0.9097659199597282,0.9943533207851573
0.9107727158318651,0.9943533207851573
0.9114019632519507,0.9943533207851573
0.9121570601560534,0.9943533207851573
0.9124087591240876,0.9943533207851573
0.9126604580921218,0.9943533207851573
0.912912157060156,0.9943533207851573
0.9135414044802417,0.9943533207851573
0.9137931034482759,0.9943533207851573
0.9153032972564813,0.9943533207851573
0.9156808457085326,0.9943533207851573
0.9159325446765668,0.9943533207851573
0.9159325446765668,0.9948910997579995
0.9185753838409263,0.9948910997579995
0.9188270828089605,0.9948910997579995
0.9199597281651145,0.9948910997579995
0.9202114271331487,0.9948910997579995
0.9209665240372514,0.9948910997579995
0.9209665240372514,0.9951599892444205
0.9213440724893028,0.9951599892444205
0.9215957714573371,0.9951599892444205
0.9222250188774226,0.9951599892444205
0.9224767178454568,0.9951599892444205
0.922602567329474,0.9954288787308416
0.9257488044299018,0.9954288787308416
0.926000503397936,0.9954288787308416
0.9268814497860559,0.9954288787308416
0.9268814497860559,0.9956977682172627
0.9300276868864837,0.9956977682172627
0.930279385854518,0.9956977682172627
0.9304052353385351,0.9956977682172627
0.9307827837905864,0.9956977682172627
0.9321671281147748,0.9956977682172627
0.932544676566826,0.9956977682172627
0.9327963755348603,0.9956977682172627
0.9336773219229801,0.9956977682172627
0.9339290208910144,0.9956977682172627
0.9343065693430657,0.9956977682172627
0.9353133652152026,0.9956977682172627
0.9355650641832368,0.9956977682172627
0.9359426126352882,0.9956977682172627
0.9359426126352882,0.9959666577036838
0.9364460105713567,0.9959666577036838
0.9366977095393909,0.9959666577036838
0.9372011074754594,0.9959666577036838
0.9374528064434936,0.9959666577036838
0.9375786559275107,0.9959666577036838
0.9379562043795621,0.9959666577036838
0.9387113012836648,0.9959666577036838
0.9395922476717845,0.9959666577036838
0.9399697961238359,0.9959666577036838
0.9402214950918701,0.9959666577036838
0.9411024414799899,0.9959666577036838
0.9411024414799899,0.9962355471901049
0.9413541404480241,0.9962355471901049
0.9416058394160584,0.9962355471901049
0.9429901837402467,0.9962355471901049
0.9429901837402467,0.996504436676526
0.943367732192298,0.996504436676526
0.9436194311603322,0.996504436676526
0.9438711301283664,0.996504436676526
0.9441228290964007,0.996504436676526
0.9442486785804178,0.996504436676526
0.9445003775484521,0.996504436676526
0.9448779260005034,0.996504436676526
0.9448779260005034,0.996773326162947
0.945633022904606,0.996773326162947
0.9458847218726403,0.996773326162947
0.9462622703246917,0.996773326162947
0.9475207651648628,0.996773326162947
0.9476466146488799,0.996773326162947
0.9486534105210168,0.996773326162947
0.9495343569091367,0.996773326162947
0.9500377548452051,0.996773326162947
0.9509187012333249,0.996773326162947
0.9511704002013591,0.996773326162947
0.9516737981374276,0.996773326162947
0.9523030455575132,0.996773326162947
0.9526805940095645,0.996773326162947
0.953183991945633,0.996773326162947
0.9536873898817014,0.996773326162947
0.9541907878177699,0.996773326162947
0.9544424867858041,0.996773326162947
0.9558268311099924,0.996773326162947
0.9560785300780267,0.996773326162947
0.9577145733702492,0.996773326162947
0.9579662723382835,0.996773326162947
0.958595519758369,0.996773326162947
0.9588472187264032,0.996773326162947
0.9614900578907627,0.996773326162947
0.9626227032469167,0.996773326162947
0.9628744022149509,0.996773326162947
0.9628744022149509,0.9970422156493681
0.9632519506670023,0.9970422156493681
0.9638811980870878,0.9970422156493681
0.9647621444752077,0.9970422156493681
0.9650138434432419,0.9970422156493681
0.9658947898313617,0.9970422156493681
0.9661464887993959,0.9970422156493681
0.9690410269317896,0.9970422156493681
0.9690410269317896,0.9973111051357892
0.9696702743518751,0.9973111051357892
0.9699219733199094,0.9973111051357892
0.9699219733199094,0.9975799946222103
0.9709287691920463,0.9975799946222103
0.9709287691920463,0.9978488841086314
0.9728165114523031,0.9978488841086314
0.9730682104203373,0.9978488841086314
0.974955952680594,0.9978488841086314
0.9752076516486282,0.9978488841086314
0.9754593506166624,0.9978488841086314
0.9757110495846967,0.9978488841086314
0.9758368990687138,0.9978488841086314
0.9762144475207651,0.9978488841086314
0.9764661464887994,0.9978488841086314
0.9764661464887994,0.9981177735950524
0.9768436949408508,0.9981177735950524
0.9768436949408508,0.9983866630814735
0.9779763402970048,0.9983866630814735
0.978228039265039,0.9983866630814735
0.9792348351371759,0.9983866630814735
0.9792348351371759,0.9986555525678946
0.9798640825572615,0.9986555525678946
0.9801157815252958,0.9986555525678946
0.9867858041782028,0.9986555525678946
0.9867858041782028,0.9989244420543156
0.9871633526302542,0.9989244420543156
0.9871633526302542,0.9991933315407368
0.9874150515982885,0.9991933315407368
0.9874150515982885,0.9994622210271579
0.9890510948905109,0.9994622210271579
0.9890510948905109,0.9997311105135789
0.9959728165114523,0.9997311105135789
0.9959728165114523,1.0
0.9974830103196577,1.0
1.0,1.0
