recall,precision
1.0,0.28202218860312656
1.0,0.2822712933753943
1.0,0.28230691569914185
1.0,0.28234254701501954
1.0,0.2823781873264327
1.0,0.28241383663678826
1.0,0.28244949494949495
1.0,0.2824851622679631
1.0,0.28252083859560495
1.0,0.2825565239358343
1.0,0.2825922182920667
1.0,0.2826279216677195
1.0,0.28266363406621176
1.0,0.28269935549096425
1.0,0.28273508594539937
1.0,0.28277082543294146
1.0,0.2828065739570164
1.0,0.282842331521052
1.0,0.2828780981284775
1.0,0.28291387378272415
1.0,0.2829496584872249
1.0,0.28298545224541427
1.0,0.2830212550607287
1.0,0.28305706693660637
1.0,0.28309288787648695
1.0,0.28312871788381216
1.0,0.2831645569620253
1.0,0.28320040511457145
1.0,0.28323626234489746
1.0,0.2832721286564518
0.9995529727313366,0.28318135764944274
0.9995529727313366,0.2832172260924636
0.9995529727313366,0.2832531036230048
0.9995529727313366,0.2832889902445205
0.9995529727313366,0.2833248859604663
0.9995529727313366,0.2833607907742998
0.9995529727313366,0.28339670468948036
0.9995529727313366,0.28343262770946887
0.9995529727313366,0.2834685598377282
0.9995529727313366,0.28350450107772285
0.9995529727313366,0.2835404514329191
0.9995529727313366,0.28357641090678504
0.9995529727313366,0.28361237950279045
0.9995529727313366,0.28364835722440696
0.9995529727313366,0.28368434407510784
0.9995529727313366,0.2837203400583682
0.9995529727313366,0.28375634517766496
0.9995529727313366,0.28379235943647674
0.9995529727313366,0.2838283828382838
0.9995529727313366,0.2838644153865685
0.9995529727313366,0.28390045708481465
0.9991059454626732,0.2838095238095238
0.9991059454626732,0.2838455676911354
0.9991059454626732,0.283881620729074
0.9991059454626732,0.2839176829268293
0.9991059454626732,0.28395375428789227
0.9991059454626732,0.283989834815756
0.9991059454626732,0.28402592451391534
0.9991059454626732,0.2840620233858668
0.9991059454626732,0.2840981314351087
0.9991059454626732,0.2841342486651411
0.9991059454626732,0.28417037507946596
0.9991059454626732,0.284206510681587
0.9991059454626732,0.28424265547500954
0.9991059454626732,0.2842788094632409
0.9991059454626732,0.2843149726497901
0.9991059454626732,0.28435114503816794
0.9991059454626732,0.284387326631887
0.9991059454626732,0.2844235174344617
0.9991059454626732,0.2844597174494082
0.9991059454626732,0.2844959266802444
0.9991059454626732,0.28453214513049013
0.9991059454626732,0.2845683728036669
0.9991059454626732,0.2846046097032981
0.9991059454626732,0.2846408558329088
0.9991059454626732,0.284677111196026
0.9991059454626732,0.28471337579617834
0.9991059454626732,0.2847496496368964
0.9991059454626732,0.28478593272171254
0.9991059454626732,0.2848222250541608
0.9991059454626732,0.2848585266377772
0.9991059454626732,0.28489483747609945
0.9991059454626732,0.284931157572667
0.9991059454626732,0.2849674869310213
0.9991059454626732,0.28500382555470544
0.9991059454626732,0.2850401734472644
0.9986589181940099,0.28494897959183674
0.9986589181940099,0.2849853297614492
0.9986589181940099,0.28502168920643023
0.9986589181940099,0.2850580579303305
0.9986589181940099,0.2850944359367024
0.9986589181940099,0.2851308232291002
0.9986589181940099,0.2851672198110799
0.9986589181940099,0.2852036256861994
0.9986589181940099,0.2852400408580184
0.9986589181940099,0.2852764653300983
0.9986589181940099,0.28531289910600255
0.9986589181940099,0.2853493421892962
0.9986589181940099,0.28538579458354624
0.9986589181940099,0.28542225629232143
0.9986589181940099,0.2854587273191924
0.9986589181940099,0.2854952076677316
0.9986589181940099,0.2855316973415133
0.9986589181940099,0.2855681963441135
0.9986589181940099,0.2856047046791102
0.9986589181940099,0.2856412223500831
0.9986589181940099,0.2856777493606138
0.9986589181940099,0.2857142857142857
0.9986589181940099,0.28575083141468405
0.9986589181940099,0.2857873864653959
0.9986589181940099,0.2858239508700102
0.9986589181940099,0.2858605246321177
0.9986589181940099,0.28589710775531096
0.9986589181940099,0.28593370024318443
0.9986589181940099,0.2859703020993344
0.9986589181940099,0.28600691332735884
0.9986589181940099,0.28604353393085785
0.9986589181940099,0.2860801639134332
0.9986589181940099,0.28611680327868855
0.9986589181940099,0.2861534520302293
0.9986589181940099,0.28619011017166285
0.9986589181940099,0.2862267777065983
0.9986589181940099,0.28626345463864683
0.9986589181940099,0.28630014097142126
0.9986589181940099,0.28633683670853627
0.9986589181940099,0.2863735418536085
0.9986589181940099,0.2864102564102564
0.9986589181940099,0.28644698038210026
0.9986589181940099,0.28648371377276227
0.9986589181940099,0.28652045658586633
0.9986589181940099,0.2865572088250385
0.9986589181940099,0.28659397049390634
0.9986589181940099,0.2866307415960996
0.9986589181940099,0.2866675221352496
0.9986589181940099,0.28670431211498976
0.9986589181940099,0.2867411115389552
0.9982118909253465,0.2866495507060334
0.9982118909253465,0.2866863525484658
0.9982118909253465,0.2867231638418079
0.9982118909253465,0.28675998458970076
0.9982118909253465,0.28679681479578734
0.9982118909253465,0.2868336544637123
0.9982118909253465,0.2868705035971223
0.9982118909253465,0.28690736219966595
0.9982118909253465,0.28694423027499355
0.9982118909253465,0.2869811078267575
0.9982118909253465,0.28701799485861185
0.9982118909253465,0.28705489137421264
0.9982118909253465,0.2870917973772178
0.9982118909253465,0.2871287128712871
0.9982118909253465,0.2871656378600823
0.9982118909253465,0.28720257234726687
0.9982118909253465,0.2872395163365063
0.9982118909253465,0.28727646983146793
0.9982118909253465,0.2873134328358209
0.9982118909253465,0.2873504053532364
0.9982118909253465,0.2873873873873874
0.9982118909253465,0.2874243789419488
0.9982118909253465,0.28746138002059735
0.9982118909253465,0.2874983906270117
0.9982118909253465,0.28753541076487255
0.9982118909253465,0.2875724404378622
0.9982118909253465,0.2876094796496651
0.9982118909253465,0.28764652840396754
0.9982118909253465,0.2876835867044576
0.9982118909253465,0.28772065455482543
0.9982118909253465,0.28775773195876286
0.9982118909253465,0.2878319154421243
0.997764863656683,0.28774010571097075
0.997764863656683,0.28777720474471374
0.997764863656683,0.28781431334622826
0.997764863656683,0.2878514315192159
0.997764863656683,0.2878885592673804
0.997764863656683,0.28792569659442724
0.997764863656683,0.287962843504064
0.997764863656683,0.288
0.997764863656683,0.2880371660859466
0.997764863656683,0.2880743417656169
0.997764863656683,0.2881115270427262
0.997764863656683,0.2881487219209915
0.997764863656683,0.2881859264041317
0.997764863656683,0.2882231404958678
0.997764863656683,0.2882603641999225
0.997764863656683,0.28829759752002065
0.997764863656683,0.2883348404598889
0.997764863656683,0.28837209302325584
0.997764863656683,0.2884093552138519
0.997764863656683,0.2884466270354097
0.997764863656683,0.28848390849166344
0.997764863656683,0.28852119958634953
0.997764863656683,0.2885958107059736
0.997764863656683,0.2886331307383939
0.997764863656683,0.28870779976717115
0.997764863656683,0.288745148771022
0.997764863656683,0.2887825074395135
0.997764863656683,0.2888198757763975
0.997764863656683,0.2888572537854277
0.997764863656683,0.2888946414703598
0.997764863656683,0.28893203883495144
0.997764863656683,0.2889694458829622
0.997764863656683,0.28900686261815356
0.997764863656683,0.289044289044289
0.997764863656683,0.28908172516513403
0.997764863656683,0.28911917098445594
0.997764863656683,0.2891566265060241
0.997764863656683,0.28919409173360977
0.997764863656683,0.28923156667098615
0.997764863656683,0.2892690513219285
0.997764863656683,0.28930654569021386
0.997764863656683,0.28934404977962147
0.997764863656683,0.2893815635939323
0.997764863656683,0.2894190871369295
0.997764863656683,0.28949416342412454
0.997764863656683,0.2895317161758983
0.997764863656683,0.2896068509147528
0.997764863656683,0.2896444329094212
0.997764863656683,0.28968202465931214
0.997764863656683,0.2897196261682243
0.997764863656683,0.28975723743995846
0.997764863656683,0.2897948584783173
0.997764863656683,0.2898324892871056
0.997764863656683,0.2898701298701299
0.997764863656683,0.28990778023119884
0.997764863656683,0.2899454403741232
0.997764863656683,0.28998311030271534
0.997764863656683,0.29002079002079
0.997764863656683,0.29005847953216374
0.997764863656683,0.2900961788406551
0.997764863656683,0.2901338879500845
0.997764863656683,0.29017160686427457
0.997764863656683,0.2902093355870498
0.997764863656683,0.29024707412223666
0.997764863656683,0.29028482247366366
0.997764863656683,0.2903225806451613
0.997764863656683,0.290360348640562
0.997764863656683,0.2903981264637002
0.997764863656683,0.2904359141184125
0.997764863656683,0.29047371160853724
0.997764863656683,0.2905115189379149
0.997764863656683,0.2905493361103879
0.997764863656683,0.2905871631298008
0.997764863656683,0.290625
0.997764863656683,0.29066284672483395
0.997764863656683,0.2907007033081532
0.997764863656683,0.29073856975381007
0.997764863656683,0.2907764460656592
0.997764863656683,0.290814332247557
0.997764863656683,0.290852228303362
0.997764863656683,0.2908901342369347
0.997764863656683,0.2909280500521376
0.997764863656683,0.29096597575283534
0.997764863656683,0.2910039113428944
0.997764863656683,0.29104185682618333
0.997764863656683,0.29107981220657275
0.997764863656683,0.2911177774879353
0.997764863656683,0.29115575267414556
0.997764863656683,0.29119373776908025
0.997764863656683,0.29123173277661796
0.997764863656683,0.29126973770063946
0.997764863656683,0.2913077525450274
0.997764863656683,0.2913457773136666
0.997764863656683,0.2913838120104439
0.997764863656683,0.29142185663924797
0.997764863656683,0.2914599112039697
0.997764863656683,0.291497975708502
0.997764863656683,0.29157413455258
0.997764863656683,0.2916122288999216
0.997764863656683,0.29165033320266565
0.997764863656683,0.2916884474647151
0.997764863656683,0.2917265716899752
0.997764863656683,0.2917647058823529
0.997764863656683,0.2918028500457576
0.997764863656683,0.2918410041841004
0.997764863656683,0.2918791683012946
0.997764863656683,0.29191734240125555
0.997764863656683,0.2919555264879006
0.997764863656683,0.29199372056514916
0.997764863656683,0.2920701387071447
0.997764863656683,0.2921083627797409
0.997764863656683,0.29214659685863875
0.997764863656683,0.29218484094776803
0.997764863656683,0.2922230950510605
0.997764863656683,0.29226135917244994
0.997764863656683,0.29229963331587216
0.997764863656683,0.2923379174852652
0.997764863656683,0.292376211684569
0.997764863656683,0.29241451591772566
0.997764863656683,0.29245283018867924
0.997764863656683,0.29249115450137597
0.997764863656683,0.2925294888597641
0.9973178363880196,0.29243675448944817
0.9973178363880196,0.29247509176717357
0.9968708091193563,0.2923823259472925
0.9968708091193563,0.2924206661421453
0.9968708091193563,0.29245901639344263
0.9968708091193563,0.29249737670514164
0.9968708091193563,0.2925357470812016
0.9968708091193563,0.2925741275255838
0.9968708091193563,0.2926125180422517
0.9968708091193563,0.2926509186351706
0.9968708091193563,0.29268932930830815
0.9968708091193563,0.292727750065634
0.9968708091193563,0.2927661809111199
0.9968708091193563,0.2928046218487395
0.9968708091193563,0.2928430728824688
0.9968708091193563,0.2928815340162858
0.9968708091193563,0.2929200052541705
0.9968708091193563,0.2929584866001051
0.9968708091193563,0.29299697805807384
0.9968708091193563,0.29303547963206306
0.9968708091193563,0.29307399132606127
0.9968708091193563,0.2931125131440589
0.9968708091193563,0.29315104509004863
0.9964237818506929,0.2930581120168288
0.9959767545820295,0.29296515450361604
0.9959767545820295,0.2930036822724882
0.9959767545820295,0.2930422201762462
0.9959767545820295,0.2930807682188898
0.9959767545820295,0.29311932640442045
0.9959767545820295,0.2931578947368421
0.9959767545820295,0.29319647322016057
0.9959767545820295,0.29323506185838377
0.9959767545820295,0.2932736606555219
0.9959767545820295,0.29331226961558715
0.9959767545820295,0.2933508887425938
0.9959767545820295,0.29338951804055835
0.9959767545820295,0.29342815751349927
0.9959767545820295,0.2934668071654373
0.9959767545820295,0.2935054670003952
0.9959767545820295,0.2935441370223979
0.9959767545820295,0.2935828172354724
0.9959767545820295,0.29362150764364786
0.9955297273133661,0.29352840384868856
0.9955297273133661,0.2935670972844714
0.9950827000447027,0.2934739617666447
0.9950827000447027,0.2935126582278481
0.9950827000447027,0.2935513648951602
0.9950827000447027,0.29359008177261936
0.9950827000447027,0.29362880886426596
0.9950827000447027,0.2936675461741425
0.9950827000447027,0.2937062937062937
0.9950827000447027,0.2937450514647664
0.9950827000447027,0.2937838194536096
0.9950827000447027,0.29382259767687435
0.9950827000447027,0.29386138613861384
0.9950827000447027,0.29390018484288355
0.9950827000447027,0.29393899379374094
0.9950827000447027,0.29397781299524567
0.9950827000447027,0.29401664245145953
0.9950827000447027,0.2940554821664465
0.9950827000447027,0.2940943321442727
0.9950827000447027,0.2941331923890063
0.9950827000447027,0.2942109436954798
0.9950827000447027,0.2942498347653668
0.9950827000447027,0.29428873611845585
0.9950827000447027,0.29432764775882586
0.9950827000447027,0.2943665696905581
0.9950827000447027,0.29440550191773573
0.9950827000447027,0.29444444444444445
0.9950827000447027,0.2944833972747718
0.9950827000447027,0.2945223604128076
0.9950827000447027,0.2945613338626439
0.9950827000447027,0.2946003176283748
0.9950827000447027,0.29463931171409663
0.9950827000447027,0.2946783161239079
0.9950827000447027,0.29471733086190915
0.9950827000447027,0.2947563559322034
0.9950827000447027,0.2947953913388955
0.9950827000447027,0.2948344370860927
0.9950827000447027,0.29487349317790434
0.9950827000447027,0.294912559618442
0.9950827000447027,0.29495163641181926
0.9950827000447027,0.2949907235621521
0.9950827000447027,0.29502982107355863
0.9950827000447027,0.29506892895015907
0.9950827000447027,0.2951080471960758
0.9950827000447027,0.2951471758154336
0.9950827000447027,0.29518631481235913
0.9950827000447027,0.29522546419098145
0.9950827000447027,0.29526462395543174
0.9950827000447027,0.2953037941098435
0.9950827000447027,0.29534297465835213
0.9950827000447027,0.29538216560509556
0.9950827000447027,0.29542136695421367
0.9950827000447027,0.2954605787098487
0.9950827000447027,0.29549980087614497
0.9950827000447027,0.2955390334572491
0.9950827000447027,0.2955782764573098
0.9950827000447027,0.29561752988047807
0.9950827000447027,0.29565679373090714
0.9950827000447027,0.2956960680127524
0.9950827000447027,0.2957353527301714
0.9950827000447027,0.29577464788732394
0.9950827000447027,0.2958139534883721
0.9950827000447027,0.2958532695374801
0.9950827000447027,0.2958925960388143
0.9950827000447027,0.29597128041483844
0.9950827000447027,0.29601063829787233
0.9950827000447027,0.29605000664982045
0.9950827000447027,0.29608938547486036
0.9950827000447027,0.29612877477717175
0.9950827000447027,0.2961681745609367
0.9950827000447027,0.2962075848303393
0.9950827000447027,0.2962470055895661
0.9950827000447027,0.2962864368428058
0.9950827000447027,0.2963258785942492
0.9950827000447027,0.29636533084808947
0.9950827000447027,0.29640479360852195
0.9950827000447027,0.2964442668797443
0.9950827000447027,0.29648375066595634
0.9950827000447027,0.2965627498001599
0.9950827000447027,0.2966022651565623
0.9946356727760394,0.2965085287846482
0.9946356727760394,0.2965480474476876
0.9946356727760394,0.29658757664622765
0.9946356727760394,0.2966271163844821
0.9946356727760394,0.2966666666666667
0.9946356727760394,0.2967062274969996
0.9946356727760394,0.29674579887970126
0.9946356727760394,0.29678538081899425
0.9946356727760394,0.2968249733191035
0.9946356727760394,0.2968645763842562
0.9946356727760394,0.2969041900186816
0.9946356727760394,0.2969438142266115
0.9946356727760394,0.29698344901227974
0.994188645507376,0.29688960085435856
0.994188645507376,0.29692923898531376
0.994188645507376,0.2969688877019629
0.994188645507376,0.297008547008547
0.994188645507376,0.2970482169093095
0.994188645507376,0.29708789740849584
0.994188645507376,0.29712758851035403
0.994188645507376,0.29716729021913413
0.994188645507376,0.29724672547447206
0.994188645507376,0.2972864590295415
0.994188645507376,0.29732620320855613
0.994188645507376,0.29736595801577753
0.994188645507376,0.2974057234554694
0.994188645507376,0.2974454995318978
0.994188645507376,0.2974852862493312
0.994188645507376,0.2975250836120401
0.994188645507376,0.29756489162429756
0.994188645507376,0.2976047102903787
0.994188645507376,0.29764453961456105
0.994188645507376,0.29768437960112437
0.994188645507376,0.29772423025435074
0.9937416182387125,0.2976302048466997
0.9937416182387125,0.2976700589180504
0.9937416182387125,0.29770992366412213
0.9937416182387125,0.2977497990892044
0.9937416182387125,0.29778968519758875
0.9937416182387125,0.2978295819935691
0.9937416182387125,0.29786948948144176
0.9937416182387125,0.2979094076655052
0.9937416182387125,0.29794933655006034
0.9937416182387125,0.2979892761394102
0.9937416182387125,0.2980292264378603
0.9937416182387125,0.29806918744971844
0.9937416182387125,0.29810915917929465
0.9937416182387125,0.2981491416309013
0.9937416182387125,0.2981891348088531
0.9937416182387125,0.29822913871746715
0.9937416182387125,0.29826915336106263
0.9937416182387125,0.29830917874396135
0.9937416182387125,0.29834921487048716
0.9937416182387125,0.29838926174496644
0.9937416182387125,0.29842931937172773
0.9937416182387125,0.29846938775510207
0.9937416182387125,0.2985094668994226
0.9937416182387125,0.298549556809025
0.9937416182387125,0.2985896574882472
0.9937416182387125,0.29862976894142934
0.9937416182387125,0.29866989117291415
0.9937416182387125,0.2987100241870465
0.9937416182387125,0.2987501679881736
0.9932945909700491,0.2986559139784946
0.9932945909700491,0.29869606129856163
0.9932945909700491,0.29873621941382095
0.9932945909700491,0.29877638832862713
0.9932945909700491,0.2988165680473373
0.9932945909700491,0.2988567585743107
0.9932945909700491,0.2988969599139091
0.9932945909700491,0.2989371720704964
0.9932945909700491,0.2989773950484392
0.9932945909700491,0.29901762885210603
0.9932945909700491,0.2990578734858681
0.9932945909700491,0.2990981289540988
0.9932945909700491,0.2991383952611739
0.9932945909700491,0.29917867241147167
0.9932945909700491,0.29921896040937246
0.9932945909700491,0.2992592592592593
0.9932945909700491,0.29929956896551724
0.9932945909700491,0.29933988953253404
0.9932945909700491,0.2993802209646995
0.9932945909700491,0.29942056326640615
0.9932945909700491,0.29946091644204853
0.9932945909700491,0.2995012804960237
0.9932945909700491,0.2995416554327312
0.9932945909700491,0.29958204125657273
0.9932945909700491,0.29962243797195254
0.9932945909700491,0.29966284558327716
0.9932945909700491,0.2997032640949555
0.9932945909700491,0.2997436935113989
0.9932945909700491,0.29978413383702107
0.9932945909700491,0.29982458507623805
0.9932945909700491,0.2998650472334683
0.9932945909700491,0.29990552031313267
0.9932945909700491,0.2999460043196544
0.9932945909700491,0.2999864992574592
0.9928475637013858,0.29989197947610047
0.9928475637013858,0.299932478055368
0.9928475637013858,0.29997298757428414
0.9928475637013858,0.30001350803728216
0.9928475637013858,0.3000540394487976
0.9928475637013858,0.3000945818132685
0.9928475637013858,0.3001351351351351
0.9928475637013858,0.30017569941884037
0.9928475637013858,0.3002162746688294
0.9928475637013858,0.30025686088954984
0.9928475637013858,0.3002974580854516
0.9928475637013858,0.30033806626098714
0.9924005364327224,0.30024344062753583
0.9924005364327224,0.3002840524820776
0.9924005364327224,0.3003246753246753
0.9924005364327224,0.30036530915978893
0.9924005364327224,0.3004059539918809
0.9924005364327224,0.30044660982541616
0.9924005364327224,0.3004872766648619
0.9924005364327224,0.30052795451468794
0.9924005364327224,0.3005686433793664
0.9924005364327224,0.3006093432633717
0.9924005364327224,0.30065005417118096
0.9924005364327224,0.30069077610727346
0.9924005364327224,0.3007315090761311
0.9924005364327224,0.3007722530822382
0.9924005364327224,0.3008130081300813
0.9924005364327224,0.3008537742241496
0.9924005364327224,0.30089455136893467
0.9924005364327224,0.3009353395689305
0.9924005364327224,0.3009761388286334
0.9924005364327224,0.30101694915254235
0.9924005364327224,0.30105777054515864
0.9924005364327224,0.301098603010986
0.9924005364327224,0.3011394465545307
0.9924005364327224,0.3011803011803012
0.9924005364327224,0.3012211668928087
0.9924005364327224,0.3012620436965667
0.9924005364327224,0.30130293159609123
0.9924005364327224,0.30134383059590064
0.9924005364327224,0.3013847407005159
0.9924005364327224,0.3014256619144603
0.9924005364327224,0.30146659424225963
0.9924005364327224,0.3015075376884422
0.9924005364327224,0.3015484922575387
0.9924005364327224,0.3015894579540823
0.9924005364327224,0.3016304347826087
0.9924005364327224,0.3016714227476559
0.9924005364327224,0.3017124218537646
0.9924005364327224,0.3017534321054778
0.9924005364327224,0.30179445350734097
0.9924005364327224,0.3018354860639021
0.9924005364327224,0.30187652977971174
0.9924005364327224,0.3019175846593227
0.9924005364327224,0.30199972792817303
0.9924005364327224,0.3020408163265306
0.9924005364327224,0.3020819159069261
0.9924005364327224,0.3021230266739249
0.9924005364327224,0.30216414863209473
0.9924005364327224,0.302205281786006
0.9924005364327224,0.30224642614023145
0.9924005364327224,0.3022875816993464
0.9924005364327224,0.3023287484679286
0.9924005364327224,0.30236992645055843
0.9924005364327224,0.30241111565181855
0.9924005364327224,0.3024523160762943
0.9924005364327224,0.30249352772857335
0.9924005364327224,0.30253475061324614
0.9924005364327224,0.30257598473490527
0.9924005364327224,0.3026172300981461
0.9924005364327224,0.30265848670756645
0.9924005364327224,0.30269975456776654
0.9924005364327224,0.30274103368334926
0.9924005364327224,0.3027823240589198
0.9924005364327224,0.30282362569908605
0.9924005364327224,0.30286493860845837
0.9924005364327224,0.3029062627916496
0.9924005364327224,0.3029475982532751
0.9924005364327224,0.30298894499795276
0.9924005364327224,0.30303030303030304
0.9924005364327224,0.3030716723549488
0.9924005364327224,0.3031130529765156
0.9924005364327224,0.3031544448996313
0.9924005364327224,0.3031958481289265
0.9924005364327224,0.3032372626690343
0.9924005364327224,0.30327868852459017
0.9924005364327224,0.30332012570023226
0.9924005364327224,0.3033615742006013
0.9924005364327224,0.3034030340303403
0.9924005364327224,0.30344450519409516
0.9924005364327224,0.303485987696514
0.9924005364327224,0.30352748154224773
0.9924005364327224,0.3035689867359497
0.9924005364327224,0.30361050328227573
0.9924005364327224,0.3036520311858843
0.9924005364327224,0.3036935704514364
0.9924005364327224,0.30373512108359557
0.9924005364327224,0.30377668308702793
0.9924005364327224,0.3038182564664021
0.9924005364327224,0.30385984122638926
0.9924005364327224,0.30390143737166325
0.9924005364327224,0.30394304490690033
0.9924005364327224,0.3039846638367794
0.991953509164059,0.3038893453848261
0.991953509164059,0.30393096836049854
0.991953509164059,0.30397260273972604
0.991953509164059,0.3040142485271955
0.991953509164059,0.3040559057275966
0.991953509164059,0.3040975743456215
0.991953509164059,0.3041392543859649
0.991953509164059,0.30418094585332417
0.991953509164059,0.30422264875239924
0.991953509164059,0.3042643630878925
0.991953509164059,0.30430608886450905
0.991953509164059,0.30434782608695654
0.991953509164059,0.3043895747599451
0.991953509164059,0.3044313348881877
0.991953509164059,0.3044731064763996
0.991953509164059,0.3045148895292987
0.991953509164059,0.3045566840516058
0.991953509164059,0.3045984900480439
0.991953509164059,0.3046403075233388
0.9915064818953956,0.30454483042702185
0.9915064818953956,0.3045866520186762
0.9915064818953956,0.3046284850982008
0.9915064818953956,0.30467032967032964
0.9915064818953956,0.3047121857397994
0.9915064818953956,0.30475405331134925
0.9915064818953956,0.304795932389721
0.9915064818953956,0.30483782297965917
0.9915064818953956,0.30487972508591066
0.9910594546267323,0.304784162771515
0.9910594546267323,0.30482606902241166
0.9910594546267323,0.3048679867986799
0.9910594546267323,0.30490991610507495
0.9910594546267323,0.3049518569463549
0.9910594546267323,0.3049938093272802
0.9910594546267323,0.3050357732526142
0.9910594546267323,0.3050777487271226
0.9910594546267323,0.3051197357555739
0.9910594546267323,0.30516173434273913
0.9910594546267323,0.30520374449339205
0.9910594546267323,0.305245766212309
0.9910594546267323,0.3052877995042688
0.9910594546267323,0.30532984437405314
0.9910594546267323,0.3053719008264463
0.9910594546267323,0.305413968866235
0.9910594546267323,0.3054560484982089
0.9910594546267323,0.30549813972716
0.9906124273580689,0.3054024255788313
0.9906124273580689,0.3054445210199862
0.9906124273580689,0.3054866280672732
0.9906124273580689,0.3055287467254929
0.9906124273580689,0.3055708769994484
0.9906124273580689,0.30561301889394565
0.9906124273580689,0.3056551724137931
0.9906124273580689,0.3056973375638019
0.9906124273580689,0.3057395143487859
0.9906124273580689,0.3057817027735615
0.9906124273580689,0.30582390284294786
0.9906124273580689,0.3058661145617667
0.9906124273580689,0.3059083379348426
0.9906124273580689,0.3059505729670026
0.9906124273580689,0.3059928196630765
0.9906124273580689,0.3060350780278967
0.9906124273580689,0.3060773480662983
0.9906124273580689,0.30611962978311924
0.9906124273580689,0.3061619231831998
0.9901654000894055,0.3060660494680116
0.9901654000894055,0.3061083471531233
0.9901654000894055,0.3061506565307533
0.9901654000894055,0.30619297760575065
0.9901654000894055,0.306235310382967
0.9901654000894055,0.3062776548672566
0.9901654000894055,0.30632001106347667
0.989718372820742,0.3062240663900415
0.9892713455520786,0.3061704482567792
0.9892713455520786,0.3062128130621281
0.9892713455520786,0.30629757785467127
0.9892713455520786,0.30633997785160577
0.9892713455520786,0.30638238958881353
0.9892713455520786,0.3064248130711714
0.9892713455520786,0.30646724830355904
0.9892713455520786,0.30650969529085875
0.9892713455520786,0.3065521540379554
0.9892713455520786,0.3065946245497368
0.9892713455520786,0.30663710683109324
0.9892713455520786,0.306679600886918
0.9892713455520786,0.3067221067221067
0.9892713455520786,0.3067646243415581
0.9892713455520786,0.3068071537501733
0.9892713455520786,0.30684969495285636
0.9888243182834153,0.30675357093329636
0.9888243182834153,0.3067961165048544
0.9888243182834153,0.3068386738798724
0.9888243182834153,0.30688124306326303
0.9888243182834153,0.30692382405994173
0.9888243182834153,0.3069664168748265
0.9888243182834153,0.3070090215128383
0.9883772910147519,0.3069128262076624
0.9883772910147519,0.3069554352353186
0.9883772910147519,0.306998056095529
0.9883772910147519,0.30704068879322316
0.9883772910147519,0.3070833333333333
0.9883772910147519,0.3071259897207946
0.9883772910147519,0.3071686579605446
0.9874832364774251,0.306976097832129
0.9874832364774251,0.30701876302988185
0.9874832364774251,0.307061440088963
0.9874832364774251,0.3071041290143195
0.9874832364774251,0.307146829810901
0.9874832364774251,0.30718954248366015
0.9874832364774251,0.30723226703755213
0.9874832364774251,0.3072750034775351
0.9874832364774251,0.30731775180856985
0.9870362092087618,0.307221371921525
0.9870362092087618,0.3072641246868912
0.9870362092087618,0.30730688935281836
0.9870362092087618,0.30734966592427615
0.9870362092087618,0.30739245440623697
0.9870362092087618,0.30743525480367584
0.9870362092087618,0.30747806712157083
0.9870362092087618,0.3075208913649025
0.9870362092087618,0.30760657564781274
0.9870362092087618,0.3076494356973666
0.9870362092087618,0.3077351916376307
0.9870362092087618,0.30777808753833286
0.9870362092087618,0.3078209953994145
0.9870362092087618,0.3078639152258784
0.9870362092087618,0.30790684702273047
0.9870362092087618,0.3079497907949791
0.9870362092087618,0.30799274654763564
0.9870362092087618,0.3080357142857143
0.9870362092087618,0.3080786940142319
0.9870362092087618,0.3081216857382082
0.9870362092087618,0.30816468946266573
0.9870362092087618,0.3082077051926298
0.9870362092087618,0.3082507329331286
0.9870362092087618,0.30829377268919295
0.9870362092087618,0.30833682446585675
0.9870362092087618,0.30837988826815643
0.9870362092087618,0.30842296410113146
0.9870362092087618,0.30846605196982396
0.9870362092087618,0.3085522638345444
0.9870362092087618,0.30859538784067087
0.9870362092087618,0.3086385239027118
0.9870362092087618,0.3086816720257235
0.9870362092087618,0.3087248322147651
0.9870362092087618,0.3087680044748986
0.9870362092087618,0.3088111888111888
0.9870362092087618,0.3088543852287033
0.9870362092087618,0.3088975937325126
0.9870362092087618,0.30894081432768994
0.9870362092087618,0.3089840470193115
0.9870362092087618,0.30902729181245625
0.9870362092087618,0.3090705487122061
0.9870362092087618,0.30911381772364555
0.9870362092087618,0.3091570988518622
0.9870362092087618,0.3092003921019465
0.9870362092087618,0.3092436974789916
0.9870362092087618,0.3092870149880936
0.9870362092087618,0.3093303446343514
0.9870362092087618,0.3093736864228668
0.9870362092087618,0.3094170403587444
0.9870362092087618,0.3094604064470918
0.9870362092087618,0.30950378469301937
0.9870362092087618,0.30954717510164026
0.9870362092087618,0.3095905776780707
0.9870362092087618,0.30963399242742956
0.9870362092087618,0.3096774193548387
0.9870362092087618,0.3097208584654229
0.9870362092087618,0.30976430976430974
0.9870362092087618,0.3098077732566297
0.9870362092087618,0.30985124894751614
0.9870362092087618,0.3098947368421053
0.9870362092087618,0.30993823694553624
0.9870362092087618,0.309981749262951
0.9870362092087618,0.3100252737994945
0.9870362092087618,0.31006881056031455
0.9870362092087618,0.3101123595505618
0.9870362092087618,0.3101559207753898
0.9870362092087618,0.310199494239955
0.9870362092087618,0.3102430799494169
0.9870362092087618,0.3102866779089376
0.9870362092087618,0.31033028812368235
0.9870362092087618,0.31037391059881925
0.9870362092087618,0.3104175453395192
0.9870362092087618,0.31046119235095615
0.9870362092087618,0.3105048516383068
0.9870362092087618,0.3105485232067511
0.9870362092087618,0.3105922070614714
0.9870362092087618,0.31063590320765333
0.9870362092087618,0.3106796116504854
0.9870362092087618,0.31072333239515904
0.9870362092087618,0.3107670654468684
0.9870362092087618,0.3108108108108108
0.9870362092087618,0.3108545684921864
0.9870362092087618,0.31089833849619825
0.9870362092087618,0.3109421208280524
0.9870362092087618,0.31098591549295773
0.9870362092087618,0.3110297224961262
0.9870362092087618,0.31107354184277264
0.9870362092087618,0.3111173735381147
0.9865891819400984,0.31102029312288615
0.9865891819400984,0.31106412966878083
0.9865891819400984,0.31110797857344236
0.9865891819400984,0.3111518398420978
0.9865891819400984,0.31119571347997743
0.986142154671435,0.31109857565928645
0.9856951274027715,0.31100141043723556
0.9856951274027715,0.3110452814219213
0.9856951274027715,0.31108916478555304
0.9856951274027715,0.311133060533371
0.9856951274027715,0.3111769686706181
0.9856951274027715,0.3112208892025406
0.9856951274027715,0.31126482213438733
0.9856951274027715,0.3113087674714104
0.9856951274027715,0.3113527252188647
0.9856951274027715,0.3113966953820082
0.9852481001341081,0.3112994350282486
0.9852481001341081,0.311387397569935
0.9852481001341081,0.31143139748480997
0.9852481001341081,0.3114754098360656
0.9852481001341081,0.31151943462897524
0.9852481001341081,0.3115634718688154
0.9852481001341081,0.31160752156086524
0.9848010728654448,0.3115101809954751
0.9848010728654448,0.311554235610239
0.9848010728654448,0.3115983026874116
0.9848010728654448,0.3116423822322818
0.9848010728654448,0.3116864742501415
0.9848010728654448,0.31173057874628557
0.9848010728654448,0.3117746957260119
0.9848010728654448,0.3118188251946214
0.9848010728654448,0.3118629671574179
0.9848010728654448,0.31190712161970835
0.9848010728654448,0.3119512885868026
0.9848010728654448,0.31199546806401357
0.9843540455967814,0.3118980169971671
0.9843540455967814,0.3119422014449639
0.9843540455967814,0.3119863984131482
0.9843540455967814,0.3120306079070427
0.9843540455967814,0.3120748299319728
0.9843540455967814,0.3121190644932672
0.9843540455967814,0.31216331159625743
0.9843540455967814,0.3122075712462782
0.9843540455967814,0.3123404255319149
0.9843540455967814,0.31238473542346434
0.983907018328118,0.31228717366628833
0.983907018328118,0.3123314885766993
0.983907018328118,0.31237581606585296
0.9834599910594546,0.31227821149751595
0.9834599910594546,0.31232254400908577
0.9830129637907913,0.312224904160159
0.9830129637907913,0.3122692416927009
0.9825659365221279,0.3121715665388439
0.9825659365221279,0.31221590909090907
0.9825659365221279,0.31226026424207987
0.9825659365221279,0.3123046319977266
0.9821189092534645,0.3122069063521387
0.9821189092534645,0.31225127913587264
0.9821189092534645,0.3122956645344705
0.9821189092534645,0.3123400625533125
0.9821189092534645,0.3123844731977819
0.981671881984801,0.3122866894197952
0.981671881984801,0.31233110510595935
0.981671881984801,0.312375533428165
0.981671881984801,0.31241997439180536
0.981671881984801,0.3124644280022766
0.9812248547161377,0.31236658602533085
0.9812248547161377,0.31241104469114717
0.9812248547161377,0.3124555160142349
0.9812248547161377,0.3125
0.9812248547161377,0.31254449665385164
0.9812248547161377,0.31258900598120193
0.9812248547161377,0.3126335279874662
0.9812248547161377,0.3126780626780627
0.9812248547161377,0.3127226100584129
0.9807778274474743,0.31262467939583927
0.9807778274474743,0.3126692318654696
0.9807778274474743,0.3127137970353478
0.9807778274474743,0.3128029654975763
0.9807778274474743,0.3128475688007985
0.9807778274474743,0.31289218482601255
0.9807778274474743,0.3129368135786621
0.9807778274474743,0.312981455064194
0.9807778274474743,0.3130261092880582
0.9807778274474743,0.3130707762557078
0.9803308001788109,0.3129727415441701
0.9803308001788109,0.3130174136454468
0.9803308001788109,0.31306209850107064
0.9803308001788109,0.3131067961165049
0.9803308001788109,0.31315150649721546
0.9803308001788109,0.31319622964867183
0.9798837729101475,0.31309812883873733
0.9798837729101475,0.31314285714285717
0.9798837729101475,0.3131875982283183
0.9798837729101475,0.3132323521006002
0.9798837729101475,0.3132771187651851
0.9798837729101475,0.3133218982275586
0.9798837729101475,0.3133666904932094
0.9798837729101475,0.3134114955676294
0.9798837729101475,0.3134563134563135
0.9798837729101475,0.3135459876984695
0.9798837729101475,0.31359084406294707
0.9798837729101475,0.3136357132637001
0.9798837729101475,0.31368059530623926
0.9794367456414841,0.3135823672534707
0.9794367456414841,0.313627254509018
0.9794367456414841,0.3136721546170365
0.9794367456414841,0.31371706758304696
0.9794367456414841,0.3137619934125734
0.9794367456414841,0.31380693211114297
0.9794367456414841,0.3138518836842859
0.9794367456414841,0.3138968481375358
0.9794367456414841,0.3139418254764293
0.9789897183728208,0.3138435081685297
0.9789897183728208,0.313888490755339
0.9789897183728208,0.3139334862385321
0.9789897183728208,0.3139784946236559
0.9789897183728208,0.3140235159162604
0.9789897183728208,0.31406855012189877
0.9789897183728208,0.31411359724612736
0.9789897183728208,0.3141586572945058
0.9789897183728208,0.31420373027259685
0.9789897183728208,0.3142488161859664
0.9785426911041574,0.314150401836969
0.978095663835494,0.31405195923640017
0.978095663835494,0.3140970427792133
0.978095663835494,0.3141421392677674
0.978095663835494,0.3141872487076393
0.978095663835494,0.314232371104409
0.978095663835494,0.3142775064636599
0.978095663835494,0.3143226547909783
0.978095663835494,0.314367816091954
0.978095663835494,0.3144129903721799
0.978095663835494,0.3144581776372521
0.978095663835494,0.3145033778927699
0.978095663835494,0.3145485911443358
0.978095663835494,0.3145938173975557
0.978095663835494,0.31463905665803854
0.978095663835494,0.31468430893139654
0.978095663835494,0.3147295742232451
0.978095663835494,0.314774852539203
0.978095663835494,0.3148201438848921
0.978095663835494,0.31486544826593754
0.978095663835494,0.3149107656879678
0.978095663835494,0.31495609615661435
0.978095663835494,0.31500143967751226
0.978095663835494,0.3150467962562995
0.978095663835494,0.3150921658986175
0.9776486365668305,0.3149935186518796
0.9776486365668305,0.3150388936905791
0.9776486365668305,0.3150842818037747
0.9776486365668305,0.31512968299711813
0.9776486365668305,0.3151750972762646
0.9776486365668305,0.3152205246468723
0.9776486365668305,0.31526596511460286
0.9776486365668305,0.3153114186851211
0.9776486365668305,0.3153568853640952
0.9776486365668305,0.31540236515719644
0.9776486365668305,0.3154478580700995
0.9776486365668305,0.31553888327802626
0.9776486365668305,0.3155844155844156
0.9772016092981672,0.3154856400635012
0.9772016092981672,0.3155311778290993
0.9772016092981672,0.3155767287426014
0.9772016092981672,0.31562229280970255
0.9767545820295038,0.3155234657039711
0.9767545820295038,0.31556903523974583
0.9767545820295038,0.31561461794019935
0.9763075547608404,0.3155157468939613
0.9763075547608404,0.3155613350671868
0.9763075547608404,0.315606936416185
0.9763075547608404,0.3156525509466686
0.9763075547608404,0.31569817866435385
0.9763075547608404,0.3157438195749602
0.9763075547608404,0.3157894736842105
0.9763075547608404,0.3158351409978308
0.9763075547608404,0.3158808215215505
0.975860527492177,0.3157818602632721
0.975860527492177,0.3158275462962963
0.975860527492177,0.31587324555057156
0.975860527492177,0.3159189580318379
0.975860527492177,0.31596468374583875
0.975860527492177,0.3160104226983208
0.975860527492177,0.316056174895034
0.9754135002235136,0.3159571387199537
0.9754135002235136,0.3160028964518465
0.9754135002235136,0.3160486674391657
0.9754135002235136,0.31609445168767203
0.9754135002235136,0.31614024920312955
0.9749664729548503,0.31604115345602085
0.9749664729548503,0.3160869565217391
0.9749664729548503,0.3161327728656327
0.9749664729548503,0.31617860249347635
0.9749664729548503,0.31622444541104827
0.9745194456861869,0.31612529002320183
0.9745194456861869,0.3161711385061639
0.9745194456861869,0.31621700029010735
0.9745194456861869,0.3162628753808211
0.9740724184175235,0.3161636680208938
0.9740724184175235,0.31620954868669277
0.9740724184175235,0.316255442670537
0.9740724184175235,0.3163013499782262
0.9740724184175235,0.3163472706155633
0.9740724184175235,0.31639320458835485
0.9740724184175235,0.3164391519024107
0.9740724184175235,0.31648511256354395
0.9740724184175235,0.3165310865775712
0.9740724184175235,0.31657707395031237
0.9740724184175235,0.3166230746875908
0.9740724184175235,0.31666908879523326
0.9740724184175235,0.3167151162790698
0.9740724184175235,0.31676115714493386
0.9740724184175235,0.3168072113986624
0.9740724184175235,0.31685327904609567
0.9740724184175235,0.3168993600930774
0.9740724184175235,0.31694545454545453
0.9740724184175235,0.31699156240907767
0.97362539114886,0.3168921868179834
0.9731783638801967,0.3167927823050058
0.9731783638801967,0.31683888808033767
0.9731783638801967,0.3168850072780204
0.9731783638801967,0.31693113990391614
0.9731783638801967,0.3169772859638905
0.9731783638801967,0.31702344546381245
0.9731783638801967,0.31706961840955433
0.9731783638801967,0.317115804806992
0.9731783638801967,0.31716200466200467
0.9731783638801967,0.317208217980475
0.9731783638801967,0.3172544447682891
0.9731783638801967,0.3173006850313365
0.9731783638801967,0.3173469387755102
0.9731783638801967,0.31743948673082534
0.9731783638801967,0.3174857809537699
0.9731783638801967,0.3175320886814469
0.9731783638801967,0.3175784099197666
0.9731783638801967,0.3176247446746425
0.9727313366115333,0.3175251714577557
0.9727313366115333,0.3175715119673088
0.9727313366115333,0.3176178660049628
0.9727313366115333,0.31766423357664236
0.9727313366115333,0.31771061468827566
0.9727313366115333,0.3177570093457944
0.9722843093428699,0.3176573681904484
0.9722843093428699,0.317703768624014
0.9718372820742065,0.31760409057706357
0.9718372820742065,0.31765049678550555
0.9718372820742065,0.3176969165570656
0.9718372820742065,0.3177433498976907
0.9718372820742065,0.31778979681333136
0.9718372820742065,0.31783625730994153
0.9718372820742065,0.31788273139347856
0.9713902548055431,0.31778297747879497
0.9713902548055431,0.3178294573643411
0.9713902548055431,0.3178759508484494
0.9713902548055431,0.3179224579370885
0.9713902548055431,0.31796897863623064
0.9713902548055431,0.3180155129518513
0.9713902548055431,0.3180620608899297
0.9713902548055431,0.31810862245644855
0.9713902548055431,0.31815519765739386
0.9713902548055431,0.3182017864987553
0.9713902548055431,0.3182483889865261
0.9713902548055431,0.3182950051267028
0.9709432275368798,0.3181951362437738
0.9709432275368798,0.3182883939038687
0.9709432275368798,0.31833504323611317
0.9709432275368798,0.31838170624450307
0.9709432275368798,0.3184283829350535
0.9709432275368798,0.318475073313783
0.9709432275368798,0.3185217773867136
0.9709432275368798,0.31856849515987096
0.9709432275368798,0.31861522663928415
0.9709432275368798,0.31866197183098594
0.9709432275368798,0.31870873074101247
0.9709432275368798,0.3187555033754036
0.9709432275368798,0.3188022897402025
0.9709432275368798,0.31884908984145627
0.9709432275368798,0.3188959036852151
0.9709432275368798,0.31894273127753303
0.9709432275368798,0.31898957262446764
0.9709432275368798,0.3190364277320799
0.9709432275368798,0.31908329660643453
0.9709432275368798,0.31913017925359977
0.9709432275368798,0.3191770756796473
0.9709432275368798,0.31922398589065254
0.9709432275368798,0.3192709098926944
0.9704962002682164,0.31917083210820346
0.970049172999553,0.31907072489339805
0.970049172999553,0.3191176470588235
0.970049172999553,0.31916458302691575
0.9696021457308895,0.31906443071491614
0.9696021457308895,0.31911137266441075
0.9696021457308895,0.31915832842848735
0.9696021457308895,0.31920529801324504
0.9696021457308895,0.31925228142478657
0.9696021457308895,0.3192992786692183
0.9696021457308895,0.31934628975265017
0.9696021457308895,0.3193933146811957
0.9696021457308895,0.319440353460972
0.9696021457308895,0.3194874060980999
0.9696021457308895,0.3195344725987036
0.9696021457308895,0.31958155296891116
0.9696021457308895,0.3196286472148541
0.9696021457308895,0.3196757553426676
0.9696021457308895,0.3197228773584906
0.9696021457308895,0.31977001326846527
0.9696021457308895,0.3198171630787378
0.9691551184622262,0.3197168559209556
0.9691551184622262,0.31976401179941005
0.9691551184622262,0.31981118159020505
0.9691551184622262,0.3198583652994984
0.9691551184622262,0.3199055629334514
0.9691551184622262,0.31995277449822906
0.9691551184622262,0.32
0.9691551184622262,0.3200472394449365
0.9691551184622262,0.32009449283921454
0.9691551184622262,0.3201417601890136
0.9691551184622262,0.3201890415005169
0.9691551184622262,0.32023633677991137
0.9691551184622262,0.3202836460333875
0.9691551184622262,0.3203309692671395
0.9687080911935628,0.32023053051573813
0.9682610639248994,0.32013006207508127
0.9682610639248994,0.32017738359201775
0.9682610639248994,0.3202247191011236
0.9682610639248994,0.32027206860860563
0.9682610639248994,0.3203194321206744
0.9682610639248994,0.32036680964354386
0.9682610639248994,0.32041420118343195
0.9682610639248994,0.32046160674656016
0.967814036656236,0.3203610535661438
0.967814036656236,0.32040846529524936
0.967814036656236,0.3204558910597987
0.967814036656236,0.32055078472016585
0.967814036656236,0.3205982526284614
0.967814036656236,0.3206932306324989
0.967814036656236,0.3207407407407407
0.967814036656236,0.3207882649281375
0.967814036656236,0.32083580320094846
0.967814036656236,0.3208833555654365
0.967814036656236,0.3209309220278684
0.967814036656236,0.32097850259451444
0.967814036656236,0.3210260972716489
0.967814036656236,0.32107370606554947
0.967814036656236,0.3211213289824978
0.967814036656236,0.3211689660287791
0.9673670093875727,0.32106824925816024
0.9669199821189093,0.32096750259682444
0.9669199821189093,0.3210151380231523
0.9669199821189093,0.32106278759091583
0.9664729548502459,0.32096199524940616
0.9664729548502459,0.32100965107646623
0.9664729548502459,0.32105732105732104
0.9664729548502459,0.3211050051982771
0.9664729548502459,0.3211527035056447
0.9664729548502459,0.3212004159857376
0.9664729548502459,0.3212481426448737
0.9660259275815825,0.32114727299747364
0.9660259275815825,0.3211950059453032
0.9660259275815825,0.3212427530845845
0.9660259275815825,0.32129051442164736
0.9660259275815825,0.32133828996282526
0.9660259275815825,0.3213860797144557
0.9660259275815825,0.3214338836828797
0.9660259275815825,0.32148170187444214
0.9660259275815825,0.32152953429549175
0.9660259275815825,0.321577380952381
0.965578900312919,0.3214764101800863
0.965578900312919,0.3215242631735636
0.965578900312919,0.321572130415364
0.965578900312919,0.3216200119118523
0.965578900312919,0.32166790766939685
0.9651318730442557,0.32156687518617816
0.9651318730442557,0.32161477729778043
0.9651318730442557,0.3216626936829559
0.9651318730442557,0.32171062434808523
0.9651318730442557,0.32175856929955293
0.9651318730442557,0.3218065285437472
0.9651318730442557,0.32185450208706023
0.9651318730442557,0.3219024899358879
0.9651318730442557,0.3219504920966299
0.9651318730442557,0.3219985085756898
0.9651318730442557,0.3220465393794749
0.9651318730442557,0.32209458451439654
0.9646848457755923,0.3219934347955834
0.9646848457755923,0.3220414863453216
0.9646848457755923,0.322089552238806
0.9646848457755923,0.3221376324824601
0.9646848457755923,0.32218572708271126
0.9646848457755923,0.32223383604599076
0.9646848457755923,0.32228195937873355
0.9646848457755923,0.32233009708737864
0.9646848457755923,0.3223782491783687
0.9646848457755923,0.32242641565815033
0.9646848457755923,0.32247459653317395
0.9646848457755923,0.3225227918098939
0.9646848457755923,0.3225710014947683
0.9646848457755923,0.3226192255942592
0.9646848457755923,0.32266746411483255
0.9646848457755923,0.322715717062958
0.9642378185069289,0.32261441818725695
0.9642378185069289,0.32266267763649964
0.9642378185069289,0.3227109515260323
0.9642378185069289,0.3227592398623373
0.9637907912382655,0.3226578868602215
0.9637907912382655,0.32270618170932497
0.9637907912382655,0.32275449101796405
0.9637907912382655,0.3228511530398323
0.9637907912382655,0.3228995057660626
0.9637907912382655,0.32294787297783106
0.9633437639696022,0.3229432039562416
0.9633437639696022,0.3229916067146283
0.9628967367009388,0.3228901214210763
0.9628967367009388,0.3229385307346327
0.9628967367009388,0.32298695456590193
0.9628967367009388,0.3230353929214157
0.962002682163612,0.32283228322832286
0.962002682163612,0.322880720180045
0.962002682163612,0.32292917166866747
0.962002682163612,0.3229776377007354
0.9615556548949485,0.32287601320924647
0.9615556548949485,0.322924485812941
0.9615556548949485,0.32297297297297295
0.9615556548949485,0.3230214746959003
0.9615556548949485,0.32306999098828476
0.9615556548949485,0.3231185218566922
0.9615556548949485,0.3231670673076923
0.9611086276262852,0.3230653643876784
0.9606616003576218,0.32296363089870755
0.9606616003576218,0.32301217495866524
0.9606616003576218,0.3230607336139507
0.9606616003576218,0.3231093068711472
0.9606616003576218,0.3231578947368421
0.9606616003576218,0.32320649721762673
0.9606616003576218,0.3232551143200963
0.9606616003576218,0.32330374605085
0.9606616003576218,0.3233523924164911
0.9606616003576218,0.3234010534236268
0.9606616003576218,0.32344972907886815
0.9606616003576218,0.32349841938883034
0.9602145730889584,0.32339656729900634
0.9602145730889584,0.3234452642674296
0.9602145730889584,0.32349397590361445
0.9602145730889584,0.3235427022141889
0.959767545820295,0.32344079542030735
0.959767545820295,0.3234895284013862
0.959767545820295,0.32353827606992164
0.959767545820295,0.32358703843255465
0.9593205185516317,0.3234850768766958
0.9593205185516317,0.32353384592190565
0.9588734912829683,0.32343184559710497
0.9588734912829683,0.32348062132408384
0.9588734912829683,0.3235294117647059
0.9588734912829683,0.3235782169256298
0.9588734912829683,0.3236270368135184
0.9588734912829683,0.32367587143503845
0.9588734912829683,0.3237247207968609
0.9588734912829683,0.3237735849056604
0.9588734912829683,0.32382246376811596
0.9588734912829683,0.3239202657807309
0.9588734912829683,0.32396918894426824
0.9588734912829683,0.3240181268882175
0.9584264640143049,0.3239159993956791
0.9584264640143049,0.32396494409187065
0.9584264640143049,0.3240139035816835
0.9584264640143049,0.32406287787182586
0.9584264640143049,0.32411186696900984
0.9584264640143049,0.3241608708799516
0.9584264640143049,0.32420988961137154
0.9584264640143049,0.32425892316999394
0.9584264640143049,0.32430797156254726
0.9584264640143049,0.324357034795764
0.9579794367456415,0.3242548040550764
0.9579794367456415,0.32430387409200967
0.9579794367456415,0.32435295898289696
0.9579794367456415,0.3244020587344838
0.9579794367456415,0.3244511733535201
0.9579794367456415,0.3245003028467595
0.9579794367456415,0.3245494472209602
0.9579794367456415,0.32459860648288397
0.957532409476978,0.3245454545454545
0.957532409476978,0.32459463555084106
0.957532409476978,0.3246930422919509
0.957532409476978,0.3247422680412371
0.957532409476978,0.3247915087187263
0.9570853822083147,0.3246891113133151
0.9570853822083147,0.3247383588654634
0.9570853822083147,0.3247876213592233
0.9570853822083147,0.3248368988013958
0.9566383549396513,0.32473444613050073
0.9566383549396513,0.3247837304598573
0.9566383549396513,0.32483302975106254
0.9566383549396513,0.32488234401093063
0.9566383549396513,0.32493167324628
0.9566383549396513,0.3249810174639332
0.9566383549396513,0.3250303766707169
0.9566383549396513,0.32507975087346197
0.9561913276709879,0.32502659170338855
0.9557443004023245,0.3249240121580547
0.9557443004023245,0.3249734002127983
0.9552972731336612,0.3248707813925205
0.9552972731336612,0.32492017637220616
0.9552972731336612,0.32496958637469586
0.9552972731336612,0.3250190114068441
0.9548502458649978,0.3249163370854883
0.9548502458649978,0.32496576905522595
0.9548502458649978,0.32501521606816797
0.9548502458649978,0.32506467813118245
0.9548502458649978,0.3251636474349216
0.9548502458649978,0.32521315468940315
0.9548502458649978,0.325262677021471
0.9548502458649978,0.325312214438014
0.9548502458649978,0.32536176694592533
0.9548502458649978,0.32541133455210236
0.9548502458649978,0.3254609172634466
0.9548502458649978,0.32551051508686374
0.9548502458649978,0.3255601280292638
0.9548502458649978,0.325609756097561
0.9548502458649978,0.3256593992986736
0.9548502458649978,0.32570905763952424
0.9548502458649978,0.3257587311270398
0.9548502458649978,0.32580841976815134
0.9548502458649978,0.32585812356979404
0.9548502458649978,0.32590784253890753
0.9544032185963344,0.3258049748206928
0.9544032185963344,0.32585470085470086
0.9544032185963344,0.325904442069913
0.9544032185963344,0.32595419847328244
0.9544032185963344,0.3260039700717667
0.9544032185963344,0.3260537568723274
0.9544032185963344,0.32610355888193066
0.9544032185963344,0.3261533761075466
0.9544032185963344,0.32620320855614976
0.9544032185963344,0.32625305623471884
0.9544032185963344,0.3263029191502369
0.953956191327671,0.32624980889772204
0.953956191327671,0.3262996941896025
0.953956191327671,0.3263495947392568
0.953956191327671,0.32639951055368616
0.953956191327671,0.326449441639896
0.953956191327671,0.326499388004896
0.9535091640590077,0.32639632746748276
0.9535091640590077,0.32644628099173556
0.9535091640590077,0.3264962498086637
0.9535091640590077,0.32654623392529086
0.9535091640590077,0.3265962333486449
0.9535091640590077,0.32664624808575804
0.9535091640590077,0.3266962781436667
0.9535091640590077,0.32674632352941174
0.9535091640590077,0.3267963842500383
0.9530621367903442,0.32669322709163345
0.9530621367903442,0.3267432950191571
0.9530621367903442,0.32679337829552424
0.9521680822530174,0.3266871165644172
0.9521680822530174,0.3267372296364473
0.9521680822530174,0.32678735808530224
0.9521680822530174,0.32683750191806044
0.9521680822530174,0.3268876611418048
0.9521680822530174,0.3269378357636224
0.951721054984354,0.32683451028553884
0.951721054984354,0.3268846921541532
0.951721054984354,0.3269348894348894
0.951721054984354,0.3269851021348487
0.951721054984354,0.32703533026113674
0.951721054984354,0.3270855738208634
0.951721054984354,0.3271358328211432
0.951721054984354,0.3271861072690948
0.951721054984354,0.3272363971718414
0.951721054984354,0.3272867025365104
0.951721054984354,0.3273370233702337
0.951721054984354,0.32738735968014765
0.951721054984354,0.3274377114733928
0.951721054984354,0.3274880787571143
0.951721054984354,0.32753846153846156
0.951721054984354,0.3275888598245884
0.951721054984354,0.3276392736226531
0.9512740277156907,0.327535785747268
0.9512740277156907,0.3275862068965517
0.9508270004470273,0.3274826789838337
0.9508270004470273,0.32753310748383124
0.9508270004470273,0.32758355151701835
0.9508270004470273,0.327634011090573
0.9503799731783639,0.3275304267447235
0.9503799731783639,0.3275808936825886
0.9503799731783639,0.3276313761750655
0.9503799731783639,0.32768187422934647
0.9503799731783639,0.3277323878526283
0.9503799731783639,0.32778291705211227
0.9503799731783639,0.32783346183500384
0.9503799731783639,0.32788402220851326
0.9503799731783639,0.327934598179855
0.9503799731783639,0.3279851897562481
0.9503799731783639,0.3280357969449159
0.9503799731783639,0.32808641975308644
0.9503799731783639,0.328137058187992
0.9503799731783639,0.3281877122568694
0.9503799731783639,0.32823838196696004
0.9499329459097005,0.3281346510191476
0.9499329459097005,0.3281853281853282
0.9499329459097005,0.32823602100710536
0.9499329459097005,0.3282867294917349
0.9499329459097005,0.32833745364647715
0.9494859186410372,0.3282336578581363
0.9494859186410372,0.32828438948995364
0.9490388913723737,0.32818055340856395
0.9490388913723737,0.3282312925170068
0.9490388913723737,0.3282820473171486
0.9490388913723737,0.3283328178162697
0.9490388913723737,0.32838360402165506
0.9490388913723737,0.32843440594059403
0.9490388913723737,0.3284852235803806
0.9490388913723737,0.3285360569483132
0.9490388913723737,0.32858690605169477
0.9490388913723737,0.3286377708978328
0.9490388913723737,0.3286886514940393
0.9490388913723737,0.3287395478476308
0.9485918641037103,0.3286355892829487
0.9485918641037103,0.32868649318463444
0.9481448368350469,0.32858249419054997
0.9481448368350469,0.3286334056399132
0.9481448368350469,0.3286843328684333
0.9481448368350469,0.328735275883447
0.9481448368350469,0.3287862346922958
0.9481448368350469,0.3288372093023256
0.9481448368350469,0.32888819972088695
0.9481448368350469,0.328939205955335
0.9481448368350469,0.3289902280130293
0.9481448368350469,0.32904126590133415
0.9481448368350469,0.3290923196276183
0.9481448368350469,0.3291433891992551
0.9481448368350469,0.32919447462362256
0.9481448368350469,0.32924557590810305
0.9481448368350469,0.32929669306008386
0.9481448368350469,0.3293478260869565
0.9481448368350469,0.3293989749961174
0.9481448368350469,0.3294501397949674
0.9481448368350469,0.3295013204909119
0.9481448368350469,0.3296037296037296
0.9481448368350469,0.32965495803543676
0.9481448368350469,0.3297062023939064
0.9481448368350469,0.32975746268656714
0.9481448368350469,0.3298087389208521
0.9481448368350469,0.3298600311041991
0.9481448368350469,0.3299113392440504
0.9476978095663835,0.3298070939639079
0.9476978095663835,0.32985840983351483
0.9472507822977202,0.32975412387177094
0.9472507822977202,0.32980544747081714
0.9472507822977202,0.32985678704856786
0.9472507822977202,0.32990814261248635
0.9472507822977202,0.3299595141700405
0.9472507822977202,0.3300109017287027
0.9472507822977202,0.33006230529595015
0.9472507822977202,0.33011372487926466
0.9472507822977202,0.33016516048613276
0.9472507822977202,0.3302166121240455
0.9472507822977202,0.33026807980049877
0.9472507822977202,0.33031956352299296
0.9472507822977202,0.3303710632990334
0.9472507822977202,0.3304225791361297
0.9472507822977202,0.33047411104179664
0.9472507822977202,0.33052565902355324
0.9472507822977202,0.33057722308892357
0.9468037550290568,0.33047277266344205
0.9468037550290568,0.33052434456928836
0.9468037550290568,0.33057593257374746
0.9468037550290568,0.3306275366843584
0.9468037550290568,0.3306791569086651
0.9468037550290568,0.3307307932542161
0.9468037550290568,0.33078244572856474
0.9468037550290568,0.33083411433926896
0.9468037550290568,0.3308857990938916
0.9468037550290568,0.3309375
0.9468037550290568,0.33098921706516643
0.9468037550290568,0.3310409502969678
0.9463567277603934,0.3309363764264499
0.9463567277603934,0.33098811757348345
0.9463567277603934,0.3310398749022674
0.9463567277603934,0.3310916484203941
0.9463567277603934,0.33114343813546065
0.9463567277603934,0.33119524405506884
0.9463567277603934,0.3312470661868252
0.9463567277603934,0.33129890453834115
0.9463567277603934,0.3313507591172327
0.9463567277603934,0.33140262993112085
0.9463567277603934,0.3314545169876311
0.9463567277603934,0.331506420294394
0.9463567277603934,0.33155833985904465
0.9463567277603934,0.3316102756892231
0.9463567277603934,0.33166222779257404
0.9463567277603934,0.3317141961767471
0.94590970049173,0.33160946560100296
0.9454626732230667,0.33150470219435735
0.9450156459544032,0.33139990594137014
0.9450156459544032,0.3314518657886485
0.9450156459544032,0.33150384193194293
0.9450156459544032,0.33155583437892094
0.9445686186857398,0.33145098039215687
0.9445686186857398,0.3315029808597427
0.9441215914170764,0.3313980856739369
0.9441215914170764,0.3314500941619586
0.9441215914170764,0.3315021189766128
0.9441215914170764,0.3315541601255887
0.9441215914170764,0.3316062176165803
0.9441215914170764,0.3316582914572864
0.9441215914170764,0.3317103816554107
0.9441215914170764,0.33176248821866167
0.9441215914170764,0.3318146111547525
0.9441215914170764,0.33186675047140163
0.9441215914170764,0.3319189061763319
0.9441215914170764,0.3319710782772713
0.9441215914170764,0.33202326678195254
0.9441215914170764,0.3320754716981132
0.9436745641484131,0.33197043560308226
0.9436745641484131,0.33202264863164516
0.9436745641484131,0.33207487808714803
0.9436745641484131,0.33212712397734423
0.9436745641484131,0.3321793863099921
0.9436745641484131,0.3322316650928549
0.9436745641484131,0.3322839603337006
0.9432275368797497,0.33217884130982367
0.9432275368797497,0.3322311447016218
0.9432275368797497,0.33228346456692914
0.9432275368797497,0.3323358009135297
0.9432275368797497,0.3323881537492123
0.9427805096110863,0.3322829683314952
0.9427805096110863,0.3323353293413174
0.9427805096110863,0.33238770685579194
0.9427805096110863,0.33244010088272385
0.9427805096110863,0.33249251142992275
0.9427805096110863,0.3325449385052034
0.9427805096110863,0.33259738211638545
0.9427805096110863,0.33264984227129335
0.9423334823424229,0.3325445653888626
0.9423334823424229,0.3325970337645945
0.9423334823424229,0.33264951869970016
0.9418864550737595,0.33254419191919193
0.9418864550737595,0.33259668508287293
0.9418864550737595,0.3326491948215977
0.9418864550737595,0.33270172114321805
0.9414394278050962,0.33259633607075173
0.9414394278050962,0.3326488706365503
0.9414394278050962,0.33270142180094786
0.9414394278050962,0.3327539895718123
0.9414394278050962,0.33280657395701646
0.9414394278050962,0.3328591749644381
0.9414394278050962,0.3329117926019602
0.9414394278050962,0.33296442687747035
0.9405453732677693,0.33275343982286887
0.9405453732677693,0.3328060740272066
0.9405453732677693,0.33285872488530294
0.9405453732677693,0.3329113924050633
0.9405453732677693,0.33296407659439786
0.9405453732677693,0.3330167774612219
0.9405453732677693,0.33306949501345573
0.9400983459991059,0.3330166270783848
0.9400983459991059,0.3330693696547355
0.9400983459991059,0.333122128940282
0.9400983459991059,0.33317490494296575
0.9400983459991059,0.3332276976707336
0.9396513187304426,0.33312202852614897
0.9396513187304426,0.3331748296084958
0.9396513187304426,0.3332276474318326
0.9396513187304426,0.3332804820041224
0.9396513187304426,0.3333333333333333
0.9396513187304426,0.3333862014274385
0.9396513187304426,0.33343908629441626
0.9396513187304426,0.3334919879422497
0.9396513187304426,0.3335449063789273
0.9396513187304426,0.3335978416124425
0.9396513187304426,0.33365079365079364
0.9396513187304426,0.33370376250198447
0.9396513187304426,0.3337567481740235
0.9396513187304426,0.3338097506749246
0.9396513187304426,0.3338627700127065
0.9396513187304426,0.3339158061953932
0.9396513187304426,0.33396885923101366
0.9396513187304426,0.3340219291276021
0.9396513187304426,0.3340750158931977
0.9396513187304426,0.33412811953584487
0.9396513187304426,0.334181240063593
0.9396513187304426,0.33423437748449675
0.9396513187304426,0.3342875318066158
0.9396513187304426,0.33434070303801494
0.9396513187304426,0.3343938911867642
0.9396513187304426,0.33444709626093877
0.9396513187304426,0.3345003182686187
0.9396513187304426,0.33455355721788954
0.9396513187304426,0.33460681311684176
0.9392042914617792,0.3345008756567426
0.9392042914617792,0.33455414012738854
0.9392042914617792,0.3346074215639433
0.9392042914617792,0.3347140353672136
0.9392042914617792,0.33476736775015936
0.9392042914617792,0.3348207171314741
0.9392042914617792,0.33487408351928594
0.9392042914617792,0.33492746692172803
0.9392042914617792,0.33498086734693877
0.9392042914617792,0.3350342848030617
0.9392042914617792,0.3350877192982456
0.9392042914617792,0.33514117084064443
0.9392042914617792,0.3351946394384174
0.9392042914617792,0.33524812509972873
0.9392042914617792,0.33530162783274814
0.9392042914617792,0.33535514764565044
0.9392042914617792,0.3354086845466156
0.9392042914617792,0.33546223854382884
0.9387572641931158,0.33535611625678696
0.9387572641931158,0.33540967896502155
0.9387572641931158,0.3354632587859425
0.9387572641931158,0.33551685572775203
0.9387572641931158,0.33557046979865773
0.9387572641931158,0.3356241010068723
0.9387572641931158,0.3356777493606138
0.9387572641931158,0.33573141486810554
0.9387572641931158,0.33578509753757596
0.9387572641931158,0.3358387973772589
0.9387572641931158,0.33589251439539347
0.9387572641931158,0.335946248600224
0.9387572641931158,0.336
0.9387572641931158,0.3360537686029765
0.9387572641931158,0.3361075544174136
0.9387572641931158,0.33616135745157677
0.9387572641931158,0.33621517771373677
0.9387572641931158,0.33626901521216973
0.9387572641931158,0.336322869955157
0.9387572641931158,0.3363767419509851
0.9387572641931158,0.3364306312079462
0.9387572641931158,0.33648453773433745
0.9387572641931158,0.33653846153846156
0.9387572641931158,0.3365924026286264
0.9387572641931158,0.3366463610131452
0.9387572641931158,0.3367003367003367
0.9387572641931158,0.3367543296985247
0.9387572641931158,0.3368083400160385
0.9387572641931158,0.3368623676612127
0.9387572641931158,0.3369164126423873
0.9387572641931158,0.33697047496790755
0.9387572641931158,0.33702455464612424
0.9383102369244524,0.33691813804173354
0.9383102369244524,0.33697222668165033
0.9383102369244524,0.33702633269107257
0.937863209655789,0.3369198651035812
0.937863209655789,0.3369739800835207
0.937863209655789,0.3370281124497992
0.937863209655789,0.3370822622107969
0.937863209655789,0.33713642937489957
0.937863209655789,0.3371906139504982
0.937863209655789,0.3372448159459894
0.937863209655789,0.3372990353697749
0.937863209655789,0.3373532722302621
0.937863209655789,0.33740752653586364
0.9374161823871257,0.3373009490107769
0.9374161823871257,0.3373552123552124
0.9374161823871257,0.33740949316170554
0.9374161823871257,0.3374637914386868
0.9369691551184622,0.33735715435377434
0.9369691551184622,0.3374114616870573
0.9369691551184622,0.33746578650780873
0.9369691551184622,0.33752012882447663
0.9369691551184622,0.3375744886455146
0.9369691551184622,0.33762886597938147
0.9369691551184622,0.33768326083454164
0.9369691551184622,0.337737673219465
0.9369691551184622,0.3377921031426269
0.9369691551184622,0.33784655061250807
0.9369691551184622,0.3379010156375947
0.9369691551184622,0.3379554982263786
0.9369691551184622,0.3380099983873569
0.9369691551184622,0.33806451612903227
0.9369691551184622,0.3381190514599129
0.9365221278497988,0.33801226202000645
0.9365221278497988,0.3380668065192835
0.9365221278497988,0.3381213686249193
0.9365221278497988,0.33817594834543985
0.9365221278497988,0.3382305456893768
0.9365221278497988,0.33828516066526726
0.9365221278497988,0.33833979328165376
0.9365221278497988,0.3383944435470845
0.9360751005811354,0.3382875605815832
0.9360751005811354,0.33834222006786235
0.9360751005811354,0.33839689722042665
0.9360751005811354,0.33845159204784225
0.9360751005811354,0.3385063045586809
0.9360751005811354,0.33856103476151983
0.9360751005811354,0.3386157826649418
0.9360751005811354,0.3386705482775352
0.9360751005811354,0.33872533160789386
0.9360751005811354,0.3387801326646174
0.9360751005811354,0.3388349514563107
0.9360751005811354,0.3388897879915844
0.9360751005811354,0.3389446422790547
0.9360751005811354,0.3389995143273434
0.9360751005811354,0.3390544041450777
0.9360751005811354,0.3391093117408907
0.9360751005811354,0.3391642371234208
0.9360751005811354,0.33921918030131215
0.9356280733124721,0.33911211924821777
0.9356280733124721,0.33916707178739264
0.9356280733124721,0.3392220421393841
0.9356280733124721,0.3392770303128546
0.9356280733124721,0.33933203631647213
0.9356280733124721,0.33938706015891035
0.9356280733124721,0.33944210184884854
0.9356280733124721,0.3394971613949716
0.9356280733124721,0.33955223880597013
0.9356280733124721,0.33960733409054034
0.9356280733124721,0.339662447257384
0.9356280733124721,0.3398278941386589
0.9356280733124721,0.3398830789217278
0.9356280733124721,0.3399382816306643
0.9356280733124721,0.33999350227420405
0.9356280733124721,0.34004874086108855
0.9356280733124721,0.340103997400065
0.9356280733124721,0.34015927189988626
0.9356280733124721,0.3402145643693108
0.9356280733124721,0.3402698748171029
0.9356280733124721,0.3403252032520325
0.9356280733124721,0.3403805496828753
0.9356280733124721,0.3404359141184125
0.9356280733124721,0.34049129656743127
0.9356280733124721,0.34054669703872437
0.9351810460438087,0.3404947916666667
0.9351810460438087,0.34055021976233113
0.9351810460438087,0.34060566590687075
0.9351810460438087,0.34066113010910276
0.9351810460438087,0.34071661237785017
0.9351810460438087,0.3407721127219417
0.9351810460438087,0.3408276311502118
0.9351810460438087,0.34088316767150073
0.9351810460438087,0.3409387222946545
0.9351810460438087,0.34099429502852485
0.9351810460438087,0.34104988588196933
0.9351810460438087,0.3411054948638513
0.9351810460438087,0.3412167672484097
0.9351810460438087,0.3412724306688418
0.9351810460438087,0.3413281122532224
0.9351810460438087,0.3413838120104439
0.9351810460438087,0.3414395299494043
0.9351810460438087,0.3414952660790075
0.9351810460438087,0.34155102040816326
0.9351810460438087,0.34160679294578705
0.9351810460438087,0.34166258370080027
0.9351810460438087,0.34171839268213
0.9351810460438087,0.3417742198987094
0.9351810460438087,0.34183006535947713
0.9351810460438087,0.341885929073378
0.9351810460438087,0.34194181104936255
0.9351810460438087,0.3419977112963871
0.9351810460438087,0.342053629823414
0.9351810460438087,0.3421095666394113
0.9347340187751453,0.3420019627085378
0.9347340187751453,0.34205790937346636
0.9347340187751453,0.34211387434554974
0.9347340187751453,0.34216985763377517
0.9347340187751453,0.34222585924713583
0.9347340187751453,0.3423379174852652
0.9338399642378185,0.34217854217854216
0.9338399642378185,0.3422346002621232
0.9338399642378185,0.342290676716369
0.9338399642378185,0.34234677155031135
0.9338399642378185,0.342402884772988
0.9338399642378185,0.3424590163934426
0.9338399642378185,0.3425151664207247
0.9338399642378185,0.3425713348638898
0.9338399642378185,0.34262752173199934
0.9338399642378185,0.34268372703412076
0.9333929369691552,0.34257588187038557
0.9333929369691552,0.34263209714473253
0.9333929369691552,0.34268833087149186
0.9329459097004917,0.34263667706452144
0.9329459097004917,0.3426929392446634
0.9329459097004917,0.34274921990474627
0.9329459097004917,0.34280551905387646
0.9329459097004917,0.34286183670116643
0.9329459097004917,0.34291817285573445
0.9329459097004917,0.342974527526705
0.9329459097004917,0.3430309007232084
0.9329459097004917,0.3430872924543811
0.9329459097004917,0.34314370272936534
0.9329459097004917,0.34320013155730966
0.9329459097004917,0.34325657894736844
0.9329459097004917,0.34331304490870207
0.9329459097004917,0.3433695294504771
0.9329459097004917,0.34342603258186605
0.9324988824318283,0.3433179723502304
0.9324988824318283,0.3433744855967078
0.9324988824318283,0.34343101745143234
0.9324988824318283,0.34348756792359625
0.9324988824318283,0.3435441370223979
0.9324988824318283,0.3436007247570417
0.9324988824318283,0.3436573311367381
0.9324988824318283,0.34371395617070355
0.9324988824318283,0.34377059986816083
0.9324988824318283,0.34382726223833854
0.9324988824318283,0.3438839432904715
0.9324988824318283,0.3439406430338005
0.9320518551631649,0.34383245382585753
0.9320518551631649,0.34388916378030676
0.9320518551631649,0.3439458924447377
0.9320518551631649,0.34400263982841117
0.9320518551631649,0.34405940594059403
0.9320518551631649,0.3441161907905595
0.9320518551631649,0.34417299438758664
0.9320518551631649,0.34422981674096087
0.9320518551631649,0.3442866578599736
0.9320518551631649,0.34434351775392236
0.9311578006258382,0.344126879233438
0.9307107733571748,0.34401850627891606
0.9307107733571748,0.3440753594447199
0.9307107733571748,0.3441322314049587
0.9302637460885114,0.34402380558770046
0.9302637460885114,0.34408068783068785
0.9302637460885114,0.3441375888870514
0.9302637460885114,0.34419450876612634
0.9298167188198481,0.34408602150537637
0.9298167188198481,0.3441429516876241
0.9298167188198481,0.3441999007115671
0.9298167188198481,0.34425686858656074
0.9298167188198481,0.34431385532196657
0.9298167188198481,0.3443708609271523
0.9298167188198481,0.344427885411492
0.9298167188198481,0.3444849287843657
0.9298167188198481,0.34454199105515987
0.9298167188198481,0.3445990722332671
0.9298167188198481,0.34465617232808615
0.9298167188198481,0.34471329134902223
0.9298167188198481,0.3447704293054865
0.9298167188198481,0.3448275862068966
0.9298167188198481,0.34488476206267615
0.9298167188198481,0.3449419568822554
0.9298167188198481,0.34499917067507047
0.9298167188198481,0.34505640345056404
0.9298167188198481,0.3451136552181848
0.9298167188198481,0.34517092598738797
0.9298167188198481,0.34522821576763485
0.9298167188198481,0.3452855245683931
0.9298167188198481,0.34534285239913665
0.9298167188198481,0.34540019926934573
0.9298167188198481,0.3454575651885069
0.9298167188198481,0.34551495016611294
0.9293696915511847,0.3454062136567536
0.9293696915511847,0.34546360917248253
0.9293696915511847,0.34552102376599636
0.9293696915511847,0.3455784574468085
0.9289226642825212,0.3454696591853699
0.9289226642825212,0.3455271034253409
0.9289226642825212,0.345584566771994
0.9289226642825212,0.34569955082349024
0.9289226642825212,0.34575707154742097
0.9289226642825212,0.345814611416209
0.9289226642825212,0.3458721704394141
0.9289226642825212,0.3459297486266023
0.9289226642825212,0.345987345987346
0.9289226642825212,0.34604496253122397
0.9289226642825212,0.34610259826782147
0.9289226642825212,0.34616025320673
0.9289226642825212,0.3462179273575475
0.9289226642825212,0.3463333333333333
0.9289226642825212,0.3463910651775296
0.9289226642825212,0.3464488162720907
0.9289226642825212,0.3465065866266467
0.9284756370138578,0.34639759839893264
0.9284756370138578,0.3464553794829024
0.9284756370138578,0.3465131798465132
0.9284756370138578,0.346570999499416
0.9284756370138578,0.34662883845126835
0.9284756370138578,0.34668669671173424
0.9284756370138578,0.34674457429048416
0.9284756370138578,0.3468024711971949
0.9284756370138578,0.3468603874415498
0.9284756370138578,0.34691832303323866
0.9284756370138578,0.3469762779819579
0.9284756370138578,0.3470342522974102
0.9284756370138578,0.3470922459893048
0.9284756370138578,0.3471502590673575
0.9284756370138578,0.3472082915412905
0.9284756370138578,0.3472663434208326
0.9284756370138578,0.34732441471571907
0.9284756370138578,0.3473825054356916
0.9284756370138578,0.3474406155904985
0.9280286097451944,0.3473314371758407
0.9275815824765311,0.3472222222222222
0.9275815824765311,0.3472803347280335
0.9275815824765311,0.3473384666889856
0.9275815824765311,0.3473966181148502
0.9275815824765311,0.3474547890154052
0.9275815824765311,0.34751297940043546
0.9271345552078677,0.3474036850921273
0.9271345552078677,0.3474618864131345
0.9271345552078677,0.3475201072386059
0.9271345552078677,0.3475783475783476
0.9271345552078677,0.3476366074421723
0.9271345552078677,0.3476948868398994
0.9266875279392043,0.3475855130784708
0.9266875279392043,0.3476438034546369
0.9266875279392043,0.3477021133847702
0.9266875279392043,0.3477604428787116
0.9266875279392043,0.3478187919463087
0.9266875279392043,0.3478771605974157
0.9266875279392043,0.34793554884189326
0.9266875279392043,0.34799395668960886
0.9266875279392043,0.34805238415043654
0.9262405006705409,0.3479429051217464
0.9262405006705409,0.3480013436345314
0.9262405006705409,0.3480598017806148
0.9262405006705409,0.3481182795698925
0.9262405006705409,0.34817677701226685
0.9262405006705409,0.34823529411764703
0.9262405006705409,0.3482938308959489
0.9262405006705409,0.34835238735709484
0.9262405006705409,0.34841096351101397
0.9262405006705409,0.3484695593676421
0.9262405006705409,0.3485281749369218
0.9262405006705409,0.34858681022880217
0.9262405006705409,0.3486454652532391
0.9262405006705409,0.34870414002019523
0.9262405006705409,0.3487628345396398
0.9262405006705409,0.3488215488215488
0.9262405006705409,0.34888028287590506
0.9262405006705409,0.3489390367126979
0.9262405006705409,0.3489978103419235
0.9262405006705409,0.3490566037735849
0.9257934734018776,0.3489469250210615
0.9257934734018776,0.3490057296932929
0.9253464461332142,0.3488960053935614
0.9248994188645507,0.3487862440997977
0.9248994188645507,0.3488450514247176
0.9248994188645507,0.3489038785834739
0.9248994188645507,0.3489627255861022
0.9248994188645507,0.3490215924426451
0.9248994188645507,0.34908047916315166
0.9248994188645507,0.34913938575767806
0.9248994188645507,0.34919831223628695
0.9244523915958873,0.34908845374746794
0.9244523915958873,0.3492063492063492
0.9244523915958873,0.3492653268029049
0.9244523915958873,0.3493243243243243
0.9244523915958873,0.3493833417807062
0.9240053643272239,0.3492734031767489
0.9240053643272239,0.34939148073022314
0.9240053643272239,0.34945054945054943
0.9240053643272239,0.3495096381467704
0.9240053643272239,0.3496278755074425
0.9240053643272239,0.34968702419218406
0.9240053643272239,0.34974619289340103
0.9240053643272239,0.3498053816212557
0.9240053643272239,0.3498645903859174
0.9240053643272239,0.3499238191975622
0.9240053643272239,0.3499830680663732
0.9240053643272239,0.3500423370025402
0.9240053643272239,0.35010162601626016
0.9240053643272239,0.35016093511773677
0.9240053643272239,0.3502202643171806
0.9240053643272239,0.35027961362480936
0.9240053643272239,0.35033898305084743
0.9240053643272239,0.35039837260552636
0.9240053643272239,0.3504577822990844
0.9240053643272239,0.350517212141767
0.9240053643272239,0.3505766621438263
0.9240053643272239,0.35063613231552165
0.9235583370585606,0.3505259586019681
0.9235583370585606,0.35058544035296113
0.9231113097898972,0.35047522063815345
0.9231113097898972,0.35053471397046343
0.9226642825212338,0.3504244482173175
0.9222172552525704,0.3503141450161318
0.9222172552525704,0.35037364130434784
0.9222172552525704,0.3504331578053338
0.9222172552525704,0.3504926945293918
0.9222172552525704,0.35055225148683095
0.9217702279839071,0.3504418762746431
0.9217702279839071,0.3505014448410675
0.9217702279839071,0.35056103366201974
0.9217702279839071,0.350620642747832
0.9217702279839071,0.35068027210884356
0.9217702279839071,0.3507399217554006
0.9213232007152437,0.3508085106382979
0.9213232007152437,0.3508682328907048
0.9213232007152437,0.3509279754810148
0.9213232007152437,0.35098773841961856
0.9213232007152437,0.35104752171691367
0.9208761734465802,0.35093696763202725
0.9204291461779168,0.35082637587323223
0.9204291461779168,0.3508861622358555
0.9204291461779168,0.3509459689790353
0.9204291461779168,0.35100579611319466
0.9204291461779168,0.35106564364876386
0.9204291461779168,0.3511255115961801
0.9204291461779168,0.35118539996588777
0.9199821189092534,0.3510747185261003
0.9199821189092534,0.3511346186657567
0.9199821189092534,0.35119453924914673
0.9195350916405901,0.3510838026967059
0.9195350916405901,0.3511437350631615
0.9195350916405901,0.3512036878948267
0.9195350916405901,0.3512636612021858
0.9195350916405901,0.35132365499573015
0.9190880643719267,0.3512128459173215
0.9190880643719267,0.35127285152913035
0.9190880643719267,0.3513328776486671
0.9190880643719267,0.35139292428644675
0.9190880643719267,0.35145299145299147
0.9186410371032633,0.35134210976235253
0.9186410371032633,0.35140218878248974
0.9186410371032633,0.35146228835300153
0.9186410371032633,0.3515224084844338
0.9186410371032633,0.3515825491873396
0.9186410371032633,0.35164271047227924
0.9186410371032633,0.3517028923498203
0.9186410371032633,0.35176309483053747
0.9186410371032633,0.3518233179250128
0.9181940098345999,0.3517123287671233
0.9181940098345999,0.3517725637951704
0.9181940098345999,0.35183281945871875
0.9181940098345999,0.3518930957683742
0.9181940098345999,0.35195339273474985
0.9181940098345999,0.3520137103684661
0.9181940098345999,0.35207404868015085
0.9177469825659366,0.3519629693125321
0.9172999552972732,0.35185185185185186
0.9172999552972732,0.3519121934488081
0.9172999552972732,0.35197255574614067
0.9168529280286097,0.3518613827414651
0.9168529280286097,0.35192175703500345
0.9164059007599463,0.351810537154625
0.9164059007599463,0.35187092344661863
0.9164059007599463,0.351931330472103
0.9164059007599463,0.35199175824175827
0.915958873491283,0.35188047398248323
0.915958873491283,0.35194091377533493
0.915958873491283,0.35200137433430684
0.915958873491283,0.3520618556701031
0.915958873491283,0.3521223577934353
0.915958873491283,0.35218288071502235
0.915958873491283,0.35224342444559054
0.915958873491283,0.35230398899587345
0.915958873491283,0.3523645743766122
0.915958873491283,0.3524251805985552
0.915958873491283,0.3524858076724583
0.915958873491283,0.35254645560908465
0.9155118462226196,0.3524350369987954
0.9155118462226196,0.35249569707401035
0.9155118462226196,0.352556378034085
0.9155118462226196,0.3526170798898072
0.9150648189539562,0.3525055966936456
0.9150648189539562,0.35256631071305544
0.9150648189539562,0.35262704565030145
0.9150648189539562,0.3526878015161957
0.9150648189539562,0.3527485783215578
0.9146177916852928,0.35263702171664946
0.9141707644166294,0.3525254266505775
0.9137237371479661,0.3524137931034483
0.9137237371479661,0.3524745645801
0.9137237371479661,0.35253535701966193
0.9137237371479661,0.3525961704329826
0.9137237371479661,0.3526570048309179
0.9137237371479661,0.3527178602243313
0.9132767098793027,0.35260614428719367
0.9132767098793027,0.352667011910927
0.9132767098793027,0.3527279005524862
0.9132767098793027,0.35278881022275943
0.9132767098793027,0.3528497409326425
0.9132767098793027,0.35291069269303854
0.9132767098793027,0.3529716655148583
0.9132767098793027,0.35303265940902023
0.9128296826106392,0.35292084341514
0.9128296826106392,0.3529818496110631
0.9128296826106392,0.3530428769017981
0.9128296826106392,0.3531039252982881
0.9128296826106392,0.3531649948114839
0.9128296826106392,0.3532260854523439
0.9128296826106392,0.3532871972318339
0.9128296826106392,0.3533483301609275
0.9128296826106392,0.35340948425060575
0.9128296826106392,0.35347065951185735
0.9128296826106392,0.35353185595567865
0.9128296826106392,0.35359307359307357
0.9128296826106392,0.3536543124350537
0.9128296826106392,0.35371557249263813
0.9128296826106392,0.35377685377685375
0.9123826553419758,0.35366487610466124
0.9119356280733125,0.3535528596187175
0.9114886008046491,0.3534408042988386
0.9114886008046491,0.353502080443828
0.9114886008046491,0.35356337783943126
0.9114886008046491,0.3536246964967048
0.9114886008046491,0.3536860364267129
0.9114886008046491,0.35374739764052743
0.9114886008046491,0.35380878014922784
0.9114886008046491,0.3538701839639014
0.9110415735359857,0.35375802812011803
0.9110415735359857,0.35381944444444446
0.9110415735359857,0.3538808820975864
0.9110415735359857,0.3539423410906565
0.9110415735359857,0.35400382143477505
0.9110415735359857,0.3540653231410702
0.9110415735359857,0.3541268462206777
0.9110415735359857,0.35418839068474106
0.9105945462673223,0.35407613419085693
0.9105945462673223,0.35413769123783034
0.9105945462673223,0.3541992696922274
0.9101475189986589,0.3540869565217391
0.9097004917299956,0.35397460427900507
0.9097004917299956,0.3540361864996521
0.9097004917299956,0.3540977901513833
0.9097004917299956,0.3541594152453881
0.9097004917299956,0.35422106179286333
0.9097004917299956,0.3542827298050139
0.9092534644613322,0.35417029427128677
0.9092534644613322,0.3542319749216301
0.9092534644613322,0.3542936770597457
0.9092534644613322,0.3543554006968641
0.9092534644613322,0.35441714584422374
0.9092534644613322,0.35447891251307073
0.9092534644613322,0.3545407007146592
0.9088064371926687,0.3544281729428173
0.9083594099240053,0.35431560592850914
0.907912382655342,0.35420299965120333
0.9074653553866786,0.3540903540903541
0.9074653553866786,0.3541521284019539
0.9074653553866786,0.35421392427150583
0.9074653553866786,0.3542757417102967
0.9074653553866786,0.35433758072962124
0.9074653553866786,0.3543994413407821
0.9074653553866786,0.3544613235550899
0.9074653553866786,0.3545232273838631
0.9070183281180152,0.35441048034934497
0.9070183281180152,0.35447239692522714
0.9065713008493518,0.3543596016075485
0.9065713008493518,0.35442153093324014
0.9065713008493518,0.3544834819087572
0.9065713008493518,0.35454545454545455
0.9065713008493518,0.35460744885469486
0.9065713008493518,0.3546694648478489
0.9065713008493518,0.35473150253629526
0.9065713008493518,0.3547935619314206
0.9065713008493518,0.3548556430446194
0.9065713008493518,0.35491774588729436
0.9065713008493518,0.35497987047085594
0.9065713008493518,0.3550420168067227
0.9065713008493518,0.3551041849063211
0.9061242735806885,0.35499124343257443
0.9061242735806885,0.35505342441758625
0.9061242735806885,0.3551156271899089
0.9061242735806885,0.35517785176099526
0.9061242735806885,0.35524009814230634
0.9061242735806885,0.35530236634531115
0.9056772463120251,0.35518934081346426
0.9056772463120251,0.35525162195335785
0.9056772463120251,0.355313924938618
0.9052302190433617,0.3552008419575513
0.9052302190433617,0.35526315789473684
0.9052302190433617,0.3553254957010002
0.9052302190433617,0.3553878553878554
0.9052302190433617,0.35545023696682465
0.9052302190433617,0.3555126404494382
0.9052302190433617,0.3555750658472344
0.9052302190433617,0.3556999824345688
0.9047831917746982,0.3555867884750527
0.9047831917746982,0.35564927077842207
0.9047831917746982,0.35571177504393675
0.9047831917746982,0.35577430128317805
0.9047831917746982,0.3558368495077356
0.9047831917746982,0.35589941972920697
0.9043361645060348,0.35578614139992965
0.9043361645060348,0.35584872471416007
0.9043361645060348,0.35591133004926107
0.9043361645060348,0.3559739574168573
0.9043361645060348,0.35603660682858146
0.9038891372373715,0.3559232529484246
0.9038891372373715,0.35598591549295777
0.9038891372373715,0.3560486001056524
0.9034421099687081,0.35593518844663613
0.9034421099687081,0.35599788620750394
0.9034421099687081,0.3560606060606061
0.9034421099687081,0.35612334801762113
0.9029950827000447,0.3560098695805428
0.9025480554313813,0.35589635113696455
0.9025480554313813,0.3559590973201692
0.902101028162718,0.3558455298889085
0.902101028162718,0.3559082892416226
0.902101028162718,0.3559710707355795
0.902101028162718,0.3560338743824982
0.902101028162718,0.3560967001941062
0.902101028162718,0.3561595481821391
0.902101028162718,0.3562224183583407
0.902101028162718,0.3562853107344633
0.902101028162718,0.35634822532226734
0.902101028162718,0.3564111621335217
0.902101028162718,0.35647412118000354
0.902101028162718,0.35653710247349824
0.902101028162718,0.3566001060257996
0.902101028162718,0.3566631318487098
0.902101028162718,0.35672617995403927
0.9016540008940546,0.3566124469589816
0.9016540008940546,0.35667550839964635
0.9016540008940546,0.3567385921471525
0.9016540008940546,0.35680169821333807
0.9016540008940546,0.35686482661004953
0.9016540008940546,0.3569279773491417
0.9016540008940546,0.35699115044247787
0.9016540008940546,0.3570543459019295
0.9012069736253912,0.35694050991501414
0.9012069736253912,0.3570037187887374
0.9012069736253912,0.357066950053135
0.9012069736253912,0.3571302037201063
0.9007599463567277,0.35701630049610206
0.9007599463567277,0.3570795676058834
0.9007599463567277,0.35714285714285715
0.9007599463567277,0.35720616911895053
0.9007599463567277,0.35726950354609927
0.9007599463567277,0.35733286043624757
0.9007599463567277,0.357396239801348
0.899865891819401,0.3571682044002839
0.899865891819401,0.3572315882874889
0.899865891819401,0.3572949946751864
0.899865891819401,0.35735842357535946
0.899865891819401,0.357421875
0.8994188645507376,0.3573077606109039
0.8994188645507376,0.35737122557726464
0.8994188645507376,0.3574347130929117
0.8994188645507376,0.35749822316986496
0.8994188645507376,0.3575617558201528
0.8994188645507376,0.3576253110558123
0.8994188645507376,0.3576888888888889
0.8994188645507376,0.3577524893314367
0.8994188645507376,0.3578161123955184
0.8994188645507376,0.35787975809320527
0.8994188645507376,0.3579434264365771
0.8989718372820742,0.3578291814946619
0.8989718372820742,0.3578928634988432
0.8989718372820742,0.3579565681737273
0.8989718372820742,0.35802029553142245
0.8989718372820742,0.3580840455840456
0.8989718372820742,0.35814781834372217
0.8985248100134108,0.35803348770929816
0.8985248100134108,0.35809727418492787
0.8985248100134108,0.35816108339272984
0.8980777827447475,0.35804669399394046
0.8980777827447475,0.35811051693404633
0.8980777827447475,0.3581743626314851
0.8980777827447475,0.35823823109843084
0.8976307554760841,0.3581237738541109
0.8971837282074206,0.3580092757759543
0.8971837282074206,0.35807314897413023
0.8971837282074206,0.35813704496788007
0.8971837282074206,0.35820096376940924
0.8967367009387572,0.35808639771510176
0.8967367009387572,0.35815033029816107
0.8967367009387572,0.3582142857142857
0.8967367009387572,0.35827826397570994
0.8967367009387572,0.35834226509467665
0.8967367009387572,0.3584062890834376
0.8967367009387572,0.35847033595425304
0.8967367009387572,0.3585344057193923
0.8962896736700938,0.35841973543081873
0.8962896736700938,0.3584838190595387
0.8962896736700938,0.35854792560801146
0.8958426464014305,0.35843319620819175
0.8953956191327671,0.3583184257602862
0.8953956191327671,0.3583825371264985
0.8949485918641037,0.35826771653543305
0.8949485918641037,0.3583318417755504
0.8949485918641037,0.3583959899749373
0.8949485918641037,0.3584601611459266
0.8949485918641037,0.3585243553008596
0.8949485918641037,0.3585885724520867
0.8949485918641037,0.358652812611967
0.8949485918641037,0.35871707579286866
0.8949485918641037,0.3587813620071685
0.8945015645954403,0.3586664276752106
0.8945015645954403,0.3587307278594478
0.8945015645954403,0.3587950511027434
0.8945015645954403,0.3588593974175036
0.8945015645954403,0.3589237668161435
0.8945015645954403,0.3589881593110872
0.8945015645954403,0.3590525749147676
0.8945015645954403,0.35918147549811524
0.894054537326777,0.3590664272890485
0.8936075100581136,0.35895133776261445
0.8936075100581136,0.35901580459770116
0.8936075100581136,0.3590802945931381
0.8936075100581136,0.35914480776140856
0.8936075100581136,0.3592093441150045
0.8931604827894501,0.3590941768511862
0.8931604827894501,0.35915872730541076
0.8931604827894501,0.3592233009708738
0.8931604827894501,0.3592878978600971
0.8931604827894501,0.3593525179856115
0.8931604827894501,0.3594171613599568
0.8931604827894501,0.3594818279956819
0.8931604827894501,0.3595465179053446
0.8931604827894501,0.3596112311015119
0.8931604827894501,0.3596759675967597
0.8931604827894501,0.359740727403673
0.8927134555207867,0.3596254276967405
0.8927134555207867,0.35969020172910665
0.8927134555207867,0.3597549990992614
0.8927134555207867,0.3598198198198198
0.8927134555207867,0.359884663903406
0.8927134555207867,0.35994953136265323
0.8927134555207867,0.3600144222102037
0.8927134555207867,0.360079336458709
0.8927134555207867,0.36014427412082956
0.8927134555207867,0.3602092352092352
0.8927134555207867,0.36027421973660473
0.8927134555207867,0.36033922771562615
0.8927134555207867,0.3604042591589966
0.8927134555207867,0.3604693140794224
0.8927134555207867,0.36053439248961905
0.8927134555207867,0.3605994944023113
0.8927134555207867,0.36066461983023296
0.8927134555207867,0.36072976878612717
0.8927134555207867,0.36079494128274614
0.8927134555207867,0.36086013733285144
0.8922664282521234,0.3607446231700705
0.8922664282521234,0.36080983369486624
0.8922664282521234,0.36087506779967454
0.8922664282521234,0.3609403254972875
0.8922664282521234,0.3610056068005064
0.89181940098346,0.36089001447178004
0.89181940098346,0.36095531029491584
0.89181940098346,0.36102062975027144
0.89181940098346,0.3610859728506787
0.8913723737147966,0.3609703113685735
0.8913723737147966,0.3610356690204599
0.8913723737147966,0.36110105034407824
0.8913723737147966,0.36116645535229125
0.8913723737147966,0.361231884057971
0.8913723737147966,0.3612973364739989
0.8909253464461332,0.36118158753171437
0.8904783191774698,0.3610657966286025
0.8904783191774698,0.36113125453226974
0.8904783191774698,0.3611967361740707
0.8904783191774698,0.36126224156692055
0.8904783191774698,0.3613277707237439
0.8904783191774698,0.3613933236574746
0.8904783191774698,0.36145890038105605
0.8904783191774698,0.36152450090744104
0.8904783191774698,0.36159012524959155
0.8904783191774698,0.3616557734204793
0.8900312919088065,0.36153985836208463
0.8900312919088065,0.3616055212495459
0.8891372373714796,0.3613735465116279
0.8891372373714796,0.3614392149736507
0.8891372373714796,0.36150490730643403
0.8891372373714796,0.3615706235229958
0.8891372373714796,0.3617021276595745
0.8891372373714796,0.3617679156056748
0.8886902101028162,0.3616518100782245
0.8882431828341529,0.36153566229985445
0.8882431828341529,0.3616014558689718
0.8882431828341529,0.3616672733891518
0.8882431828341529,0.3617331148734753
0.8877961555654895,0.36161689730517116
0.8877961555654895,0.36168275359679475
0.8873491282968261,0.36156648451730417
0.8869021010281627,0.3614501730734196
0.8869021010281627,0.36151603498542273
0.8869021010281627,0.3615819209039548
0.8869021010281627,0.36164783084214364
0.8869021010281627,0.3617137648131267
0.8869021010281627,0.36177972283005105
0.8864550737594993,0.36166332299835857
0.8864550737594993,0.361729295877417
0.8864550737594993,0.36179529282977557
0.8864550737594993,0.36186131386861314
0.8864550737594993,0.3619273590071181
0.886008046490836,0.361810879883169
0.886008046490836,0.361876939930619
0.886008046490836,0.36194302410518625
0.8855610192221726,0.36182648401826484
0.8851139919535091,0.3617099013518451
0.8851139919535091,0.36177599122967297
0.8851139919535091,0.3618421052631579
0.8851139919535091,0.3619082434655456
0.8851139919535091,0.3619744058500914
0.8851139919535091,0.3620405924300603
0.8851139919535091,0.36217303822937624
0.8851139919535091,0.36223929747530187
0.8851139919535091,0.36230558096980786
0.8851139919535091,0.3623718887262079
0.8851139919535091,0.3624382207578254
0.8851139919535091,0.3625045770779934
0.8851139919535091,0.36257095770005493
0.8851139919535091,0.3626373626373626
0.8851139919535091,0.362703791903279
0.8851139919535091,0.36277024551117626
0.8851139919535091,0.3628367234744365
0.8851139919535091,0.3629032258064516
0.8851139919535091,0.3629697525206233
0.8851139919535091,0.36303630363036304
0.8851139919535091,0.36310287914909223
0.8851139919535091,0.3631694790902421
0.8851139919535091,0.3632361034672537
0.8846669646848457,0.36311926605504585
0.8846669646848457,0.36318590567076525
0.8846669646848457,0.3632525697503671
0.8846669646848457,0.36331925830732514
0.8842199374161824,0.36320235034887993
0.8842199374161824,0.3632690541781451
0.883772910147519,0.36315209404849375
0.883772910147519,0.3632188131545104
0.883772910147519,0.3632855567805954
0.883772910147519,0.3633523249402683
0.883772910147519,0.3634191176470588
0.883772910147519,0.36348593491450637
0.883772910147519,0.3635527767561604
0.883772910147519,0.36361964318558027
0.883772910147519,0.36368653421633557
0.883772910147519,0.36375344986200553
0.883772910147519,0.3638203901361796
0.883772910147519,0.36388735505245723
0.883772910147519,0.3639543446244477
0.883772910147519,0.3640213588657706
0.883772910147519,0.36408839779005525
0.883772910147519,0.36415546141094124
0.883772910147519,0.3642225497420781
0.883772910147519,0.3642896627971255
0.883772910147519,0.36435680058975306
0.883772910147519,0.36442396313364056
0.883772910147519,0.3644911504424779
0.883772910147519,0.364558362529965
0.883772910147519,0.3646255994098119
0.883772910147519,0.3646928610957388
0.883772910147519,0.364760147601476
0.883772910147519,0.36482745894076396
0.883772910147519,0.3649621561750046
0.883772910147519,0.36502954209748895
0.8833258828788556,0.3649122807017544
0.8833258828788556,0.36497968230513483
0.8833258828788556,0.365047108812119
0.8833258828788556,0.36511456023651145
0.8833258828788556,0.36518203659212717
0.8833258828788556,0.36524953789279113
0.8833258828788556,0.3653170641523387
0.8833258828788556,0.36538461538461536
0.8833258828788556,0.365452191603477
0.8833258828788556,0.3655197928227895
0.8833258828788556,0.3655874190564292
0.8833258828788556,0.36565507031828276
0.8833258828788556,0.3657227466222469
0.8833258828788556,0.3657904479822288
0.8833258828788556,0.3658581744121459
0.8833258828788556,0.36592592592592593
0.8833258828788556,0.36599370253750696
0.8833258828788556,0.36606150426083733
0.8833258828788556,0.36612933110987583
0.8833258828788556,0.36619718309859156
0.8828788556101922,0.366079703429101
0.8828788556101922,0.3661475713756025
0.8828788556101922,0.36621546449100684
0.8828788556101922,0.3662833827893175
0.8828788556101922,0.3663513262845483
0.8828788556101922,0.36641929499072357
0.8828788556101922,0.3664872889218779
0.8828788556101922,0.36655530809205644
0.8828788556101922,0.36662335251531464
0.8828788556101922,0.36669142220571854
0.8828788556101922,0.36675951717734445
0.8828788556101922,0.3668276374442793
0.8828788556101922,0.3668957830206205
0.8828788556101922,0.36696395392047565
0.8828788556101922,0.3670321501579632
0.8824318283415288,0.3669144981412639
0.8824318283415288,0.36698271054099274
0.8824318283415288,0.3670509483079212
0.8824318283415288,0.36711921145620235
0.8824318283415288,0.3671875
0.8824318283415288,0.3672558139534884
0.8824318283415288,0.3673241533308523
0.8824318283415288,0.367392518146287
0.8819848010728655,0.36734313908024574
0.8815377738042021,0.36722532588454376
0.8815377738042021,0.3672937232259266
0.8815377738042021,0.36736214605067063
0.8815377738042021,0.36743059437302034
0.8810907465355386,0.3673127096533731
0.8810907465355386,0.367381174277726
0.8810907465355386,0.3674496644295302
0.8810907465355386,0.3675181801230655
0.8806437192668752,0.36740022379709064
0.8806437192668752,0.36746875582913635
0.8801966919982119,0.3673507462686567
0.8801966919982119,0.3674192946445232
0.8801966919982119,0.36748786860768945
0.8801966919982119,0.3675564681724846
0.8801966919982119,0.36762509335324867
0.8801966919982119,0.3676937441643324
0.8801966919982119,0.3677624206200971
0.8801966919982119,0.36783112273491503
0.8801966919982119,0.3678998505231689
0.8801966919982119,0.36796860399925246
0.8797496647295485,0.36785046728971965
0.8793026374608851,0.3677322864086745
0.8793026374608851,0.36780104712041883
0.8793026374608851,0.3678698335515242
0.8793026374608851,0.3679386457164235
0.8793026374608851,0.3680074836295603
0.8788556101922217,0.36788922155688625
0.8788556101922217,0.3679580759872731
0.8788556101922217,0.3680269561961812
0.8788556101922217,0.36809586219809026
0.8788556101922217,0.36816479400749064
0.8788556101922217,0.36823375163888367
0.8788556101922217,0.3683027351067816
0.8788556101922217,0.3683717444257073
0.8788556101922217,0.3684407796101949
0.8788556101922217,0.36850984067478915
0.8788556101922217,0.36857892763404576
0.8788556101922217,0.3686480405025314
0.8784085829235584,0.36852963240810205
0.8784085829235584,0.3685987619583568
0.8784085829235584,0.36866791744840527
0.8784085829235584,0.36873709889285045
0.877961555654895,0.3686186186186186
0.877961555654895,0.3686878167824291
0.877961555654895,0.36875704093128053
0.877961555654895,0.3688262910798122
0.877961555654895,0.3688955672426747
0.877961555654895,0.3689648694345294
0.877961555654895,0.36903419767004886
0.877961555654895,0.36910355196391653
0.877961555654895,0.36917293233082704
0.877961555654895,0.369242338785486
0.877961555654895,0.36931177134261
0.877961555654895,0.36938123001692685
0.877961555654895,0.3694507148231753
0.877961555654895,0.3695202257761054
0.8775145283862316,0.3694015807301468
0.8770675011175681,0.36928289102202144
0.8770675011175681,0.3693524096385542
0.8766204738489047,0.36923366597627566
0.8761734465802414,0.3691148775894539
0.8761734465802414,0.36918440384253154
0.8761734465802414,0.36925395629238883
0.8761734465802414,0.3693235349538346
0.8761734465802414,0.36939313984168864
0.875726419311578,0.3692742695570217
0.875726419311578,0.36934389140271495
0.8752793920429146,0.36922496699981144
0.8748323647742512,0.3691059977367031
0.8748323647742512,0.36917562724014336
0.8743853375055879,0.3690566037735849
0.8743853375055879,0.36912625023589357
0.8743853375055879,0.36919592298980747
0.8743853375055879,0.3692656220502171
0.8743853375055879,0.3693353474320242
0.8739383102369245,0.3692162417374882
0.8739383102369245,0.36928598413298075
0.8739383102369245,0.3694255479969766
0.8734912829682611,0.3693063693063693
0.8730442556995976,0.36918714555765597
0.8730442556995976,0.3692569483834373
0.8730442556995976,0.3693267776096823
0.8725972284309342,0.369207490069983
0.8725972284309342,0.3692773363601968
0.8725972284309342,0.36934720908230845
0.8721502011622709,0.369227857683573
0.8721502011622709,0.3692977474919553
0.8721502011622709,0.3693676637637259
0.8721502011622709,0.3694376065139178
0.8721502011622709,0.36950757575757576
0.8721502011622709,0.3695775715097556
0.8721502011622709,0.3696475937855248
0.8721502011622709,0.3697176425999621
0.8721502011622709,0.3697877179681577
0.8721502011622709,0.36985781990521327
0.8721502011622709,0.36992794842624194
0.8721502011622709,0.3699981035463683
0.8721502011622709,0.3701384936444697
0.8721502011622709,0.3702087286527514
0.8721502011622709,0.37027899032074396
0.8721502011622709,0.37034927866362943
0.8721502011622709,0.3704195936966015
0.8717031738936075,0.37030003797949107
0.8717031738936075,0.37037037037037035
0.8717031738936075,0.37044072948328266
0.8717031738936075,0.3706519673065957
0.8717031738936075,0.37072243346007605
0.8712561466249441,0.3706027761931926
0.8712561466249441,0.3706732597945987
0.8712561466249441,0.370743770211147
0.8712561466249441,0.3708143074581431
0.8708091193562807,0.3706945765937203
0.8708091193562807,0.37076513132851163
0.8708091193562807,0.3708357129259471
0.8708091193562807,0.3709063214013709
0.8708091193562807,0.37097695677013903
0.8708091193562807,0.37104761904761907
0.8708091193562807,0.37111830824919034
0.8708091193562807,0.3711890243902439
0.8703620920876174,0.3710691823899371
0.8703620920876174,0.3711399161265726
0.8703620920876174,0.371210676835081
0.8703620920876174,0.37128146453089245
0.8703620920876174,0.3713522792294488
0.8703620920876174,0.3714231209462037
0.8703620920876174,0.3714939896966228
0.8703620920876174,0.3715648854961832
0.8703620920876174,0.37163580836037413
0.8703620920876174,0.37170675830469646
0.8703620920876174,0.37177773534466296
0.8703620920876174,0.37184873949579833
0.869915064818954,0.37172874880611273
0.8694680375502906,0.3716087122659534
0.8694680375502906,0.37167972482323713
0.8694680375502906,0.37175076452599387
0.8694680375502906,0.37182183138979163
0.8694680375502906,0.37189292543021035
0.8694680375502906,0.37196404666284183
0.8694680375502906,0.37203519510329
0.8690210102816271,0.3719150564377272
0.8690210102816271,0.3719862227324914
0.8690210102816271,0.3720574162679426
0.8690210102816271,0.3721286370597244
0.8690210102816271,0.3721998851234922
0.8690210102816271,0.3722711604749138
0.8690210102816271,0.3723424631296686
0.8685739830129638,0.37222222222222223
0.8685739830129638,0.37229354282429583
0.8685739830129638,0.37236489076274437
0.8681269557443004,0.3722445850105425
0.867679928475637,0.37212423312883436
0.867679928475637,0.37219558964525407
0.867679928475637,0.3722669735327963
0.867679928475637,0.37233838480721276
0.867679928475637,0.3724098234842671
0.8672329012069736,0.3722893878334293
0.8672329012069736,0.3723608445297505
0.8672329012069736,0.37243232866193127
0.8672329012069736,0.3725038402457757
0.8672329012069736,0.37257537929710005
0.8672329012069736,0.37264694583173263
0.8672329012069736,0.37271853986551395
0.8672329012069736,0.3727901614142967
0.8672329012069736,0.3728618104939458
0.8672329012069736,0.37293348712033836
0.8672329012069736,0.3730051913093636
0.8667858739383102,0.37288461538461537
0.8667858739383102,0.372956337757261
0.8667858739383102,0.3730280877260485
0.8663388466696469,0.37290744660380987
0.8658918194009835,0.3727867590454196
0.8658918194009835,0.37285851780558227
0.8658918194009835,0.37293030419715056
0.8658918194009835,0.37300211823608703
0.8654447921323201,0.3728813559322034
0.8654447921323201,0.3729531882103641
0.8649977648636566,0.37283236994219654
0.8645507375949933,0.372711505106957
0.8641037103263299,0.3725905936777178
0.8641037103263299,0.37266242529400423
0.8641037103263299,0.37273428461241803
0.8641037103263299,0.37280617164898744
0.8641037103263299,0.37287808641975306
0.8641037103263299,0.3729500289407679
0.8641037103263299,0.37302199922809726
0.8641037103263299,0.37309399729781895
0.8641037103263299,0.37316602316602315
0.8641037103263299,0.3732380768488125
0.8641037103263299,0.373310158362302
0.8641037103263299,0.3733822677226193
0.8641037103263299,0.37345440494590415
0.8641037103263299,0.3735265700483092
0.8636566830576665,0.37340548898337844
0.8636566830576665,0.37347767253044656
0.8636566830576665,0.37354988399071926
0.8632096557890031,0.37342873718816477
0.8632096557890031,0.3735009671179884
0.8632096557890031,0.3735732249951635
0.8632096557890031,0.3736455108359133
0.8632096557890031,0.3737178246564738
0.8632096557890031,0.3737901664730933
0.8632096557890031,0.3738625363020329
0.8627626285203397,0.3737412858249419
0.8623156012516764,0.3736199883788495
0.8623156012516764,0.37369236729949634
0.8623156012516764,0.3737647742685526
0.8623156012516764,0.37383720930232556
0.8623156012516764,0.37390967241713513
0.8623156012516764,0.3739821636293137
0.8614215467143496,0.3737393328161365
0.8614215467143496,0.373811833171678
0.8614215467143496,0.37388436166084593
0.8614215467143496,0.3739569183000194
0.8614215467143496,0.3740295031055901
0.8614215467143496,0.3741021160939623
0.8614215467143496,0.3741747572815534
0.8614215467143496,0.37424742668479316
0.8614215467143496,0.37432012432012435
0.8614215467143496,0.3743928502040023
0.8614215467143496,0.37446560435289544
0.8614215467143496,0.3745383867832847
0.8614215467143496,0.37461119751166405
0.8614215467143496,0.37468403655454013
0.8614215467143496,0.3747569039284325
0.8609745194456861,0.37463528496401477
0.8609745194456861,0.3747081712062257
0.8609745194456861,0.37478108581436076
0.8605274921770228,0.3746594005449591
0.8605274921770228,0.3747323340471092
0.8605274921770228,0.37480529595015577
0.8605274921770228,0.3748782862706913
0.8605274921770228,0.37495130502532137
0.8605274921770228,0.3750243522306643
0.8605274921770228,0.37509742790335154
0.8605274921770228,0.37517053206002726
0.8605274921770228,0.37524366471734893
0.8605274921770228,0.3753168258919867
0.8605274921770228,0.375390015600624
0.8605274921770228,0.3754632338599571
0.8605274921770228,0.37553648068669526
0.8605274921770228,0.375609756097561
0.8600804649083594,0.375487900078064
0.8600804649083594,0.37556119461253173
0.8600804649083594,0.3756345177664975
0.8600804649083594,0.3757078695567272
0.8600804649083594,0.37578125
0.8600804649083594,0.375854659113108
0.8600804649083594,0.37592809691285656
0.859633437639696,0.3758061364080516
0.8591864103710326,0.37568412822517594
0.8591864103710326,0.37575757575757573
0.8591864103710326,0.375831052014079
0.8591864103710326,0.3759045570115392
0.8591864103710326,0.37597809076682315
0.8591864103710326,0.3760516532968108
0.8591864103710326,0.3761252446183953
0.8591864103710326,0.3761988647484831
0.8587393831023692,0.3760767423649178
0.8587393831023692,0.37615038182886235
0.8587393831023692,0.3762240501370936
0.8582923558337059,0.376101860920666
0.8582923558337059,0.3761755485893417
0.8582923558337059,0.37624926513815404
0.8582923558337059,0.3763230105840847
0.8578453285650425,0.3762007449519702
0.8578453285650425,0.3762745098039216
0.8573983012963791,0.37615218670327516
0.8569512740277156,0.37602981561396626
0.8565042467590523,0.3759073965077497
0.8565042467590523,0.37598116169544743
0.8565042467590523,0.3760549558390579
0.8565042467590523,0.37612877895563407
0.8565042467590523,0.3762026310622423
0.8565042467590523,0.3762765121759623
0.8560572194903889,0.3761539972500491
0.8560572194903889,0.3762278978388998
0.8560572194903889,0.3763018274710159
0.8560572194903889,0.376375786163522
0.8560572194903889,0.3764497739335561
0.8560572194903889,0.37652379079826975
0.8556101922217255,0.376401179941003
0.8556101922217255,0.37647521636506687
0.8556101922217255,0.37654928192012593
0.8556101922217255,0.37662337662337664
0.8556101922217255,0.3766975004920291
0.8556101922217255,0.3767716535433071
0.8556101922217255,0.37684583579444775
0.8556101922217255,0.37692004726270184
0.8556101922217255,0.37699428796533385
0.8556101922217255,0.37706855791962174
0.8556101922217255,0.37714285714285717
0.8556101922217255,0.3772171856523453
0.8556101922217255,0.3772915434654051
0.8556101922217255,0.37736593059936907
0.8556101922217255,0.3774403470715835
0.8556101922217255,0.37751479289940826
0.8556101922217255,0.377589268100217
0.8556101922217255,0.377663772691397
0.8556101922217255,0.3777383066903493
0.8556101922217255,0.3778128701144888
0.8556101922217255,0.3778874629812438
0.8551631649530621,0.3777646129541864
0.8551631649530621,0.37783922575548096
0.8551631649530621,0.37791386803634924
0.8547161376843988,0.3777909504050583
0.8547161376843988,0.3778656126482213
0.8547161376843988,0.37794030440798576
0.8547161376843988,0.37801502570185846
0.8547161376843988,0.3780897765473601
0.8547161376843988,0.37816455696202533
0.8547161376843988,0.37823936696340255
0.8547161376843988,0.37831420656905423
0.8547161376843988,0.3783890757965565
0.8547161376843988,0.3784639746634996
0.8547161376843988,0.3785389031874876
0.8547161376843988,0.3786138613861386
0.8547161376843988,0.37868884927708457
0.8547161376843988,0.3787638668779715
0.8547161376843988,0.37883891420645927
0.8547161376843988,0.37891399128022196
0.8547161376843988,0.3789890981169475
0.8547161376843988,0.3790642347343378
0.8547161376843988,0.3791394011501091
0.8542691104157354,0.3790162633875446
0.8542691104157354,0.37909145010910533
0.853822083147072,0.37896825396825395
0.853822083147072,0.37904346100416747
0.8533750558784086,0.37892020643112345
0.8533750558784086,0.3789954337899543
0.8533750558784086,0.3790706910246227
0.8529280286097451,0.37894736842105264
0.8529280286097451,0.37902264600715135
0.8529280286097451,0.37909795350685477
0.8529280286097451,0.37917329093799684
0.8524810013410818,0.37904989067779765
0.8524810013410818,0.3791252485089463
0.8524810013410818,0.3792006363094054
0.8524810013410818,0.3792760540970565
0.8524810013410818,0.3793515018897951
0.8524810013410818,0.37942697970553124
0.8524810013410818,0.3795024875621891
0.8524810013410818,0.379578025477707
0.8520339740724184,0.37945450925741586
0.8520339740724184,0.37953006770211073
0.8520339740724184,0.3796056562437761
0.8520339740724184,0.3796812749003984
0.8520339740724184,0.3797569236899781
0.8520339740724184,0.3798326026305301
0.8520339740724184,0.3799083117400837
0.8520339740724184,0.3799840510366826
0.8520339740724184,0.38005982053838483
0.851586946803755,0.379936178699641
0.851586946803755,0.38001196888090966
0.8511399195350916,0.37988826815642457
0.8511399195350916,0.3799640790261425
0.8511399195350916,0.38003992015968063
0.8511399195350916,0.38011579157516473
0.8511399195350916,0.3801916932907348
0.8511399195350916,0.3802676253245456
0.8511399195350916,0.3803435876947663
0.8511399195350916,0.3804195804195804
0.8506928922664283,0.38029576338928855
0.8506928922664283,0.3803717769338397
0.8506928922664283,0.38044782087165135
0.8506928922664283,0.3805238952209558
0.8506928922664283,0.3806
0.8506928922664283,0.3806761352270454
0.8506928922664283,0.38075230092036816
0.8502458649977649,0.3806283770262157
0.8497988377291015,0.3805805805805806
0.8497988377291015,0.3806567881457749
0.8497988377291015,0.38073302623673144
0.8493518104604381,0.38060897435897434
0.8493518104604381,0.38068523342015625
0.8493518104604381,0.3807615230460922
0.8493518104604381,0.38083784325516135
0.8493518104604381,0.3809141940657578
0.8493518104604381,0.38099057549629034
0.8489047831917746,0.38086642599277976
0.8489047831917746,0.38094282848545635
0.8489047831917746,0.38101926163723915
0.8484577559231113,0.38089504314669875
0.8484577559231113,0.3809714973906062
0.8484577559231113,0.3810479823328649
0.8484577559231113,0.38112449799196785
0.8484577559231113,0.381201044386423
0.8484577559231113,0.3812776215347529
0.8484577559231113,0.3813542294554953
0.8484577559231113,0.38143086816720256
0.8484577559231113,0.3815075376884422
0.8484577559231113,0.38158423803779656
0.8484577559231113,0.38166096923386283
0.8480107286544479,0.3815366049879324
0.8480107286544479,0.3816133574733454
0.8480107286544479,0.3816901408450704
0.8480107286544479,0.3817669551217549
0.8480107286544479,0.38184380032206117
0.8475637013857845,0.3817193476947856
0.8471166741171211,0.3815948449456303
0.8471166741171211,0.3816717019133938
0.8466696468484578,0.38162401773121096
0.8466696468484578,0.38170092704554615
0.8466696468484578,0.3817778673654505
0.8466696468484578,0.3818548387096774
0.8462226195797944,0.38173018753781
0.845775592311131,0.381605486083098
0.8453285650424676,0.3814807343151099
0.8453285650424676,0.38155770782889425
0.8453285650424676,0.3816347124117053
0.8448815377738041,0.38150989099717403
0.8448815377738041,0.38158691701998787
0.8448815377738041,0.3816639741518578
0.8448815377738041,0.381741062411634
0.8448815377738041,0.38181818181818183
0.8448815377738041,0.38189533239038187
0.8448815377738041,0.3819725141471301
0.8448815377738041,0.38204972710733776
0.8448815377738041,0.3821269712899313
0.8448815377738041,0.3822042467138524
0.8448815377738041,0.38228155339805825
0.8448815377738041,0.38235889136152135
0.8444345105051408,0.38238866396761134
0.8439874832364774,0.3822636161166228
0.8439874832364774,0.3823410287565816
0.8439874832364774,0.38241847275673485
0.843540455967814,0.38229335494327393
0.843540455967814,0.382370820668693
0.8430934286991506,0.38224564248074583
0.8430934286991506,0.38232312994121226
0.8430934286991506,0.3824006488240065
0.8426464014304873,0.38227540052727643
0.8421993741618239,0.3821501014198783
0.8421993741618239,0.38222763237979307
0.8421993741618239,0.3823051948051948
0.8421993741618239,0.38238278871524256
0.8421993741618239,0.38246041412911086
0.8421993741618239,0.38253807106598986
0.8421993741618239,0.3826157595450853
0.8421993741618239,0.3826934795856185
0.8421993741618239,0.3827712312068265
0.8421993741618239,0.3828490144279618
0.8421993741618239,0.3829268292682927
0.8421993741618239,0.38300467574710306
0.8421993741618239,0.38308255388369256
0.8421993741618239,0.38316046369737644
0.8421993741618239,0.38323840520748575
0.8417523468931605,0.38311291963377414
0.8417523468931605,0.3831908831908832
0.8417523468931605,0.38326887848565033
0.8413053196244971,0.38314332247557004
0.8413053196244971,0.38322133984931783
0.8413053196244971,0.38329938900203664
0.8413053196244971,0.38337746995314725
0.8413053196244971,0.3834555827220864
0.8408582923558338,0.383329936824944
0.8404112650871703,0.3832042397064819
0.8404112650871703,0.38328236493374107
0.8404112650871703,0.3833605220228385
0.8404112650871703,0.3834387109932694
0.8404112650871703,0.3835169318645451
0.8399642378185069,0.3833911446643542
0.8399642378185069,0.38346938775510203
0.8399642378185069,0.38354766278832414
0.8399642378185069,0.38362596978358515
0.8399642378185069,0.3837043087604656
0.8399642378185069,0.3837826797385621
0.8395172105498435,0.3836567926455567
0.8395172105498435,0.38373518594196976
0.8395172105498435,0.38381361128142244
0.8395172105498435,0.383892068683565
0.8390701832811801,0.3837661010018401
0.8386231560125168,0.383640081799591
0.8386231560125168,0.38371855185109427
0.8386231560125168,0.38379705400981995
0.8381761287438534,0.38367096378146104
0.8381761287438534,0.38374948833401556
0.8381761287438534,0.38382804503582396
0.83772910147519,0.3837018837018837
0.83772910147519,0.3837804628302273
0.8372820742065266,0.3836542400655469
0.8368350469378633,0.3835279655808236
0.8368350469378633,0.3836065573770492
0.8368350469378633,0.38368518138962904
0.8363880196691998,0.3835588355883559
0.8359409924005364,0.38343243797416443
0.8359409924005364,0.38358974358974357
0.835493965131873,0.38346327451784984
0.835493965131873,0.38354196593474243
0.835493965131873,0.38362068965517243
0.835493965131873,0.3836994456990351
0.835493965131873,0.3837782340862423
0.8350469378632096,0.38365167385500104
0.8345999105945463,0.38352506162695155
0.8341528833258829,0.38339839737004316
0.8337058560572195,0.38327168105219894
0.8332588287885561,0.3831449126413155
0.8332588287885561,0.3832236842105263
0.8328118015198928,0.38309685379395436
0.8328118015198928,0.38317564788153025
0.8328118015198928,0.383254474387986
0.8323647742512293,0.3831275720164609
0.8323647742512293,0.38320642107429514
0.8319177469825659,0.3830794565664883
0.8319177469825659,0.3831583281861231
0.8319177469825659,0.3832372322899506
0.8319177469825659,0.38331616889804326
0.8319177469825659,0.3833951380304903
0.8319177469825659,0.38347413970739747
0.8319177469825659,0.38355317394888705
0.8314707197139025,0.383426097711812
0.8314707197139025,0.3835051546391753
0.8314707197139025,0.3835842441740565
0.8314707197139025,0.38366336633663367
0.8310236924452392,0.38353620796368887
0.8310236924452392,0.383615352868345
0.8310236924452392,0.38369453044375645
0.8305766651765758,0.38356729975227083
0.8305766651765758,0.3836465001032418
0.8305766651765758,0.38372573316811237
0.8305766651765758,0.38380499896715553
0.8305766651765758,0.38388429752066117
0.8301296379079124,0.38375697458152513
0.8301296379079124,0.38383629599007857
0.829682610639249,0.3837089104817035
0.8292355833705856,0.3835814722911497
0.8292355833705856,0.38366080661840746
0.8292355833705856,0.3837401737691353
0.8292355833705856,0.38381957376370784
0.8292355833705856,0.3838990066225166
0.8292355833705856,0.38397847236596977
0.8292355833705856,0.38405797101449274
0.8287885561019223,0.3839304203768896
0.8287885561019223,0.384009942004971
0.8287885561019223,0.3840894965817278
0.8283415288332588,0.3839618731869043
0.8283415288332588,0.3840414507772021
0.8278945015645954,0.3839137645107794
0.8278945015645954,0.3839933651254406
0.8278945015645954,0.38407299875570305
0.8278945015645954,0.38415266542211157
0.827447474295932,0.3840248962655602
0.827447474295932,0.3841045860136958
0.8270004470272687,0.38397675383976754
0.8270004470272687,0.3840564666805065
0.8265534197586053,0.38392857142857145
0.8265534197586053,0.38400830737279334
0.8265534197586053,0.38408807644370585
0.8265534197586053,0.3841678786619572
0.8265534197586053,0.3842477140482128
0.8265534197586053,0.38432758262315525
0.8261063924899419,0.3841995841995842
0.8261063924899419,0.38427947598253276
0.8261063924899419,0.3843594009983361
0.8261063924899419,0.38443935926773454
0.8261063924899419,0.38451935081148564
0.8261063924899419,0.38459937565036423
0.8261063924899419,0.38467943380516234
0.8261063924899419,0.38475952529668955
0.8261063924899419,0.3848396501457726
0.8256593652212785,0.38471151843365964
0.8256593652212785,0.38479166666666664
0.8256593652212785,0.38487184830172955
0.8256593652212785,0.3849520633597332
0.8256593652212785,0.38503231186158016
0.8256593652212785,0.3851125938281902
0.8252123379526151,0.38498435870698644
0.8252123379526151,0.38506466416353774
0.8252123379526151,0.38514500312956396
0.8252123379526151,0.3852253756260434
0.8252123379526151,0.385305781673972
0.8252123379526151,0.38538622129436323
0.8247653106839518,0.3852578826477344
0.8243182834152883,0.38512949039264827
0.8243182834152883,0.38520994359724253
0.8243182834152883,0.38529043042206434
0.8243182834152883,0.3853709508881923
0.8238712561466249,0.38524247491638797
0.8238712561466249,0.3853230190257161
0.8234242288779615,0.3851944792973651
0.8229772016092982,0.3850658857979502
0.8229772016092982,0.38514644351464433
0.8225301743406348,0.38501778614772963
0.8220831470719714,0.3848890749267476
0.8220831470719714,0.3849696462214779
0.8220831470719714,0.3850502512562814
0.8220831470719714,0.385130890052356
0.8220831470719714,0.3852115626309175
0.8220831470719714,0.38529226901319924
0.8220831470719714,0.38537300922045264
0.8220831470719714,0.38545378327394675
0.8220831470719714,0.3855345911949686
0.8220831470719714,0.3856154330048228
0.8220831470719714,0.38569630872483224
0.8220831470719714,0.3857772183763373
0.821636119803308,0.38564834242551405
0.821636119803308,0.3857292759706191
0.821636119803308,0.38581024349286314
0.821636119803308,0.38589124501364686
0.8211890925346446,0.3857622847543049
0.8207420652659813,0.3856332703213611
0.8207420652659813,0.38571428571428573
0.8207420652659813,0.3857953351544442
0.8207420652659813,0.3858764186633039
0.8207420652659813,0.38595753626235024
0.8207420652659813,0.3860386879730866
0.8207420652659813,0.3861198738170347
0.8207420652659813,0.38620109381573414
0.8207420652659813,0.3862823479907427
0.8207420652659813,0.38636363636363635
0.8202950379973178,0.3862344769522206
0.8198480107286544,0.38610526315789473
0.8198480107286544,0.3861865655927564
0.8198480107286544,0.38626790227464197
0.819400983459991,0.38613861386138615
0.819400983459991,0.3862199747155499
0.819400983459991,0.3863013698630137
0.819400983459991,0.38638279932546377
0.8189539561913277,0.38625342610162344
0.8185069289226643,0.38612399831294814
0.8185069289226643,0.38620544188989664
0.8185069289226643,0.38628691983122365
0.8185069289226643,0.3863684321586833
0.8185069289226643,0.38644997889404814
0.8185069289226643,0.38653156005910916
0.8185069289226643,0.38661317567567566
0.8185069289226643,0.3866948257655755
0.8180599016540009,0.3865652724968314
0.8180599016540009,0.38664694696809637
0.8180599016540009,0.3867286559594252
0.8176128743853375,0.3865990276897062
0.8176128743853375,0.3866807610993658
0.8176128743853375,0.3867625290759146
0.8176128743853375,0.38684433164128595
0.8176128743853375,0.38692616881743175
0.8171658471166742,0.38679644519678374
0.8171658471166742,0.3868783068783069
0.8171658471166742,0.3869602032176122
0.8171658471166742,0.38704213423671396
0.8171658471166742,0.3871240999576451
0.8171658471166742,0.3872061004024571
0.8171658471166742,0.38728813559322034
0.8167188198480108,0.38715829624920534
0.8167188198480108,0.38724035608308605
0.8167188198480108,0.38732245071019716
0.8167188198480108,0.38740458015267176
0.8167188198480108,0.38748674443266173
0.8167188198480108,0.38756894357233773
0.8167188198480108,0.38765117759388923
0.8167188198480108,0.3877334465195246
0.8162717925793473,0.3876034812141796
0.8162717925793473,0.38768577494692147
0.8162717925793473,0.38776810363134423
0.8162717925793473,0.3878504672897196
0.8162717925793473,0.38793286594433823
0.8162717925793473,0.3880152996175096
0.8158247653106839,0.38788522848034007
0.8158247653106839,0.3879676870748299
0.8158247653106839,0.38805018073570063
0.8153777380420205,0.3879200340280732
0.8153777380420205,0.3880025526483727
0.8149307107733572,0.3878723404255319
0.8149307107733572,0.38795488401787614
0.8149307107733572,0.3880374627501064
0.8149307107733572,0.3881200766446668
0.8149307107733572,0.3882027257240204
0.8149307107733572,0.38828541001064965
0.8149307107733572,0.3883681295270558
0.8149307107733572,0.38845088429575964
0.8149307107733572,0.3885336743393009
0.8144836835046938,0.38840332551694734
0.8144836835046938,0.3884861407249467
0.8140366562360304,0.38835572616762637
0.8140366562360304,0.38843856655290104
0.8140366562360304,0.3885214422871773
0.8140366562360304,0.3886043533930858
0.813589628967367,0.38847385272145146
0.813589628967367,0.3885567890691716
0.813589628967367,0.38863976083707025
0.813589628967367,0.3887227680478428
0.8131426016987037,0.38859218115787225
0.8131426016987037,0.3886752136752137
0.8131426016987037,0.3887582816841205
0.8131426016987037,0.38884138520735356
0.8126955744300403,0.3887107119948685
0.8126955744300403,0.3887938408896493
0.8122485471613768,0.3886631016042781
0.8118015198927134,0.38853230637569536
0.8118015198927134,0.3886154504600899
0.81135449262405,0.3884845890410959
0.81135449262405,0.38856775850995506
0.81135449262405,0.3886509635974304
0.81135449262405,0.3887342043264082
0.81135449262405,0.38881748071979433
0.8109074653553867,0.3886865223912578
0.8109074653553867,0.38876982426060863
0.8109074653553867,0.38885316184351554
0.8109074653553867,0.38893653516295024
0.8109074653553867,0.38901994424190434
0.8109074653553867,0.3891033891033891
0.8109074653553867,0.38918686977043554
0.8109074653553867,0.38927038626609445
0.8109074653553867,0.38935393861343637
0.8104604380867233,0.3892228424216402
0.8104604380867233,0.38930642044234487
0.8100134108180599,0.38917525773195877
0.8100134108180599,0.38925886143931254
0.8100134108180599,0.38934250107434465
0.8100134108180599,0.3894261766602192
0.8095663835493965,0.38929492691315565
0.8095663835493965,0.3893786282519888
0.8095663835493965,0.38946236559139785
0.8095663835493965,0.3895461389546139
0.8091193562807332,0.38941480206540446
0.8091193562807332,0.3894986012481171
0.8091193562807332,0.38958243650452
0.8091193562807332,0.38966630785791173
0.8091193562807332,0.3897502153316107
0.8086723290120698,0.38961878096058583
0.8082253017434063,0.3894872899612236
0.8082253017434063,0.38957121310062487
0.8082253017434063,0.3896551724137931
0.8077782744747429,0.3895236042250485
0.8077782744747429,0.3896075894782234
0.8077782744747429,0.3896916109553591
0.8077782744747429,0.38977566867989644
0.8073312472060795,0.3896440129449838
0.8073312472060795,0.38972809667673713
0.8073312472060795,0.38981221670623784
0.8073312472060795,0.3898963730569948
0.8073312472060795,0.38998056575253726
0.8073312472060795,0.3900647948164147
0.8068842199374162,0.3899330308922013
0.8068842199374162,0.3900172860847018
0.8068842199374162,0.3901015776961314
0.8068842199374162,0.3901859057501081
0.8068842199374162,0.3902702702702703
0.8068842199374162,0.39035467128027684
0.8068842199374162,0.39043910880380706
0.8068842199374162,0.3905235828645608
0.8068842199374162,0.3906080934862584
0.8068842199374162,0.3906926406926407
0.8068842199374162,0.39077722450746916
0.8064371926687528,0.39064530099610223
0.8064371926687528,0.39072991119774747
0.8059901654000894,0.39059792027729634
0.805543138131426,0.390465872156013
0.805543138131426,0.3905504984828782
0.805543138131426,0.3906351615001084
0.805543138131426,0.3907198612315698
0.805543138131426,0.39080459770114945
0.8050961108627627,0.39067245119305855
0.8050961108627627,0.3907572141462356
0.8046490835940993,0.390625
0.8046490835940993,0.3907097894508357
0.8046490835940993,0.3907946157186279
0.8042020563254358,0.39066232356134634
0.8042020563254358,0.3907471763683753
0.8042020563254358,0.39083206604388443
0.8042020563254358,0.3909169926119079
0.8042020563254358,0.39100195609650074
0.8042020563254358,0.39108695652173914
0.8037550290567724,0.39095455533811696
0.8037550290567724,0.39103958242714226
0.8037550290567724,0.3911246465085926
0.8037550290567724,0.3912097476066144
0.8037550290567724,0.3912948857453754
0.8037550290567724,0.391380060949064
0.8037550290567724,0.39146527324188984
0.8033080017881091,0.3913327526132404
0.8028609745194457,0.3912001742539752
0.8028609745194457,0.39128540305010895
0.8024139472507823,0.39115275659185006
0.8019669199821189,0.3910200523103749
0.8015198927134555,0.3908872901678657
0.8015198927134555,0.39097252507631924
0.8015198927134555,0.3910577971646674
0.8015198927134555,0.3911431064572426
0.8015198927134555,0.3912284529783984
0.8015198927134555,0.3913138367525098
0.8015198927134555,0.39139925780397294
0.8015198927134555,0.39148471615720526
0.8015198927134555,0.39157021183664553
0.8010728654447922,0.39143730886850153
0.8010728654447922,0.3915228315490496
0.8010728654447922,0.3916083916083916
0.8010728654447922,0.39169398907103825
0.8006258381761288,0.3915609969392217
0.8001788109074653,0.39142794664334135
0.8001788109074653,0.3915135608048994
0.8001788109074653,0.39159921242616497
0.8001788109074653,0.3916849015317287
0.8001788109074653,0.39177062814620267
0.7997317836388019,0.39163747810858146
0.7997317836388019,0.3917232318808846
0.7997317836388019,0.3918090232150679
0.7997317836388019,0.391894852135816
0.7997317836388019,0.39198071866783524
0.7997317836388019,0.3920666228358536
0.7992847563701386,0.39193336256028055
0.7992847563701386,0.3920192940144705
0.7992847563701386,0.39210526315789473
0.7988377291014752,0.3919719236674709
0.7988377291014752,0.39205792014041246
0.7988377291014752,0.3921439543559359
0.7988377291014752,0.39223002633889376
0.7988377291014752,0.3923161361141603
0.7983907018328118,0.3921826965305226
0.7983907018328118,0.39226883373599825
0.7979436745641484,0.3921353251318102
0.7979436745641484,0.3922214897824654
0.7979436745641484,0.3923076923076923
0.7979436745641484,0.3923939327324687
0.7979436745641484,0.3924802110817942
0.7979436745641484,0.3925665273806906
0.797496647295485,0.39243290805103387
0.797496647295485,0.3925192519251925
0.7970496200268217,0.3923855633802817
0.7970496200268217,0.3924719348448162
0.7966025927581583,0.39233817701453105
0.7961555654894948,0.3922043602730676
0.7961555654894948,0.39229074889867843
0.7961555654894948,0.3923771755893369
0.7961555654894948,0.39246364037020715
0.7961555654894948,0.39255014326647564
0.7961555654894948,0.39263668430335097
0.7961555654894948,0.39272326350606396
0.7961555654894948,0.3928098808998677
0.7961555654894948,0.3928965365100375
0.7957085382208314,0.39276257722859664
0.7957085382208314,0.3928492606488634
0.7957085382208314,0.39293598233995586
0.7957085382208314,0.39302274232722456
0.7957085382208314,0.3931095406360424
0.7952615109521681,0.3929754804506296
0.7952615109521681,0.39306230667255854
0.7952615109521681,0.39314917127071825
0.7948144836835047,0.39301503094606544
0.7948144836835047,0.3931019235021004
0.7948144836835047,0.3931888544891641
0.7948144836835047,0.39327582393275823
0.7948144836835047,0.3933628318584071
0.7948144836835047,0.39344987829165745
0.7948144836835047,0.3935369632580788
0.7948144836835047,0.3936240867832632
0.7948144836835047,0.3937112488928255
0.7948144836835047,0.3937984496124031
0.7948144836835047,0.3938856889676562
0.7948144836835047,0.39397296698426765
0.7943674564148413,0.3938386524822695
0.7943674564148413,0.39392595876745734
0.7943674564148413,0.39401330376940136
0.7943674564148413,0.3941006875138612
0.7939204291461779,0.3939662821650399
0.7934734018775146,0.393831817173286
0.7934734018775146,0.393919218819352
0.7930263746088512,0.3937846836847947
0.7930263746088512,0.3938721136767318
0.7930263746088512,0.3939595825005552
0.7925793473401878,0.3938249666814749
0.7925793473401878,0.3939124638969118
0.7925793473401878,0.394
0.7925793473401878,0.39408757501667036
0.7925793473401878,0.39417518897287684
0.7925793473401878,0.39426284189459637
0.7925793473401878,0.3943505338078292
0.7925793473401878,0.39443826473859844
0.7925793473401878,0.3945260347129506
0.7925793473401878,0.39461384375695524
0.7925793473401878,0.39470169189670523
0.7925793473401878,0.39478957915831664
0.7925793473401878,0.3948775055679287
0.7925793473401878,0.39496547115170416
0.7925793473401878,0.3950534759358289
0.7921323200715243,0.3949186538890127
0.7921323200715243,0.3950066874721355
0.7921323200715243,0.3950947603121516
0.7921323200715243,0.3951828724353256
0.7921323200715243,0.39527102386794555
0.7921323200715243,0.39535921463632306
0.7921323200715243,0.3954474447667931
0.7921323200715243,0.39553571428571427
0.7921323200715243,0.39562402321946866
0.7921323200715243,0.3957123715944618
0.7921323200715243,0.39580075943712306
0.7921323200715243,0.3958891867739053
0.7916852928028609,0.3957541899441341
0.7916852928028609,0.39584264640143046
0.7916852928028609,0.39593114241001565
0.7912382655341976,0.3957960644007156
0.7912382655341976,0.3958845895772758
0.7912382655341976,0.3959731543624161
0.7912382655341976,0.3960617587827254
0.7912382655341976,0.39615040286481645
0.7912382655341976,0.3962390866353257
0.7912382655341976,0.39632781012091356
0.7912382655341976,0.3964165733482643
0.7912382655341976,0.396505376344086
0.7907912382655342,0.3963701546045261
0.7907912382655342,0.3964589870013447
0.7907912382655342,0.3965478592243892
0.7907912382655342,0.39663677130044844
0.7903442109968708,0.3965014577259475
0.7903442109968708,0.3965903992821893
0.7903442109968708,0.39667938074938297
0.7898971837282074,0.3965439856373429
0.7894501564595441,0.3964085297418631
0.7894501564595441,0.39649753030983387
0.7890031291908807,0.3963620031439479
0.7885561019222173,0.39622641509433965
0.7885561019222173,0.3963154347337677
0.7885561019222173,0.39640449438202247
0.7885561019222173,0.39649359406608226
0.7885561019222173,0.3965827338129496
0.7881090746535538,0.3964470429503036
0.7876620473848904,0.3963112910481332
0.7876620473848904,0.396400449943757
0.7876620473848904,0.39648964896489647
0.7876620473848904,0.39657888813864506
0.7876620473848904,0.3966681674921207
0.7876620473848904,0.39675748705246566
0.7872150201162271,0.3966216216216216
0.7872150201162271,0.3967109709394008
0.7872150201162271,0.396800360522758
0.7872150201162271,0.3968897903989182
0.7867679928475637,0.39675383228133454
0.7867679928475637,0.3968432919954904
0.7867679928475637,0.3969327920613442
0.7867679928475637,0.3970223325062035
0.7867679928475637,0.3971119133574007
0.7867679928475637,0.39720153464229296
0.7863209655789003,0.3970654627539503
0.7863209655789003,0.3971551140212238
0.7863209655789003,0.39724480578139115
0.7863209655789003,0.39733453806189295
0.7863209655789003,0.3974243108901943
0.7863209655789003,0.3975141242937853
0.7858739383102369,0.397377938517179
0.7854269110415736,0.39724169115984626
0.7854269110415736,0.39733152419719586
0.7854269110415736,0.3974213978737842
0.7854269110415736,0.3976012672550351
0.7854269110415736,0.3976912630149389
0.7854269110415736,0.3977812995245642
0.7849798837729102,0.3976449275362319
0.7845328565042468,0.39750849377123443
0.7845328565042468,0.3975985500679656
0.7845328565042468,0.39768864717878993
0.7845328565042468,0.39777878513145964
0.7845328565042468,0.397868963953752
0.7845328565042468,0.3979591836734694
0.7840858292355833,0.3978226355182581
0.7840858292355833,0.39791288566243194
0.7840858292355833,0.3980031767642387
0.7840858292355833,0.398093508851566
0.7840858292355833,0.3981838819523269
0.7840858292355833,0.3982742960944596
0.7840858292355833,0.3983647513059278
0.7840858292355833,0.39845524761472056
0.7840858292355833,0.3985457850488525
0.7840858292355833,0.3986363636363636
0.7840858292355833,0.39872698340531937
0.7840858292355833,0.39881764438381084
0.7840858292355833,0.3989083465999545
0.7840858292355833,0.3989990900818926
0.7840858292355833,0.39908987485779296
0.7836388019669199,0.3989531178880291
0.7836388019669199,0.3990439335306169
0.7831917746982566,0.3989071038251366
0.7831917746982566,0.39899795035299473
0.7831917746982566,0.3990888382687927
0.7831917746982566,0.39917976760082025
0.7831917746982566,0.3992707383773929
0.7831917746982566,0.3993617506268521
0.7831917746982566,0.39954389965792475
0.7827447474295932,0.3994069343065693
0.7827447474295932,0.39949806068902577
0.7827447474295932,0.39958922866271107
0.7827447474295932,0.3996804382561059
0.7822977201609298,0.3995433789954338
0.7822977201609298,0.3996346197762046
0.7822977201609298,0.39972590223846505
0.7818506928922664,0.3995887594242632
0.7818506928922664,0.3996800731261426
0.7818506928922664,0.39977142857142856
0.7814036656236031,0.3996342021033379
0.7814036656236031,0.3997255888406129
0.7814036656236031,0.39981701738334857
0.7814036656236031,0.3999084877602379
0.7814036656236031,0.4
0.7814036656236031,0.4000915541313802
0.7814036656236031,0.4001831501831502
0.7814036656236031,0.4002747881841081
0.7814036656236031,0.40036646816307836
0.7814036656236031,0.4004581901489118
0.7809566383549397,0.40032080659945
0.7809566383549397,0.4004125601650241
0.7809566383549397,0.4005043558000917
0.7809566383549397,0.4005961935335932
0.7809566383549397,0.4006880733944954
0.7809566383549397,0.4007799954117917
0.7809566383549397,0.40087195961450206
0.7809566383549397,0.40096396603167317
0.7805096110862763,0.40082644628099173
0.7805096110862763,0.40091848450057405
0.7805096110862763,0.40101056499770327
0.7805096110862763,0.4011026878015162
0.7805096110862763,0.40119485294117646
0.7805096110862763,0.40128706044587453
0.7800625838176128,0.40124166475051737
0.7800625838176128,0.4013339466421343
0.7800625838176128,0.40142627099148837
0.7800625838176128,0.4015186378278877
0.7796155565489495,0.4013808975834292
0.7791685292802861,0.40124309392265195
0.7791685292802861,0.40133548238544786
0.7787215020116227,0.40119760479041916
0.7782744747429593,0.401059663671965
0.7782744747429593,0.4011520737327189
0.7782744747429593,0.4012445263885688
0.7782744747429593,0.4013370216689719
0.7782744747429593,0.4015221402214022
0.7782744747429593,0.4016147635524798
0.7782744747429593,0.40170742962621137
0.7782744747429593,0.40180013847219015
0.7782744747429593,0.4018928901200369
0.7782744747429593,0.40198568459939965
0.7782744747429593,0.4020785219399538
0.7782744747429593,0.4021714021714022
0.7782744747429593,0.40226432532347506
0.7782744747429593,0.4023572914259302
0.7782744747429593,0.40245030050855296
0.7782744747429593,0.4025433526011561
0.7778274474742959,0.4024051803885291
0.7773804202056326,0.4022669442516771
0.7773804202056326,0.4023600185099491
0.7773804202056326,0.40245313584818326
0.7773804202056326,0.4025462962962963
0.7773804202056326,0.4026394998842325
0.7773804202056326,0.40273274664196385
0.7773804202056326,0.4028260365994904
0.7773804202056326,0.4029193697868397
0.7773804202056326,0.4030127462340672
0.7773804202056326,0.40310616597125637
0.7773804202056326,0.4031996290285184
0.7769333929369692,0.4030612244897959
0.7764863656683058,0.40292275574112735
0.7764863656683058,0.40301624129930397
0.7764863656683058,0.40310977024831746
0.7764863656683058,0.4032033426183844
0.7764863656683058,0.4032969584397492
0.7760393383996423,0.40315838365071993
0.775592311130979,0.40301974448315914
0.775592311130979,0.4031133828996282
0.775592311130979,0.4032070648384848
0.775592311130979,0.40330079033007904
0.775592311130979,0.4033945594047896
0.775592311130979,0.40348837209302324
0.775592311130979,0.4035822284252152
0.7751452838623156,0.4034434620753839
0.7751452838623156,0.40353735164067955
0.7751452838623156,0.4036312849162011
0.7746982565936522,0.40349243306169963
0.7746982565936522,0.40358639962738707
0.7746982565936522,0.40368040996971816
0.7746982565936522,0.4037744641192917
0.7742512293249888,0.40363551619669075
0.7738042020563254,0.4034965034965035
0.7733571747876621,0.4033574259734204
0.7733571747876621,0.40345149253731344
0.7729101475189987,0.4033123396314439
0.7729101475189987,0.4034064395706953
0.7729101475189987,0.40350058343057177
0.7729101475189987,0.4035947712418301
0.7729101475189987,0.4036890030352557
0.7729101475189987,0.40378327884166276
0.7729101475189987,0.40387759869189443
0.7729101475189987,0.40397196261682244
0.7729101475189987,0.4040663706473475
0.7729101475189987,0.40416082281439925
0.7729101475189987,0.40425531914893614
0.7729101475189987,0.40434985968194576
0.7724631202503353,0.40421052631578946
0.7724631202503353,0.4043051006083294
0.7724631202503353,0.4043997191668617
0.7720160929816718,0.40426029962546817
0.7715690657130085,0.4041208147974713
0.7711220384443451,0.40398126463700235
0.7706750111756817,0.40384164909814946
0.7706750111756817,0.40393626991565135
0.7706750111756817,0.40403093508319665
0.7706750111756817,0.40412564463197376
0.7702279839070183,0.40398593200468935
0.7697809566383549,0.40384615384615385
0.7697809566383549,0.4039408866995074
0.7697809566383549,0.40403566400750823
0.7697809566383549,0.40413048580145505
0.7697809566383549,0.4042253521126761
0.7697809566383549,0.40432026297252877
0.7693339293696916,0.4041803663691874
0.7693339293696916,0.40427531125205546
0.7688869021010282,0.4041353383458647
0.7688869021010282,0.40423031727379555
0.7688869021010282,0.40432534085566524
0.7688869021010282,0.404420409122972
0.7688869021010282,0.4045155221072437
0.7684398748323648,0.4043754410726888
0.7684398748323648,0.40447058823529414
0.7684398748323648,0.4045657801835726
0.7679928475637013,0.4044256120527307
0.767545820295038,0.4042853779138215
0.7670987930263746,0.40414507772020725
0.7670987930263746,0.4042402826855124
0.7670987930263746,0.4043355325164939
0.7670987930263746,0.4044308272448739
0.7670987930263746,0.4045261669024045
0.7666517657577112,0.40438575807592547
0.7666517657577112,0.4044811320754717
0.7662047384890478,0.40434064637886297
0.7657577112203845,0.40420009438414345
0.7657577112203845,0.4042954920934624
0.7657577112203845,0.40439093484419264
0.7653106839517211,0.40425029515938604
0.7653106839517211,0.4043457723193198
0.7648636566830577,0.40420505551618235
0.7648636566830577,0.4043005671077505
0.7648636566830577,0.4043961238477901
0.7648636566830577,0.4044917257683215
0.7648636566830577,0.4045873729013951
0.7644166294143943,0.4044465468306528
0.7644166294143943,0.40454222853087296
0.7644166294143943,0.4046379555134879
0.7644166294143943,0.40473372781065087
0.7644166294143943,0.40482954545454547
0.7639696021457308,0.404688609992896
0.7639696021457308,0.40478446234012316
0.7639696021457308,0.4048803601042407
0.7639696021457308,0.40497630331753554
0.7635225748770675,0.40483526902109507
0.7635225748770675,0.4049312470365102
0.7635225748770675,0.40502727057149635
0.7635225748770675,0.40512333965844405
0.7630755476084041,0.40498220640569393
0.7626285203397407,0.4048410061699098
0.7626285203397407,0.40493709945407075
0.7626285203397407,0.4050332383665717
0.7626285203397407,0.40512942293991927
0.7626285203397407,0.4052256532066508
0.7621814930710773,0.4050843430743645
0.7621814930710773,0.405180608365019
0.761734465802414,0.40503922034704065
0.761734465802414,0.4051355206847361
0.7612874385337506,0.40499405469678956
0.7612874385337506,0.40509039010466225
0.7608404112650872,0.40494884606233644
0.7603933839964238,0.4048072346501666
0.7599463567277603,0.4046655558200428
0.759499329459097,0.4045238095238095
0.759499329459097,0.4046201476542034
0.759499329459097,0.4047165316817532
0.759499329459097,0.40481296163926617
0.7590523021904336,0.4046711153479504
0.7590523021904336,0.40476758045292016
0.7590523021904336,0.40486409155937053
0.7590523021904336,0.40496064870021464
0.7590523021904336,0.4050572519083969
0.7586052749217702,0.4049152946790742
0.7581582476531068,0.4047732696897375
0.7581582476531068,0.4048698973502029
0.7581582476531068,0.4049665711556829
0.7581582476531068,0.4050632911392405
0.7581582476531068,0.40516005733397037
0.7581582476531068,0.4052568697729988
0.7581582476531068,0.40535372848948376
0.7581582476531068,0.40545063351661487
0.7577112203844435,0.4053084648493544
0.7577112203844435,0.40540540540540543
0.7577112203844435,0.4055023923444976
0.7577112203844435,0.40559942569992824
0.7577112203844435,0.40569650550502634
0.7572641931157801,0.40555422552070863
0.7572641931157801,0.40565134099616856
0.7572641931157801,0.405748502994012
0.7568171658471167,0.4056061332055582
0.7563701385784533,0.40546369518332137
0.7563701385784533,0.4055608820709492
0.7563701385784533,0.4056581155598178
0.7563701385784533,0.40575539568345326
0.75592311130979,0.4056128568001919
0.75592311130979,0.4057101727447217
0.75592311130979,0.40580753539716824
0.7554760840411265,0.4057623049219688
0.7554760840411265,0.4058597502401537
0.7550290567724631,0.4057170309872688
0.7550290567724631,0.40581451225372417
0.7545820295037997,0.4056717135304013
0.7545820295037997,0.40576923076923077
0.7545820295037997,0.40586679490262084
0.7545820295037997,0.40596440596440597
0.7545820295037997,0.40606206398845324
0.7545820295037997,0.4061597690086622
0.7545820295037997,0.4062575210589651
0.7545820295037997,0.40635532017332693
0.7545820295037997,0.40645316638574525
0.7545820295037997,0.40655105973025046
0.7545820295037997,0.40664900024090583
0.7545820295037997,0.40674698795180725
0.7545820295037997,0.40684502289708363
0.7545820295037997,0.4069431051108968
0.7545820295037997,0.4070412346274415
0.7545820295037997,0.4071394114809455
0.7541350022351363,0.40699638118214715
0.7541350022351363,0.40709459459459457
0.7541350022351363,0.40719285541877864
0.753687974966473,0.40704973442781267
0.7532409476978096,0.40690654431296785
0.7532409476978096,0.40700483091787437
0.7527939204291462,0.4068615607634694
0.7527939204291462,0.4069598840019333
0.7527939204291462,0.4070582547739908
0.7523468931604828,0.40691489361702127
0.7523468931604828,0.4070133010882709
0.7518998658918195,0.40686985970004835
0.751452838623156,0.40672634889910475
0.751452838623156,0.4068247821878025
0.751452838623156,0.40692326313241345
0.751452838623156,0.4070217917675545
0.751452838623156,0.407120368127876
0.751452838623156,0.407218992248062
0.751452838623156,0.40731766416283016
0.751452838623156,0.40741638390693163
0.7510058113544926,0.4072727272727273
0.7510058113544926,0.4073714839961203
0.7505587840858292,0.4072277467863206
0.7501117568171658,0.40708393983503155
0.7501117568171658,0.4071827226401359
0.7501117568171658,0.40728155339805827
0.7501117568171658,0.4073804321437242
0.7501117568171658,0.40747935891209325
0.7501117568171658,0.4075783337381588
0.7501117568171658,0.4076773566569485
0.7501117568171658,0.4077764277035237
0.7501117568171658,0.40787554691298006
0.7501117568171658,0.40797471432044735
0.7496647295485025,0.4078307392996109
0.7496647295485025,0.40792994405254196
0.7496647295485025,0.40802919708029195
0.7496647295485025,0.4081284984181066
0.7496647295485025,0.40822784810126583
0.7496647295485025,0.408327246165084
0.7492177022798391,0.40818314661471017
0.7492177022798391,0.40828258221680874
0.7492177022798391,0.4083820662768031
0.7492177022798391,0.4084815988301243
0.7492177022798391,0.4085811799122379
0.7492177022798391,0.4086808095586442
0.7492177022798391,0.408780487804878
0.7487706750111757,0.4086362527445718
0.7487706750111757,0.40873596876525137
0.7487706750111757,0.4088357334635099
0.7483236477425123,0.40869140625
0.7483236477425123,0.4087912087912088
0.7483236477425123,0.4088910600879336
0.7483236477425123,0.4090909090909091
0.7483236477425123,0.40919090686873627
0.747876620473849,0.40904645476772616
0.7474295932051855,0.4089019320127171
0.7469825659365221,0.4087573385518591
0.7469825659365221,0.4088573525813555
0.7469825659365221,0.4089574155653451
0.7469825659365221,0.4090575275397797
0.7465355386678587,0.4089128305582762
0.7465355386678587,0.40901298065148173
0.7465355386678587,0.40911317981381673
0.7465355386678587,0.40921342808135264
0.7465355386678587,0.40931372549019607
0.7465355386678587,0.40941407207648933
0.7465355386678587,0.40951446787641
0.7465355386678587,0.4096149129261712
0.7460885113991953,0.40947006869479885
0.7460885113991953,0.40957055214723925
0.745641484130532,0.40942562592047127
0.7451944568618686,0.40928062852933955
0.7451944568618686,0.4093811394891945
0.7451944568618686,0.40948169982805205
0.7451944568618686,0.40958230958230957
0.7447474295932052,0.4094372081592529
0.7447474295932052,0.4095378564405113
0.7443004023245418,0.4093926727317433
0.7443004023245418,0.40949335956714217
0.7443004023245418,0.4095940959409594
0.7438533750558785,0.4094488188976378
0.7438533750558785,0.4095495938961359
0.7438533750558785,0.4096504185130478
0.7438533750558785,0.4097512927850283
0.7438533750558785,0.4098522167487685
0.7438533750558785,0.4099531904409953
0.7438533750558785,0.41005421389847213
0.7438533750558785,0.41015528715799854
0.7438533750558785,0.41025641025641024
0.7438533750558785,0.4103575832305795
0.7438533750558785,0.4104588061174149
0.7438533750558785,0.4105600789538613
0.7438533750558785,0.4106614017769003
0.7438533750558785,0.41076277462354976
0.7438533750558785,0.4108641975308642
0.7438533750558785,0.4109656705359348
0.743406347787215,0.4108201581027668
0.743406347787215,0.4109216703731159
0.743406347787215,0.4110232328225408
0.743406347787215,0.4111248454882571
0.743406347787215,0.4112265084075173
0.7429593205185516,0.41108088053425673
0.7425122932498882,0.4109351806036616
0.7425122932498882,0.41103687206137096
0.7425122932498882,0.4112404060410993
0.7420652659812249,0.4110946012877662
0.7416182387125615,0.41094872430022295
0.7416182387125615,0.4110505450941526
0.7416182387125615,0.4111524163568773
0.7411712114438981,0.4110064452156668
0.7411712114438981,0.4111083560624845
0.7407241841752347,0.41096230158730157
0.7407241841752347,0.41106425204663855
0.7402771569065713,0.4109181141439206
0.7402771569065713,0.41102010424422936
0.7402771569065713,0.41112214498510424
0.7402771569065713,0.4112242364042712
0.739830129637908,0.41107799304520615
0.7393831023692445,0.41093167701863353
0.7393831023692445,0.4110337972166998
0.7389360751005811,0.4108873974645787
0.7384890478319177,0.41074092491297864
0.7384890478319177,0.41084307386222335
0.7384890478319177,0.4109452736318408
0.7380420205632544,0.41079870614580744
0.7380420205632544,0.4109009457441513
0.7380420205632544,0.4110032362459547
0.7380420205632544,0.41110557768924305
0.7380420205632544,0.4112079701120797
0.7380420205632544,0.41131041355256603
0.737594993294591,0.4111637179167705
0.7371479660259276,0.4110169491525424
0.7371479660259276,0.41111942159062576
0.7371479660259276,0.4112219451371571
0.7371479660259276,0.41132451983038165
0.7371479660259276,0.41142714570858285
0.7371479660259276,0.4115298228100824
0.7367009387572642,0.41138292561158263
0.7362539114886008,0.41123595505617977
0.7362539114886008,0.4113386613386613
0.7362539114886008,0.41144141893579816
0.7358068842199375,0.4112943528235882
0.7358068842199375,0.4113971507123219
0.7358068842199375,0.4115
0.7358068842199375,0.4116029007251813
0.735359856951274,0.411455727863932
0.735359856951274,0.4115586690017513
0.7349128296826106,0.4114114114114114
0.7344658024139472,0.41126408010012516
0.7344658024139472,0.4113670505758638
0.7340187751452839,0.4112196343601302
0.7335717478766205,0.41107214428857713
0.7335717478766205,0.4111751440741669
0.7335717478766205,0.4112781954887218
0.7331247206079571,0.41113060917523186
0.7331247206079571,0.4112337011033099
0.7331247206079571,0.41133684474542265
0.7331247206079571,0.41144004014049174
0.7326776933392937,0.4112923462986198
0.7322306660706303,0.411144578313253
0.7322306660706303,0.4112478031634446
0.7322306660706303,0.41135107985936714
0.7322306660706303,0.4114544084400904
0.7322306660706303,0.4115577889447236
0.731783638801967,0.4114099019854235
0.731783638801967,0.41151332327802914
0.731783638801967,0.41161679658033695
0.731783638801967,0.41172032193158953
0.731783638801967,0.41182389937106917
0.731783638801967,0.41192752893809764
0.731783638801967,0.41203121067203624
0.731783638801967,0.412134944612286
0.7313366115333035,0.41198690506169733
0.7308895842646401,0.41183879093198994
0.7304425569959767,0.41169060216679265
0.7299955297273134,0.41154233870967744
0.7299955297273134,0.411646080161331
0.72954850245865,0.4114977307110439
0.72954850245865,0.41160151324085753
0.7291014751899866,0.4114530776992936
0.7291014751899866,0.41155690133737066
0.7291014751899866,0.411660777385159
0.7291014751899866,0.4117647058823529
0.7291014751899866,0.4118686868686869
0.7291014751899866,0.41197272038393534
0.7291014751899866,0.4120768064679131
0.7291014751899866,0.4121809451604751
0.7291014751899866,0.41228513650151666
0.7291014751899866,0.41238938053097346
0.7291014751899866,0.41249367728882147
0.7291014751899866,0.4125980268150772
0.7291014751899866,0.41270242914979755
0.7291014751899866,0.4128068843330802
0.7291014751899866,0.4129113924050633
0.7286544479213232,0.4127627247404406
0.7286544479213232,0.41286727456940225
0.7282074206526599,0.4127185203952369
0.7282074206526599,0.4128231120121642
0.7282074206526599,0.4129277566539924
0.7282074206526599,0.4131372051737256
0.7277603933839965,0.41298833079654995
0.7277603933839965,0.4130931235726973
0.7277603933839965,0.4131979695431472
0.7277603933839965,0.4133028687484133
0.7277603933839965,0.4134078212290503
0.727313366115333,0.41325882651765306
0.7268663388466696,0.41310975609756095
0.7264193115780062,0.41296060991105465
0.7264193115780062,0.413065582104728
0.7264193115780062,0.41317060767861685
0.7264193115780062,0.4132756866734486
0.7264193115780062,0.41338081912999236
0.7264193115780062,0.41348600508905853
0.7264193115780062,0.4135912445914991
0.7264193115780062,0.41369653767820774
0.7259722843093429,0.41354723707664887
0.7255252570406795,0.41339786041772797
0.7255252570406795,0.41350318471337577
0.7250782297720161,0.4133537206931702
0.7250782297720161,0.4134590874330869
0.7250782297720161,0.4135645079041305
0.7250782297720161,0.41366998214741135
0.7250782297720161,0.41377551020408165
0.7250782297720161,0.4138810921153355
0.7250782297720161,0.41398672792240937
0.7250782297720161,0.41409241766658156
0.7250782297720161,0.41419816138917265
0.7250782297720161,0.41430395913154533
0.7246312025033527,0.4141543178334185
0.7241841752346894,0.41400460005111167
0.7241841752346894,0.41411042944785276
0.7241841752346894,0.4142163129634365
0.723737147966026,0.41406649616368285
0.7232901206973625,0.41391660271169095
0.7232901206973625,0.4140225179119754
0.7232901206973625,0.41412848733043256
0.7232901206973625,0.41423451100870456
0.7232901206973625,0.4143405889884763
0.7232901206973625,0.4144467213114754
0.7232901206973625,0.4145529080194722
0.7232901206973625,0.41465914915427987
0.7232901206973625,0.4147654447577544
0.7228430934286991,0.4146153846153846
0.7228430934286991,0.414721723518851
0.7228430934286991,0.41482811698306826
0.7223960661600357,0.4146779574031306
0.7223960661600357,0.41478439425051333
0.7223960661600357,0.4148908857509628
0.7223960661600357,0.4149974319465845
0.7219490388913724,0.4148471615720524
0.7219490388913724,0.41495375128468653
0.7219490388913724,0.4150603957851452
0.7219490388913724,0.41516709511568123
0.7219490388913724,0.4152738493185909
0.7219490388913724,0.41538065843621397
0.7219490388913724,0.4154875225109339
0.7219490388913724,0.41559444158517755
0.7219490388913724,0.4157014157014157
0.7219490388913724,0.41580844490216273
0.7219490388913724,0.4160226687274601
0.7219490388913724,0.41612986343725844
0.7219490388913724,0.4162371134020619
0.7219490388913724,0.41634441866460425
0.721502011622709,0.4161939143888602
0.721502011622709,0.4163012638638122
0.7210549843540456,0.41615067079463364
0.7206079570853822,0.416
0.7206079570853822,0.4161073825503356
0.7206079570853822,0.4162148205525433
0.7201609298167189,0.41606404958677684
0.7201609298167189,0.4161715319039008
0.7201609298167189,0.41627906976744183
0.7201609298167189,0.4163866632204704
0.7201609298167189,0.41649431230610134
0.7197139025480555,0.41634341867080427
0.719266875279392,0.4161924469736161
0.719266875279392,0.41630012936610605
0.7188198480107286,0.4161490683229814
0.7188198480107286,0.41625679523686254
0.7183728207420653,0.41610564474365613
0.7183728207420653,0.41621341621341623
0.7183728207420653,0.41632124352331606
0.7179257934734019,0.4161699922259653
0.7179257934734019,0.41627786417833074
0.7174787662047385,0.4161265232045631
0.7170317389360751,0.41597510373443985
0.7170317389360751,0.41608300907911805
0.7170317389360751,0.4161909704203425
0.7165847116674117,0.41603944977939267
0.7161376843987484,0.4158878504672897
0.715690657130085,0.41573617242274735
0.715690657130085,0.41584415584415585
0.715690657130085,0.41595219537542216
0.715690657130085,0.4160602910602911
0.715690657130085,0.4161684429425526
0.715690657130085,0.41627665106604267
0.7152436298614215,0.41612483745123535
0.7147966025927581,0.4159729448491155
0.7147966025927581,0.41608118657298987
0.7147966025927581,0.4161894846434149
0.7143495753240948,0.4160374902369175
0.7143495753240948,0.4161458333333333
0.7143495753240948,0.41625423287314406
0.7143495753240948,0.416362688900469
0.7143495753240948,0.41647120145947353
0.7143495753240948,0.4165797705943691
0.7143495753240948,0.4166883963494133
0.7143495753240948,0.41679707876890976
0.7143495753240948,0.41690581789720843
0.7143495753240948,0.41701461377870563
0.7143495753240948,0.4171234664578439
0.7143495753240948,0.4172323759791123
0.7139025480554314,0.41708017759206056
0.713455520786768,0.4169278996865204
0.7130084935181046,0.4167755422001568
0.7130084935181046,0.41688447464715106
0.7130084935181046,0.4169934640522876
0.7130084935181046,0.41710251046025104
0.7121144389807779,0.41679748822605966
0.7121144389807779,0.416906568961005
0.7116674117121145,0.4167539267015707
0.711220384443451,0.4166012045037968
0.711220384443451,0.41671031953902565
0.7107733571747876,0.4165575058946817
0.7107733571747876,0.4166666666666667
0.7103263299061243,0.41651376146788993
0.7103263299061243,0.4166229680125852
0.7098793026374609,0.4164699711513244
0.7098793026374609,0.41657922350472193
0.7094322753687975,0.41642613487273683
0.7089852481001341,0.4162729658792651
0.7085382208314707,0.41611971646101337
0.7085382208314707,0.4162289915966387
0.7080911935628074,0.4160756501182033
0.7080911935628074,0.4161849710982659
0.7080911935628074,0.4162943495400788
0.7080911935628074,0.416403785488959
0.707644166294144,0.416250328687878
0.7071971390254805,0.41609679116254605
0.7071971390254805,0.4162062615101289
0.7071971390254805,0.4163157894736842
0.7067501117568171,0.41616214793366674
0.7067501117568171,0.41627172195892576
0.7067501117568171,0.4163813537002897
0.7067501117568171,0.416491043203372
0.7067501117568171,0.416600790513834
0.7067501117568171,0.41671059567738533
0.7067501117568171,0.4168204587397838
0.7067501117568171,0.41693037974683544
0.7063030844881538,0.41677657610129254
0.7063030844881538,0.41688654353562005
0.7058560572194904,0.4167326471364476
0.7058560572194904,0.4168426610348469
0.7058560572194904,0.4169527330340639
0.705409029950827,0.41679873217115687
0.705409029950827,0.4169088507265522
0.705409029950827,0.41701902748414377
0.705409029950827,0.41712926249008725
0.705409029950827,0.41723955579058697
0.7049620026821636,0.41708542713567837
0.7049620026821636,0.4171957671957672
0.7049620026821636,0.41730616565228895
0.7049620026821636,0.4174166225516146
0.7049620026821636,0.41752713794016416
0.7049620026821636,0.4176377118644068
0.7049620026821636,0.41774834437086095
0.7049620026821636,0.4178590355060943
0.7045149754135003,0.4177047442353565
0.7040679481448369,0.41755037115588545
0.7040679481448369,0.41766109785202865
0.7036209208761735,0.41750663129973475
0.7036209208761735,0.41761740514725393
0.7036209208761735,0.4177282377919321
0.70317389360751,0.41757366604725243
0.7027268663388466,0.41741901221455124
0.7018328118015199,0.4171094580233794
0.7018328118015199,0.41722030294977414
0.7013857845328565,0.41706539074960125
0.7009387572641931,0.41691039617123105
0.7009387572641931,0.41702127659574467
0.7009387572641931,0.4171322160148976
0.7009387572641931,0.417243214475785
0.7009387572641931,0.4173542720255523
0.7004917299955298,0.41719914802981894
0.7004917299955298,0.4173102529960053
0.7004917299955298,0.4174214171550346
0.7004917299955298,0.4175326405542233
0.7004917299955298,0.4176439232409382
0.7004917299955298,0.41775526526259665
0.7000447027268664,0.4176
0.7000447027268664,0.417711389703921
0.699597675458203,0.41755602988260404
0.699597675458203,0.4176674673071791
0.6991506481895395,0.4175120128136679
0.6991506481895395,0.4176234979973298
0.6991506481895395,0.41773504273504275
0.6991506481895395,0.4178466470745391
0.6991506481895395,0.4179583110636024
0.6991506481895395,0.4180700347500668
0.6991506481895395,0.41818181818181815
0.6987036209208761,0.41802621021663544
0.6987036209208761,0.41813804173354735
0.6987036209208761,0.4182499331014182
0.6982565936522128,0.41809421841541755
0.6978095663835494,0.4179384203480589
0.697362539114886,0.4177825388323514
0.697362539114886,0.41789445486204124
0.697362539114886,0.4180064308681672
0.697362539114886,0.4181184668989547
0.697362539114886,0.41823056300268097
0.6969155118462226,0.41807455081791367
0.6969155118462226,0.41818669527896996
0.6964684845775593,0.41803058760397105
0.6960214573088959,0.4178743961352657
0.695127402771569,0.417561761546724
0.695127402771569,0.41767391888262156
0.695127402771569,0.41778613648576035
0.695127402771569,0.4178984144047299
0.6946803755029056,0.41774193548387095
0.6942333482342423,0.4175853724119387
0.6942333482342423,0.41769768692845616
0.6942333482342423,0.41781006187785846
0.6942333482342423,0.4179224973089343
0.6937863209655789,0.41776581426648723
0.6937863209655789,0.41787829833064083
0.6937863209655789,0.4179908429841099
0.6937863209655789,0.41810344827586204
0.6937863209655789,0.41821611425491784
0.6937863209655789,0.4183288409703504
0.6937863209655789,0.4184416284712861
0.6937863209655789,0.418554476806904
0.6937863209655789,0.4186673860264365
0.6933392936969155,0.4185105234754452
0.6933392936969155,0.41862348178137654
0.6928922664282521,0.41846652267818574
0.6928922664282521,0.418579530110721
0.6928922664282521,0.41869259859535385
0.6928922664282521,0.4188057281815725
0.6928922664282521,0.4189189189189189
0.6928922664282521,0.41903217085698835
0.6928922664282521,0.41914548404542995
0.6924452391595888,0.4189883689477955
0.6924452391595888,0.4191017316017316
0.6924452391595888,0.4192151556156969
0.6919982118909254,0.41905793178126693
0.691551184622262,0.4189006227998917
0.691551184622262,0.41901408450704225
0.691551184622262,0.4191276076943918
0.6911041573535985,0.41897018970189703
0.6911041573535985,0.419083762537273
0.6906571300849352,0.41892624728850325
0.6902101028162718,0.41876864659614865
0.6902101028162718,0.41888225718936517
0.6902101028162718,0.41899592944369063
0.6902101028162718,0.4191096634093377
0.6902101028162718,0.41922345913657344
0.6902101028162718,0.4193373166757197
0.6897630755476084,0.41917957076881285
0.6897630755476084,0.41929347826086955
0.689316048278945,0.41913563468333787
0.689316048278945,0.4192495921696574
0.689316048278945,0.41936361163992386
0.689316048278945,0.41947769314472255
0.689316048278945,0.41959183673469386
0.6888690210102816,0.41943385955362006
0.6888690210102816,0.4195480533623741
0.6888690210102816,0.4196623093681917
0.6888690210102816,0.4197766276219014
0.6888690210102816,0.4198910081743869
0.6888690210102816,0.4200054510765876
0.6888690210102816,0.42011995637949834
0.6888690210102816,0.4202345241341696
0.6888690210102816,0.42034915439170756
0.6884219937416183,0.4201909959072306
0.6884219937416183,0.4203056768558952
0.6884219937416183,0.42042042042042044
0.6884219937416183,0.4205352266521027
0.6879749664729549,0.42037694618956567
0.6875279392042914,0.4202185792349727
0.687080911935628,0.42006012571740914
0.687080911935628,0.42017495899398577
0.687080911935628,0.42028985507246375
0.687080911935628,0.42040481400437635
0.687080911935628,0.42051983584131325
0.687080911935628,0.42063492063492064
0.6866338846669647,0.4204763208321927
0.6866338846669647,0.42059145673603504
0.6861868573983013,0.4204327581484525
0.6857398301296379,0.42027397260273974
0.6852928028609745,0.42011510002740476
0.6852928028609745,0.42023026315789475
0.6852928028609745,0.42034548944337813
0.6852928028609745,0.42046077893582007
0.6848457755923111,0.4203017832647462
0.6848457755923111,0.42041712403951703
0.6843987483236478,0.42025802909689813
0.6843987483236478,0.42037342119714444
0.6843987483236478,0.4204888766822302
0.6843987483236478,0.4206043956043956
0.6839517210549844,0.42044517724649627
0.6839517210549844,0.4205607476635514
0.6839517210549844,0.4206763816332142
0.6839517210549844,0.4207920792079208
0.6839517210549844,0.42090784044016505
0.6839517210549844,0.42102366538249864
0.683504693786321,0.42086429947701626
0.683504693786321,0.4209801762114537
0.683504693786321,0.42109611677223907
0.6830576665176575,0.4209366391184573
0.6830576665176575,0.42105263157894735
0.6826106392489942,0.4208930540242558
0.6826106392489942,0.42100909842845324
0.6826106392489942,0.42112520683949256
0.6826106392489942,0.42124137931034483
0.6821636119803308,0.42108167770419425
0.6821636119803308,0.42119790229091914
0.6817165847116674,0.421038100496963
0.6817165847116674,0.4211543772438553
0.681269557443004,0.42099447513812155
0.681269557443004,0.4211108040895275
0.681269557443004,0.42122719734660036
0.6808225301743407,0.4210671827481338
0.6808225301743407,0.4211836283185841
0.6808225301743407,0.42130013831258645
0.6803755029056773,0.42114001106806864
0.6803755029056773,0.4212565734846388
0.6803755029056773,0.4213732004429679
0.6803755029056773,0.4214898919966768
0.6803755029056773,0.421606648199446
0.6803755029056773,0.42172346910501524
0.6799284756370139,0.4215631929046563
0.6799284756370139,0.4216800665372886
0.6799284756370139,0.42191400832177534
0.6799284756370139,0.422031076581576
0.6794814483683504,0.4218706633361088
0.6794814483683504,0.42198778456413105
0.6794814483683504,0.42210497084143295
0.6794814483683504,0.4222222222222222
0.679034421099687,0.42206168380105585
0.679034421099687,0.42217898832684825
0.679034421099687,0.4222963580761746
0.6785873938310237,0.4221357063403782
0.6785873938310237,0.4222531293463143
0.6785873938310237,0.42248817144447537
0.6785873938310237,0.4226057906458797
0.6785873938310237,0.4227234753550543
0.6785873938310237,0.4228412256267409
0.6785873938310237,0.42295904151574254
0.6785873938310237,0.4230769230769231
0.6781403665623603,0.42291608586562585
0.6781403665623603,0.4230340211935304
0.6781403665623603,0.4231520223152022
0.6776933392936969,0.42299107142857145
0.6776933392936969,0.42310912643036563
0.6776933392936969,0.4232272473478504
0.6776933392936969,0.4233454342362469
0.6772463120250335,0.4231843575418994
0.6772463120250335,0.42330259849119867
0.6772463120250335,0.4234209055338178
0.6772463120250335,0.4235392787251887
0.6772463120250335,0.4236577181208054
0.6772463120250335,0.42377622377622376
0.6772463120250335,0.4238947957470621
0.6772463120250335,0.42401343408900083
0.6772463120250335,0.4241321388577828
0.6767992847563702,0.4239708765051806
0.6767992847563702,0.42408963585434173
0.6767992847563702,0.42420846175399274
0.6767992847563702,0.42432735426008966
0.6767992847563702,0.4244463134286515
0.6763522574877068,0.42428491306786315
0.6763522574877068,0.4244039270687237
0.6759052302190434,0.42424242424242425
0.6759052302190434,0.4243614931237721
0.6759052302190434,0.4244806288601909
0.6759052302190434,0.42459983150800334
0.67545820295038,0.42443820224719103
0.67545820295038,0.42455745996066313
0.67545820295038,0.4246767847105115
0.67545820295038,0.42479617655327523
0.6750111756817165,0.4246344206974128
0.6750111756817165,0.4247538677918425
0.6750111756817165,0.4248733821046708
0.6750111756817165,0.4249929636926541
0.6745641484130532,0.4248310810810811
0.6745641484130532,0.42495071810757534
0.6741171211443898,0.4247887323943662
0.6741171211443898,0.4249084249084249
0.6736700938757264,0.42474633596392336
0.673223066607063,0.4245841556244714
0.673223066607063,0.42470389170896783
0.673223066607063,0.42482369534555714
0.673223066607063,0.42494356659142213
0.6727760393383997,0.42478125882020884
0.6723290120697363,0.4246188594014681
0.6723290120697363,0.4247387743575261
0.6718819848010729,0.4245762711864407
0.6718819848010729,0.4246962418762362
0.6718819848010729,0.42481628038439795
0.6718819848010729,0.42493638676844786
0.6718819848010729,0.42505656108597284
0.6718819848010729,0.42517680339462516
0.6718819848010729,0.42529711375212226
0.6718819848010729,0.4254174922162468
0.6714349575324094,0.42525481313703284
0.6714349575324094,0.42537524780515434
0.6714349575324094,0.42549575070821527
0.6714349575324094,0.42561632190422216
0.6714349575324094,0.4257369614512472
0.6714349575324094,0.4258576694074284
0.6714349575324094,0.42597844583096994
0.6714349575324094,0.42609929078014186
0.670987930263746,0.42593643586833146
0.670987930263746,0.42605733749645186
0.670987930263746,0.42617830777967064
0.670987930263746,0.42629934677648396
0.670987930263746,0.4264204545454545
0.670987930263746,0.4265416311452117
0.670987930263746,0.4266628766344514
0.670987930263746,0.4267841910719363
0.670987930263746,0.426905574516496
0.670987930263746,0.42702702702702705
0.670987930263746,0.4271485486624929
0.6705409029950827,0.4269854824935952
0.6705409029950827,0.4271070615034169
0.6705409029950827,0.4272287097692965
0.6705409029950827,0.42747221430607013
0.6705409029950827,0.427594070695553
0.6705409029950827,0.42771599657827203
0.6705409029950827,0.4278379920136908
0.6705409029950827,0.42796005706134094
0.6705409029950827,0.4280821917808219
0.6705409029950827,0.4282043962318013
0.6705409029950827,0.42832667047401485
0.6705409029950827,0.4284490145672665
0.6700938757264193,0.42828571428571427
0.6700938757264193,0.4284081166047442
0.6700938757264193,0.4285305889079474
0.6700938757264193,0.42865313125536175
0.6700938757264193,0.4287757437070938
0.6700938757264193,0.42889842632331904
0.6700938757264193,0.4290211791642816
0.6696468484577559,0.4288577154308617
0.6691998211890925,0.42869415807560135
0.6691998211890925,0.4288169578917216
0.6691998211890925,0.42893982808022924
0.6687527939204292,0.4287761536256807
0.6687527939204292,0.4288990825688073
0.6683057666517658,0.42873530255233727
0.6683057666517658,0.42885829030407346
0.6678587393831024,0.42869440459110475
0.667411712114439,0.4285304247990815
0.667411712114439,0.4286534596612116
0.6669646848457756,0.4284893739230327
0.6669646848457756,0.42861246768170064
0.6669646848457756,0.42873563218390803
0.6665176575771122,0.42857142857142855
0.6665176575771122,0.4286946520989074
0.6665176575771122,0.4288179465056083
0.6665176575771122,0.42894131185270423
0.6660706303084488,0.4287769784172662
0.6656236030397854,0.4286125503742084
0.665176575771122,0.42857142857142855
0.6647295485024587,0.42840679919331603
0.6642825212337953,0.4282420749279539
0.6642825212337953,0.4283655232055347
0.6642825212337953,0.4284890426758939
0.6638354939651319,0.42832419959619267
0.6638354939651319,0.42844777841892673
0.6638354939651319,0.42857142857142855
0.6633884666964684,0.4284064665127021
0.6633884666964684,0.42853017614784866
0.6633884666964684,0.42865395725014444
0.6633884666964684,0.42877780988153713
0.6633884666964684,0.42890173410404625
0.6633884666964684,0.42902572997976296
0.6633884666964684,0.4291497975708502
0.6629414394278051,0.42898466878796643
0.6624944121591417,0.4288194444444444
0.6620473848904783,0.42865412445730827
0.6620473848904783,0.42877822814128547
0.6620473848904783,0.4289024037069215
0.6620473848904783,0.429026651216686
0.6620473848904783,0.42915097073312086
0.6620473848904783,0.42927536231884056
0.6620473848904783,0.4293998260365323
0.6616003576218149,0.42923433874709976
0.6616003576218149,0.4293588627792283
0.6616003576218149,0.4294834590829948
0.6616003576218149,0.4296081277213353
0.6616003576218149,0.429732868757259
0.6611533303531515,0.4295672378739471
0.6607063030844882,0.42940151074956423
0.6607063030844882,0.42952630049404245
0.6602592758158248,0.42936046511627907
0.6598122485471614,0.42919453329456236
0.6598122485471614,0.4293193717277487
0.6598122485471614,0.4294442828047716
0.659365221278498,0.42927823050058206
0.659365221278498,0.4294032023289665
0.659365221278498,0.4295282469423413
0.659365221278498,0.4296533644043111
0.659365221278498,0.42977855477855476
0.659365221278498,0.4299038181288254
0.659365221278498,0.43015456401283175
0.659365221278498,0.43028004667444575
0.659365221278498,0.4304056025678436
0.659365221278498,0.4305312317571512
0.6589181940098346,0.4303649635036496
0.6589181940098346,0.4304906542056075
0.6589181940098346,0.4306164183464797
0.6589181940098346,0.43074225599064875
0.6589181940098346,0.43086816720257237
0.6589181940098346,0.43099415204678365
0.6589181940098346,0.4311202105878912
0.6584711667411712,0.43095377413692215
0.6584711667411712,0.4310798946444249
0.6584711667411712,0.43120608899297425
0.6584711667411712,0.4313323572474378
0.6580241394725078,0.4311657879320445
0.6580241394725078,0.4312921183709347
0.6580241394725078,0.43141852286049237
0.6580241394725078,0.4315450014658458
0.6580241394725078,0.43167155425219944
0.6575771122038444,0.4315048401290701
0.6575771122038444,0.43163145539906106
0.657130084935181,0.43146463164073967
0.657130084935181,0.4315913094539049
0.657130084935181,0.43171806167400884
0.6566830576665177,0.431551116333725
0.6566830576665177,0.4316779312371437
0.6566830576665177,0.43180482069370957
0.6566830576665177,0.43193178476918553
0.6566830576665177,0.4320588235294118
0.6566830576665177,0.43218593704030595
0.6566830576665177,0.4323131253678634
0.6566830576665177,0.4324403885781572
0.6566830576665177,0.43256772673733807
0.6566830576665177,0.4326951399116348
0.6562360303978543,0.4325279905715969
0.6562360303978543,0.4326554671382258
0.6562360303978543,0.43291064582718963
0.6557890031291909,0.4327433628318584
0.6553419758605274,0.43257598111537326
0.6553419758605274,0.43270365997638727
0.6553419758605274,0.4328314142308828
0.6548949485918641,0.43266391021854694
0.6544479213232007,0.4324963072378139
0.6544479213232007,0.4326241134751773
0.6544479213232007,0.43275199527047
0.6544479213232007,0.43287995269071555
0.6544479213232007,0.43300798580301686
0.6540008940545373,0.43284023668639054
0.6540008940545373,0.4329683338265759
0.6535538667858739,0.43280047365304913
0.6535538667858739,0.4329286348830323
0.6535538667858739,0.4330568720379147
0.6531068395172106,0.4328888888888889
0.6531068395172106,0.4330171902786011
0.6526598122485472,0.43284909576045066
0.6522127849798838,0.43268090154211153
0.6522127849798838,0.4328092554138238
0.6522127849798838,0.43293768545994066
0.6522127849798838,0.43306619174829325
0.6522127849798838,0.4331947743467934
0.6517657577112204,0.433026433026433
0.6517657577112204,0.43315508021390375
0.6517657577112204,0.4332838038632987
0.6517657577112204,0.4334126040428062
0.6517657577112204,0.4335414808206958
0.6517657577112204,0.43367043426531826
0.6517657577112204,0.43379946444510564
0.6517657577112204,0.43392857142857144
0.651318730442557,0.4337600476332242
0.651318730442557,0.4338892197736748
0.651318730442557,0.4340184688710158
0.651318730442557,0.43414779499404055
0.6508717031738936,0.4339791356184799
0.6508717031738936,0.43410852713178294
0.6508717031738936,0.4342379958246347
0.6508717031738936,0.4343675417661098
0.6504246759052302,0.4341987466427932
0.6504246759052302,0.4343283582089552
0.6504246759052302,0.43445804717826214
0.6504246759052302,0.4345878136200717
0.6504246759052302,0.4347176576038243
0.6504246759052302,0.43484757919904365
0.6504246759052302,0.4349775784753363
0.6504246759052302,0.43510765550239233
0.6499776486365668,0.4349386778342806
0.6499776486365668,0.4350688210652304
0.6495306213679034,0.434899730619575
0.6495306213679034,0.4350299401197605
0.6495306213679034,0.4351602276130578
0.6495306213679034,0.4352905931695626
0.6495306213679034,0.4354210368594546
0.6495306213679034,0.4355515587529976
0.6495306213679034,0.43568215892053974
0.6490835940992401,0.4355128974205159
0.6490835940992401,0.43564356435643564
0.6486365668305767,0.43547418967587037
0.6486365668305767,0.4356049234464125
0.6486365668305767,0.43573573573573576
0.6481895395619133,0.435566236106939
0.6472954850245864,0.4352269311692215
0.6472954850245864,0.4353577871316897
0.6472954850245864,0.43548872180451126
0.6472954850245864,0.43561973525872444
0.6468484577559231,0.4354498946734878
0.6468484577559231,0.43558097531607465
0.6464014304872597,0.43541102077687444
0.6459544032185963,0.4352409638554217
0.6459544032185963,0.43537210003012955
0.6459544032185963,0.4355033152501507
0.6455073759499329,0.4353331323485077
0.6455073759499329,0.43546441495778043
0.6455073759499329,0.43559577677224737
0.6455073759499329,0.4357272178636089
0.6450603486812696,0.43555689707214007
0.6450603486812696,0.43568840579710144
0.6450603486812696,0.43581999395952886
0.6450603486812696,0.43595166163141996
0.6450603486812696,0.43608340888485947
0.6450603486812696,0.4362152357920194
0.6446133214126062,0.43604475355306926
0.6446133214126062,0.4361766485178463
0.6446133214126062,0.43630862329803327
0.6441662941439428,0.43613801452784506
0.6441662941439428,0.43627005752346354
0.6437192668752794,0.436099333737129
0.6437192668752794,0.4362314450166616
0.6432722396066161,0.43606060606060604
0.6432722396066161,0.43619278569263414
0.6428252123379526,0.43602183141297757
0.6428252123379526,0.4361540794661814
0.6428252123379526,0.4362864077669903
0.6423781850692892,0.4361153262518968
0.6423781850692892,0.43624772313296906
0.6419311578006258,0.4360765259641664
0.6419311578006258,0.4362089914945322
0.6419311578006258,0.43634153752658766
0.6419311578006258,0.43647416413373863
0.6419311578006258,0.43660687138948007
0.6419311578006258,0.4367396593673966
0.6414841305319624,0.43656829936111957
0.6414841305319624,0.4367011564211808
0.6414841305319624,0.4368340943683409
0.6410371032632991,0.4366626065773447
0.6410371032632991,0.4367956137678952
0.6410371032632991,0.4369287020109689
0.6405900759946357,0.4367570862541908
0.6401430487259723,0.43658536585365854
0.6401430487259723,0.43671851174138454
0.6396960214573089,0.43654667480170833
0.6392489941886456,0.4363747329874886
0.6392489941886456,0.4365079365079365
0.6392489941886456,0.4366412213740458
0.6388019669199821,0.43646915088576665
0.6388019669199821,0.43660250534677664
0.6388019669199821,0.4367359413202934
0.6383549396513187,0.4365637419749312
0.6379079123826553,0.4363914373088685
0.6374608851139919,0.4362190272254512
0.6370138578453286,0.436046511627907
0.6370138578453286,0.4361799816345271
0.6370138578453286,0.436313533374158
0.6370138578453286,0.43644716692189894
0.6365668305766652,0.4362745098039216
0.6365668305766652,0.43640821330064355
0.6365668305766652,0.43654199877375843
0.6361198033080018,0.4363692118981907
0.6361198033080018,0.43650306748466255
0.6356727760393384,0.4363301626265726
0.6352257487706751,0.4361571516267649
0.6347787215020116,0.43598403438747313
0.6347787215020116,0.43611793611793614
0.6347787215020116,0.4362519201228879
0.6347787215020116,0.4363859864781807
0.6347787215020116,0.43652013525976024
0.6347787215020116,0.43665436654366546
0.6347787215020116,0.4367886804060289
0.6347787215020116,0.4369230769230769
0.6347787215020116,0.43705755617112957
0.6347787215020116,0.437192118226601
0.6343316942333482,0.4370187865722205
0.6343316942333482,0.43715341959334564
0.6343316942333482,0.43728813559322033
0.6343316942333482,0.437422934648582
0.6338846669646848,0.4372494603761949
0.6338846669646848,0.43738433066008636
0.6338846669646848,0.437519284171552
0.6334376396960214,0.43734567901234567
0.6329906124273581,0.4371719666563754
0.6329906124273581,0.43730697961704756
0.6329906124273581,0.43744207599629287
0.6329906124273581,0.43757725587144625
0.6329906124273581,0.43771251931993815
0.6325435851586947,0.43753865182436613
0.6320965578900313,0.4373646767708011
0.6316495306213679,0.43719059405940597
0.6312025033527046,0.43701640359021976
0.6307554760840411,0.4368421052631579
0.6307554760840411,0.43697739238154226
0.6303084488153777,0.4368029739776952
0.6298614215467143,0.43662844747443447
0.629414394278051,0.43645381277123374
0.629414394278051,0.4365891472868217
0.6289673670093876,0.43641439205955335
0.6289673670093876,0.4365497983245423
0.6289673670093876,0.4366852886405959
0.6289673670093876,0.43682086308599816
0.6285203397407242,0.4366459627329193
0.6285203397407242,0.4367816091954023
0.6285203397407242,0.43691733996270976
0.6285203397407242,0.43705315511345977
0.6285203397407242,0.43718905472636815
0.6285203397407242,0.4373250388802488
0.6285203397407242,0.4374611076540137
0.6280733124720608,0.4372860255213196
0.6280733124720608,0.4374221668742217
0.6280733124720608,0.4375583930239801
0.6276262852033974,0.4373831775700935
0.6276262852033974,0.43751947647242134
0.6267322306660706,0.4371686934830059
0.6262852033974072,0.4369931378665003
0.6262852033974072,0.4371294851794072
0.6258381761287438,0.4369538077403246
0.6258381761287438,0.4370902279113331
0.6258381761287438,0.4372267332916927
0.6258381761287438,0.4373633239612621
0.6253911488600805,0.4371875
0.6253911488600805,0.4373241638011879
0.6249441215914171,0.4371482176360225
0.6244970943227537,0.43697216140131373
0.6244970943227537,0.43710888610763454
0.6244970943227537,0.437245696400626
0.6244970943227537,0.4373825923606763
0.6244970943227537,0.43751957406827435
0.6240500670540903,0.43734335839599
0.6240500670540903,0.4374804136634284
0.6240500670540903,0.43761755485893417
0.6236030397854269,0.4374412041392286
0.6231560125167636,0.4372647427854454
0.6231560125167636,0.4374019454032005
0.6231560125167636,0.43753923414940366
0.6227089852481001,0.43736263736263736
0.6227089852481001,0.4375
0.6222619579794367,0.43732327992459946
0.6222619579794367,0.43746071653048396
0.6222619579794367,0.43759823954731214
0.6222619579794367,0.4377358490566038
0.6222619579794367,0.4378735451399811
0.6218149307107733,0.43769666456891126
0.6218149307107733,0.4378344350015738
0.6218149307107733,0.43797229219143574
0.6218149307107733,0.43811023622047246
0.6218149307107733,0.43824826717076243
0.6218149307107733,0.43838638512448785
0.62136790344211,0.4382093316519546
0.62136790344211,0.43834752444023967
0.62136790344211,0.4384858044164038
0.62136790344211,0.4386241716629852
0.62136790344211,0.43876262626262624
0.62136790344211,0.4389011682980739
0.6209208761734466,0.4387239418825016
0.6204738489047832,0.43854660347551344
0.6204738489047832,0.438685208596713
0.6204738489047832,0.43882390135946886
0.6204738489047832,0.4389626818469323
0.6204738489047832,0.43910155014236
0.6200268216361198,0.4389240506329114
0.6195797943674564,0.43874643874643876
0.6195797943674564,0.4388853704876504
0.6195797943674564,0.43902439024390244
0.6195797943674564,0.4391634980988593
0.6195797943674564,0.4393026941362916
0.6195797943674564,0.4394419784400761
0.6195797943674564,0.439581351094196
0.6191327670987931,0.4394035532994924
0.6191327670987931,0.439543002221517
0.6191327670987931,0.4396825396825397
0.6191327670987931,0.43982216576691013
0.6191327670987931,0.43996188055908514
0.6191327670987931,0.4401016841436289
0.6191327670987931,0.44024157660521296
0.6191327670987931,0.44038155802861684
0.6191327670987931,0.4405216284987277
0.6191327670987931,0.44080203691915976
0.6191327670987931,0.4409423750397962
0.6191327670987931,0.4410828025477707
0.6191327670987931,0.4412233195285123
0.6191327670987931,0.441363926067559
0.6191327670987931,0.44150462225055787
0.6191327670987931,0.4416454081632653
0.6191327670987931,0.44178628389154706
0.6191327670987931,0.4419272495213784
0.6191327670987931,0.44206830513884454
0.6191327670987931,0.44220945083014046
0.6186857398301296,0.442031299904184
0.6182387125614662,0.44185303514376995
0.6182387125614662,0.4419942473633749
0.6182387125614662,0.4421355498721228
0.6182387125614662,0.44227694275663576
0.6177916852928028,0.4420985284708893
0.6177916852928028,0.44224
0.6173446580241395,0.4420614596670935
0.6173446580241395,0.44220300992635286
0.6173446580241395,0.4423446508648302
0.6173446580241395,0.4424863825696892
0.6173446580241395,0.4426282051282051
0.6168976307554761,0.442449503045848
0.6168976307554761,0.44259140474663244
0.6168976307554761,0.44273339749759383
0.6168976307554761,0.4428754813863928
0.6164506034868127,0.44269662921348313
0.6164506034868127,0.4428387925497752
0.6164506034868127,0.4429810472213299
0.6164506034868127,0.4431233933161954
0.6164506034868127,0.44326583092253297
0.6160035762181493,0.44308681672025724
0.6160035762181493,0.4432293341910582
0.6160035762181493,0.44337194337194336
0.615556548949486,0.4431927904731252
0.615556548949486,0.4433354797166774
0.615556548949486,0.4434782608695652
0.615556548949486,0.44362113402061853
0.615556548949486,0.4437640992587818
0.615556548949486,0.44390715667311414
0.6151095216808226,0.4437278297323444
0.6146624944121591,0.4435483870967742
0.6146624944121591,0.4436915133914166
0.6146624944121591,0.4438347320852163
0.6146624944121591,0.4439780432676784
0.6146624944121591,0.44412144702842377
0.6146624944121591,0.44426494345718903
0.6142154671434957,0.4440853264382676
0.6142154671434957,0.44422890397672166
0.6137684398748323,0.44404915912031045
0.6137684398748323,0.4441928178582983
0.6137684398748323,0.444336569579288
0.613321412606169,0.44415668501133054
0.6128743853375056,0.44397668393782386
0.6128743853375056,0.44412050534499514
0.6124273580688422,0.4439403758911212
0.6124273580688422,0.44422827496757455
0.6124273580688422,0.4443723645799546
0.6124273580688422,0.4445165476963011
0.6124273580688422,0.44466082440765986
0.6124273580688422,0.4448051948051948
0.6124273580688422,0.4449496589801884
0.6124273580688422,0.44509421702404156
0.6119803308001788,0.4449138771530712
0.6119803308001788,0.4450585175552666
0.6119803308001788,0.4452032520325203
0.6115333035315155,0.4450227716330514
0.6115333035315155,0.44516758867556133
0.6110862762628521,0.4449869791666667
0.6106392489941886,0.4448062520351677
0.6101922217255252,0.44462540716612375
0.6097451944568618,0.4444444444444444
0.6097451944568618,0.4445893089960887
0.6097451944568618,0.4447342680143463
0.6092981671881985,0.4445531637312459
0.6088511399195351,0.4443719412724307
0.6084041126508717,0.4441906005221932
0.6084041126508717,0.4443356186745021
0.6084041126508717,0.4444807315480078
0.6079570853822083,0.44429924861156483
0.6079570853822083,0.4444444444444444
0.607510058113545,0.4442628309905198
0.607510058113545,0.44440810987573576
0.6070630308448816,0.4442263657180242
0.6070630308448816,0.4443717277486911
0.6070630308448816,0.44451718494271686
0.6066160035762181,0.4443352979698756
0.6066160035762181,0.44448083851948905
0.6066160035762181,0.4446264744429882
0.6061689763075547,0.4444444444444444
0.6061689763075547,0.44459016393442624
0.6061689763075547,0.44473597900951134
0.6061689763075547,0.4448818897637795
0.6061689763075547,0.4450278962914342
0.6057219490388914,0.4448456992777413
0.605274921770228,0.44466338259441707
0.6048278945015646,0.4444809461235217
0.6043808672329012,0.44429838974696023
0.6043808672329012,0.4444444444444444
0.6039338399642378,0.44426175600131534
0.6034868126955745,0.4440789473684211
0.6034868126955745,0.4442250740375123
0.6030397854269111,0.44404213298222517
0.6030397854269111,0.44418834376028976
0.6030397854269111,0.44433465085639
0.6030397854269111,0.4444810543657331
0.6030397854269111,0.4446275543836519
0.6030397854269111,0.444774151005605
0.6030397854269111,0.44492084432717677
0.6030397854269111,0.4450676344440779
0.6030397854269111,0.44521452145214524
0.6025927581582476,0.4450313634862991
0.6025927581582476,0.44517833553500663
0.6025927581582476,0.4453254046911133
0.6025927581582476,0.4454725710508923
0.6021457308895842,0.4452892561983471
0.6021457308895842,0.44543650793650796
0.6021457308895842,0.4455838570956004
0.6021457308895842,0.4457313037723362
0.6021457308895842,0.4458788480635551
0.6021457308895842,0.4460264900662252
0.6021457308895842,0.4461742298774429
0.6016987036209209,0.4459907223326706
0.6016987036209209,0.4461385482267153
0.6016987036209209,0.4462864721485411
0.6016987036209209,0.4464344941956882
0.6016987036209209,0.44658261446582614
0.6016987036209209,0.44673083305675404
0.6012516763522575,0.44654714475431606
0.6012516763522575,0.44669545001660577
0.6008046490835941,0.44651162790697674
0.6008046490835941,0.44666001994017945
0.6008046490835941,0.44680851063829785
0.6008046490835941,0.4469571000997672
0.6008046490835941,0.4471057884231537
0.6008046490835941,0.44725457570715477
0.6008046490835941,0.4474034620505992
0.6008046490835941,0.44755244755244755
0.6008046490835941,0.44770153231179216
0.6008046490835941,0.4478507164278574
0.6003576218149307,0.44766666666666666
0.6003576218149307,0.4478159386462154
0.5999105945462673,0.447631754503002
0.5999105945462673,0.4477811144477811
0.599463567277604,0.44759679572763683
0.599463567277604,0.44774624373956595
0.5990165400089406,0.447561790247161
0.5985695127402771,0.4473772134981624
0.5985695127402771,0.4475267379679144
0.5985695127402771,0.4476763624205951
0.5985695127402771,0.44782608695652176
0.5985695127402771,0.44797591167614587
0.5981224854716137,0.44779116465863456
0.5981224854716137,0.44794107800468697
0.5981224854716137,0.44809109176155393
0.5981224854716137,0.4482412060301508
0.5981224854716137,0.44839142091152817
0.5981224854716137,0.4485417365068723
0.5981224854716137,0.448692152917505
0.5976754582029504,0.44850721234485075
0.597228430934287,0.4483221476510067
0.597228430934287,0.4484726418261161
0.597228430934287,0.4486232370718603
0.597228430934287,0.4487739334900907
0.597228430934287,0.4489247311827957
0.597228430934287,0.44907563025210084
0.597228430934287,0.449226630800269
0.597228430934287,0.4493777329297006
0.597228430934287,0.44952893674293404
0.5967814036656236,0.44934365533490406
0.5967814036656236,0.4494949494949495
0.5967814036656236,0.4496463455708993
0.5967814036656236,0.4497978436657682
0.5967814036656236,0.4499494438827098
0.5963343763969602,0.449763991908294
0.5963343763969602,0.44991568296795953
0.5963343763969602,0.45006747638326583
0.5963343763969602,0.45021937225784675
0.5963343763969602,0.450371370695476
0.5963343763969602,0.4505234718000675
0.5963343763969602,0.4506756756756757
0.5963343763969602,0.4508279824264954
0.5963343763969602,0.45098039215686275
0.5958873491282968,0.4507947243828204
0.5954403218596335,0.4506089309878214
0.5954403218596335,0.45076142131979696
0.5954403218596335,0.45091401489505756
0.5954403218596335,0.4510667118184897
0.5954403218596335,0.45121951219512196
0.5949932945909701,0.4510335479498475
0.5949932945909701,0.4511864406779661
0.5945462673223066,0.4510003390979993
0.5945462673223066,0.45115332428765265
0.5945462673223066,0.4513064133016627
0.5945462673223066,0.451459606245757
0.5945462673223066,0.45161290322580644
0.5940992400536432,0.4514266304347826
0.5940992400536432,0.45173351461590755
0.5940992400536432,0.4518871132267936
0.5940992400536432,0.4520408163265306
0.5936522127849799,0.4518543722354542
0.5936522127849799,0.45200816882232814
0.5936522127849799,0.45216207013959825
0.5932051855163165,0.45197547683923706
0.5932051855163165,0.452129471890971
0.5927581582476531,0.45194274028629855
0.5927581582476531,0.45209682918513466
0.5923111309789897,0.4519099590723056
0.5923111309789897,0.4520641419310815
0.5918641037103264,0.451877133105802
0.591417076441663,0.4516899965858655
0.591417076441663,0.45184426229508196
0.591417076441663,0.4519986334130509
0.5909700491729996,0.45181134654818866
0.5905230219043361,0.4516239316239316
0.5905230219043361,0.4517783857729138
0.5905230219043361,0.4519329456038317
0.5905230219043361,0.4520876112251882
0.5905230219043361,0.45224238274563505
0.5900759946356727,0.4520547945205479
0.5900759946356727,0.4522096608427544
0.5900759946356727,0.45236463331048665
0.5900759946356727,0.4525197120329105
0.5900759946356727,0.45267489711934156
0.5900759946356727,0.4528301886792453
0.5896289673670094,0.4526424159231297
0.5896289673670094,0.4527978029522829
0.5896289673670094,0.4529532967032967
0.5896289673670094,0.45310889728615594
0.589181940098346,0.4529209621993127
0.5887349128296826,0.4527328979030595
0.5887349128296826,0.452888583218707
0.5887349128296826,0.45304437564499483
0.5882878855610192,0.452856159669649
0.5882878855610192,0.4530120481927711
0.5878408582923559,0.4528236914600551
0.5873938310236925,0.4526352049603858
0.5869468037550291,0.45244658855961406
0.5869468037550291,0.4526025508445364
0.5864997764863656,0.45241379310344826
0.5864997764863656,0.4525698516729907
0.5864997764863656,0.4527260179434092
0.5864997764863656,0.45288229202623403
0.5864997764863656,0.4530386740331492
0.5860527492177022,0.45284974093264246
0.5860527492177022,0.4530062197650311
0.5860527492177022,0.45316280677497406
0.5856057219490389,0.4529737206085754
0.5856057219490389,0.4531304047042546
0.5856057219490389,0.4532871972318339
0.5851586946803755,0.453097957770855
0.5847116674117121,0.45290858725761773
0.5847116674117121,0.45306546588153795
0.5847116674117121,0.45322245322245325
0.5847116674117121,0.45337954939341424
0.5847116674117121,0.4535367545076283
0.5847116674117121,0.45369406867845996
0.5842646401430487,0.4535045107564192
0.5842646401430487,0.45366192294342245
0.5842646401430487,0.45381944444444444
0.5838176128743854,0.4536297325460229
0.5838176128743854,0.45378735232800554
0.5838176128743854,0.45394508168230796
0.5838176128743854,0.4541029207232267
0.5838176128743854,0.4542608695652174
0.5829235583370586,0.453880960668291
0.5824765310683951,0.4536908077994429
0.5824765310683951,0.453848833159178
0.5820295037997317,0.45365853658536587
0.5815824765310684,0.4534681073544789
0.5815824765310684,0.453626220362622
0.581135449262405,0.45343564701778866
0.581135449262405,0.45359385903698535
0.581135449262405,0.4537521815008726
0.581135449262405,0.45391061452513964
0.581135449262405,0.4540691582256374
0.5806884219937416,0.45387840670859536
0.5802413947250782,0.4536875218455086
0.5802413947250782,0.45384615384615384
0.5797943674564149,0.45365512416928994
0.5797943674564149,0.453813855843247
0.5797943674564149,0.4539726986349317
0.5793473401877515,0.453781512605042
0.5793473401877515,0.4539404553415061
0.5793473401877515,0.45409950946040645
0.5793473401877515,0.45425867507886436
0.5793473401877515,0.4544179523141655
0.5789003129190881,0.45422658716239916
0.5784532856504246,0.45403508771929824
0.5784532856504246,0.4541944541944542
0.5784532856504246,0.45435393258426965
0.5780062583817613,0.4541622760800843
0.5780062583817613,0.4543218552354181
0.5780062583817613,0.454481546572935
0.5780062583817613,0.45464135021097046
0.5780062583817613,0.45480126626802675
0.5780062583817613,0.4549612948627727
0.5775592311130979,0.45476944737768393
0.5771122038444345,0.4545774647887324
0.5771122038444345,0.45473758365621697
0.5771122038444345,0.45489781536293167
0.5771122038444345,0.4550581600281988
0.5771122038444345,0.4552186177715092
0.5766651765757711,0.455026455026455
0.5766651765757711,0.45518701482004237
0.5762181493071077,0.4549947052594423
0.5762181493071077,0.4551553672316384
0.5762181493071077,0.4553161427057577
0.5757711220384444,0.4551236749116608
0.5757711220384444,0.45528455284552843
0.5757711220384444,0.45544554455445546
0.5748770675011176,0.45506015569709835
0.5744300402324541,0.45486725663716815
0.5739830129637908,0.4546742209631728
0.5739830129637908,0.45483528161530284
0.5735359856951274,0.4546420978029766
0.573088958426464,0.4544487770294222
0.573088958426464,0.4546099290780142
0.573088958426464,0.45477119545938277
0.573088958426464,0.45493257629524486
0.573088958426464,0.4550940717074902
0.5726419311578006,0.4549005681818182
0.5726419311578006,0.4550621669626998
0.5726419311578006,0.4552238805970149
0.5721949038891372,0.45503021685033773
0.5721949038891372,0.45519203413940257
0.5721949038891372,0.4553539665599431
0.5721949038891372,0.4556781772872909
0.5721949038891372,0.45584045584045585
0.5721949038891372,0.4560028500178126
0.5721949038891372,0.45616535994297935
0.5721949038891372,0.4563279857397504
0.5721949038891372,0.456490727532097
0.5721949038891372,0.45665358544416695
0.5717478766204739,0.4564596716630978
0.5717478766204739,0.4567857142857143
0.5717478766204739,0.4569489103251161
0.5713008493518105,0.45675482487491065
0.5708538220831471,0.45656060064354664
0.5708538220831471,0.4567238912732475
0.5708538220831471,0.45688729874776385
0.5708538220831471,0.45705082319255547
0.5708538220831471,0.4572144647332617
0.5704067948144836,0.45702005730659023
0.5699597675458203,0.4568255105696883
0.5695127402771569,0.45663082437275987
0.5690657130084935,0.4564359985657942
0.5686186857398301,0.4562410329985653
0.5686186857398301,0.4564047362755651
0.5686186857398301,0.45656855707106964
0.5681716584711668,0.4563734290843806
0.5681716584711668,0.45653735632183906
0.5677246312025034,0.4563420768954366
0.56727760393384,0.45614665708123653
0.56727760393384,0.4563106796116505
0.56727760393384,0.4564748201438849
0.5668305766651766,0.4562792371356603
0.5663835493965131,0.4560835133189345
0.5663835493965131,0.45624774936982354
0.5659365221278498,0.45605187319884727
0.5659365221278498,0.4562162162162162
0.5659365221278498,0.4563806777217015
0.5659365221278498,0.4565452578434908
0.5654894948591864,0.45634920634920634
0.565042467590523,0.4561530133525803
0.565042467590523,0.4563176895306859
0.565042467590523,0.4564824846514987
0.565042467590523,0.45664739884393063
0.565042467590523,0.45681243223707985
0.565042467590523,0.4569775849602314
0.5645954403218596,0.45678119349005425
0.5641484130531963,0.4565846599131693
0.5641484130531963,0.45674990951863914
0.5637013857845329,0.4565532223026792
0.5637013857845329,0.4567185802245563
0.5637013857845329,0.4568840579710145
0.5632543585158695,0.45668720550924247
0.562807331247206,0.4564902102973169
0.5623603039785426,0.45629307217990567
0.5623603039785426,0.4564586357039187
0.5623603039785426,0.45662431941923776
0.5623603039785426,0.4567901234567901
0.5623603039785426,0.4569560479476934
0.5619132767098793,0.45675872093023256
0.5619132767098793,0.4569247546346783
0.5619132767098793,0.4570909090909091
0.5619132767098793,0.45725718443070207
0.5614662494412159,0.4570596797671033
0.5614662494412159,0.4572260647979614
0.5614662494412159,0.4573925710123816
0.5610192221725525,0.45719489981785066
0.5610192221725525,0.4573615160349854
0.5610192221725525,0.4575282537367845
0.5610192221725525,0.4576951130561634
0.5610192221725525,0.4578620941262313
0.5610192221725525,0.458029197080292
0.5605721949038891,0.4578313253012048
0.5601251676352258,0.4576333089846603
0.5601251676352258,0.4578005115089514
0.5601251676352258,0.45796783625730997
0.5601251676352258,0.45813528336380255
0.5601251676352258,0.458302852962692
0.5596781403665624,0.45810464690815955
0.5596781403665624,0.4582723279648609
0.559231113097899,0.4580739655803735
0.559231113097899,0.4582417582417582
0.5587840858292356,0.4580432392817882
0.5587840858292356,0.45821114369501464
0.5587840858292356,0.4583791712504584
0.5583370585605721,0.45818048422597213
0.5583370585605721,0.458348623853211
0.5583370585605721,0.45851688693098386
0.5583370585605721,0.4586852735952993
0.5583370585605721,0.4588537839823659
0.5578900312919088,0.45865490628445427
0.5578900312919088,0.4588235294117647
0.5578900312919088,0.4589922765722692
0.5578900312919088,0.45916114790286977
0.5578900312919088,0.45933014354066987
0.5578900312919088,0.45949926362297494
0.5574430040232454,0.45930018416206264
0.5574430040232454,0.45946941783345613
0.556995976754582,0.4592701806118688
0.5565489494859186,0.459070796460177
0.5565489494859186,0.45924013279232756
0.5565489494859186,0.45940959409594095
0.5561019222172553,0.45921004060538945
0.5561019222172553,0.45937961595273263
0.5556548949485919,0.4591799039527152
0.5556548949485919,0.45934959349593496
0.5556548949485919,0.4595194085027726
0.5552078676799285,0.4593195266272189
0.554760840411265,0.4591194968553459
0.554760840411265,0.45928941524796446
0.554760840411265,0.4594594594594595
0.5543138131426018,0.45925925925925926
0.5543138131426018,0.4594294183030752
0.5543138131426018,0.45959970348406226
0.5543138131426018,0.45977011494252873
0.5543138131426018,0.4599406528189911
0.5543138131426018,0.4601113172541744
0.5543138131426018,0.4602821083890126
0.5543138131426018,0.4604530263646491
0.5538667858739383,0.4602526002971768
0.5538667858739383,0.4604236343366778
0.5534197586052749,0.46022304832713756
0.5534197586052749,0.4603941985868353
0.5534197586052749,0.46056547619047616
0.5534197586052749,0.4607368812802382
0.5529727313366115,0.460536113179449
0.5525257040679481,0.46033519553072627
0.5525257040679481,0.4606783451360417
0.5525257040679481,0.4608501118568233
0.5520786767992848,0.4606490115628497
0.5516316495306214,0.46044776119402986
0.5516316495306214,0.46061963419186264
0.5516316495306214,0.4607916355489171
0.5516316495306214,0.46096376540904
0.5516316495306214,0.461136023916293
0.5516316495306214,0.46130841121495325
0.551184622261958,0.46110695587135375
0.551184622261958,0.4612794612794613
0.551184622261958,0.46145209580838326
0.551184622261958,0.46162485960314487
0.551184622261958,0.46179775280898877
0.551184622261958,0.46197077557137506
0.551184622261958,0.46214392803598203
0.551184622261958,0.46231721034870643
0.551184622261958,0.46249062265566393
0.5507375949932946,0.4622889305816135
0.5507375949932946,0.4624624624624625
0.5507375949932946,0.46263612467142323
0.5507375949932946,0.4628099173553719
0.5502905677246313,0.46260804208944006
0.5502905677246313,0.46278195488721807
0.5502905677246313,0.4629559984956751
0.5502905677246313,0.46313017306245297
0.5502905677246313,0.46330447873541586
0.5502905677246313,0.4634789156626506
0.5498435404559678,0.4632768361581921
0.5493965131873044,0.4630746043707611
0.5493965131873044,0.46324915190350546
0.5493965131873044,0.4634238310708899
0.5493965131873044,0.46359864202187856
0.548949485918641,0.4633962264150943
0.548949485918641,0.4635711589278973
0.5485024586499776,0.463368580060423
0.5480554313813143,0.4631658481299584
0.5480554313813143,0.4633408919123205
0.5476084041126509,0.46313799621928164
0.5476084041126509,0.4633131618759455
0.5476084041126509,0.46348846008323874
0.5471613768439875,0.46328538985616957
0.546714349575324,0.4630821658462704
0.546714349575324,0.46325757575757576
0.546714349575324,0.4634331186055324
0.5462673223066608,0.4632297194844579
0.5458202950379973,0.4630261660978385
0.5453732677693339,0.4628224582701062
0.5453732677693339,0.4629981024667932
0.5453732677693339,0.4631738800303721
0.5449262405006705,0.46296999620205087
0.5444792132320071,0.4627659574468085
0.5444792132320071,0.4629418472063854
0.5440321859633438,0.46273764258555133
0.5435851586946804,0.46253328261696464
0.5435851586946804,0.4627092846270928
0.5435851586946804,0.4628854206318995
0.543138131426017,0.46268088347296266
0.543138131426017,0.46285714285714286
0.5426911041573536,0.46265243902439024
0.5426911041573536,0.46282882195958824
0.5426911041573536,0.4630053394355454
0.5426911041573536,0.46318199160625717
0.5426911041573536,0.4633587786259542
0.5426911041573536,0.4635357006491027
0.5426911041573536,0.4637127578304049
0.5422440768886903,0.4635078333970195
0.5422440768886903,0.46368501529051986
0.5422440768886903,0.4638623326959847
0.5422440768886903,0.4640397857689365
0.5417970496200268,0.46401225114854516
0.5417970496200268,0.4641899655304481
0.5413500223513634,0.4639846743295019
0.5409029950827,0.46377922575699504
0.5409029950827,0.4639570552147239
0.5404559678140367,0.46375143843498273
0.5404559678140367,0.4639293937068304
0.5400089405453733,0.46372360844529753
0.5400089405453733,0.46390168970814133
0.5400089405453733,0.4640799077986938
0.5395619132767099,0.4638739431206764
0.5395619132767099,0.46405228758169936
0.5395619132767099,0.4642307692307692
0.5395619132767099,0.46440938822624084
0.5395619132767099,0.46458814472671284
0.5395619132767099,0.4647670388910281
0.5391148860080465,0.4645608628659476
0.5391148860080465,0.4647398843930636
0.538667858739383,0.4645335389360062
0.5382208314707198,0.4643270343231778
0.5382208314707198,0.4645061728395062
0.5377738042020563,0.4642994982632188
0.5373267769333929,0.4640926640926641
0.5373267769333929,0.46427191966010045
0.5368797496647295,0.46406491499227204
0.5364327223960662,0.4638577502899111
0.5359856951274028,0.46365042536736273
0.5355386678587394,0.4634429400386847
0.5355386678587394,0.46362229102167185
0.535091640590076,0.4634146341463415
0.5346446133214126,0.4632068164213788
0.5346446133214126,0.46338628438589696
0.5346446133214126,0.4635658914728682
0.5341975860527493,0.46335789065529276
0.5341975860527493,0.4635376260667184
0.5337505587840858,0.46332945285215366
0.5337505587840858,0.4635093167701863
0.5337505587840858,0.46368932038834954
0.5337505587840858,0.46386946386946387
0.5333035315154224,0.4636610959968908
0.532856504246759,0.463452566096423
0.532856504246759,0.46363282769350445
0.532856504246759,0.46381322957198445
0.5324094769780957,0.4636045153756325
0.5324094769780957,0.463785046728972
0.5324094769780957,0.4641465315666407
0.5324094769780957,0.464327485380117
0.5324094769780957,0.46450858034321374
0.5319624497094323,0.4642996488490051
0.5315154224407689,0.4640905542544887
0.5310683951721055,0.46388129636860603
0.5310683951721055,0.4640625
0.5306213679034422,0.46385306760453304
0.5306213679034422,0.464034401876466
0.5306213679034422,0.4642158779820102
0.5301743406347788,0.46400625978090765
0.5297273133661153,0.4637964774951076
0.5297273133661153,0.46397807361002347
0.5292802860974519,0.463768115942029
0.5292802860974519,0.46394984326018807
0.5288332588287885,0.4637397099176793
0.5288332588287885,0.463921568627451
0.5288332588287885,0.4641035700274618
0.5283862315601252,0.4638932496075353
0.5279392042914618,0.4636827640361209
0.5274921770227984,0.4634721131186174
0.527045149754135,0.4632612966601179
0.5265981224854717,0.4630503144654088
0.5261510952168083,0.4628391663389697
0.5257040679481448,0.4626278520849725
0.5257040679481448,0.4628099173553719
0.5257040679481448,0.462992125984252
0.5252570406794814,0.46278062229224104
0.524810013410818,0.46256895193065406
0.524810013410818,0.46275128104059915
0.5243629861421547,0.46253943217665616
0.5239159588734913,0.46250986582478293
0.5239159588734913,0.4626924595341492
0.5239159588734913,0.4628751974723539
0.5234689316048279,0.4626629790596602
0.5234689316048279,0.46284584980237153
0.5230219043361645,0.4626334519572954
0.5225748770675012,0.4624208860759494
0.5225748770675012,0.4626038781163435
0.5225748770675012,0.46278701504354713
0.5225748770675012,0.462970297029703
0.5221278497988378,0.46275752773375595
0.5221278497988378,0.4629409433214427
0.5221278497988378,0.4631245043616178
0.5221278497988378,0.4633082110273701
0.5221278497988378,0.4634920634920635
0.5221278497988378,0.463676061929337
0.5221278497988378,0.46386020651310567
0.5221278497988378,0.4640444974175606
0.5216808225301743,0.4638314785373609
0.5212337952615109,0.4636182902584493
0.5212337952615109,0.4638027048528242
0.5212337952615109,0.4639872662156785
0.5212337952615109,0.464171974522293
0.5207867679928475,0.4639585822381521
0.5207867679928475,0.4641434262948207
0.5207867679928475,0.46432841769629335
0.5203397407241842,0.46411483253588515
0.5203397407241842,0.4642999601116873
0.5198927134555208,0.4640861931364725
0.5198927134555208,0.46427145708582834
0.5194456861868574,0.46405750798722045
0.518998658918194,0.4638433879344786
0.518998658918194,0.46402877697841727
0.518998658918194,0.4642143142742903
0.518998658918194,0.4644
0.518998658918194,0.4647718174539632
0.5185516316495307,0.4645574689627553
0.5185516316495307,0.46474358974358976
0.5185516316495307,0.4649298597194389
0.5181046043808673,0.46471531676022454
0.5181046043808673,0.4649017248295227
0.5181046043808673,0.46508828250401285
0.5181046043808673,0.46527498996386996
0.5181046043808673,0.46546184738955826
0.5181046043808673,0.46564885496183206
0.5181046043808673,0.4658360128617363
0.5176575771122038,0.46562123039806996
0.5176575771122038,0.4658085277554304
0.5176575771122038,0.4659959758551308
0.5176575771122038,0.46618357487922707
0.5176575771122038,0.46637132501006845
0.5172105498435404,0.4661563255439162
0.5167635225748771,0.46594115276098347
0.5167635225748771,0.4661290322580645
0.5167635225748771,0.4663170633319887
0.5163164953062137,0.4661016949152542
0.5163164953062137,0.46628986677432377
0.5163164953062137,0.4664781906300485
0.5163164953062137,0.4666666666666667
0.5163164953062137,0.46685529506871465
0.5163164953062137,0.4670440760210271
0.5158694680375503,0.46682847896440127
0.5154224407688869,0.46661270740590854
0.5149754135002235,0.46639676113360323
0.5149754135002235,0.4665856622114216
0.5149754135002235,0.46677471636953
0.5149754135002235,0.46696392379408186
0.5149754135002235,0.46715328467153283
0.5149754135002235,0.46734279918864097
0.5149754135002235,0.4675324675324675
0.5149754135002235,0.46772228989037756
0.5149754135002235,0.46791226645004064
0.5145283862315602,0.46769605851279966
0.5145283862315602,0.4678861788617886
0.5145283862315602,0.4680764538430256
0.5140813589628968,0.467860048820179
0.5140813589628968,0.46805046805046807
0.5140813589628968,0.46824104234527686
0.5136343316942333,0.4680244399185336
0.5136343316942333,0.4682151589242054
0.5136343316942333,0.46840603342845494
0.5136343316942333,0.4685970636215334
0.5136343316942333,0.46878824969400246
0.5136343316942333,0.4689795918367347
0.5131873044255699,0.46876276031033076
0.5131873044255699,0.46895424836601307
0.5131873044255699,0.4691458929301185
0.5131873044255699,0.4693376941946034
0.5131873044255699,0.4695296523517382
0.5127402771569066,0.4693126022913257
0.5122932498882432,0.4690953745395006
0.5122932498882432,0.4692874692874693
0.5122932498882432,0.4694797214256452
0.5122932498882432,0.46967213114754097
0.5122932498882432,0.4698646986469865
0.5118462226195798,0.4696472518457752
0.5118462226195798,0.4698399671727534
0.5118462226195798,0.4700328407224959
0.5113991953509164,0.4698151950718686
0.5113991953509164,0.47000821692686934
0.510952168082253,0.46979038224414305
0.510952168082253,0.4699835526315789
0.510952168082253,0.4701768819415878
0.5105051408135897,0.4699588477366255
0.5105051408135897,0.47015232606010704
0.5100581135449263,0.4699341021416804
0.5100581135449263,0.47012772970745775
0.5100581135449263,0.4703215169002473
0.5100581135449263,0.4705154639175258
0.5096110862762628,0.47029702970297027
0.5096110862762628,0.470491126702435
0.5096110862762628,0.47068538398018167
0.5096110862762628,0.4708798017348203
0.5091640590075994,0.4706611570247934
0.5087170317389361,0.47044233154195947
0.5082700044702727,0.47022332506203474
0.5082700044702727,0.4704178733967729
0.5082700044702727,0.47061258278145696
0.5078229772016093,0.47039337474120085
0.5073759499329459,0.47017398508699254
0.5069289226642825,0.4699544135930377
0.5060348681269558,0.46951472418083784
0.5060348681269558,0.4697095435684647
0.5060348681269558,0.46990452469904526
0.5060348681269558,0.4700996677740864
0.5055878408582923,0.46987951807228917
0.5055878408582923,0.470074812967581
0.5051408135896289,0.4698544698544699
0.5046937863209656,0.46963394342762066
0.5042467590523022,0.46941323345817726
0.5042467590523022,0.46960865945045793
0.5042467590523022,0.4698042482299042
0.5042467590523022,0.47
0.5042467590523022,0.4701959149645686
0.5042467590523022,0.47039199332777315
0.5037997317836388,0.47017104714226116
0.5037997317836388,0.47036727879799667
0.5033527045149754,0.4701461377870564
0.5033527045149754,0.4703425229741019
0.5029056772463121,0.47012118679481824
0.5029056772463121,0.47031772575250835
0.5024586499776487,0.47009619406106234
0.5024586499776487,0.4702928870292887
0.5020116227089853,0.47007115948095435
0.5020116227089853,0.4702680067001675
0.5020116227089853,0.4704650188521156
0.5015645954403218,0.4702430846605197
0.5015645954403218,0.47044025157232705
0.5015645954403218,0.47063758389261745
0.5015645954403218,0.4708350818296265
0.5011175681716584,0.4706129303106633
0.5006705409029951,0.47039059218815626
0.5006705409029951,0.47058823529411764
0.5002235136343317,0.4703656998738966
0.4997764863656683,0.4701429772918419
0.4997764863656683,0.4703407656710139
0.4997764863656683,0.47053872053872053
0.4997764863656683,0.4707368421052632
0.4997764863656683,0.4709351305812974
0.4997764863656683,0.47113358617783396
0.49932945909700494,0.4709106239460371
0.49932945909700494,0.4711092366090257
0.49932945909700494,0.4713080168776371
0.4988824318283415,0.4710848459265513
0.4988824318283415,0.47128378378378377
0.4988824318283415,0.4714828897338403
0.4988824318283415,0.4716821639898563
0.4988824318283415,0.4718816067653277
0.4988824318283415,0.4720812182741117
0.4988824318283415,0.47228099873042745
0.4988824318283415,0.4724809483488569
0.4988824318283415,0.4726810673443456
0.4988824318283415,0.4728813559322034
0.49843540455967816,0.47265790589232726
0.49843540455967816,0.47285835453774383
0.49798837729101475,0.4726347051336445
0.49754135002235134,0.4724108658743633
0.49754135002235134,0.4726114649681529
0.497094322753688,0.4723874256584537
0.49664729548502456,0.472163195920102
0.4962002682163612,0.4719387755102041
0.4962002682163612,0.47213951509995744
0.4962002682163612,0.4723404255319149
0.4962002682163612,0.4725415070242657
0.4957532409476978,0.4723168654173765
0.49530621367903443,0.47209203238176395
0.49530621367903443,0.4722932651321398
0.494859186410371,0.4720682302771855
0.494859186410371,0.47226962457337884
0.494859186410371,0.47247119078104993
0.494859186410371,0.4726729291204099
0.494859186410371,0.47287483981204614
0.494859186410371,0.47307692307692306
0.49441215914170766,0.4728516460025652
0.49441215914170766,0.47305389221556887
0.49396513187304425,0.47282841249465124
0.4935181046043809,0.4726027397260274
0.4935181046043809,0.4728051391862955
0.4935181046043809,0.4730077120822622
0.4930710773357175,0.4727818259751393
0.4930710773357175,0.4729845626072041
0.4930710773357175,0.4731874731874732
0.4930710773357175,0.47339055793991414
0.49262405006705406,0.47316444826105625
0.4921770227983907,0.4729381443298969
0.4921770227983907,0.4731413837559089
0.4921770227983907,0.47334479793637146
0.4917299955297273,0.4731182795698925
0.49128296826106393,0.47289156626506024
0.49128296826106393,0.4730951356005166
0.4908359409924005,0.4728682170542636
0.4908359409924005,0.47307195174493755
0.4908359409924005,0.4732758620689655
0.49038891372373716,0.4730487278999569
0.49038891372373716,0.4732528041415013
0.48994188645507375,0.47302546396201983
0.48994188645507375,0.47322970639032813
0.4894948591864104,0.47300215982721383
0.4894948591864104,0.4732065687121867
0.4894948591864104,0.47341115434500647
0.4894948591864104,0.4736159169550173
0.489047831917747,0.47338814366075294
0.4881537773804202,0.472932005197055
0.4877067501117568,0.4727036395147314
0.48725972284309343,0.47247507585609017
0.48725972284309343,0.47267996530789247
0.48725972284309343,0.47288503253796094
0.48725972284309343,0.4730902777777778
0.48725972284309343,0.4732957012592271
0.48725972284309343,0.473501303214596
0.48725972284309343,0.4737070838765754
0.48681269557443,0.47347826086956524
0.48681269557443,0.47368421052631576
0.48681269557443,0.47389033942558745
0.48681269557443,0.4740966478014802
0.48681269557443,0.47430313588850176
0.48681269557443,0.4745098039215686
0.48681269557443,0.474716652136007
0.48636566830576666,0.4744875708678587
0.48636566830576666,0.47469458987783597
0.48636566830576666,0.47510917030567684
0.48636566830576666,0.4753167321974661
0.48636566830576666,0.4755244755244755
0.48636566830576666,0.47573240052470483
0.48591864103710325,0.47550306211723536
0.4854716137684399,0.47527352297592995
0.4850245864997765,0.47504378283712784
0.4845775592311131,0.4748138414367061
0.4841305319624497,0.47458369851007887
0.4841305319624497,0.4747917580008768
0.4841305319624497,0.475
0.4841305319624497,0.47520842474769637
0.48368350469378635,0.4749780509218613
0.48368350469378635,0.4751866490996926
0.48368350469378635,0.47539543057996486
0.48368350469378635,0.4756043956043956
0.48368350469378635,0.4758135444151275
0.48368350469378635,0.4760228772547294
0.48368350469378635,0.4762323943661972
0.48368350469378635,0.4764420959929547
0.48368350469378635,0.47665198237885464
0.48368350469378635,0.4768620537681798
0.48323647742512293,0.47663139329806
0.4827894501564595,0.47640052933392146
0.4827894501564595,0.4766107678729038
0.4827894501564595,0.4768211920529801
0.48234242288779616,0.47659010600706714
0.48189539561913275,0.4763588157313301
0.4814483683504694,0.4761273209549072
0.481001341081806,0.4758956214064573
0.4805543138131426,0.4756637168141593
0.4801072865444792,0.4754316069057105
0.47966025927581585,0.47519929140832595
0.47966025927581585,0.47540983606557374
0.47921323200715243,0.475177304964539
0.47921323200715243,0.4753880266075388
0.478766204738489,0.4751552795031056
0.47831917746982566,0.47492232578783844
0.47787215020116225,0.4746891651865009
0.47787215020116225,0.47490004442470013
0.4774251229324989,0.4746666666666667
0.4765310683951721,0.47419928825622776
0.4760840411265087,0.4739652870493992
0.4760840411265087,0.47417631344612643
0.47563701385784535,0.47394209354120265
0.47563701385784535,0.4741532976827095
0.47563701385784535,0.4743646901471244
0.47563701385784535,0.4745762711864407
0.47518998658918193,0.47434181169120926
0.47518998658918193,0.4745535714285714
0.4747429593205186,0.4743188923626619
0.47429593205185516,0.4740840035746202
0.47429593205185516,0.47429593205185516
0.47384890478319175,0.4740608228980322
0.4734018775145284,0.4738255033557047
0.472954850245865,0.4735899731423456
0.472954850245865,0.4738020600089566
0.472954850245865,0.47401433691756273
0.4725078229772016,0.47377857463021067
0.4720607957085382,0.473542600896861
0.47161376843987485,0.47330641543292956
0.47161376843987485,0.4735188509874327
0.47161376843987485,0.4737314773237539
0.47116674117121143,0.47349505840071876
0.47116674117121143,0.4737078651685393
0.4707197139025481,0.47347122302158273
0.4707197139025481,0.47368421052631576
0.4707197139025481,0.4738973897389739
0.47027268663388466,0.4736605132823053
0.47027268663388466,0.47387387387387386
0.47027268663388466,0.47408742676881477
0.47027268663388466,0.4745151105096978
0.4698256593652213,0.4742779783393502
0.4698256593652213,0.4744920993227991
0.4693786320965579,0.4742547425474255
0.4689316048278945,0.47401717126073206
0.4684845775592311,0.47377938517179025
0.4684845775592311,0.4739936680235188
0.4684845775592311,0.47420814479638007
0.4684845775592311,0.47442281575373474
0.4684845775592311,0.4746376811594203
0.4684845775592311,0.4748527412777526
0.4684845775592311,0.47506799637352676
0.4684845775592311,0.47528344671201816
0.4684845775592311,0.47549909255898365
0.4680375502905677,0.4752610077167499
0.46759052302190435,0.4750227066303361
0.46714349575324093,0.47478418900499775
0.4666964684845776,0.47454545454545455
0.46624944121591416,0.47430650295588905
0.46624944121591416,0.4745222929936306
0.46624944121591416,0.4747382794720073
0.4658024139472508,0.4744990892531876
0.4658024139472508,0.4747152619589977
0.4653553866785874,0.47447584320875114
0.4644613321412606,0.4739963503649635
0.4640143048725972,0.4737562756732086
0.46356727760393385,0.4735159817351598
0.46312025033527043,0.4732754682503426
0.4626732230666071,0.47303473491773307
0.46222619579794366,0.47279378143575673
0.46222619579794366,0.4730100640439158
0.46222619579794366,0.47322654462242564
0.4617791685292803,0.47298534798534797
0.4613321412606169,0.472743930371049
0.4613321412606169,0.47296058661778184
0.4613321412606169,0.4731774415405777
0.4613321412606169,0.47339449541284406
0.46088511399195353,0.4731528223955943
0.4604380867232901,0.472910927456382
0.4604380867232901,0.4731281580156178
0.4604380867232901,0.4733455882352941
0.4604380867232901,0.4735632183908046
0.4599910594546267,0.4733210671573137
0.4599910594546267,0.47353888633225955
0.45954403218596335,0.4732965009208103
0.45954403218596335,0.47351450944265316
0.45954403218596335,0.4737327188940092
0.45954403218596335,0.4739511295527893
0.45909700491729993,0.47370848708487084
0.45909700491729993,0.4739270881402861
0.45909700491729993,0.474145891043398
0.4586499776486366,0.4739030023094688
0.45820295037997316,0.47365988909426987
0.45820295037997316,0.47387887193712436
0.45820295037997316,0.47409805735430155
0.45820295037997316,0.47431744562702455
0.45820295037997316,0.47453703703703703
0.4577559231113098,0.4742936544696619
0.4573088958426464,0.47405004633920295
0.45686186857398303,0.47380621233194253
0.4564148413053196,0.4735621521335807
0.45596781403665626,0.4733178654292343
0.45596781403665626,0.4735376044568245
0.45596781403665626,0.4737575476079888
0.45552078676799285,0.47351301115241634
0.45507375949932943,0.4732682473268247
0.45507375949932943,0.47348837209302325
0.45507375949932943,0.473708701721731
0.45507375949932943,0.47392923649906893
0.45507375949932943,0.47414997671169073
0.45507375949932943,0.4743709226467847
0.45507375949932943,0.4745920745920746
0.4546267322306661,0.4743470149253731
0.4546267322306661,0.47456836210919273
0.45417970496200266,0.47432306255835666
0.4537326776933393,0.474077533862681
0.4537326776933393,0.4742990654205608
0.4532856504246759,0.4740532959326788
0.4532856504246759,0.47449695835283107
0.4532856504246759,0.4747191011235955
0.45283862315601253,0.4744730679156909
0.45283862315601253,0.4746954076850984
0.45283862315601253,0.47491795593061414
0.45283862315601253,0.475140712945591
0.45283862315601253,0.47536367902393245
0.45283862315601253,0.4755868544600939
0.4523915958873491,0.47534053546265853
0.45194456861868576,0.475093984962406
0.45194456861868576,0.47531734837799716
0.45194456861868576,0.4755409219190969
0.45194456861868576,0.4757647058823529
0.45149754135002235,0.4755178907721281
0.45149754135002235,0.47574187470560525
0.451050514081359,0.4754948162111216
0.451050514081359,0.4757190004714757
0.4506034868126956,0.47547169811320755
0.45015645954403216,0.4752241623407268
0.45015645954403216,0.4754485363550519
0.45015645954403216,0.4756731223429381
0.4497094322753688,0.47542533081285443
0.4492624050067054,0.47540208136234624
0.4492624050067054,0.4758522727272727
0.44881537773804203,0.47560397915679775
0.44881537773804203,0.4758293838862559
0.44881537773804203,0.47605500237079185
0.44881537773804203,0.476280834914611
0.4483683504693786,0.4760322733744661
0.4483683504693786,0.47625830959164295
0.4483683504693786,0.47648456057007127
0.4483683504693786,0.4767110266159696
0.4483683504693786,0.47693770803613883
0.44792132320071526,0.47668886774500474
0.44747429593205185,0.47643979057591623
0.44747429593205185,0.4766666666666667
0.44747429593205185,0.47689375893282515
0.44747429593205185,0.4771210676835081
0.44747429593205185,0.47734859322842155
0.44747429593205185,0.4778042959427208
0.44747429593205185,0.4780324737344795
0.44747429593205185,0.4782608695652174
0.4470272686633885,0.4780114722753346
0.4465802413947251,0.47776183644189385
0.4461332141260617,0.47751196172248805
0.4456861868573983,0.47726184777405456
0.4456861868573983,0.4774904214559387
0.4456861868573983,0.47771921418303787
0.4452391595887349,0.47746883988494726
0.44479213232007153,0.47721822541966424
0.4443451050514081,0.47696737044145876
0.4443451050514081,0.47719635141622657
0.4443451050514081,0.47742555235350626
0.4443451050514081,0.4776549735703988
0.4443451050514081,0.4778846153846154
0.44389807778274476,0.47763347763347763
0.44389807778274476,0.47786333012512033
0.44345105051408135,0.47761194029850745
0.443004023245418,0.4773603082851638
0.4425569959767546,0.4771084337349398
0.4421099687080912,0.4768563162970106
0.4421099687080912,0.477086348287506
0.4421099687080912,0.47731660231660233
0.4421099687080912,0.47754707870593915
0.4421099687080912,0.4777777777777778
0.4421099687080912,0.47800869985500244
0.4421099687080912,0.47823984526112184
0.4416629414394278,0.4779874213836478
0.4416629414394278,0.4782187802516941
0.4416629414394278,0.4784503631961259
0.4416629414394278,0.4786821705426357
0.4416629414394278,0.47891420261754725
0.4412159141707644,0.4786614936954413
0.44076888690210103,0.4784085395439107
0.44076888690210103,0.4788732394366197
0.44076888690210103,0.47910592808551994
0.44076888690210103,0.4793388429752066
0.4403218596334376,0.4790856031128405
0.4403218596334376,0.4793187347931874
0.43987483236477426,0.4790652385589094
0.43942780509611085,0.4788114953726254
0.43942780509611085,0.4790448343079922
0.43942780509611085,0.47927840078010725
0.43942780509611085,0.4795121951219512
0.4389807778274475,0.4792581747193753
0.4389807778274475,0.4794921875
0.4385337505587841,0.4797066014669927
0.4380867232901207,0.4794520547945205
0.4380867232901207,0.47968673519334315
0.4380867232901207,0.47992164544564153
0.4380867232901207,0.48015678588926997
0.4376396960214573,0.47990196078431374
0.43719266875279394,0.47964688572829817
0.43674564148413053,0.47939156035328756
0.4362986142154671,0.4791359842906235
0.4362986142154671,0.4793713163064833
0.4362986142154671,0.4796068796068796
0.4362986142154671,0.47984267453294
0.4362986142154671,0.48007870142646336
0.4362986142154671,0.48031496062992124
0.43585158694680376,0.48005908419497784
0.43585158694680376,0.4802955665024631
0.43585158694680376,0.48053228191227204
0.43585158694680376,0.4807692307692308
0.43585158694680376,0.4810064134188456
0.43585158694680376,0.48124383020730505
0.43585158694680376,0.48148148148148145
0.43585158694680376,0.4817193675889328
0.43585158694680376,0.4819574888779041
0.43585158694680376,0.4821958456973294
0.43585158694680376,0.48243443839683325
0.43585158694680376,0.48267326732673266
0.43540455967814035,0.48241703813769193
0.434957532409477,0.4821605550049554
0.4345105051408136,0.48190381755081807
0.4340634778721502,0.4816468253968254
0.4336164506034868,0.4813895781637717
0.4336164506034868,0.4816285998013903
0.43316942333482344,0.481371087928465
0.43316942333482344,0.481610337972167
0.43272239606616003,0.4813525609149677
0.43272239606616003,0.481592039800995
0.43272239606616003,0.4818317570930811
0.43272239606616003,0.4820717131474104
0.43138131426016985,0.4817773339990015
0.4309342869915065,0.48151848151848153
0.4304872597228431,0.48125937031484256
0.4300402324541797,0.481
0.4300402324541797,0.4812406203101551
0.4300402324541797,0.48148148148148145
0.4295932051855163,0.48122183274912367
0.42914617791685294,0.48096192384769537
0.42869915064818953,0.4807017543859649
0.4282521233795262,0.48044132397191575
0.4282521233795262,0.4806823883592574
0.42780509611086276,0.48042168674698793
0.42780509611086276,0.48066298342541436
0.42780509611086276,0.4809045226130653
0.42780509611086276,0.48114630467571645
0.4273580688421994,0.48088531187122735
0.4273580688421994,0.48112732762959237
0.426911041573536,0.4808660624370594
0.4264640143048726,0.4806045340050378
0.4260169870362092,0.4803427419354839
0.4255699597675458,0.4800806858295512
0.4255699597675458,0.4803229061553986
0.4255699597675458,0.48056537102473496
0.42512293249888244,0.4803030303030303
0.42467590523021903,0.48004042445679634
0.42467590523021903,0.48028311425682507
0.42467590523021903,0.4805260495700556
0.42467590523021903,0.4807692307692308
0.42467590523021903,0.4810126582278481
0.4242288779615557,0.4807497467071935
0.4242288779615557,0.4809934110491637
0.4242288779615557,0.481237322515213
0.4242288779615557,0.48148148148148145
0.4242288779615557,0.4817258883248731
0.42378185069289226,0.4814626714068055
0.4233348234242289,0.4811991869918699
0.4233348234242289,0.4814438230808338
0.4228877961555655,0.4811800610376399
0.4228877961555655,0.4814249363867684
0.4224407688869021,0.48116089613034624
0.4219937416182387,0.48089658685685177
0.4219937416182387,0.48114169215086644
0.4215467143495753,0.48087710351861296
0.42109968708091194,0.4806122448979592
0.42109968708091194,0.48085758039816234
0.42109968708091194,0.4811031664964249
0.42065265981224853,0.48083801737353093
0.4202056325435852,0.48057259713701433
0.41975860527492176,0.480306905370844
0.41975860527492176,0.4805527123848516
0.4193115780062584,0.48028673835125446
0.4193115780062584,0.4805327868852459
0.418864550737595,0.48026652998462327
0.41841752346893163,0.48
0.4179704962002682,0.4797331965110313
0.4179704962002682,0.47997946611909653
0.4179704962002682,0.480225988700565
0.4179704962002682,0.48047276464542654
0.4179704962002682,0.480719794344473
0.4179704962002682,0.4809670781893004
0.4179704962002682,0.48121461657231085
0.4179704962002682,0.48146240988671474
0.4175234689316048,0.48119526017516745
0.41707644166294144,0.4809278350515464
0.41662941439427803,0.48066013408973696
0.41662941439427803,0.4809081527347781
0.41662941439427803,0.4811564274651523
0.4161823871256147,0.48088842975206614
0.4161823871256147,0.4811369509043928
0.4161823871256147,0.48138572905894517
0.4161823871256147,0.4816347646145887
0.4161823871256147,0.48188405797101447
0.4161823871256147,0.48213360952874157
0.41573535985695126,0.48186528497409326
0.4152883325882879,0.4815966822187662
0.4152883325882879,0.48184647302904565
0.4148413053196245,0.48157758173326415
0.41439427805096113,0.48130841121495327
0.41439427805096113,0.4815584415584416
0.41439427805096113,0.4818087318087318
0.4139472507822977,0.48153926157046284
0.41350022351363436,0.48126951092611864
0.41305319624497094,0.4809994794377928
0.41305319624497094,0.48125
0.41305319624497094,0.4815007816571131
0.41305319624497094,0.48175182481751827
0.41305319624497094,0.48200312989045385
0.41260616897630753,0.48173277661795405
0.41260616897630753,0.48198433420365533
0.41260616897630753,0.48223615464994773
0.41260616897630753,0.48248823836905386
0.41215914170764417,0.48221757322175735
0.41171211443898076,0.48194662480376765
0.4112650871703174,0.4816753926701571
0.410818059901654,0.4814038763750655
0.410818059901654,0.48165618448637315
0.410818059901654,0.4819087572102779
0.410818059901654,0.4821615949632739
0.410818059901654,0.48241469816272964
0.410818059901654,0.48266806722689076
0.410818059901654,0.48292170257488176
0.410818059901654,0.4831756046267087
0.41037103263299063,0.48290373487638083
0.4099240053643272,0.4826315789473684
0.40947697809566386,0.4823591363875724
0.40947697809566386,0.48261327713382507
0.40902995082700044,0.4823405376910912
0.4085829235583371,0.4820675105485232
0.4085829235583371,0.48232189973614775
0.4085829235583371,0.4825765575501584
0.40813589628967367,0.4823032223983096
0.40813589628967367,0.48255813953488375
0.40768886902101026,0.48228450555261765
0.4072418417523469,0.482010582010582
0.4072418417523469,0.4822657490735839
0.4067948144836835,0.4819915254237288
0.40634778721502013,0.48171701112877585
0.40634778721502013,0.48197242841993637
0.40634778721502013,0.48222811671087534
0.40634778721502013,0.482484076433121
0.4059007599463567,0.48220924057355286
0.4059007599463567,0.4824654622741764
0.4059007599463567,0.48272195640616694
0.4059007599463567,0.4829787234042553
0.40545373267769336,0.48270356572645023
0.40545373267769336,0.48296059637912675
0.40500670540902994,0.48268513585508793
0.40500670540902994,0.48294243070362475
0.40500670540902994,0.4832
0.4045596781403666,0.4829242262540021
0.4045596781403666,0.4831820608649226
0.4045596781403666,0.48344017094017094
0.4045596781403666,0.4836985569214324
0.4045596781403666,0.4839572192513369
0.40411265087170317,0.48368111289459603
0.4032185963343764,0.48312801285484736
0.402771569065713,0.4828510182207931
0.40232454179704963,0.48257372654155495
0.40232454179704963,0.48283261802575106
0.40232454179704963,0.4830917874396135
0.4018775145283862,0.48281417830290013
0.4018775145283862,0.4830736163353036
0.40143048725972286,0.4827956989247312
0.40143048725972286,0.4830554061323292
0.40098345999105944,0.48277717976318624
0.40098345999105944,0.48303715670436187
0.40098345999105944,0.4832974137931034
0.40098345999105944,0.48355795148247976
0.4005364327223961,0.48327939590075514
0.4005364327223961,0.48354020507285483
0.40008940545373267,0.48326133909287255
0.3996423781850693,0.4829821717990275
0.3991953509164059,0.4827027027027027
0.3991953509164059,0.48296376419686315
0.3991953509164059,0.4832251082251082
0.3991953509164059,0.48348673524634544
0.3991953509164059,0.4837486457204767
0.3987483236477425,0.4834688346883469
0.3987483236477425,0.4837310195227766
0.39830129637907913,0.4834508952794357
0.39830129637907913,0.4837133550488599
0.39830129637907913,0.4839760999456817
0.39830129637907913,0.4842391304347826
0.39830129637907913,0.48450244698205547
0.39830129637907913,0.484766050054407
0.39830129637907913,0.48502994011976047
0.39830129637907913,0.4852941176470588
0.39830129637907913,0.48555858310626704
0.3978542691104157,0.48527808069792805
0.3978542691104157,0.4855428259683579
0.3978542691104157,0.48580786026200873
0.39696021457308894,0.4852459016393443
0.3965131873044256,0.48496446145434663
0.3965131873044256,0.4852297592997812
0.3965131873044256,0.48549534756431306
0.39606616003576217,0.48521358159912376
0.39606616003576217,0.48547945205479454
0.39606616003576217,0.4857456140350877
0.39606616003576217,0.48601206801974767
0.3956191327670988,0.4857299670691548
0.3956191327670988,0.48599670510708404
0.3951721054984354,0.4857142857142857
0.39472507822977204,0.48543155579989006
0.39472507822977204,0.4856985698569857
0.39472507822977204,0.48596587782058337
0.39472507822977204,0.48623348017621143
0.39472507822977204,0.48650137741046834
0.39427805096110863,0.4862183020948181
0.3938310236924452,0.4859349145063431
0.39338399642378186,0.4856512141280353
0.39338399642378186,0.48591938155715075
0.39338399642378186,0.4861878453038674
0.39338399642378186,0.48645660585959094
0.39338399642378186,0.48672566371681414
0.39293696915511844,0.4864416159380188
0.39293696915511844,0.4867109634551495
0.3924899418864551,0.48642659279778394
0.3924899418864551,0.4866962305986696
0.3924899418864551,0.48696616749861343
0.3924899418864551,0.4872364039955605
0.3924899418864551,0.4875069405885619
0.39204291461779167,0.4872222222222222
0.3915958873491283,0.4869371873262924
0.3915958873491283,0.4872080088987764
0.3915958873491283,0.48747913188647746
0.3915958873491283,0.48775055679287305
0.3915958873491283,0.48802228412256266
0.3911488600804649,0.48773690078037907
0.39070183281180154,0.48745119910764084
0.39070183281180154,0.4877232142857143
0.39070183281180154,0.4879955332216639
0.39025480554313813,0.4877094972067039
0.39025480554313813,0.4879821129122415
0.39025480554313813,0.48825503355704697
0.38980777827447477,0.4879686625629547
0.38936075100581136,0.4879551820728291
0.38891372373714794,0.4876681614349776
0.3884666964684846,0.48738081884464385
0.3884666964684846,0.4876543209876543
0.38801966919982117,0.48736664795058954
0.3875726419311578,0.48707865168539327
0.3875726419311578,0.4873524451939292
0.3875726419311578,0.4876265466816648
0.3875726419311578,0.4879009566685425
0.3875726419311578,0.48817567567567566
0.3875726419311578,0.48845070422535214
0.3875726419311578,0.4887260428410372
0.3875726419311578,0.4890016920473773
0.3875726419311578,0.48927765237020315
0.3871256146624944,0.48898927159796723
0.38667858739383104,0.4887005649717514
0.38623156012516763,0.48841153193894854
0.38623156012516763,0.48868778280542985
0.38623156012516763,0.48896434634974534
0.38623156012516763,0.48924122310305773
0.38578453285650427,0.4889518413597734
0.38578453285650427,0.48922902494331066
0.38578453285650427,0.4895065229722065
0.38578453285650427,0.4897843359818388
0.38578453285650427,0.4900624645088018
0.38533750558784086,0.48977272727272725
0.38533750558784086,0.4900511654349062
0.38533750558784086,0.49032992036405004
0.38489047831917744,0.4900398406374502
0.38489047831917744,0.49031890660592253
0.38489047831917744,0.4905982905982906
0.38489047831917744,0.4908779931584949
0.38489047831917744,0.49115801483171706
0.3844434510505141,0.4908675799086758
0.38399642378185067,0.4905768132495717
0.38399642378185067,0.4908571428571429
0.38399642378185067,0.4911377930245855
0.3835493965131873,0.49084668192219677
0.3835493965131873,0.4911276473955352
0.3831023692445239,0.490836197021764
0.3831023692445239,0.4911174785100286
0.3831023692445239,0.4913990825688073
0.38265534197586054,0.4911072862880092
0.38265534197586054,0.49138920780711826
0.38265534197586054,0.49167145318782307
0.38265534197586054,0.49195402298850577
0.38265534197586054,0.49223691776883266
0.38265534197586054,0.49252013808975836
0.38265534197586054,0.49280368451352907
0.38265534197586054,0.4930875576036866
0.3822083147071971,0.49279538904899134
0.38176128743853377,0.4925028835063437
0.38176128743853377,0.4927870744373918
0.38176128743853377,0.4930715935334873
0.38131426016987036,0.4927787406123628
0.38131426016987036,0.4930635838150289
0.38131426016987036,0.4933487565066512
0.380867232901207,0.4930555555555556
0.380867232901207,0.493341053850608
0.3804202056325436,0.49304750869061414
0.3804202056325436,0.49333333333333335
0.3804202056325436,0.49361948955916474
0.37997317836388017,0.4933255948926291
0.3795261510952168,0.4930313588850174
0.3790791238265534,0.4927367809413132
0.3790791238265534,0.4930232558139535
0.37863209655789004,0.4927283304246655
0.3781850692892266,0.49243306169965073
0.3781850692892266,0.49271986022131625
0.37773804202056327,0.49242424242424243
0.37773804202056327,0.49271137026239065
0.37729101475189986,0.49241540256709454
0.3768439874832365,0.4921190893169877
0.3768439874832365,0.49240654205607476
0.3768439874832365,0.49269433080070135
0.3768439874832365,0.49298245614035086
0.3763969602145731,0.49268578115857226
0.3763969602145731,0.4929742388758782
0.3759499329459097,0.4926772114821324
0.3759499329459097,0.49296600234466587
0.3759499329459097,0.49325513196480936
0.3759499329459097,0.4935446009389671
0.3755029056772463,0.4932472108044627
0.3755029056772463,0.4935370152761457
0.3755029056772463,0.49382716049382713
0.3755029056772463,0.49411764705882355
0.3755029056772463,0.49440847557386697
0.3750558784085829,0.49411071849234395
0.3750558784085829,0.4946933962264151
0.37460885113991954,0.4943952802359882
0.37460885113991954,0.4946871310507674
0.37460885113991954,0.4949793266391022
0.3741618238712561,0.4946808510638298
0.3741618238712561,0.4949733885274985
0.3741618238712561,0.4952662721893491
0.37371479660259277,0.49496743635287155
0.37326776933392936,0.4946682464454976
0.372820742065266,0.4943687018375815
0.372820742065266,0.49466192170818507
0.372820742065266,0.49495548961424335
0.3723737147966026,0.49465558194774345
0.3723737147966026,0.494949494949495
0.3719266875279392,0.4946492271105826
0.3714796602592758,0.4943486020226056
0.37103263299061245,0.49404761904761907
0.37103263299061245,0.49434187016081
0.37058560572194904,0.4940405244338498
0.37058560572194904,0.49433512224209897
0.37058560572194904,0.4946300715990454
0.37058560572194904,0.4949253731343284
0.3701385784532856,0.4946236559139785
0.36969155118462227,0.4943215780035864
0.36969155118462227,0.4946172248803828
0.36969155118462227,0.49491322561340517
0.36969155118462227,0.49520958083832334
0.36969155118462227,0.49550629119233075
0.36924452391595886,0.4952038369304556
0.36924452391595886,0.495500899820036
0.36924452391595886,0.4957983193277311
0.3687974966472955,0.4954954954954955
0.3687974966472955,0.4957932692307692
0.3683504693786321,0.4954900781719784
0.3683504693786321,0.49578820697954273
0.3683504693786321,0.49608669476219147
0.3683504693786321,0.4963855421686747
0.3683504693786321,0.49668474984930683
0.3679034421099687,0.49638118214716526
0.3679034421099687,0.4966807483403742
0.3679034421099687,0.4969806763285024
0.3679034421099687,0.4972809667673716
0.3679034421099687,0.49758162031438935
0.3674564148413053,0.49727767695099817
0.36700938757264195,0.49697336561743344
0.36700938757264195,0.49727437916414297
0.36700938757264195,0.49757575757575756
0.36700938757264195,0.49787750151607035
0.36700938757264195,0.4981796116504854
0.36700938757264195,0.49848208864602306
0.36700938757264195,0.49878493317132444
0.36700938757264195,0.4990881458966565
0.36700938757264195,0.49939172749391725
0.36656236030397854,0.4990870359099209
0.36656236030397854,0.4993909866017052
0.36656236030397854,0.4996953077391834
0.36656236030397854,0.5
0.36656236030397854,0.5003050640634533
0.36656236030397854,0.5006105006105006
0.36656236030397854,0.5009163103237629
0.36656236030397854,0.5012224938875306
0.36656236030397854,0.5015290519877675
0.36656236030397854,0.5018359853121175
0.36656236030397854,0.5021432945499081
0.36656236030397854,0.5024509803921569
0.36656236030397854,0.5027590435315757
0.36656236030397854,0.5030674846625767
0.3661153330353151,0.5027624309392266
0.36566830576665177,0.5024570024570024
0.36566830576665177,0.5027658266748617
0.36566830576665177,0.5030750307503075
0.36566830576665177,0.5033846153846154
0.36566830576665177,0.5036945812807881
0.36566830576665177,0.5040049291435613
0.36566830576665177,0.5043156596794082
0.36566830576665177,0.5046267735965454
0.36566830576665177,0.5049382716049383
0.36522127849798836,0.5046324891908586
0.364774251229325,0.5043263288009888
0.364774251229325,0.5046382189239332
0.364774251229325,0.504950495049505
0.3643272239606616,0.5046439628482973
0.3643272239606616,0.5049566294919455
0.3643272239606616,0.5052696838189709
0.3643272239606616,0.5055831265508685
0.3643272239606616,0.5058969584109249
0.3638801966919982,0.5055900621118012
0.3634331694233348,0.5052827843380981
0.36298614215467145,0.5049751243781094
0.36298614215467145,0.5052893590541382
0.36298614215467145,0.5056039850560399
0.36298614215467145,0.5059190031152648
0.36298614215467145,0.5062344139650873
0.36253911488600804,0.5059263880224579
0.36253911488600804,0.5062421972534332
0.36253911488600804,0.5065584009993754
0.36253911488600804,0.506875
0.3620920876173447,0.5065666041275797
0.36164506034868127,0.5062578222778473
0.36164506034868127,0.506574827802129
0.36164506034868127,0.5068922305764411
0.36164506034868127,0.5072100313479624
0.36119803308001786,0.506900878293601
0.36119803308001786,0.5072190834902699
0.3607510058113545,0.5069095477386935
0.3603039785426911,0.5065996228786926
0.3603039785426911,0.5069182389937107
0.3598569512740277,0.5066079295154186
0.3598569512740277,0.506926952141058
0.3598569512740277,0.5072463768115942
0.3598569512740277,0.5075662042875158
0.3594099240053643,0.5072555205047319
0.35896289673670095,0.5069444444444444
0.35896289673670095,0.50726468730259
0.35851586946803754,0.506953223767383
0.35851586946803754,0.5072738772928527
0.35851586946803754,0.5075949367088608
0.35851586946803754,0.5079164027865738
0.3580688421993742,0.5076045627376425
0.3580688421993742,0.5079264426125555
0.3580688421993742,0.508248730964467
0.35762181493071077,0.5082592121982211
0.3571747876620474,0.5079465988556897
0.3571747876620474,0.5082697201017812
0.356727760393384,0.5079567154678549
0.3562807331247206,0.5076433121019108
0.3562807331247206,0.5079668578712556
0.3558337058560572,0.5076530612244898
0.3558337058560572,0.5079770261646458
0.3558337058560572,0.508301404853129
0.3558337058560572,0.5086261980830671
0.3558337058560572,0.5089514066496164
0.3553866785873938,0.508637236084453
0.3553866785873938,0.5089628681177977
0.35493965131873045,0.5086483023702755
0.35493965131873045,0.5089743589743589
0.35493965131873045,0.5093008338678641
0.35449262405006704,0.5089858793324775
0.3540455967814037,0.5086705202312138
0.3540455967814037,0.5089974293059126
0.35359856951274027,0.5086816720257235
0.35359856951274027,0.509009009009009
0.3531515422440769,0.5086928525434643
0.3527045149754135,0.5083762886597938
0.3527045149754135,0.5087040618955513
0.3527045149754135,0.5090322580645161
0.35225748770675014,0.5087153001936734
0.35225748770675014,0.5090439276485789
0.35225748770675014,0.5093729799612152
0.3518104604380867,0.5090556274256145
0.3518104604380867,0.5093851132686085
0.3518104604380867,0.5097150259067358
0.3513634331694233,0.509397278029812
0.35091640590075995,0.5090791180285343
0.35046937863209654,0.508760545100584
0.35046937863209654,0.509090909090909
0.35046937863209654,0.5094217024041585
0.3500223513634332,0.5091027308192457
0.3500223513634332,0.5094339622641509
0.3500223513634332,0.509765625
0.3500223513634332,0.5100977198697069
0.34957532409476977,0.5097783572359843
0.34957532409476977,0.5101108936725375
0.3491282968261064,0.5097911227154047
0.3491282968261064,0.5101241018941868
0.348681269557443,0.5098039215686274
0.348681269557443,0.5101373446697187
0.34823424228877964,0.5098167539267016
0.3473401877514528,0.5091743119266054
0.34689316048278945,0.5088524590163934
0.34689316048278945,0.5091863517060368
0.34689316048278945,0.5095206828627709
0.34644613321412604,0.5091984231274639
0.34644613321412604,0.5095332018408941
0.34555207867679927,0.5088874259381172
0.34555207867679927,0.5092226613965745
0.34555207867679927,0.5095583388266315
0.34555207867679927,0.5098944591029023
0.34555207867679927,0.5102310231023103
0.34555207867679927,0.5105680317040951
0.34555207867679927,0.5109054857898215
0.34555207867679927,0.5112433862433863
0.34555207867679927,0.5115817339510258
0.34555207867679927,0.5119205298013245
0.3451050514081359,0.5115970841616965
0.3451050514081359,0.5119363395225465
0.3451050514081359,0.5122760451227605
0.3451050514081359,0.5126162018592297
0.3451050514081359,0.5129568106312292
0.3446580241394725,0.5126329787234043
0.3446580241394725,0.5129740518962076
0.3446580241394725,0.5133155792276964
0.3446580241394725,0.513657561625583
0.3446580241394725,0.514
0.34421099687080914,0.513675783855904
0.34421099687080914,0.514018691588785
0.34421099687080914,0.5143620574482298
0.34421099687080914,0.5147058823529411
0.34421099687080914,0.5150501672240803
0.3437639696021457,0.5147255689424364
0.3437639696021457,0.5150703281982585
0.3437639696021457,0.5154155495978552
0.34331694233348237,0.5150905432595574
0.34286991506481895,0.5147651006711409
0.34242288779615554,0.5144392209536601
0.34242288779615554,0.5147849462365591
0.34242288779615554,0.5151311365164761
0.34242288779615554,0.5154777927321669
0.34242288779615554,0.5158249158249159
0.34242288779615554,0.5161725067385444
0.34242288779615554,0.5165205664194201
0.34242288779615554,0.5168690958164642
0.34242288779615554,0.5172180958811614
0.3419758605274922,0.5168918918918919
0.3419758605274922,0.5172413793103449
0.34152883325882877,0.516914749661705
0.34152883325882877,0.5172647257955315
0.34152883325882877,0.5176151761517616
0.34152883325882877,0.5179661016949153
0.34152883325882877,0.5183175033921302
0.34152883325882877,0.5186693822131704
0.3410818059901654,0.5183423913043478
0.340634778721502,0.5180149558123726
0.340634778721502,0.5183673469387755
0.340634778721502,0.5187202178352621
0.340634778721502,0.5190735694822888
0.340634778721502,0.5194274028629857
0.34018775145283864,0.5190995907230559
0.3397407241841752,0.5187713310580204
0.33929369691551187,0.5184426229508197
0.33884666964684845,0.5181134654818865
0.33884666964684845,0.518467852257182
0.33884666964684845,0.5188227241615332
0.3383996423781851,0.5184931506849315
0.3383996423781851,0.518848526387937
0.3383996423781851,0.5192043895747599
0.3383996423781851,0.5195607412491421
0.3383996423781851,0.5199175824175825
0.3383996423781851,0.5202749140893471
0.3383996423781851,0.5206327372764786
0.3383996423781851,0.5209910529938059
0.3379526151095217,0.5206611570247934
0.3379526151095217,0.5210199862164024
0.3379526151095217,0.5213793103448275
0.33750558784085827,0.5210489993098689
0.3370585605721949,0.5207182320441989
0.3366115333035315,0.520387007601935
0.3366115333035315,0.520746887966805
0.33616450603486814,0.5204152249134948
0.3357174787662047,0.5200831024930748
0.3357174787662047,0.5204435204435205
0.33527045149754137,0.5201109570041609
0.33527045149754137,0.520471894517696
0.33482342422887795,0.5201388888888889
0.3343763969602146,0.5198054204308548
0.3343763969602146,0.5201668984700973
0.3339293696915512,0.5198329853862212
0.3334823424228878,0.5194986072423399
0.3330353151542244,0.519163763066202
0.3330353151542244,0.5195258019525802
0.3330353151542244,0.5198883461270063
0.3330353151542244,0.5202513966480447
0.3330353151542244,0.5206149545772187
0.332588287885561,0.5202797202797202
0.33214126061689764,0.5199440167949615
0.33214126061689764,0.5203081232492998
0.3316942333482342,0.5199719691660827
0.3316942333482342,0.520336605890603
0.3316942333482342,0.5207017543859649
0.3316942333482342,0.5210674157303371
0.3316942333482342,0.5214335910049192
0.3316942333482342,0.5218002812939522
0.3316942333482342,0.5221674876847291
0.3316942333482342,0.5225352112676056
0.33124720607957087,0.5221987315010571
0.33080017881090745,0.5218617771509168
0.3303531515422441,0.5215243472124206
0.3303531515422441,0.5218926553672316
0.3303531515422441,0.5222614840989399
0.3303531515422441,0.5226308345120226
0.3303531515422441,0.5230007077140835
0.3299061242735807,0.5226628895184136
0.3294590970049173,0.5223245924875974
0.3294590970049173,0.5226950354609929
0.3294590970049173,0.5230660042583393
0.3294590970049173,0.5234375
0.3294590970049173,0.5238095238095238
0.3294590970049173,0.5241820768136558
0.3294590970049173,0.5245551601423487
0.3290120697362539,0.5242165242165242
0.3285650424675905,0.5238774055595153
0.32811801519892714,0.5235378031383737
0.32811801519892714,0.5239114917915775
0.3276709879302637,0.5235714285714286
0.3276709879302637,0.5239456754824875
0.32722396066160037,0.5236051502145923
0.32722396066160037,0.5239799570508232
0.32677693339293695,0.5236389684813754
0.3263299061242736,0.5232974910394266
0.3263299061242736,0.5236728837876614
0.3263299061242736,0.5240488155061019
0.3263299061242736,0.5244252873563219
0.3263299061242736,0.5248023005032351
0.3258828788556102,0.5244604316546763
0.3258828788556102,0.5248380129589633
0.3258828788556102,0.5252161383285303
0.3254358515869468,0.524873828406633
0.3254358515869468,0.5252525252525253
0.3254358515869468,0.5256317689530686
0.3249888243182834,0.5252890173410405
0.32454179704962005,0.5249457700650759
0.32454179704962005,0.5253256150506512
0.32409476978095664,0.5249818971759594
0.3236477425122932,0.5246376811594203
0.3236477425122932,0.5250181290790428
0.3236477425122932,0.525399129172714
0.32320071524362987,0.5250544662309368
0.32275368797496645,0.5247093023255814
0.3223066607063031,0.5243636363636364
0.3218596334376397,0.5240174672489083
0.3218596334376397,0.5243991260014567
0.3218596334376397,0.5247813411078717
0.3218596334376397,0.5251641137855579
0.3214126061689763,0.5248175182481751
0.3214126061689763,0.5252008765522279
0.3209655789003129,0.5248538011695907
0.32051855163164955,0.5245062179956108
0.32051855163164955,0.5248901903367497
0.32051855163164955,0.5252747252747253
0.32051855163164955,0.5260454878943507
0.32051855163164955,0.526431718061674
0.32007152436298614,0.5260837619397501
0.3196244970943228,0.5257352941176471
0.31917746982565937,0.5253863134657837
0.31917746982565937,0.5257731958762887
0.31917746982565937,0.5261606484893147
0.31873044255699595,0.525811209439528
0.3182834152883326,0.5254612546125461
0.3182834152883326,0.5258493353028065
0.3182834152883326,0.5262379896526238
0.3178363880196692,0.525887573964497
0.3173893607510058,0.5255366395262768
0.3169423334823424,0.5251851851851852
0.3169423334823424,0.5255744996293551
0.3169423334823424,0.5259643916913946
0.3169423334823424,0.526354862657758
0.3169423334823424,0.5267459138187222
0.3169423334823424,0.5271375464684015
0.31649530621367905,0.5267857142857143
0.31604827894501564,0.526433358153388
0.31604827894501564,0.5268256333830105
0.31604827894501564,0.5272184936614467
0.31604827894501564,0.5276119402985074
0.31604827894501564,0.5280059746079163
0.31604827894501564,0.5284005979073244
0.31604827894501564,0.5287958115183246
0.3156012516763523,0.5284431137724551
0.3156012516763523,0.5288389513108614
0.3156012516763523,0.5292353823088456
0.3156012516763523,0.5296324081020255
0.3156012516763523,0.53003003003003
0.31515422440768887,0.5296769346356123
0.31515422440768887,0.5300751879699248
0.31515422440768887,0.5304740406320542
0.3147071971390255,0.5301204819277109
0.3147071971390255,0.5305199698568199
0.3147071971390255,0.530920060331825
0.3147071971390255,0.5313207547169811
0.3147071971390255,0.5317220543806647
0.3142601698703621,0.5313681027966742
0.3138131426016987,0.5310136157337367
0.3138131426016987,0.5314155942467828
0.3138131426016987,0.5318181818181819
0.3138131426016987,0.5322213798332069
0.3133661153330353,0.5318664643399089
0.3133661153330353,0.5322703113135915
0.3133661153330353,0.5326747720364742
0.3133661153330353,0.5330798479087453
0.3133661153330353,0.5334855403348554
0.3133661153330353,0.5338918507235338
0.3133661153330353,0.5342987804878049
0.3133661153330353,0.5347063310450039
0.3133661153330353,0.5351145038167939
0.3133661153330353,0.5355233002291826
0.3129190880643719,0.5351681957186545
0.3129190880643719,0.5355776587605203
0.31247206079570855,0.5352220520673813
0.31247206079570855,0.535632183908046
0.31202503352704514,0.5352760736196319
0.31202503352704514,0.5356868764389869
0.31202503352704514,0.5360983102918587
0.31202503352704514,0.536510376633359
0.3115780062583818,0.5361538461538462
0.3115780062583818,0.5365665896843725
0.3115780062583818,0.536979969183359
0.3115780062583818,0.5373939861218195
0.31113097898971837,0.5370370370370371
0.310683951721055,0.5366795366795367
0.310683951721055,0.5370942812982998
0.310683951721055,0.5375096674400619
0.310683951721055,0.5379256965944272
0.3102369244523916,0.5375677769171185
0.3102369244523916,0.537984496124031
0.3097898971837282,0.5376260667183863
0.3097898971837282,0.5380434782608695
0.3093428699150648,0.5376845376845377
0.3093428699150648,0.5381026438569206
0.3088958426464014,0.5377431906614786
0.3088958426464014,0.5381619937694704
0.3088958426464014,0.5385814497272019
0.30844881537773805,0.5382215288611545
0.30844881537773805,0.5386416861826698
0.30844881537773805,0.5390625
0.30800178810907464,0.5387021110242377
0.30800178810907464,0.5391236306729265
0.3075547608404113,0.5387627251370399
0.3075547608404113,0.5391849529780565
0.30710773357174787,0.5388235294117647
0.3066607063030845,0.5384615384615384
0.3066607063030845,0.5388845247446976
0.3062136790344211,0.5385220125786163
0.3062136790344211,0.5389457120377655
0.3062136790344211,0.5393700787401575
0.3062136790344211,0.5397951142631994
0.30576665176575774,0.5394321766561514
0.30576665176575774,0.5398579321231255
0.30576665176575774,0.5402843601895735
0.30576665176575774,0.5407114624505929
0.3053196244970943,0.5403481012658228
0.3053196244970943,0.5407759303246239
0.3048725972284309,0.5404120443740095
0.3048725972284309,0.5408406026962728
0.3048725972284309,0.5421303656597775
0.30442556995976755,0.5417661097852029
0.30397854269110414,0.5414012738853503
0.30397854269110414,0.5418326693227091
0.3035315154224408,0.5414673046251993
0.302637460885114,0.5407348242811502
0.302637460885114,0.5411670663469225
0.3021904336164506,0.5408
0.3021904336164506,0.5412329863891113
0.3021904336164506,0.5416666666666666
0.3021904336164506,0.5421010425020049
0.30174340634778724,0.5417335473515249
0.3012963790791238,0.5413654618473895
0.30084935181046046,0.5409967845659164
0.30040232454179705,0.5406275140788415
0.30040232454179705,0.5410628019323671
0.30040232454179705,0.5414987912973409
0.30040232454179705,0.5419354838709678
0.30040232454179705,0.5423728813559322
0.30040232454179705,0.5428109854604201
0.30040232454179705,0.5432497978981407
0.30040232454179705,0.5436893203883495
0.30040232454179705,0.5441295546558704
0.30040232454179705,0.5445705024311183
0.30040232454179705,0.5450121654501217
0.29995529727313364,0.5446428571428571
0.2995082700044703,0.5442729488220959
0.2995082700044703,0.5447154471544715
0.29906124273580686,0.5443449959316518
0.2986142154671435,0.5439739413680782
0.2981671881984801,0.5436022819885901
0.2981671881984801,0.5440456769983687
0.29772016092981674,0.5436734693877551
0.2972731336611533,0.5433006535947712
0.29682610639248996,0.5429272281275552
0.29682610639248996,0.5433715220949263
0.29682610639248996,0.5438165438165438
0.29682610639248996,0.5442622950819672
0.29682610639248996,0.5447087776866284
0.29682610639248996,0.5451559934318555
0.29682610639248996,0.5456039441248973
0.29682610639248996,0.5460526315789473
0.29682610639248996,0.5465020576131687
0.29682610639248996,0.5469522240527183
0.29682610639248996,0.5474031327287716
0.29682610639248996,0.5478547854785478
0.29637907912382655,0.5474814203137902
0.29637907912382655,0.5479338842975207
0.29637907912382655,0.5483870967741935
0.29637907912382655,0.5488410596026491
0.29637907912382655,0.5492957746478874
0.29637907912382655,0.5497512437810945
0.29637907912382655,0.5502074688796681
0.2959320518551632,0.5498338870431894
0.2959320518551632,0.5502909393183707
0.2959320518551632,0.5507487520798668
0.2959320518551632,0.5512073272273106
0.2954850245864998,0.5508333333333333
0.29503799731783636,0.5504587155963303
0.29503799731783636,0.5509181969949917
0.294590970049173,0.5505430242272348
0.2941439427805096,0.5501672240802675
0.2941439427805096,0.5506276150627615
0.29369691551184623,0.550251256281407
0.2932498882431828,0.5498742665549036
0.29280286097451946,0.549496644295302
0.29280286097451946,0.5499580184718724
0.29280286097451946,0.5504201680672269
0.29280286097451946,0.5508830950378469
0.29235583370585605,0.5505050505050505
0.29235583370585605,0.5509688289806234
0.2919088064371927,0.5505902192242833
0.2914617791685293,0.550210970464135
0.2914617791685293,0.5506756756756757
0.2914617791685293,0.5511411665257819
0.2914617791685293,0.5516074450084603
0.2914617791685293,0.5520745131244708
0.2914617791685293,0.5525423728813559
0.29101475189986586,0.5521628498727735
0.2905677246312025,0.5517826825127334
0.2901206973625391,0.5514018691588785
0.28967367009387573,0.5510204081632653
0.28967367009387573,0.5514893617021277
0.2892266428252123,0.551107325383305
0.2892266428252123,0.5515771526001705
0.28877961555654896,0.5511945392491467
0.28877961555654896,0.5516652433817251
0.28833258828788555,0.5512820512820513
0.28833258828788555,0.5517536355859709
0.28833258828788555,0.5522260273972602
0.28833258828788555,0.5526992287917738
0.2878855610192222,0.5523156089193825
0.2878855610192222,0.5527896995708155
0.2878855610192222,0.5532646048109966
0.2878855610192222,0.5537403267411866
0.2874385337505588,0.5533562822719449
0.2869915064818954,0.5529715762273901
0.286544479213232,0.5525862068965517
0.2860974519445686,0.5522001725625539
0.28565042467590523,0.5518134715025906
0.2852033974072418,0.5514261019878998
0.28475637013857846,0.551038062283737
0.28430934286991505,0.5506493506493506
0.28430934286991505,0.5511265164644714
0.2838623156012517,0.5507372072853426
0.2838623156012517,0.5512152777777778
0.2838623156012517,0.5516941789748045
0.2838623156012517,0.5521739130434783
0.2838623156012517,0.5526544821583986
0.2834152883325883,0.5522648083623694
0.2834152883325883,0.5527462946817786
0.2834152883325883,0.5532286212914486
0.2829682610639249,0.5528384279475983
0.2829682610639249,0.5533216783216783
0.2829682610639249,0.5538057742782152
0.2825212337952615,0.553415061295972
0.2825212337952615,0.5539000876424189
0.28207420652659815,0.5535087719298246
0.28162717925793473,0.553116769095698
0.2811801519892713,0.5527240773286467
0.28073312472060796,0.5523306948109059
0.28028609745194455,0.5519366197183099
0.2798390701832812,0.5515418502202644
0.2798390701832812,0.5520282186948854
0.2798390701832812,0.5525154457193292
0.2793920429146178,0.5521201413427562
0.2793920429146178,0.5526083112290009
0.2793920429146178,0.5530973451327433
0.2793920429146178,0.5535872453498671
0.2793920429146178,0.5540780141843972
0.2793920429146178,0.554569653948536
0.2789450156459544,0.5541740674955595
0.278497988377291,0.5537777777777778
0.278497988377291,0.5542704626334519
0.27805096110862765,0.553873552983081
0.27760393383996423,0.553475935828877
0.2771569065713009,0.5530776092774309
0.27670987930263746,0.5526785714285715
0.27670987930263746,0.5531724754244861
0.27670987930263746,0.5536672629695886
0.27670987930263746,0.5541629364368845
0.27670987930263746,0.5546594982078853
0.27626285203397405,0.5542600896860986
0.2758158247653107,0.5538599640933572
0.2758158247653107,0.5543575920934412
0.2753687974966473,0.5539568345323741
0.2753687974966473,0.5544554455445545
0.2749217702279839,0.5540540540540541
0.2749217702279839,0.5545536519386834
0.2749217702279839,0.5550541516245487
0.2744747429593205,0.5546522131887985
0.2744747429593205,0.5551537070524413
0.27402771569065715,0.5547511312217195
0.27402771569065715,0.5552536231884058
0.27358068842199373,0.5548504079782411
0.27358068842199373,0.5553539019963702
0.2731336611533304,0.5549500454132607
0.27268663388466696,0.5545454545454546
0.27223960661600355,0.554140127388535
0.2717925793473402,0.5537340619307832
0.2717925793473402,0.5542388331814039
0.2713455520786768,0.5538321167883211
0.2708985248100134,0.5534246575342465
0.27045149754135,0.553016453382084
0.27045149754135,0.5535224153705398
0.27045149754135,0.5540293040293041
0.27045149754135,0.5545371219065078
0.27000447027268665,0.5541284403669725
0.26955744300402323,0.5537190082644629
0.26955744300402323,0.5542279411764706
0.26955744300402323,0.5547378104875805
0.26955744300402323,0.5552486187845304
0.26955744300402323,0.5557603686635945
0.26955744300402323,0.5562730627306273
0.26955744300402323,0.556786703601108
0.26955744300402323,0.5573012939001848
0.2691104157353599,0.5568917668825162
0.2691104157353599,0.5574074074074075
0.26866338846669646,0.556997219647822
0.26866338846669646,0.5575139146567718
0.2682163611980331,0.5571030640668524
0.2677693339293697,0.5566914498141264
0.2673223066607063,0.5562790697674419
0.2673223066607063,0.5567970204841713
0.2668752793920429,0.5563839701770736
0.2664282521233795,0.5559701492537313
0.26598122485471615,0.5555555555555556
0.26598122485471615,0.5560747663551402
0.26598122485471615,0.5565949485500468
0.26598122485471615,0.5571161048689138
0.26598122485471615,0.5576382380506092
0.26553419758605273,0.5572232645403377
0.2650871703173894,0.5568075117370892
0.2650871703173894,0.5573308270676691
0.2650871703173894,0.5578551269990593
0.26464014304872596,0.5579641847313855
0.26464014304872596,0.5584905660377358
0.26464014304872596,0.559017941454202
0.26464014304872596,0.5595463137996219
0.26464014304872596,0.5600756859035004
0.26464014304872596,0.5606060606060606
0.26464014304872596,0.5611374407582939
0.26464014304872596,0.5616698292220114
0.2641931157800626,0.5612535612535613
0.2641931157800626,0.561787072243346
0.2637460885113992,0.5613701236917221
0.2637460885113992,0.5619047619047619
0.26329906124273583,0.561487130600572
0.26329906124273583,0.5620229007633588
0.26329906124273583,0.562559694364852
0.2628520339740724,0.5621414913957935
0.262405006705409,0.5617224880382775
0.262405006705409,0.5622605363984674
0.262405006705409,0.5627996164908916
0.262405006705409,0.5633397312859885
0.26195797943674565,0.5629202689721422
0.26195797943674565,0.5634615384615385
0.26195797943674565,0.5640038498556305
0.26195797943674565,0.5645472061657033
0.26195797943674565,0.5650916104146577
0.26195797943674565,0.5656370656370656
0.26195797943674565,0.5661835748792271
0.26195797943674565,0.5667311411992263
0.26195797943674565,0.5672797676669894
0.26195797943674565,0.5678294573643411
0.26195797943674565,0.5683802133850631
0.26151095216808223,0.5679611650485437
0.2610639248994189,0.5675413022351797
0.2610639248994189,0.5680933852140078
0.2610639248994189,0.5686465433300877
0.26061689763075546,0.5682261208576999
0.2601698703620921,0.5678048780487804
0.2597228430934287,0.5673828125
0.2597228430934287,0.5679374389051809
0.2597228430934287,0.5684931506849316
0.2597228430934287,0.5690499510284035
0.25927581582476533,0.5686274509803921
0.25927581582476533,0.5691854759568205
0.25927581582476533,0.5697445972495089
0.2588287885561019,0.5693215339233039
0.2588287885561019,0.5698818897637795
0.25838176128743856,0.5694581280788177
0.25793473401877515,0.5690335305719921
0.25793473401877515,0.5695952615992103
0.25793473401877515,0.5701581027667985
0.25793473401877515,0.5707220573689417
0.25793473401877515,0.5712871287128712
0.25748770675011173,0.5708622398414271
0.25748770675011173,0.5714285714285714
0.25748770675011173,0.5719960278053625
0.2570406794814484,0.5715705765407555
0.25659365221278496,0.5711442786069652
0.25659365221278496,0.5717131474103586
0.25659365221278496,0.5722831505483549
0.25659365221278496,0.5728542914171657
0.25659365221278496,0.5734265734265734
0.25659365221278496,0.574
0.2561466249441216,0.5735735735735735
0.2556995976754582,0.5731462925851704
0.2556995976754582,0.5737211634904714
0.2556995976754582,0.5742971887550201
0.2556995976754582,0.5748743718592965
0.2556995976754582,0.5754527162977867
0.25525257040679483,0.5750251762336355
0.2548055431381314,0.5745967741935484
0.25435851586946806,0.574167507568113
0.25391148860080465,0.5737373737373738
0.25391148860080465,0.5743174924165824
0.25391148860080465,0.5748987854251012
0.25346446133214123,0.574468085106383
0.25346446133214123,0.5750507099391481
0.25346446133214123,0.5756345177664974
0.2530174340634779,0.5752032520325203
0.25257040679481446,0.5747711088504578
0.25257040679481446,0.575356415478615
0.25257040679481446,0.5759429153924567
0.2521233795261511,0.5755102040816327
0.2521233795261511,0.5760980592441267
0.2521233795261511,0.5766871165644172
0.2521233795261511,0.5772773797338793
0.2521233795261511,0.5778688524590164
0.2516763522574877,0.5774358974358974
0.2516763522574877,0.5780287474332649
0.25122932498882433,0.5775950668036999
0.25122932498882433,0.5781893004115226
0.25122932498882433,0.5787847579814624
0.2507822977201609,0.5783505154639176
0.2507822977201609,0.5789473684210527
0.2507822977201609,0.5795454545454546
0.2507822977201609,0.5801447776628749
0.2507822977201609,0.5807453416149069
0.25033527045149756,0.5803108808290155
0.25033527045149756,0.5809128630705395
0.25033527045149756,0.5815160955347871
0.24988824318283415,0.581081081081081
0.24944121591417076,0.5806451612903226
0.24944121591417076,0.58125
0.24899418864550737,0.5808133472367049
0.24899418864550737,0.581419624217119
0.24899418864550737,0.5820271682340648
0.248547161376844,0.5815899581589958
0.248547161376844,0.5821989528795811
0.248547161376844,0.5828092243186582
0.2481001341081806,0.5823714585519413
0.24765310683951722,0.5819327731092437
0.24765310683951722,0.5825446898002103
0.24765310683951722,0.5831578947368421
0.24720607957085383,0.5827186512118019
0.24675905230219045,0.5822784810126582
0.24631202503352703,0.5818373812038015
0.24631202503352703,0.5824524312896406
0.24586499776486365,0.582010582010582
0.24541797049620026,0.5815677966101694
0.24497094322753687,0.5811240721102863
0.24497094322753687,0.5817409766454352
0.24497094322753687,0.5823591923485654
0.2445239159588735,0.5819148936170213
0.2440768886902101,0.5814696485623003
0.24362986142154672,0.5816435432230523
0.24318283415288333,0.5811965811965812
0.24273580688421995,0.5807486631016042
0.24273580688421995,0.5813704496788008
0.24273580688421995,0.5819935691318328
0.24273580688421995,0.5826180257510729
0.24228877961555656,0.5821697099892589
0.24228877961555656,0.5827956989247312
0.24228877961555656,0.5834230355220668
0.24228877961555656,0.584051724137931
0.24228877961555656,0.5846817691477886
0.24228877961555656,0.5853131749460043
0.24228877961555656,0.585945945945946
0.24184175234689317,0.5854978354978355
0.24139472507822976,0.5850487540628385
0.24139472507822976,0.5856832971800434
0.24094769780956637,0.5852334419109664
0.24094769780956637,0.5858695652173913
0.24094769780956637,0.5865070729053319
0.240500670540903,0.5860566448801743
0.240500670540903,0.5866957470010905
0.2400536432722396,0.5862445414847162
0.2400536432722396,0.5868852459016394
0.23960661600357622,0.5864332603938731
0.23960661600357622,0.5870755750273823
0.23960661600357622,0.5883644346871569
0.23960661600357622,0.589010989010989
0.23915958873491283,0.5885588558855885
0.23915958873491283,0.5892070484581498
0.23915958873491283,0.5898566703417861
0.23915958873491283,0.5905077262693157
0.23915958873491283,0.5911602209944752
0.23871256146624945,0.5907079646017699
0.23871256146624945,0.5913621262458472
0.23826553419758606,0.5909090909090909
0.23826553419758606,0.5915649278579356
0.23826553419758606,0.5922222222222222
0.23781850692892267,0.5917686318131257
0.23781850692892267,0.5924276169265034
0.23781850692892267,0.5930880713489409
0.23781850692892267,0.59375
0.23781850692892267,0.5944134078212291
0.2373714796602593,0.5939597315436241
0.23692445239159587,0.593505039193729
0.23692445239159587,0.594170403587444
0.2364774251229325,0.5937149270482603
0.2364774251229325,0.5943820224719101
0.2364774251229325,0.595050618672666
0.2364774251229325,0.5957207207207207
0.2364774251229325,0.5963923337091319
0.2364774251229325,0.5970654627539503
0.2360303978542691,0.5966101694915255
0.23558337058560572,0.5961538461538461
0.23513634331694233,0.5956964892412231
0.23513634331694233,0.5963718820861678
0.23513634331694233,0.5970488081725313
0.23513634331694233,0.5977272727272728
0.23468931604827895,0.5972696245733788
0.23468931604827895,0.5979498861047836
0.23468931604827895,0.5986316989737742
0.23424228877961556,0.5981735159817352
0.23424228877961556,0.5988571428571429
0.23424228877961556,0.5995423340961098
0.23424228877961556,0.6002290950744559
0.23379526151095217,0.5997706422018348
0.23379526151095217,0.600459242250287
0.2333482342422888,0.6
0.2329012069736254,0.5995397008055235
0.2329012069736254,0.6002304147465438
0.2329012069736254,0.6009227220299884
0.2329012069736254,0.6016166281755196
0.23245417970496202,0.6011560693641619
0.23245417970496202,0.6018518518518519
0.23245417970496202,0.6025492468134415
0.2320071524362986,0.6020881670533643
0.23156012516763522,0.6016260162601627
0.23156012516763522,0.6023255813953489
0.23111309789897183,0.6018626309662398
0.23111309789897183,0.6025641025641025
0.23066607063030845,0.6021003500583431
0.23066607063030845,0.602803738317757
0.23021904336164506,0.6023391812865497
0.23021904336164506,0.6030444964871194
0.23021904336164506,0.6037514654161782
0.23021904336164506,0.6044600938967136
0.22977201609298167,0.6039952996474736
0.2293249888243183,0.6035294117647059
0.2293249888243183,0.6042402826855123
0.2288779615556549,0.6037735849056604
0.2288779615556549,0.6044864226682408
0.2288779615556549,0.6052009456264775
0.2288779615556549,0.6059171597633136
0.2288779615556549,0.6066350710900474
0.22843093428699152,0.6061684460260973
0.22843093428699152,0.6068883610451307
0.22798390701832813,0.6064209274673008
0.22798390701832813,0.6071428571428571
0.22798390701832813,0.6078665077473182
0.22798390701832813,0.6085918854415274
0.22753687974966472,0.6081242532855436
0.22753687974966472,0.6088516746411483
0.22753687974966472,0.6095808383233533
0.22753687974966472,0.6103117505995204
0.22708985248100133,0.60984393757503
0.22664282521233794,0.609375
0.22619579794367456,0.6089049338146811
0.22574877067501117,0.608433734939759
0.22574877067501117,0.609167671893848
0.2253017434063478,0.6086956521739131
0.2253017434063478,0.6094316807738815
0.2253017434063478,0.6101694915254238
0.2248547161376844,0.6096969696969697
0.2248547161376844,0.6104368932038835
0.22440768886902102,0.6099635479951397
0.22396066160035763,0.6094890510948905
0.22396066160035763,0.610231425091352
0.22396066160035763,0.6109756097560975
0.22351363433169424,0.6105006105006106
0.22351363433169424,0.6112469437652812
0.22351363433169424,0.6119951040391677
0.22351363433169424,0.6127450980392157
0.22306660706303086,0.6122699386503068
0.22306660706303086,0.6130221130221131
0.22261957979436744,0.6125461254612546
0.22261957979436744,0.6133004926108374
0.22261957979436744,0.6140567200986436
0.22217255252570406,0.6135802469135803
0.22172552525704067,0.6131025957972805
0.2212784979883773,0.6126237623762376
0.2212784979883773,0.6133828996282528
0.2208314707197139,0.6129032258064516
0.22038444345105052,0.6124223602484472
0.21993741618238713,0.6119402985074627
0.21993741618238713,0.6127023661270237
0.21949038891372374,0.6122194513715711
0.21904336164506036,0.6117353308364545
0.21859633437639697,0.61125
0.21814930710773356,0.6107634543178974
0.21770227983907017,0.6102756892230576
0.2172552525704068,0.6097867001254705
0.2168082253017434,0.6092964824120602
0.2168082253017434,0.610062893081761
0.21636119803308002,0.6095717884130982
0.21636119803308002,0.6103404791929382
0.21591417076441663,0.6098484848484849
0.21546714349575324,0.6093552465233881
0.21546714349575324,0.610126582278481
0.21546714349575324,0.6108998732572877
0.21502011622708986,0.6104060913705583
0.21457308895842647,0.6099110546378653
0.21457308895842647,0.6106870229007634
0.2141260616897631,0.6101910828025477
0.2141260616897631,0.610969387755102
0.2141260616897631,0.611749680715198
0.2136790344210997,0.6112531969309463
0.2136790344210997,0.6120358514724712
0.2136790344210997,0.6128205128205129
0.2136790344210997,0.613607188703466
0.2136790344210997,0.6143958868894601
0.2136790344210997,0.6151866151866152
0.2136790344210997,0.615979381443299
0.2136790344210997,0.6167741935483871
0.2132320071524363,0.6162790697674418
0.2132320071524363,0.6170763260025873
0.2132320071524363,0.6178756476683938
0.2132320071524363,0.6186770428015564
0.2127849798837729,0.6181818181818182
0.2127849798837729,0.6189856957087126
0.2127849798837729,0.6197916666666666
0.21233795261510952,0.6192959582790091
0.21189092534644613,0.618798955613577
0.21189092534644613,0.6196078431372549
0.21144389807778274,0.6191099476439791
0.21099687080911936,0.6186107470511141
0.21099687080911936,0.6194225721784777
0.21099687080911936,0.6202365308804205
0.21054984354045597,0.6197368421052631
0.2101028162717926,0.619235836627141
0.2101028162717926,0.6200527704485488
0.2101028162717926,0.6208718626155878
0.2101028162717926,0.6216931216931217
0.2101028162717926,0.6225165562913907
0.2101028162717926,0.623342175066313
0.2101028162717926,0.6241699867197875
0.2096557890031292,0.6236702127659575
0.2096557890031292,0.6245006657789614
0.2096557890031292,0.6253333333333333
0.20920876173446581,0.6248331108144193
0.20920876173446581,0.6256684491978609
0.20920876173446581,0.6265060240963856
0.2087617344658024,0.6260053619302949
0.2087617344658024,0.6268456375838927
0.20831470719713902,0.6263440860215054
0.20786767992847563,0.6258411843876177
0.20786767992847563,0.6266846361185984
0.20742065265981224,0.6261808367071525
0.20697362539114886,0.6256756756756757
0.20652659812248547,0.625169147496617
0.20607957085382209,0.6246612466124661
0.2056325435851587,0.6241519674355496
0.20518551631649531,0.623641304347826
0.20518551631649531,0.6244897959183674
0.20473848904783193,0.6239782016348774
0.20473848904783193,0.6248294679399727
0.20429146177916854,0.6243169398907104
0.20384443451050513,0.6238030095759234
0.20339740724184174,0.6232876712328768
0.20295037997317836,0.6227709190672154
0.20295037997317836,0.6236263736263736
0.20295037997317836,0.624484181568088
0.20295037997317836,0.6253443526170799
0.20250335270451497,0.6248275862068966
0.20250335270451497,0.6256906077348067
0.20250335270451497,0.6265560165975104
0.20205632543585159,0.6260387811634349
0.20205632543585159,0.6269070735090153
0.2016092981671882,0.6263888888888889
0.20116227089852481,0.6258692628650904
0.20071524362986143,0.6253481894150418
0.20071524362986143,0.6262203626220363
0.20071524362986143,0.6270949720670391
0.20071524362986143,0.627972027972028
0.20026821636119804,0.6274509803921569
0.20026821636119804,0.6283309957924264
0.19982118909253466,0.6278089887640449
0.19937416182387124,0.6272855133614628
0.19937416182387124,0.6281690140845071
0.19937416182387124,0.6290550070521862
0.19937416182387124,0.6299435028248588
0.19937416182387124,0.6308345120226309
0.19892713455520786,0.6303116147308782
0.19848010728654447,0.6297872340425532
0.19803308001788109,0.6292613636363636
0.19803308001788109,0.6301564722617354
0.19803308001788109,0.6310541310541311
0.1975860527492177,0.630527817403709
0.19713902548055431,0.63
0.19713902548055431,0.630901287553648
0.19713902548055431,0.6318051575931232
0.19669199821189093,0.6312769010043041
0.19669199821189093,0.632183908045977
0.19624497094322754,0.6316546762589929
0.19624497094322754,0.6325648414985591
0.19579794367456416,0.6320346320346321
0.19579794367456416,0.6329479768786127
0.19535091640590077,0.6324167872648335
0.19535091640590077,0.6333333333333333
0.19535091640590077,0.6342525399129173
0.19535091640590077,0.6351744186046512
0.19535091640590077,0.636098981077147
0.19490388913723738,0.6355685131195336
0.19490388913723738,0.6364963503649635
0.19490388913723738,0.6374269005847953
0.19445686186857397,0.636896046852123
0.19445686186857397,0.6378299120234604
0.19400983459991059,0.638235294117647
0.19400983459991059,0.6391752577319587
0.1935628073312472,0.6386430678466076
0.1935628073312472,0.6395864106351551
0.1935628073312472,0.6405325443786982
0.1935628073312472,0.6414814814814814
0.19311578006258381,0.6409495548961425
0.19311578006258381,0.6419019316493314
0.19266875279392043,0.6413690476190477
0.19266875279392043,0.6423248882265276
0.19222172552525704,0.6417910447761194
0.19177469825659366,0.6412556053811659
0.19132767098793027,0.6407185628742516
0.19132767098793027,0.6416791604197901
0.19088064371926688,0.6411411411411412
0.1904336164506035,0.6406015037593985
0.18998658918194009,0.6400602409638554
0.1895395619132767,0.6395173453996983
0.1890925346446133,0.6389728096676737
0.18864550737594993,0.6384266263237519
0.18819848010728654,0.6378787878787879
0.18819848010728654,0.6388467374810318
0.18819848010728654,0.6398176291793313
0.18775145283862316,0.639269406392694
0.18730442556995977,0.6387195121951219
0.18685739830129638,0.6381679389312978
0.186410371032633,0.6376146788990825
0.1859633437639696,0.6370597243491577
0.1859633437639696,0.6380368098159509
0.1859633437639696,0.6390168970814132
0.18551631649530623,0.6384615384615384
0.1850692892266428,0.637904468412943
0.18462226195797943,0.6373456790123457
0.18462226195797943,0.6383307573415765
0.18462226195797943,0.6393188854489165
0.18417523468931604,0.6387596899224807
0.18372820742065266,0.6381987577639752
0.18328118015198927,0.6376360808709176
0.18283415288332588,0.6370716510903427
0.1823871256146625,0.6365054602184087
0.1823871256146625,0.6375
0.1819400983459991,0.6369327073552425
0.1819400983459991,0.6379310344827587
0.1819400983459991,0.6389324960753532
0.1819400983459991,0.639937106918239
0.1819400983459991,0.6409448818897637
0.1819400983459991,0.6419558359621451
0.18149307107733573,0.641390205371248
0.18104604380867234,0.6408227848101266
0.18104604380867234,0.6418383518225039
0.18104604380867234,0.6428571428571429
0.18104604380867234,0.643879173290938
0.18059901654000893,0.643312101910828
0.18015198927134554,0.6427432216905901
0.17970496200268216,0.6421725239616614
0.17970496200268216,0.6432
0.17925793473401877,0.6426282051282052
0.17925793473401877,0.6436597110754414
0.17925793473401877,0.6446945337620579
0.17881090746535538,0.644122383252818
0.178363880196692,0.6435483870967742
0.178363880196692,0.6445880452342488
0.178363880196692,0.6456310679611651
0.178363880196692,0.646677471636953
0.178363880196692,0.6477272727272727
0.178363880196692,0.6487804878048781
0.1779168529280286,0.6482084690553745
0.17746982565936523,0.6476345840130505
0.17702279839070184,0.6470588235294118
0.17657577112203846,0.646481178396072
0.17657577112203846,0.6475409836065574
0.17657577112203846,0.6486042692939245
0.17612874385337507,0.6480263157894737
0.17612874385337507,0.6490939044481054
0.17612874385337507,0.6501650165016502
0.17568171658471166,0.6495867768595042
0.17568171658471166,0.6506622516556292
0.17523468931604827,0.6500829187396352
0.17523468931604827,0.6511627906976745
0.17478766204738488,0.6505823627287853
0.17478766204738488,0.6516666666666666
0.17478766204738488,0.6527545909849749
0.1743406347787215,0.6521739130434783
0.1743406347787215,0.6532663316582915
0.1743406347787215,0.6543624161073825
0.1738936075100581,0.653781512605042
0.1738936075100581,0.6548821548821548
0.1738936075100581,0.6559865092748736
0.1738936075100581,0.6570945945945946
0.1738936075100581,0.6582064297800339
0.17344658024139473,0.6576271186440678
0.17299955297273134,0.6570458404074703
0.17299955297273134,0.6592844974446337
0.17299955297273134,0.6604095563139932
0.17255252570406795,0.6598290598290598
0.17255252570406795,0.660958904109589
0.17210549843540457,0.660377358490566
0.17165847116674118,0.6597938144329897
0.17121144389807777,0.6592082616179001
0.17076441662941438,0.6586206896551724
0.170317389360751,0.6580310880829016
0.1698703620920876,0.657439446366782
0.1698703620920876,0.658578856152513
0.16942333482342423,0.6579861111111112
0.16897630755476084,0.6573913043478261
0.16897630755476084,0.6585365853658537
0.16852928028609745,0.6579406631762653
0.16852928028609745,0.6590909090909091
0.16852928028609745,0.660245183887916
0.16808225301743407,0.6596491228070176
0.16763522574877068,0.6590509666080844
0.1671881984801073,0.6584507042253521
0.1671881984801073,0.6596119929453262
0.1671881984801073,0.6607773851590106
0.1667411712114439,0.6601769911504425
0.1667411712114439,0.6613475177304965
0.1667411712114439,0.6625222024866785
0.1667411712114439,0.6637010676156584
0.1667411712114439,0.6648841354723708
0.1662941439427805,0.6642857142857143
0.1662941439427805,0.6654740608228981
0.1658471166741171,0.6648745519713262
0.16540008940545373,0.6642728904847397
0.16540008940545373,0.6654676258992805
0.16495306213679034,0.6648648648648648
0.16450603486812695,0.6642599277978339
0.16405900759946357,0.6636528028933092
0.16361198033080018,0.6630434782608695
0.16361198033080018,0.6642468239564429
0.1631649530621368,0.6636363636363637
0.1627179257934734,0.663023679417122
0.16227089852481003,0.6624087591240876
0.1618238712561466,0.6617915904936015
0.16137684398748323,0.6611721611721612
0.16092981671881984,0.6605504587155964
0.16092981671881984,0.6617647058823529
0.16048278945015645,0.6611418047882136
0.16003576218149307,0.6605166051660517
0.16003576218149307,0.6617375231053605
0.15958873491282968,0.6611111111111111
0.15958873491282968,0.6623376623376623
0.1591417076441663,0.6617100371747212
0.1591417076441663,0.6629422718808193
0.1586946803755029,0.6623134328358209
0.15824765310683953,0.6616822429906543
0.15780062583817614,0.6610486891385767
0.15735359856951275,0.6604127579737336
0.15690657130084934,0.6597744360902256
0.15690657130084934,0.6610169491525424
0.15645954403218595,0.660377358490566
0.15601251676352257,0.6597353497164461
0.15601251676352257,0.6609848484848485
0.15601251676352257,0.6622390891840607
0.15601251676352257,0.6634980988593155
0.15601251676352257,0.6647619047619048
0.15601251676352257,0.666030534351145
0.15556548949485918,0.6653919694072657
0.1551184622261958,0.6647509578544061
0.1551184622261958,0.6660268714011516
0.1546714349575324,0.6653846153846154
0.15422440768886903,0.6647398843930635
0.15422440768886903,0.666023166023166
0.15377738042020564,0.6653771760154739
0.15333035315154225,0.6647286821705426
0.15288332588287887,0.6640776699029126
0.15243629861421545,0.6634241245136187
0.15243629861421545,0.6647173489278753
0.15243629861421545,0.666015625
0.15243629861421545,0.6673189823874756
0.15243629861421545,0.6686274509803921
0.15198927134555207,0.6679764243614931
0.15154224407688868,0.6673228346456693
0.15154224407688868,0.6686390532544378
0.15154224407688868,0.6699604743083004
0.15154224407688868,0.6712871287128713
0.1510952168082253,0.6706349206349206
0.1506481895395619,0.6699801192842942
0.15020116227089853,0.6693227091633466
0.15020116227089853,0.6706586826347305
0.15020116227089853,0.672
0.14975413500223514,0.6713426853707415
0.14975413500223514,0.6726907630522089
0.14930710773357175,0.6720321931589537
0.14886008046490837,0.6713709677419355
0.14886008046490837,0.6727272727272727
0.14841305319624498,0.6720647773279352
0.14841305319624498,0.6734279918864098
0.14841305319624498,0.6747967479674797
0.14841305319624498,0.6761710794297352
0.14841305319624498,0.6775510204081633
0.1479660259275816,0.6768916155419223
0.14751899865891818,0.6762295081967213
0.1470719713902548,0.675564681724846
0.1466249441215914,0.6748971193415638
0.1466249441215914,0.6762886597938145
0.1466249441215914,0.6776859504132231
0.14617791685292802,0.6770186335403726
0.14573088958426464,0.6763485477178424
0.14573088958426464,0.6777546777546778
0.14528386231560125,0.6770833333333334
0.14528386231560125,0.6784968684759917
0.14528386231560125,0.6799163179916318
0.14528386231560125,0.6813417190775681
0.14483683504693787,0.680672268907563
0.14438980777827448,0.68
0.14438980777827448,0.6814345991561181
0.1439427805096111,0.6807610993657506
0.1434957532409477,0.6800847457627118
0.1434957532409477,0.6815286624203821
0.1434957532409477,0.6829787234042554
0.1434957532409477,0.6844349680170576
0.1434957532409477,0.6858974358974359
0.1430487259722843,0.6852248394004282
0.1430487259722843,0.6866952789699571
0.1430487259722843,0.6881720430107527
0.1430487259722843,0.6896551724137931
0.14215467143495752,0.6883116883116883
0.14215467143495752,0.6898047722342733
0.14170764416629414,0.6891304347826087
0.14170764416629414,0.690631808278867
0.14170764416629414,0.6921397379912664
0.14126061689763075,0.6914660831509847
0.14081358962896737,0.6907894736842105
0.14036656236030398,0.6901098901098901
0.1394725078229772,0.6887417218543046
0.13902548055431382,0.6880530973451328
0.13857845328565044,0.6873614190687362
0.13857845328565044,0.6888888888888889
0.13813142601698702,0.688195991091314
0.13768439874832364,0.6875
0.13723737147966025,0.6868008948545862
0.13723737147966025,0.6883408071748879
0.13723737147966025,0.6898876404494382
0.13723737147966025,0.6914414414414415
0.13679034421099687,0.690744920993228
0.13679034421099687,0.6923076923076923
0.13634331694233348,0.691609977324263
0.1358962896736701,0.6909090909090909
0.1354492624050067,0.6902050113895216
0.13500223513634332,0.6894977168949772
0.13455520786767994,0.6887871853546911
0.13455520786767994,0.6903669724770642
0.13455520786767994,0.6919540229885057
0.13410818059901655,0.6912442396313364
0.13410818059901655,0.6928406466512702
0.13366115333035314,0.6921296296296297
0.13321412606168975,0.691415313225058
0.13276709879302637,0.6906976744186046
0.13276709879302637,0.6923076923076923
0.13232007152436298,0.6915887850467289
0.1318730442556996,0.6908665105386417
0.1318730442556996,0.6924882629107981
0.1318730442556996,0.6941176470588235
0.1314260169870362,0.6933962264150944
0.13097898971837282,0.6926713947990544
0.13053196244970944,0.6919431279620853
0.13053196244970944,0.6935866983372921
0.13008493518104605,0.6928571428571428
0.13008493518104605,0.6945107398568019
0.13008493518104605,0.6961722488038278
0.13008493518104605,0.697841726618705
0.12963790791238267,0.6971153846153846
0.12963790791238267,0.6987951807228916
0.12963790791238267,0.7004830917874396
0.12963790791238267,0.7021791767554479
0.12874385337505587,0.7007299270072993
0.12829682610639248,0.7
0.12829682610639248,0.7017114914425427
0.1278497988377291,0.7009803921568627
0.1278497988377291,0.7027027027027027
0.1274027715690657,0.7019704433497537
0.12695574430040232,0.7012345679012346
0.12650871703173894,0.7004950495049505
0.12606168976307555,0.6997518610421837
0.12606168976307555,0.7014925373134329
0.12561466249441217,0.7007481296758105
0.12561466249441217,0.7025
0.12516763522574878,0.7017543859649122
0.12516763522574878,0.7035175879396985
0.12516763522574878,0.7052896725440806
0.12472060795708538,0.7045454545454546
0.12472060795708538,0.7063291139240506
0.124273580688422,0.7055837563451777
0.124273580688422,0.7073791348600509
0.124273580688422,0.7091836734693877
0.124273580688422,0.710997442455243
0.12382655341975861,0.7102564102564103
0.12337952615109522,0.7095115681233933
0.12293249888243182,0.7087628865979382
0.12293249888243182,0.710594315245478
0.12248547161376844,0.7098445595854922
0.12159141707644167,0.7083333333333334
0.12159141707644167,0.7101827676240209
0.12159141707644167,0.7120418848167539
0.12114438980777828,0.7112860892388452
0.12114438980777828,0.7131578947368421
0.12114438980777828,0.7150395778364116
0.12114438980777828,0.716931216931217
0.12114438980777828,0.7188328912466844
0.12069736253911488,0.7180851063829787
0.12069736253911488,0.72
0.1202503352704515,0.7192513368983957
0.1202503352704515,0.7211796246648794
0.11980330800178811,0.7204301075268817
0.11980330800178811,0.7223719676549866
0.11980330800178811,0.7243243243243244
0.11935628073312472,0.7235772357723578
0.11935628073312472,0.7255434782608695
0.11890925346446134,0.7247956403269755
0.11890925346446134,0.726775956284153
0.11846222619579794,0.726027397260274
0.11801519892713455,0.7252747252747253
0.11756817165847117,0.7245179063360881
0.11756817165847117,0.7265193370165746
0.11712114438980778,0.7257617728531855
0.1166741171211444,0.725
0.11622708985248101,0.724233983286908
0.11622708985248101,0.7262569832402235
0.11622708985248101,0.7282913165266106
0.11578006258381761,0.7275280898876404
0.11533303531515422,0.7267605633802817
0.11488600804649084,0.7259887005649718
0.11443898077782745,0.7252124645892352
0.11443898077782745,0.7272727272727273
0.11443898077782745,0.7293447293447294
0.11399195350916407,0.7285714285714285
0.11399195350916407,0.7306590257879656
0.11399195350916407,0.7327586206896551
0.11399195350916407,0.7348703170028819
0.11354492624050067,0.7341040462427746
0.11309789897183728,0.7333333333333333
0.11309789897183728,0.7354651162790697
0.1126508717031739,0.7346938775510204
0.11220384443451051,0.7339181286549707
0.11175681716584712,0.7331378299120235
0.11130978989718372,0.7323529411764705
0.11086276262852034,0.7315634218289085
0.11041573535985695,0.7307692307692307
0.10996870809119356,0.7299703264094956
0.10996870809119356,0.7321428571428571
0.10952168082253018,0.7313432835820896
0.10907465355386678,0.7305389221556886
0.1086276262852034,0.7297297297297297
0.1086276262852034,0.7319277108433735
0.1086276262852034,0.7341389728096677
0.10818059901654001,0.7333333333333333
0.10818059901654001,0.7355623100303952
0.10818059901654001,0.7378048780487805
0.10773357174787662,0.7370030581039755
0.10773357174787662,0.7392638036809815
0.10773357174787662,0.7415384615384616
0.10773357174787662,0.7438271604938271
0.10773357174787662,0.7461300309597523
0.10773357174787662,0.7484472049689441
0.10773357174787662,0.7507788161993769
0.10773357174787662,0.753125
0.10773357174787662,0.7554858934169278
0.10728654447921324,0.7547169811320755
0.10683951721054985,0.7539432176656151
0.10683951721054985,0.7563291139240507
0.10639248994188645,0.7555555555555555
0.10594546267322306,0.7547770700636943
0.10549843540455968,0.7539936102236422
0.1050514081358963,0.7532051282051282
0.10460438086723291,0.752411575562701
0.10415735359856951,0.7516129032258064
0.10371032632990612,0.7508090614886731
0.10371032632990612,0.7532467532467533
0.10371032632990612,0.755700325732899
0.10326329906124274,0.7549019607843137
0.10281627179257935,0.7540983606557377
0.10236924452391596,0.7532894736842105
0.10192221725525256,0.7524752475247525
0.10192221725525256,0.7549668874172185
0.10192221725525256,0.7574750830564784
0.10147518998658918,0.7566666666666667
0.10147518998658918,0.7591973244147158
0.10147518998658918,0.761744966442953
0.10147518998658918,0.7643097643097643
0.10147518998658918,0.7668918918918919
0.10102816271792579,0.7661016949152543
0.10058113544926241,0.7653061224489796
0.10013410818059902,0.764505119453925
0.10013410818059902,0.7671232876712328
0.09968708091193562,0.7663230240549829
0.09924005364327224,0.7655172413793103
0.09879302637460885,0.7647058823529411
0.09834599910594546,0.7638888888888888
0.09789897183728208,0.7630662020905923
0.09789897183728208,0.7657342657342657
0.09745194456861869,0.7649122807017544
0.09700491729995529,0.7640845070422535
0.09700491729995529,0.7667844522968198
0.09655789003129191,0.7659574468085106
0.09611086276262852,0.7651245551601423
0.09611086276262852,0.7678571428571429
0.09566383549396514,0.7670250896057348
0.09521680822530175,0.7661870503597122
0.09476978095663835,0.7653429602888087
0.09432275368797496,0.7644927536231884
0.09387572641931158,0.7636363636363637
0.09342869915064819,0.7627737226277372
0.0929816718819848,0.7619047619047619
0.0925346446133214,0.7610294117647058
0.09208761734465802,0.7601476014760148
0.09208761734465802,0.7657992565055762
0.09164059007599464,0.7649253731343284
0.09164059007599464,0.7677902621722846
0.09164059007599464,0.7706766917293233
0.09119356280733125,0.769811320754717
0.09074653553866786,0.7689393939393939
0.09074653553866786,0.7718631178707225
0.09029950827000446,0.7709923664122137
0.08985248100134108,0.7701149425287356
0.08940545373267769,0.7692307692307693
0.0889584264640143,0.7683397683397684
0.08851139919535092,0.7674418604651163
0.08806437192668753,0.7665369649805448
0.08761734465802413,0.765625
0.08717031738936075,0.7647058823529411
0.08717031738936075,0.7677165354330708
0.08672329012069736,0.766798418972332
0.08627626285203398,0.7658730158730159
0.08627626285203398,0.7689243027888446
0.08582923558337059,0.768
0.08538220831470719,0.7670682730923695
0.0849351810460438,0.7661290322580645
0.08448815377738042,0.7651821862348178
0.08448815377738042,0.7682926829268293
0.08448815377738042,0.7714285714285715
0.08448815377738042,0.7745901639344263
0.08404112650871703,0.7736625514403292
0.08359409924005365,0.7727272727272727
0.08314707197139025,0.7717842323651453
0.08270004470272686,0.7708333333333334
0.08225301743406348,0.7698744769874477
0.08180599016540009,0.7689075630252101
0.08180599016540009,0.7721518987341772
0.0813589628967367,0.7711864406779662
0.0809119356280733,0.7702127659574468
0.08046490835940992,0.7692307692307693
0.08001788109074653,0.7682403433476395
0.07957085382208315,0.7672413793103449
0.07912382655341976,0.7662337662337663
0.07867679928475638,0.7652173913043478
0.07867679928475638,0.7685589519650655
0.07822977201609298,0.7675438596491229
0.07778274474742959,0.7665198237885462
0.0773357174787662,0.7654867256637168
0.0773357174787662,0.7688888888888888
0.07688869021010282,0.7678571428571429
0.07644166294143943,0.7668161434977578
0.07599463567277603,0.7657657657657657
0.07599463567277603,0.7692307692307693
0.07599463567277603,0.7727272727272727
0.07554760840411265,0.771689497716895
0.07510058113544926,0.7706422018348624
0.07465355386678588,0.7695852534562212
0.07420652659812249,0.7685185185185185
0.07375949932945909,0.7674418604651163
0.0733124720607957,0.7663551401869159
0.0733124720607957,0.7699530516431925
0.07286544479213232,0.7688679245283019
0.07241841752346893,0.7677725118483413
0.07197139025480555,0.7666666666666667
0.07152436298614215,0.7655502392344498
0.07152436298614215,0.7692307692307693
0.07107733571747876,0.7681159420289855
0.07063030844881538,0.7669902912621359
0.07018328118015199,0.7658536585365854
0.0697362539114886,0.7647058823529411
0.06928922664282522,0.7635467980295566
0.06928922664282522,0.7673267326732673
0.06884219937416182,0.7661691542288557
0.06839517210549843,0.765
0.06794814483683505,0.7638190954773869
0.06750111756817166,0.7626262626262627
0.06705409029950828,0.7614213197969543
0.06705409029950828,0.7653061224489796
0.06660706303084488,0.764102564102564
0.06660706303084488,0.7680412371134021
0.06616003576218149,0.7668393782383419
0.06616003576218149,0.7708333333333334
0.06616003576218149,0.774869109947644
0.0657130084935181,0.7736842105263158
0.06526598122485472,0.7724867724867724
0.06526598122485472,0.776595744680851
0.06481895395619133,0.7754010695187166
0.06437192668752793,0.7741935483870968
0.06437192668752793,0.7783783783783784
0.06437192668752793,0.782608695652174
0.06392489941886455,0.7814207650273224
0.06392489941886455,0.7857142857142857
0.06347787215020116,0.7845303867403315
0.06303084488153778,0.7833333333333333
0.06258381761287439,0.7821229050279329
0.062136790344211,0.7808988764044944
0.062136790344211,0.7853107344632768
0.06168976307554761,0.7840909090909091
0.06124273580688422,0.7828571428571428
0.06124273580688422,0.7873563218390804
0.06079570853822083,0.7861271676300579
0.06034868126955744,0.7848837209302325
0.06034868126955744,0.7894736842105263
0.06034868126955744,0.7941176470588235
0.059901654000894054,0.7928994082840237
0.05945462673223067,0.7916666666666666
0.05945462673223067,0.7964071856287425
0.059007599463567276,0.7951807228915663
0.05856057219490389,0.793939393939394
0.058113544926240504,0.7926829268292683
0.058113544926240504,0.7975460122699386
0.05766651765757711,0.7962962962962963
0.05766651765757711,0.8012422360248447
0.057219490388913725,0.8
0.05677246312025033,0.7987421383647799
0.05632543585158695,0.7974683544303798
0.05587840858292356,0.7961783439490446
0.05498435404559678,0.7935483870967742
0.05498435404559678,0.7987012987012987
0.05453732677693339,0.7973856209150327
0.054090299508270004,0.7960526315789473
0.05364327223960662,0.7947019867549668
0.053196244970943225,0.7933333333333333
0.053196244970943225,0.7986577181208053
0.05274921770227984,0.7972972972972973
0.052302190433616454,0.7959183673469388
0.05185516316495306,0.7945205479452054
0.051408135896289675,0.7931034482758621
0.051408135896289675,0.7986111111111112
0.05096110862762628,0.7972027972027972
0.050514081358962896,0.795774647887324
0.05006705409029951,0.7943262411347518
0.05006705409029951,0.8
0.04962002682163612,0.7985611510791367
0.04962002682163612,0.8043478260869565
0.04917299955297273,0.8029197080291971
0.048725972284309346,0.8014705882352942
0.048725972284309346,0.8074074074074075
0.048725972284309346,0.8134328358208955
0.048278945015645953,0.8120300751879699
0.04783191774698257,0.8106060606060606
0.047384890478319175,0.8091603053435115
0.04693786320965579,0.8076923076923077
0.0464908359409924,0.8062015503875969
0.04604380867232901,0.8046875
0.045596781403665625,0.8031496062992126
0.04514975413500223,0.8015873015873016
0.04514975413500223,0.808
0.04514975413500223,0.8145161290322581
0.044702726866338846,0.8130081300813008
0.04425569959767546,0.8114754098360656
0.04380867232901207,0.8099173553719008
0.04336164506034868,0.8083333333333333
0.04336164506034868,0.8151260504201681
0.042914617791685296,0.8135593220338984
0.042914617791685296,0.8205128205128205
0.0424675905230219,0.8189655172413793
0.041573535985695124,0.8157894736842105
0.04112650871703174,0.8141592920353983
0.04067948144836835,0.8125
0.04067948144836835,0.8198198198198198
0.04023245417970496,0.8181818181818182
0.039785426911041574,0.8165137614678899
0.03933839964237819,0.8148148148148148
0.038891372373714796,0.8130841121495327
0.03844434510505141,0.8113207547169812
0.03799731783638802,0.8095238095238095
0.03799731783638802,0.8173076923076923
0.03755029056772463,0.8155339805825242
0.03755029056772463,0.8235294117647058
0.037103263299061245,0.8217821782178217
0.037103263299061245,0.83
0.03665623603039785,0.8282828282828283
0.03620920876173447,0.826530612244898
0.03620920876173447,0.8350515463917526
0.035762181493071074,0.8333333333333334
0.03531515422440769,0.8315789473684211
0.0348681269557443,0.8297872340425532
0.03442109968708091,0.8279569892473119
0.033974072418417524,0.8260869565217391
0.03352704514975414,0.8241758241758241
0.033080017881090745,0.8222222222222222
0.03263299061242736,0.8202247191011236
0.03218596334376397,0.8181818181818182
0.03218596334376397,0.8275862068965517
0.03173893607510058,0.8255813953488372
0.031291908806437195,0.8235294117647058
0.031291908806437195,0.8333333333333334
0.030844881537773806,0.8313253012048193
0.030844881537773806,0.8414634146341463
0.030397854269110416,0.8395061728395061
0.029950827000447027,0.8375
0.029503799731783638,0.8354430379746836
0.029056772463120252,0.8333333333333334
0.029056772463120252,0.8441558441558441
0.028609745194456863,0.8421052631578947
0.028609745194456863,0.8533333333333334
0.028162717925793473,0.8513513513513513
0.027715690657130084,0.8493150684931506
0.027268663388466695,0.8472222222222222
0.02682163611980331,0.8450704225352113
0.02682163611980331,0.8571428571428571
0.02637460885113992,0.855072463768116
0.02592758158247653,0.8529411764705882
0.02548055431381314,0.8507462686567164
0.025033527045149755,0.8484848484848485
0.024586499776486366,0.8461538461538461
0.024586499776486366,0.873015873015873
0.024139472507822977,0.8709677419354839
0.023692445239159587,0.8688524590163934
0.0232454179704962,0.8666666666666667
0.022798390701832812,0.864406779661017
0.022351363433169423,0.8620689655172413
0.021904336164506034,0.8596491228070176
0.021457308895842648,0.8571428571428571
0.02101028162717926,0.8545454545454545
0.02056325435851587,0.8518518518518519
0.02056325435851587,0.8679245283018868
0.02011622708985248,0.8653846153846154
0.019669199821189094,0.8627450980392157
0.019222172552525705,0.86
0.018775145283862316,0.8571428571428571
0.018775145283862316,0.875
0.018328118015198926,0.8723404255319149
0.018328118015198926,0.8913043478260869
0.018328118015198926,0.9111111111111111
0.018328118015198926,0.9318181818181818
0.017881090746535537,0.9302325581395349
0.01743406347787215,0.9285714285714286
0.016987036209208762,0.926829268292683
0.016987036209208762,0.95
0.016540008940545373,0.9487179487179487
0.016092981671881983,0.9473684210526315
0.016092981671881983,0.972972972972973
0.015645954403218598,0.9722222222222222
0.015198927134555208,0.9714285714285714
0.015198927134555208,1.0
0.014751899865891819,1.0
0.014304872597228431,1.0
0.013857845328565042,1.0
0.013410818059901655,1.0
0.012963790791238265,1.0
0.012516763522574878,1.0
0.012069736253911488,1.0
0.0116227089852481,1.0
0.011175681716584712,1.0
0.010728654447921324,1.0
0.010281627179257935,1.0
0.009834599910594547,1.0
0.009387572641931158,1.0
0.008940545373267769,1.0
0.008493518104604381,1.0
0.008046490835940992,1.0
0.007599463567277604,1.0
0.007152436298614216,1.0
0.006705409029950827,1.0
0.006258381761287439,1.0
0.005364327223960662,1.0
0.0049172999552972736,1.0
0.004470272686633884,1.0
0.004023245417970496,1.0
0.003576218149307108,1.0
0.0031291908806437194,1.0
0.002682163611980331,1.0
0.002235136343316942,1.0
0.001788109074653554,1.0
0.0013410818059901655,1.0
0.000894054537326777,1.0
0.0004470272686633885,1.0
0.0,1.0
