recall,precision
1.0,0.28202218860312656
1.0,0.2832721286564518
1.0,0.2833080040526849
1.0,0.2833438885370488
1.0,0.2833797821129972
1.0,0.2834156847839858
1.0,0.28345159655347185
1.0,0.28348751742491446
1.0,0.2835234474017744
1.0,0.2835593864875143
1.0,0.2835953346855984
1.0,0.28363129199949283
1.0,0.2836672584326655
1.0,0.28370323398858593
1.0,0.28373921867072555
1.0,0.2837752124825574
1.0,0.28381121542755644
1.0,0.28384722750919933
1.0,0.2838832487309645
1.0,0.283919279096332
1.0,0.283955318608784
1.0,0.28399136727180396
1.0,0.2840274250888776
1.0,0.2840634920634921
1.0,0.2840995681991364
1.0,0.2841356534993014
1.0,0.2841717479674797
1.0,0.28420785160716555
1.0,0.2842439644218551
1.0,0.2842800864150464
1.0,0.28431621759023895
1.0,0.2843523579509343
1.0,0.28438850750063566
1.0,0.28442466624284807
1.0,0.2844608341810783
1.0,0.28449701131883504
1.0,0.2845331976596286
1.0,0.2845693932069711
1.0,0.28460559796437657
1.0,0.28464181193536076
1.0,0.2846780351234411
1.0,0.28471426753213697
1.0,0.28475050916496947
1.0,0.2847867600254615
1.0,0.2848230201171378
1.0,0.2848592894435248
1.0,0.2848955680081508
1.0,0.28493185581454594
1.0,0.28496815286624205
1.0,0.28500445916677286
1.0,0.2850407747196738
1.0,0.2850770995284822
1.0,0.2851134335967372
1.0,0.2851497769279796
1.0,0.2851861295257522
1.0,0.2852224913935994
1.0,0.2852588625350676
1.0,0.2852952429537049
1.0,0.2853316326530612
1.0,0.28536803163668834
1.0,0.28540443990813985
1.0,0.28544085747097103
1.0,0.28547728432873914
1.0,0.2855137204850032
1.0,0.285550165943324
1.0,0.28558662070726415
1.0,0.28562308478038817
1.0,0.2856595581662623
1.0,0.2856960408684547
1.0,0.2857325328905352
1.0,0.28576903423607564
1.0,0.28580554490864957
1.0,0.28584206491183234
1.0,0.28587859424920126
1.0,0.2859151329243354
1.0,0.2859516809408155
1.0,0.2859882383022245
1.0,0.2860248050121468
1.0,0.2860613810741688
1.0,0.28609796649187874
1.0,0.2861345612688667
1.0,0.28617116540872456
1.0,0.28620777891504606
1.0,0.28624440179142674
1.0,0.28628103404146404
1.0,0.2863176756687572
1.0,0.2863543266769073
1.0,0.2863909870695173
1.0,0.28642765685019206
1.0,0.2864643360225381
1.0,0.2865010245901639
1.0,0.2865377225566799
1.0,0.2865744299256982
1.0,0.2866111467008328
1.0,0.28664787288569965
1.0,0.28668460848391647
1.0,0.28672135349910277
1.0,0.28675810793488016
1.0,0.2867948717948718
1.0,0.2868316450827029
1.0,0.2868684278020005
1.0,0.2869052199563935
1.0,0.2869420215495126
1.0,0.28697883258499035
1.0,0.2870156530664614
1.0,0.2870524829975619
1.0,0.2870893223819302
1.0,0.2871261712232063
1.0,0.2871630295250321
1.0,0.2871998972910515
1.0,0.28723677452491014
1.0,0.28727366123025555
1.0,0.28731055741073724
1.0,0.2873474630700064
1.0,0.28738437821171636
1.0,0.28742130283952205
1.0,0.28745823695708045
1.0,0.2874951805680504
1.0,0.28753213367609254
1.0,0.28756909628486954
1.0,0.28760606839804576
1.0,0.28764305001928764
1.0,0.28768004115226337
1.0,0.2877170418006431
1.0,0.2877540519680988
1.0,0.28779107165830436
1.0,0.28782810087493566
1.0,0.2878651396216703
1.0,0.2879021879021879
1.0,0.2879392457201699
1.0,0.2879763130792997
1.0,0.28801338998326254
1.0,0.28805047643574555
1.0,0.28808757244043787
1.0,0.2881246780010304
1.0,0.28816179312121604
1.0,0.28819891780468954
1.0,0.2882360520551475
1.0,0.28827319587628863
1.0,0.28831034927181337
1.0,0.2883475122454241
1.0,0.2883846848008251
1.0,0.28842186694172256
1.0,0.28845905867182464
1.0,0.28849625999484135
1.0,0.2885334709144847
1.0,0.2885706914344685
1.0,0.28860792155850856
1.0,0.2886451612903226
1.0,0.28868241063363015
1.0,0.28871966959215284
1.0,0.28875693816961406
1.0,0.28879421636973923
1.0,0.28883150419625564
1.0,0.2888688016528926
1.0,0.28890610874338113
1.0,0.2889434254714544
1.0,0.2889807518408474
1.0,0.28901808785529715
1.0,0.28905543351854246
1.0,0.2890927888343241
1.0,0.2891301538063849
1.0,0.2891675284384695
1.0,0.2892049127343245
1.0,0.28924230669769846
1.0,0.2892797103323419
1.0,0.28931712364200723
1.0,0.28935454663044885
1.0,0.289391979301423
1.0,0.28942942165868807
1.0,0.28946687370600416
1.0,0.28950433544713344
1.0,0.28954180688584
1.0,0.28957928802588995
1.0,0.28961677887105125
1.0,0.28965427942509386
1.0,0.2896917896917897
1.0,0.28972930967491256
1.0,0.28976683937823833
1.0,0.28980437880554477
1.0,0.28984192796061153
1.0,0.2898794868472204
1.0,0.289917055469155
1.0,0.2899546338302009
1.0,0.2899922219341457
1.0,0.29002981978477893
1.0,0.29006742738589214
1.0,0.2901050447412787
1.0,0.29014267185473414
1.0,0.2901803087300558
1.0,0.29021795537104306
1.0,0.29025561178149734
1.0,0.2902932779652219
1.0,0.29033095392602204
1.0,0.2903686396677051
1.0,0.2904063351940802
1.0,0.2904440405089587
1.0,0.29048175561615375
1.0,0.2905194805194805
1.0,0.2905572152227562
1.0,0.29059495972979993
1.0,0.2906327140444329
1.0,0.2906704781704782
1.0,0.2907082521117609
1.0,0.2907460358721081
1.0,0.29078382945534903
1.0,0.2908216328653146
1.0,0.29085944610583797
1.0,0.2908972691807542
0.9995529727313366,0.29080504616985303
0.9995529727313366,0.29084287200832465
0.9995529727313366,0.29088070768830493
0.9995529727313366,0.2909185532136352
0.9995529727313366,0.29095640858815874
0.9995529727313366,0.29099427381572096
0.9995529727313366,0.2910321489001692
0.9995529727313366,0.2910700338453528
0.9995529727313366,0.291107928655123
0.9995529727313366,0.2911458333333333
0.9995529727313366,0.29118374788383905
0.9995529727313366,0.2912216723104975
0.9995529727313366,0.29125960661716815
0.9995529727313366,0.29129755080771236
0.9995529727313366,0.29133550488599347
0.9995529727313366,0.291373468855877
0.9995529727313366,0.29141144272123026
0.9995529727313366,0.2914494264859228
0.9995529727313366,0.2914874201538261
0.9995529727313366,0.29152542372881357
0.9995529727313366,0.29156343721476075
0.9995529727313366,0.29160146061554515
0.9995529727313366,0.2916394939350463
0.9995529727313366,0.29167753717714584
0.9995529727313366,0.2917155903457273
0.9995529727313366,0.2917536534446764
0.9995529727313366,0.2917917264778807
0.9995529727313366,0.29182980944923
0.9995529727313366,0.29186790236261584
0.9995529727313366,0.2919060052219321
0.9995529727313366,0.29194411803107456
0.9995529727313366,0.291982240793941
0.9995529727313366,0.2920203735144312
0.9995529727313366,0.29205851619644724
0.9995529727313366,0.2920966688438929
0.9995529727313366,0.29213483146067415
0.9995529727313366,0.29217300405069907
0.9995529727313366,0.2922111866178777
0.9995529727313366,0.2922493791661221
0.9995529727313366,0.29228758169934643
0.9995529727313366,0.2923257942214669
0.9995529727313366,0.29236401673640167
0.9995529727313366,0.2924022492480711
0.9995529727313366,0.2924404917603976
0.9995529727313366,0.2924787442773054
0.9995529727313366,0.2925170068027211
0.9995529727313366,0.29255527934057307
0.9995529727313366,0.29259356189479196
0.9995529727313366,0.2926318544693103
0.9995529727313366,0.2926701570680628
0.9995529727313366,0.29270846969498626
0.9995529727313366,0.2927467923540194
0.9995529727313366,0.29278512504910303
0.9991059454626732,0.2926925091671032
0.9991059454626732,0.29273084479371314
0.9991059454626732,0.29276919046371497
0.9991059454626732,0.2928075461810559
0.9991059454626732,0.2928459119496855
0.9991059454626732,0.29288428777355524
0.9991059454626732,0.2929226736566186
0.9991059454626732,0.2929610696028313
0.9991059454626732,0.29299947561615103
0.9991059454626732,0.29303789170053757
0.9991059454626732,0.2930763178599528
0.9986589181940099,0.29298360655737704
0.9986589181940099,0.29302203567681007
0.9986589181940099,0.2930604748786567
0.9986589181940099,0.2930989241668853
0.9986589181940099,0.2931373835454665
0.9986589181940099,0.2931758530183727
0.9986589181940099,0.2932143325895787
0.9986589181940099,0.29325282226306115
0.9986589181940099,0.293291322042799
0.9986589181940099,0.2933298319327731
0.9986589181940099,0.29336835193696653
0.9986589181940099,0.2934068820593643
0.9986589181940099,0.29344542230395376
0.9986589181940099,0.29348397267472415
0.9986589181940099,0.2935225331756668
0.9986589181940099,0.29356110381077527
0.9986589181940099,0.29359968458404523
0.9986589181940099,0.29363827549947424
0.9986589181940099,0.2936768765610622
0.9986589181940099,0.2937154877728109
0.9986589181940099,0.2937541091387245
0.9986589181940099,0.293792740662809
0.9986589181940099,0.29383138234907274
0.9986589181940099,0.2938700342015259
0.9982118909253465,0.2937771345875543
0.9982118909253465,0.2938157894736842
0.9982118909253465,0.29385445453349124
0.9982118909253465,0.29389312977099236
0.9982118909253465,0.29393181519020667
0.9982118909253465,0.29397051079515535
0.9982118909253465,0.29400921658986173
0.9982118909253465,0.2940479325783513
0.9982118909253465,0.2940866587646517
0.9982118909253465,0.2941253951527924
0.9982118909253465,0.29416414174680544
0.9982118909253465,0.2942028985507246
0.9982118909253465,0.2942416655685861
0.9982118909253465,0.29428044280442806
0.9982118909253465,0.2943192302622908
0.9982118909253465,0.29435802794621674
0.9982118909253465,0.2943968358602505
0.9982118909253465,0.2944356540084388
0.9982118909253465,0.29447448239483054
0.9982118909253465,0.29451332102347666
0.9982118909253465,0.2945521698984303
0.9982118909253465,0.2945910290237467
0.9982118909253465,0.2946298984034833
0.9982118909253465,0.29466877804169966
0.9982118909253465,0.29470766794245745
0.9982118909253465,0.2947465681098205
0.9982118909253465,0.2947854785478548
0.9982118909253465,0.2948243992606285
0.9982118909253465,0.2948633302522118
0.9982118909253465,0.29490227152667725
0.9982118909253465,0.29494122308809934
0.9982118909253465,0.29498018494055483
0.9982118909253465,0.2950191570881226
0.9982118909253465,0.29505813953488375
0.9982118909253465,0.29509713228492135
0.9982118909253465,0.2951361353423209
0.9982118909253465,0.29517514871116984
0.9982118909253465,0.2952141723955579
0.9982118909253465,0.29525320639957686
0.9982118909253465,0.2952922507273208
0.9982118909253465,0.2953313053828859
0.9982118909253465,0.2953703703703704
0.9982118909253465,0.29540944569387484
0.9982118909253465,0.295448531357502
0.9982118909253465,0.2954876273653566
0.9982118909253465,0.2955267337215458
0.9982118909253465,0.2955658504301787
0.9982118909253465,0.2956049774953667
0.9982118909253465,0.29564411492122333
0.9982118909253465,0.2956832627118644
0.9982118909253465,0.29572242087140777
0.9982118909253465,0.2957615894039735
0.9982118909253465,0.29580076831368396
0.9982118909253465,0.2958399576046635
0.9982118909253465,0.2958791572810388
0.9982118909253465,0.29591836734693877
0.9982118909253465,0.2959575878064944
0.9982118909253465,0.2959968186638388
0.9982118909253465,0.2960360599231075
0.9982118909253465,0.2960753115884381
0.9982118909253465,0.2961145736639703
0.9982118909253465,0.29615384615384616
0.997764863656683,0.29606048547552727
0.997764863656683,0.29609976120986997
0.997764863656683,0.2961390473663261
0.997764863656683,0.2961783439490446
0.997764863656683,0.2962176509621765
0.997764863656683,0.29625696840987525
0.997764863656683,0.2962962962962963
0.997764863656683,0.2963356346255975
0.997764863656683,0.29637498340193863
0.997764863656683,0.2964143426294821
0.997764863656683,0.2964537123123921
0.997764863656683,0.2964930924548353
0.997764863656683,0.29653248306098046
0.997764863656683,0.2965718841349987
0.997764863656683,0.29661129568106315
0.997764863656683,0.2966507177033493
0.997764863656683,0.29669015020603484
0.997764863656683,0.29672959319329967
0.997764863656683,0.2967690466693259
0.997764863656683,0.2968085106382979
0.997764863656683,0.2968479851044022
0.997764863656683,0.2968874700718276
0.997764863656683,0.2969269655447652
0.997764863656683,0.2969664715274082
0.997764863656683,0.2970059880239521
0.9973178363880196,0.29691243013042323
0.9973178363880196,0.29695194995341406
0.9973178363880196,0.29699148029818956
0.9973178363880196,0.2970310211689522
0.9973178363880196,0.29707057256990677
0.9973178363880196,0.29711013450526036
0.9973178363880196,0.29714970697922216
0.9973178363880196,0.29718928999600375
0.9973178363880196,0.2972288835598188
0.9973178363880196,0.2972684876748834
0.9973178363880196,0.29730810234541577
0.9973178363880196,0.29734772757563643
0.9973178363880196,0.29738736336976807
0.9973178363880196,0.29742700973203573
0.9973178363880196,0.29746666666666666
0.9968708091193563,0.29737298306440857
0.9964237818506929,0.29727927447319286
0.9964237818506929,0.2973189275710284
0.9964237818506929,0.297358591248666
0.9959767545820295,0.2972648432288192
0.9959767545820295,0.2973045102748866
0.9959767545820295,0.2973441879087148
0.9959767545820295,0.29738387613454353
0.9959767545820295,0.2974235749566146
0.9959767545820295,0.29746328437917224
0.9959767545820295,0.2975030044064628
0.9959767545820295,0.29754273504273504
0.9959767545820295,0.2975824762922399
0.9959767545820295,0.29762222815923056
0.9959767545820295,0.2976619906479626
0.9959767545820295,0.29770176376269375
0.9959767545820295,0.29774154750768406
0.9959767545820295,0.29778134188719596
0.9959767545820295,0.29782114690549394
0.9955297273133661,0.29772727272727273
0.9955297273133661,0.297767081160583
0.9955297273133661,0.29780690024070605
0.9950827000447027,0.2977129864919085
0.9950827000447027,0.29775280898876405
0.9950827000447027,0.29779264214046824
0.9950827000447027,0.29783248595129785
0.9950827000447027,0.2978723404255319
0.9950827000447027,0.2979122055674518
0.9950827000447027,0.29795208138134116
0.9950827000447027,0.29799196787148596
0.9950827000447027,0.2980318650421743
0.9950827000447027,0.2980717728976968
0.9950827000447027,0.29811169144234634
0.9950827000447027,0.2981516206804179
0.9950827000447027,0.298191560616209
0.9950827000447027,0.2982315112540193
0.9950827000447027,0.2982714725981509
0.9950827000447027,0.29831144465290804
0.9946356727760394,0.29821739713175177
0.9946356727760394,0.2982573726541555
0.9946356727760394,0.2982973588952943
0.9946356727760394,0.29833735585947974
0.9946356727760394,0.2983773635510259
0.9946356727760394,0.29841738197424894
0.9946356727760394,0.29845741113346747
0.9946356727760394,0.2984974510330024
0.9946356727760394,0.29853750167717696
0.9946356727760394,0.2985775630703167
0.9946356727760394,0.29861763521674944
0.9946356727760394,0.2986577181208054
0.9946356727760394,0.29869781178681704
0.9946356727760394,0.2987379162191192
0.9946356727760394,0.2987780314220492
0.9946356727760394,0.29881815739994627
0.9946356727760394,0.2988582941571524
0.9946356727760394,0.29889844169801183
0.9946356727760394,0.2989386000268709
0.9946356727760394,0.29897876914807847
0.9946356727760394,0.29901894906598575
0.9946356727760394,0.29905913978494625
0.9946356727760394,0.29909934130931576
0.9946356727760394,0.2991395536434525
0.9946356727760394,0.2991797767917171
0.9946356727760394,0.2992200107584723
0.9946356727760394,0.2992602555480834
0.9946356727760394,0.29930051116491796
0.9946356727760394,0.2993407776133459
0.9946356727760394,0.29938105489773953
0.9946356727760394,0.2994213430224734
0.9946356727760394,0.29946164199192465
0.9946356727760394,0.29950195181047246
0.9946356727760394,0.29954227248249865
0.994188645507376,0.29944796014541536
0.994188645507376,0.2994882844061406
0.994188645507376,0.29952861952861953
0.994188645507376,0.2995689655172414
0.994188645507376,0.2996093223763977
0.994188645507376,0.29964969011048237
0.994188645507376,0.29969006872389164
0.994188645507376,0.29973045822102423
0.994188645507376,0.29977085860628117
0.994188645507376,0.2998112698840658
0.994188645507376,0.29985169205878387
0.994188645507376,0.2998921251348436
0.994188645507376,0.29993256911665545
0.994188645507376,0.2999730240086323
0.994188645507376,0.30001348981518955
0.994188645507376,0.30005396654074473
0.994188645507376,0.300094454189718
0.994188645507376,0.30013495276653174
0.994188645507376,0.30017546227561076
0.994188645507376,0.3002159827213823
0.994188645507376,0.300256514108276
0.994188645507376,0.30029705644072374
0.9937416182387125,0.30020256583389604
0.9937416182387125,0.3002431118314425
0.9937416182387125,0.30028366878292584
0.9937416182387125,0.30032423669278574
0.9937416182387125,0.3003648155654641
0.9937416182387125,0.3004054054054054
0.9937416182387125,0.30044600621705636
0.9937416182387125,0.3004866180048662
0.9932945909700491,0.3003920508314181
0.9932945909700491,0.30043266630611143
0.9932945909700491,0.30047329276538204
0.9932945909700491,0.3005139302136868
0.9932945909700491,0.3005545786554849
0.9932945909700491,0.3005952380952381
0.9932945909700491,0.30063590853741035
0.9932945909700491,0.3006765899864682
0.9932945909700491,0.3007172824468805
0.9932945909700491,0.3007579859231186
0.9932945909700491,0.3007987004196562
0.9932945909700491,0.3008394259409694
0.9932945909700491,0.3008801624915369
0.9932945909700491,0.30092091007583965
0.9932945909700491,0.3009616686983611
0.9932945909700491,0.3010024383635871
0.9932945909700491,0.30104321907600595
0.9932945909700491,0.3010840108401084
0.9932945909700491,0.30112481366038757
0.9932945909700491,0.30116562754133913
0.9932945909700491,0.30120645248746103
0.9932945909700491,0.3012472885032538
0.9932945909700491,0.3012881355932203
0.9932945909700491,0.301328993761866
0.9932945909700491,0.3013698630136986
0.9932945909700491,0.3014107433532284
0.9932945909700491,0.3014516347849681
0.9932945909700491,0.30149253731343284
0.9932945909700491,0.30153345094314016
0.9932945909700491,0.30157437567861023
0.9932945909700491,0.30161531152436544
0.9932945909700491,0.3016562584849308
0.9932945909700491,0.30169721656483367
0.9932945909700491,0.301738185768604
0.9932945909700491,0.30177916610077415
0.9932945909700491,0.3018201575658788
0.9932945909700491,0.3018611601684554
0.9932945909700491,0.30190217391304347
0.9932945909700491,0.30194319880418535
0.9932945909700491,0.30198423484642567
0.9932945909700491,0.30202528204431156
0.9932945909700491,0.3020663404023926
0.9932945909700491,0.30210740992522095
0.9932945909700491,0.3021484906173511
0.9932945909700491,0.30218958248334016
0.9932945909700491,0.30223068552774757
0.9932945909700491,0.30227179975513535
0.9932945909700491,0.302312925170068
0.9932945909700491,0.30235406177711255
0.9932945909700491,0.3023952095808383
0.9932945909700491,0.30243636858581735
0.9932945909700491,0.30247753879662403
0.9932945909700491,0.30251872021783527
0.9932945909700491,0.3025599128540305
0.9932945909700491,0.3026011167097916
0.9932945909700491,0.30264233178970307
0.9932945909700491,0.30268355809835173
0.9932945909700491,0.30272479564032695
0.9932945909700491,0.30276604442022076
0.9932945909700491,0.30280730444262743
0.9932945909700491,0.3028485757121439
0.9932945909700491,0.30288985823336967
0.9932945909700491,0.3029311520109066
0.9932945909700491,0.30297245704935916
0.9932945909700491,0.30301377335333424
0.9932945909700491,0.30305510092744137
0.9932945909700491,0.30309643977629247
0.9932945909700491,0.303137789904502
0.9932945909700491,0.30317915131668716
0.9928475637013858,0.3030840611353712
0.9928475637013858,0.30312542650470864
0.9928475637013858,0.30316680316680317
0.9928475637013858,0.3032081911262799
0.9928475637013858,0.3032495903877662
0.9928475637013858,0.3032910009558924
0.9928475637013858,0.3033324228352909
0.9928475637013858,0.3033738560305969
0.9928475637013858,0.3034153005464481
0.9928475637013858,0.30345675638748465
0.9928475637013858,0.30349822355834927
0.9928475637013858,0.3035397020636873
0.9928475637013858,0.30358119190814653
0.9928475637013858,0.3036226930963773
0.9928475637013858,0.30366420563303254
0.9928475637013858,0.3037057295227677
0.9928475637013858,0.3037472647702407
0.9928475637013858,0.30378881138011216
0.9928475637013858,0.30383036935704516
0.9928475637013858,0.3038719387057053
0.9928475637013858,0.30391351943076084
0.9928475637013858,0.3039551115368824
0.9928475637013858,0.3039967150287435
0.9928475637013858,0.30403832991101987
0.9928475637013858,0.3040799561883899
0.9928475637013858,0.3041215938655347
0.9928475637013858,0.30416324294713776
0.9924005364327224,0.3040679358991919
0.9924005364327224,0.3041095890410959
0.9924005364327224,0.30415125359638306
0.9924005364327224,0.30419292956974514
0.9924005364327224,0.3042346169658764
0.9924005364327224,0.3042763157894737
0.9924005364327224,0.30431802604523644
0.9924005364327224,0.3043597477378667
0.9924005364327224,0.3044014808720691
0.9924005364327224,0.30444322545255076
0.9924005364327224,0.3044849814840214
0.991953509164059,0.3043895747599451
0.991953509164059,0.3044313348881877
0.991953509164059,0.3044731064763996
0.991953509164059,0.3045148895292987
0.991953509164059,0.3045566840516058
0.991953509164059,0.3045984900480439
0.991953509164059,0.3046403075233388
0.991953509164059,0.30468213648221887
0.991953509164059,0.304723976929415
0.991953509164059,0.30476582886966075
0.991953509164059,0.30480769230769234
0.991953509164059,0.3048495672482484
0.991953509164059,0.30489145369607035
0.9915064818953956,0.304795932389721
0.9915064818953956,0.30483782297965917
0.9915064818953956,0.30487972508591066
0.9915064818953956,0.3049216387132252
0.9915064818953956,0.30496356386635504
0.9915064818953956,0.305005500550055
0.9915064818953956,0.30504744876908263
0.9915064818953956,0.30508940852819805
0.9915064818953956,0.305131379832164
0.9915064818953956,0.30517336268574574
0.9915064818953956,0.3052153570937113
0.9915064818953956,0.3052573630608313
0.9915064818953956,0.3052993805918789
0.9915064818953956,0.30534140969163
0.9915064818953956,0.30538345036486303
0.9915064818953956,0.30542550261635915
0.9915064818953956,0.30546756645090206
0.9915064818953956,0.3055096418732782
0.9915064818953956,0.30555172888827664
0.9915064818953956,0.3055938275006889
0.9915064818953956,0.30563593771530934
0.9915064818953956,0.30567805953693494
0.9915064818953956,0.3057201929703653
0.9915064818953956,0.30576233802040254
0.9915064818953956,0.30580449469185167
0.9915064818953956,0.3058466629895201
0.9915064818953956,0.30588884291821816
0.9915064818953956,0.3059310344827586
0.9915064818953956,0.305973237687957
0.9915064818953956,0.3060154525386313
0.9915064818953956,0.30605767903960257
0.9915064818953956,0.3060999171956942
0.9915064818953956,0.30614216701173225
0.9915064818953956,0.30618442849254557
0.9915064818953956,0.3062267016429656
0.9915064818953956,0.3062689864678266
0.9915064818953956,0.3063112829719652
0.9915064818953956,0.306353591160221
0.9915064818953956,0.30639591103743613
0.9915064818953956,0.30643824260845537
0.9915064818953956,0.3064805858781263
0.9915064818953956,0.30652294085129905
0.9915064818953956,0.3065653075328265
0.9915064818953956,0.30660768592756427
0.9915064818953956,0.30665007604037053
0.9915064818953956,0.3066924778761062
0.9910594546267323,0.3065965979809155
0.9910594546267323,0.3066390041493776
0.9910594546267323,0.3066814220500761
0.9910594546267323,0.30672385168788047
0.9910594546267323,0.30676629306766295
0.9910594546267323,0.3068087461942984
0.9910594546267323,0.3068512110726644
0.9910594546267323,0.3068936877076412
0.9910594546267323,0.3069361761041119
0.9910594546267323,0.30697867626696207
0.9910594546267323,0.3070211882010802
0.9910594546267323,0.30706371191135734
0.9910594546267323,0.3071062474026873
0.9910594546267323,0.30714879467996675
0.9910594546267323,0.30719135374809475
0.9910594546267323,0.3072339246119734
0.9910594546267323,0.3072765072765073
0.9910594546267323,0.3073191017466038
0.9910594546267323,0.30736170802717316
0.9910594546267323,0.3074043261231281
0.9910594546267323,0.30744695603938427
0.9910594546267323,0.30748959778085994
0.9910594546267323,0.3075322513524761
0.9910594546267323,0.3075749167591565
0.9910594546267323,0.30761759400582767
0.9910594546267323,0.30766028309741883
0.9910594546267323,0.3077029840388619
0.9906124273580689,0.3076068850638534
0.9906124273580689,0.30764959044842427
0.9906124273580689,0.3076923076923077
0.9906124273580689,0.3077350368004444
0.9906124273580689,0.30777777777777776
0.9901654000894055,0.30768162244756214
0.9901654000894055,0.30772436787996665
0.9901654000894055,0.3077671251910518
0.9901654000894055,0.3078098943857699
0.9901654000894055,0.30785267546907574
0.9901654000894055,0.30789546844592713
0.9901654000894055,0.3079382733212846
0.9901654000894055,0.3079810901001112
0.9901654000894055,0.3080239187873731
0.9901654000894055,0.30806675938803896
0.9901654000894055,0.30810961190708025
0.9901654000894055,0.30815247634947135
0.9901654000894055,0.3081953527201892
0.9901654000894055,0.30823824102421377
0.9901654000894055,0.3082811412665275
0.989718372820742,0.30818485523385303
0.989718372820742,0.3082277599888626
0.989718372820742,0.3082706766917293
0.989718372820742,0.3083136053474446
0.989718372820742,0.30835654596100276
0.989718372820742,0.30839949853740073
0.989718372820742,0.30844246308163836
0.989718372820742,0.3084854395987181
0.989718372820742,0.3085284280936455
0.989718372820742,0.30857142857142855
0.989718372820742,0.30861444103707836
0.989718372820742,0.3086574654956085
0.989718372820742,0.3087005019520357
0.989718372820742,0.3087435504113792
0.989718372820742,0.3087866108786611
0.989718372820742,0.3088296833589064
0.989718372820742,0.30887276785714285
0.989718372820742,0.308915864378401
0.989718372820742,0.3089589729277142
0.989718372820742,0.30900209351011865
0.989718372820742,0.30904522613065327
0.9892713455520786,0.3089487644841547
0.9892713455520786,0.30899190170343477
0.9892713455520786,0.30903505097053485
0.9892713455520786,0.3090782122905028
0.9892713455520786,0.3091213856683894
0.9892713455520786,0.3091645711092484
0.9892713455520786,0.3092077686181361
0.9892713455520786,0.30925097820011177
0.9892713455520786,0.3092941998602376
0.9892713455520786,0.3093374336035784
0.9892713455520786,0.30938067943520203
0.9892713455520786,0.309423937360179
0.9892713455520786,0.30946720738358274
0.9892713455520786,0.3095104895104895
0.9892713455520786,0.3095537837459785
0.9892713455520786,0.30959709009513153
0.9892713455520786,0.30964040856303343
0.9892713455520786,0.3096837391547719
0.9892713455520786,0.30972708187543735
0.9892713455520786,0.30977043673012317
0.9892713455520786,0.30981380372392553
0.9892713455520786,0.3098571828619434
0.9892713455520786,0.3099005741492788
0.9892713455520786,0.3099439775910364
0.9892713455520786,0.3099873931923239
0.9888243182834153,0.30989072569347154
0.9888243182834153,0.30993414599971975
0.9888243182834153,0.3099775784753363
0.9888243182834153,0.310021023125438
0.9888243182834153,0.31006447995514436
0.9888243182834153,0.310107948969578
0.9888243182834153,0.31015143017386426
0.9888243182834153,0.3101949235731314
0.9888243182834153,0.31023842917251054
0.9888243182834153,0.3102819469771356
0.9888243182834153,0.31032547699214363
0.9888243182834153,0.31036901922267435
0.9888243182834153,0.3104125736738703
0.9888243182834153,0.3104561403508772
0.9888243182834153,0.31049971925884334
0.9888243182834153,0.3105433104029201
0.9888243182834153,0.3105869137882617
0.9888243182834153,0.3106305294200253
0.9888243182834153,0.3106741573033708
0.9888243182834153,0.3107177974434612
0.9888243182834153,0.3107614498454622
0.9888243182834153,0.3108051145145426
0.9888243182834153,0.3108487914558741
0.9883772910147519,0.31075193253689387
0.9883772910147519,0.31079561428169805
0.9883772910147519,0.31083930830873047
0.9883772910147519,0.3108830146231721
0.9883772910147519,0.3109267332302067
0.9883772910147519,0.3109704641350211
0.9883772910147519,0.3110142073428049
0.9883772910147519,0.3110579628587507
0.9883772910147519,0.311101730688054
0.9883772910147519,0.3111455108359133
0.9883772910147519,0.3111893033075299
0.9883772910147519,0.3112331081081081
0.9883772910147519,0.3112769252428551
0.9883772910147519,0.3113207547169811
0.9883772910147519,0.3113645965356992
0.9883772910147519,0.31140845070422535
0.9883772910147519,0.31145231722777855
0.9883772910147519,0.31149619611158075
0.9883772910147519,0.3115400873608567
0.9883772910147519,0.3115839909808343
0.9883772910147519,0.3116279069767442
0.9883772910147519,0.31167183535382015
0.9883772910147519,0.3117157761172987
0.9883772910147519,0.31175972927241963
0.9883772910147519,0.3118036948244253
0.9883772910147519,0.31184767277856135
0.9883772910147519,0.31189166314007616
0.9883772910147519,0.3119356659142212
0.9883772910147519,0.3119796811062509
0.9883772910147519,0.31202370872142254
0.9883772910147519,0.3120677487649965
0.9883772910147519,0.31211180124223603
0.9883772910147519,0.31215586615840746
0.9883772910147519,0.31219994351878
0.9879302637460885,0.31210281033752296
0.9879302637460885,0.3121468926553672
0.9879302637460885,0.31219098742760276
0.9879302637460885,0.3122350946595083
0.9879302637460885,0.3122792143563657
0.9879302637460885,0.31232334652345956
0.9879302637460885,0.31236749116607776
0.9879302637460885,0.3124116482895109
0.9879302637460885,0.31245581789905275
0.9879302637460885,0.3125
0.9879302637460885,0.31254419459765237
0.9879302637460885,0.3125884016973126
0.9879302637460885,0.3126326213042863
0.9879302637460885,0.3126768534238823
0.9879302637460885,0.3127210980614122
0.9879302637460885,0.3127653552221908
0.9879302637460885,0.31280962491153574
0.9879302637460885,0.31285390713476785
0.9879302637460885,0.3128982018972108
0.9879302637460885,0.3129425092041914
0.9879302637460885,0.31298682906103953
0.9879302637460885,0.3130311614730878
0.9879302637460885,0.31307550644567217
0.9879302637460885,0.3131198639841315
0.9879302637460885,0.31316423409380756
0.9879302637460885,0.31320861678004536
0.9879302637460885,0.3132530120481928
0.9879302637460885,0.31329741990360077
0.9879302637460885,0.31334184035162344
0.9879302637460885,0.3133862733976177
0.9879302637460885,0.3134307190469437
0.9879302637460885,0.31347517730496455
0.9879302637460885,0.3135196481770464
0.9879302637460885,0.31356413166855845
0.9879302637460885,0.313608627784873
0.9879302637460885,0.31365313653136534
0.9879302637460885,0.31369765791341375
0.9879302637460885,0.3137421919363998
0.9879302637460885,0.31378673860570777
0.9879302637460885,0.31383129792672537
0.9879302637460885,0.31387586990484306
0.9879302637460885,0.31392045454545453
0.9879302637460885,0.3139650518539565
0.9879302637460885,0.3140096618357488
0.9879302637460885,0.3140542844962342
0.9879302637460885,0.31409891984081867
0.9879302637460885,0.31414356787491116
0.9879302637460885,0.3141882286039238
0.9879302637460885,0.3142329020332717
0.9879302637460885,0.31427758816837315
0.9879302637460885,0.3143222870146494
0.9879302637460885,0.31436699857752487
0.9879302637460885,0.3144117228624271
0.9879302637460885,0.31445645987478654
0.9879302637460885,0.314501209620037
0.9879302637460885,0.3145459721036151
0.9879302637460885,0.3145907473309609
0.9879302637460885,0.3146355353075171
0.9879302637460885,0.3146803360387299
0.9879302637460885,0.31472514953004843
0.9879302637460885,0.31476997578692495
0.9879302637460885,0.3148148148148148
0.9879302637460885,0.3148596666191765
0.9874832364774251,0.3147620404673696
0.9874832364774251,0.3148068975345589
0.9874832364774251,0.31485176738882553
0.9874832364774251,0.31489665003563794
0.9874832364774251,0.31494154548046766
0.9874832364774251,0.3149864537287894
0.9874832364774251,0.315031374786081
0.9874832364774251,0.31507630865782343
0.9874832364774251,0.3151212553495007
0.9874832364774251,0.31516621486660007
0.9874832364774251,0.3152111872146119
0.9874832364774251,0.31525617239902953
0.9874832364774251,0.3153011704253497
0.9874832364774251,0.3153461812990721
0.9870362092087618,0.31524842946887494
0.9870362092087618,0.3152934456661431
0.9870362092087618,0.31533847472150817
0.9870362092087618,0.3153835166404799
0.9870362092087618,0.31542857142857145
0.9870362092087618,0.3154736390912988
0.9870362092087618,0.3155187196341812
0.9870362092087618,0.31556381306274117
0.9870362092087618,0.3156089193825043
0.9870362092087618,0.31565403859899926
0.9870362092087618,0.3156991707177581
0.9865891819400984,0.3156013156013156
0.9865891819400984,0.3156464530892448
0.9865891819400984,0.3156916034902017
0.9865891819400984,0.3157367668097282
0.9865891819400984,0.3157819430533696
0.9865891819400984,0.3158271322266743
0.9865891819400984,0.3158723343351939
0.9865891819400984,0.31591754938448324
0.9865891819400984,0.3159627773801002
0.9865891819400984,0.31600801832760594
0.9865891819400984,0.3160532722325648
0.9865891819400984,0.31609853910054425
0.9865891819400984,0.316143818937115
0.9865891819400984,0.316189111747851
0.9865891819400984,0.31623441753832926
0.9865891819400984,0.31627973631413014
0.9865891819400984,0.31632506808083705
0.9865891819400984,0.3163704128440367
0.9865891819400984,0.31641577060931897
0.9865891819400984,0.31646114138227704
0.986142154671435,0.3163631148716478
0.986142154671435,0.3164084911072863
0.9856951274027715,0.31631042891981065
0.9856951274027715,0.3163558106169297
0.9856951274027715,0.3164012053379251
0.9856951274027715,0.31644661308840416
0.9856951274027715,0.31649203387397734
0.9856951274027715,0.3165374677002584
0.9856951274027715,0.3165829145728643
0.9856951274027715,0.31662837449741527
0.9856951274027715,0.3166738474795347
0.9856951274027715,0.31671933352484916
0.9856951274027715,0.31676483263898864
0.9856951274027715,0.3168103448275862
0.9856951274027715,0.3168558700962782
0.9856951274027715,0.31690140845070425
0.9856951274027715,0.3169469598965071
0.9856951274027715,0.31699252443933296
0.9856951274027715,0.3170381020848311
0.9856951274027715,0.317083692838654
0.9856951274027715,0.3171292967064576
0.9856951274027715,0.31717491369390105
0.9856951274027715,0.31722054380664655
0.9856951274027715,0.3172661870503597
0.9856951274027715,0.31731184343070945
0.9856951274027715,0.3173575129533679
0.9856951274027715,0.31740319562401037
0.9856951274027715,0.31744889144831556
0.9856951274027715,0.3174946004319654
0.9856951274027715,0.3175403225806452
0.9856951274027715,0.3175860579000432
0.9856951274027715,0.3176318063958513
0.9856951274027715,0.31767756807376457
0.9856951274027715,0.3177233429394813
0.9856951274027715,0.31776913099870296
0.9856951274027715,0.31781493225713464
0.9856951274027715,0.31786074672048437
0.9856951274027715,0.3179065743944637
0.9856951274027715,0.3179524152847873
0.9856951274027715,0.31799826939717335
0.9856951274027715,0.31804413673734316
0.9856951274027715,0.3180900173110214
0.9856951274027715,0.31813591112393597
0.9856951274027715,0.3181818181818182
0.9856951274027715,0.31822773849040265
0.9852481001341081,0.31812933025404155
0.9852481001341081,0.31817525624368415
0.9852481001341081,0.31822119549523536
0.9852481001341081,0.31826714801444045
0.9852481001341081,0.31831311380704796
0.9852481001341081,0.31835909287880976
0.9852481001341081,0.31840508523548106
0.9852481001341081,0.3184510908828204
0.9852481001341081,0.3184971098265896
0.9852481001341081,0.31854314207255385
0.9852481001341081,0.31858918762648164
0.9852481001341081,0.3186352464941449
0.9852481001341081,0.31868131868131866
0.9852481001341081,0.31872740419378165
0.9852481001341081,0.3187735030373156
0.9852481001341081,0.3188196152177058
0.9852481001341081,0.31886574074074076
0.9852481001341081,0.3189118796122124
0.9852481001341081,0.31895803183791605
0.9852481001341081,0.3190041974236503
0.9848010728654448,0.31890561667631734
0.9848010728654448,0.31895178804111773
0.9848010728654448,0.3189979727772951
0.9848010728654448,0.31904417089065895
0.9843540455967814,0.31894553881807647
0.9843540455967814,0.3189917427205563
0.9843540455967814,0.31903796001159085
0.9843540455967814,0.31908419069700045
0.9843540455967814,0.3191304347826087
0.9843540455967814,0.31917669227424267
0.9843540455967814,0.3192229631777327
0.9843540455967814,0.31926924749891256
0.9843540455967814,0.3193155452436195
0.9843540455967814,0.319361856417694
0.9843540455967814,0.31940818102698
0.9843540455967814,0.3194545190773248
0.9843540455967814,0.3195008705745792
0.9843540455967814,0.3195472355245973
0.9843540455967814,0.3195936139332366
0.9843540455967814,0.319640005806358
0.9843540455967814,0.31968641114982577
0.9843540455967814,0.31973282996950775
0.9843540455967814,0.31977926227127507
0.9843540455967814,0.3198257080610022
0.9843540455967814,0.31987216734456714
0.9843540455967814,0.3199186401278512
0.9843540455967814,0.3199651264167393
0.9843540455967814,0.3200116262171196
0.9843540455967814,0.3200581395348837
0.9843540455967814,0.3201046663759267
0.983907018328118,0.3200058156440826
0.983907018328118,0.32005234840773594
0.983907018328118,0.32009889470622455
0.983907018328118,0.32014545454545457
0.983907018328118,0.32019202793133544
0.983907018328118,0.3202386148697803
0.983907018328118,0.32028521536670546
0.983907018328118,0.32033182942803085
0.983907018328118,0.32037845705967977
0.983907018328118,0.320425098267579
0.983907018328118,0.3204717530576587
0.983907018328118,0.32051842143585263
0.983907018328118,0.32056510340809785
0.983907018328118,0.32061179898033504
0.983907018328118,0.32065850815850816
0.983907018328118,0.3207052309485648
0.983907018328118,0.32075196735645584
0.983907018328118,0.32079871738813587
0.983907018328118,0.3208454810495627
0.9834599910594546,0.32074646449919814
0.9834599910594546,0.32079323417906097
0.9834599910594546,0.3208400175003646
0.9834599910594546,0.3208868144690782
0.9834599910594546,0.32093362509117435
0.9834599910594546,0.3209804493726291
0.9834599910594546,0.32102728731942215
0.9834599910594546,0.3210741389375365
0.9834599910594546,0.3211210042329587
0.9834599910594546,0.32116788321167883
0.9834599910594546,0.32121477587969044
0.9830129637907913,0.3211156542056075
0.9830129637907913,0.3211625529428947
0.9830129637907913,0.3212094653812445
0.9830129637907913,0.3212563915266618
0.9830129637907913,0.3213033313851549
0.9830129637907913,0.32135028496273566
0.9830129637907913,0.3213972522654195
0.9830129637907913,0.3214442332992253
0.9830129637907913,0.32149122807017544
0.9830129637907913,0.3215382365842959
0.9830129637907913,0.32158525884761624
0.9830129637907913,0.3216322948661694
0.9830129637907913,0.3216793446459918
0.9830129637907913,0.32172640819312365
0.9830129637907913,0.3217734855136084
0.9830129637907913,0.32182057661349334
0.9830129637907913,0.32186768149882905
0.9830129637907913,0.32191480017566976
0.9830129637907913,0.3219619326500732
0.9830129637907913,0.32200907892810077
0.9825659365221279,0.3219097832454599
0.9825659365221279,0.3219569356964992
0.9821189092534645,0.3218576032815705
0.9821189092534645,0.3219047619047619
0.981671881984801,0.32180539273153574
0.981671881984801,0.32185255752601494
0.981671881984801,0.32189973614775724
0.981671881984801,0.3219469286028442
0.981671881984801,0.32199413489736073
0.981671881984801,0.3220413550373955
0.981671881984801,0.32208858902904075
0.981671881984801,0.32213583687839226
0.981671881984801,0.3221830985915493
0.981671881984801,0.3222303741746148
0.981671881984801,0.3222776636336953
0.981671881984801,0.32232496697490093
0.9812248547161377,0.3222254844392249
0.9812248547161377,0.3222727940096902
0.9812248547161377,0.3223201174743025
0.9812248547161377,0.32236745483918344
0.9812248547161377,0.3224148061104583
0.9812248547161377,0.3224621712942559
0.9812248547161377,0.3225095503967088
0.9812248547161377,0.32255694342395297
0.9812248547161377,0.32260435038212815
0.9812248547161377,0.32265177127737765
0.9812248547161377,0.3226992061158483
0.9812248547161377,0.32274665490369064
0.9812248547161377,0.32279411764705884
0.9812248547161377,0.32284159435211063
0.9812248547161377,0.32288908502500735
0.9812248547161377,0.3229365896719141
0.9812248547161377,0.32298410829899943
0.9812248547161377,0.32303164091243564
0.9812248547161377,0.3230791875183986
0.9812248547161377,0.32312674812306785
0.9812248547161377,0.32317432273262664
0.9812248547161377,0.32322191135326167
0.9812248547161377,0.3232695139911635
0.9812248547161377,0.32331713065252615
0.9812248547161377,0.3233647613435474
0.9812248547161377,0.32341240607042876
0.9812248547161377,0.32346006483937517
0.9812248547161377,0.3235077376565954
0.9812248547161377,0.3235554245283019
0.9812248547161377,0.32360312546071063
0.9812248547161377,0.3236508404600413
0.9812248547161377,0.32369856953251736
0.9812248547161377,0.32374631268436577
0.9812248547161377,0.32379406992181736
0.9812248547161377,0.32384184125110654
0.9812248547161377,0.3238896266784713
0.9812248547161377,0.3239374262101535
0.9812248547161377,0.3239852398523985
0.9812248547161377,0.32403306761145556
0.9812248547161377,0.32408090949357743
0.9812248547161377,0.3241287655050207
0.9812248547161377,0.32417663565204546
0.9807778274474743,0.32407680945347117
0.9807778274474743,0.32412468606884326
0.9807778274474743,0.3241725768321513
0.9807778274474743,0.3242204817496675
0.9807778274474743,0.3242684008276677
0.9807778274474743,0.32431633407243166
0.9807778274474743,0.32436428149024243
0.9807778274474743,0.32441224308738725
0.9807778274474743,0.32446021887015675
0.9807778274474743,0.32450820884484544
0.9807778274474743,0.3245562130177515
0.9807778274474743,0.3246042313951768
0.9803308001788109,0.3245042912104173
0.9803308001788109,0.3245523161166198
0.9798837729101475,0.32445233866193013
0.9798837729101475,0.324500370096225
0.9798837729101475,0.3245484157536275
0.9798837729101475,0.3245964756404561
0.9798837729101475,0.3246445497630332
0.9798837729101475,0.3246926381276848
0.9798837729101475,0.3247407407407407
0.9798837729101475,0.3247888576085346
0.9798837729101475,0.3248369887374037
0.9798837729101475,0.324885134133689
0.9794367456414841,0.32478505781203676
0.9794367456414841,0.32483320978502594
0.9794367456414841,0.3248813760379597
0.9794367456414841,0.32492955657719114
0.9794367456414841,0.3249777514090774
0.9789897183728208,0.32487761459724074
0.9789897183728208,0.3249258160237389
0.9789897183728208,0.3249740317554533
0.9789897183728208,0.3250222617987533
0.9789897183728208,0.3250705061600119
0.9789897183728208,0.3251187648456057
0.9789897183728208,0.32516703786191536
0.9785426911041574,0.32506682506682505
0.9785426911041574,0.32511510470815386
0.9785426911041574,0.32516339869281047
0.9785426911041574,0.32521170702718766
0.978095663835494,0.325111441307578
0.978095663835494,0.3251597562787933
0.978095663835494,0.32520808561236625
0.978095663835494,0.32525642931470194
0.978095663835494,0.32530478739220936
0.978095663835494,0.3253531598513011
0.978095663835494,0.32540154669839383
0.978095663835494,0.3254499479399078
0.978095663835494,0.3254983635822672
0.978095663835494,0.32554679363190003
0.9776486365668305,0.3254464285714286
0.9776486365668305,0.3254948653073374
0.9776486365668305,0.3255433164632331
0.9776486365668305,0.32559178204555606
0.9776486365668305,0.3256402620607505
0.9776486365668305,0.32568875651526435
0.9772016092981672,0.3255883229073578
0.9772016092981672,0.3256368240726948
0.9772016092981672,0.32568533969010727
0.9772016092981672,0.32573386976605573
0.9772016092981672,0.3257824143070045
0.9772016092981672,0.3258309733194217
0.9772016092981672,0.3258795468097794
0.9772016092981672,0.32592813478455346
0.9772016092981672,0.3259767372502237
0.9767545820295038,0.32587621178225207
0.9767545820295038,0.3259248210023866
0.9767545820295038,0.32597344472624196
0.9767545820295038,0.3260220829603104
0.9767545820295038,0.3260707357110879
0.9767545820295038,0.32611940298507464
0.9767545820295038,0.32616808478877446
0.9767545820295038,0.3262167811286951
0.9767545820295038,0.32626549201134836
0.9767545820295038,0.3263142174432497
0.9767545820295038,0.3263629574309186
0.9763075547608404,0.32626232446967435
0.9763075547608404,0.32631107126848946
0.9763075547608404,0.3263598326359833
0.9763075547608404,0.3264086085786878
0.9763075547608404,0.32645739910313903
0.9763075547608404,0.32650620421587684
0.9763075547608404,0.326555023923445
0.9763075547608404,0.3266038582323912
0.9763075547608404,0.32665270714926714
0.9763075547608404,0.3267015706806283
0.9763075547608404,0.3267504488330341
0.9763075547608404,0.326799341613048
0.9763075547608404,0.32684824902723736
0.9763075547608404,0.3268971710821733
0.9763075547608404,0.3269461077844311
0.975860527492177,0.3268453361281629
0.975860527492177,0.3268942797244684
0.975860527492177,0.32694323798112923
0.975860527492177,0.32699221090473335
0.9754135002235136,0.32689138576779025
0.9754135002235136,0.3269403655978424
0.9754135002235136,0.3269893601078975
0.9754135002235136,0.3270383693045564
0.9754135002235136,0.32708739319442365
0.9749664729548503,0.32698650674662666
0.9749664729548503,0.32703553756185333
0.9749664729548503,0.32708458308338334
0.9749664729548503,0.3271336433178341
0.9749664729548503,0.32718271827182716
0.9749664729548503,0.327231807951988
0.9749664729548503,0.327280912364946
0.9749664729548503,0.32733003151733453
0.9749664729548503,0.32737916541579104
0.9749664729548503,0.32742831406695694
0.9749664729548503,0.32747747747747746
0.9749664729548503,0.32752665565400213
0.9749664729548503,0.3275758486031841
0.9745194456861869,0.32747483851584797
0.9740724184175235,0.3273737980769231
0.9740724184175235,0.3274229902329076
0.9740724184175235,0.3274721971746318
0.9740724184175235,0.32752141890876296
0.9740724184175235,0.32757065544197234
0.9740724184175235,0.3276199067809352
0.9740724184175235,0.32766917293233083
0.9740724184175235,0.32771845390284254
0.9740724184175235,0.3277677496991576
0.9740724184175235,0.3278170603279675
0.9740724184175235,0.3278663857959675
0.9740724184175235,0.32791572610985703
0.9740724184175235,0.32796508127633955
0.9740724184175235,0.32801445130212253
0.9740724184175235,0.3280638361939175
0.9740724184175235,0.32811323595844
0.97362539114886,0.3280120481927711
0.97362539114886,0.3280614550384094
0.97362539114886,0.32811087677011147
0.9731783638801967,0.32800964291095375
0.9731783638801967,0.3280590717299578
0.9731783638801967,0.3281085154483798
0.9731783638801967,0.3281579740729575
0.9731783638801967,0.3282074476104327
0.9731783638801967,0.32825693606755124
0.9731783638801967,0.3283064394510632
0.9731783638801967,0.3283559577677225
0.9731783638801967,0.32840549102428723
0.9731783638801967,0.3284550392275196
0.9731783638801967,0.3285046023841859
0.9731783638801967,0.32855418050105645
0.9731783638801967,0.32860377358490567
0.9731783638801967,0.32865338164251207
0.9731783638801967,0.32870300468065833
0.9731783638801967,0.3287526427061311
0.9731783638801967,0.32880229572572117
0.9731783638801967,0.32885196374622355
0.9731783638801967,0.32890164677443723
0.9731783638801967,0.3289513448171653
0.9731783638801967,0.32900105788121503
0.9731783638801967,0.3290507859733978
0.9731783638801967,0.3291005291005291
0.9731783638801967,0.32915028726942847
0.9731783638801967,0.3292000604869197
0.9731783638801967,0.3292498487598306
0.9731783638801967,0.3292996520949932
0.9731783638801967,0.32934947049924357
0.9731783638801967,0.329399303979422
0.9731783638801967,0.3294491525423729
0.9731783638801967,0.32949901619494476
0.9731783638801967,0.3295488949439903
0.9731783638801967,0.3295987887963664
0.9731783638801967,0.32964869775893396
0.9731783638801967,0.32969862183855825
0.9731783638801967,0.3297485610421085
0.9731783638801967,0.3297985153764581
0.9731783638801967,0.32984848484848484
0.9731783638801967,0.32989846946507045
0.9731783638801967,0.32994846923310095
0.9727313366115333,0.32984690010610884
0.9727313366115333,0.32989690721649484
0.9727313366115333,0.3299469294920394
0.9727313366115333,0.3299969669396421
0.9727313366115333,0.3300470195662066
0.9727313366115333,0.3300970873786408
0.9727313366115333,0.33014717038385677
0.9727313366115333,0.33019726858877085
0.9727313366115333,0.3302473820003035
0.9727313366115333,0.3302975106253795
0.9727313366115333,0.33034765447092757
0.9722843093428699,0.33024597631339203
0.9722843093428699,0.33029612756264237
0.9722843093428699,0.33034629404617255
0.9722843093428699,0.3303964757709251
0.9722843093428699,0.33044667274384687
0.9722843093428699,0.3304968849718888
0.9722843093428699,0.3305471124620061
0.9722843093428699,0.33059735522115824
0.9718372820742065,0.3304955913651566
0.9718372820742065,0.33054584156910444
0.9718372820742065,0.3305961070559611
0.9718372820742065,0.3306463878326996
0.9718372820742065,0.33069668390629753
0.9718372820742065,0.3307469952837365
0.9718372820742065,0.33079732197200246
0.9718372820742065,0.3308476639780855
0.9718372820742065,0.3308980213089802
0.9718372820742065,0.3309483939716852
0.9713902548055431,0.33084652862362973
0.9713902548055431,0.330896908786356
0.9713902548055431,0.33094730429485225
0.9713902548055431,0.330997715156131
0.9713902548055431,0.331048141377209
0.9713902548055431,0.3310985829651074
0.9713902548055431,0.3311490399268516
0.9713902548055431,0.33119951226947114
0.9713902548055431,0.33125
0.9713902548055431,0.33130050312547643
0.9713902548055431,0.33135102165294295
0.9713902548055431,0.3314015555894464
0.9713902548055431,0.3314521049420378
0.9713902548055431,0.3315026697177727
0.9713902548055431,0.3315532499237107
0.9709432275368798,0.3314512437051732
0.9709432275368798,0.3315018315018315
0.9709432275368798,0.33155243474278734
0.9709432275368798,0.3316030534351145
0.9709432275368798,0.331653687585891
0.9709432275368798,0.33170433720219916
0.9709432275368798,0.3317550022911257
0.9709432275368798,0.3318056828597617
0.9709432275368798,0.3318563789152024
0.9709432275368798,0.3319070904645477
0.9709432275368798,0.33195781751490144
0.9704962002682164,0.3318557016202996
0.9704962002682164,0.331906436324721
0.9704962002682164,0.33195718654434253
0.9704962002682164,0.3320079522862823
0.9704962002682164,0.3320587335576629
0.9704962002682164,0.33210953036561114
0.9704962002682164,0.33216034271725825
0.970049172999553,0.3320581484315226
0.970049172999553,0.33210896847260485
0.970049172999553,0.3321598040716363
0.970049172999553,0.3322106552357624
0.970049172999553,0.3322615219721329
0.970049172999553,0.332312404287902
0.970049172999553,0.3323633021902282
0.970049172999553,0.3324142156862745
0.9696021457308895,0.3323119350390685
0.9696021457308895,0.3323628562672387
0.9696021457308895,0.33241379310344826
0.9696021457308895,0.3324647455548743
0.9696021457308895,0.3325157136286985
0.9696021457308895,0.3325666973321067
0.9696021457308895,0.3326176966722895
0.9696021457308895,0.33266871165644174
0.9696021457308895,0.33271974229176254
0.9691551184622262,0.33261736729057995
0.9687080911935628,0.3325149608715667
0.9687080911935628,0.3325659914057704
0.9687080911935628,0.3326170376055257
0.9682610639248994,0.3325656379548595
0.9682610639248994,0.33261670761670764
0.9682610639248994,0.3326677929657503
0.9682610639248994,0.3327188940092166
0.9682610639248994,0.33277001075434015
0.9682610639248994,0.3328211432083589
0.9682610639248994,0.33287229137851543
0.9682610639248994,0.3329234552720566
0.9682610639248994,0.3329746348962337
0.9682610639248994,0.33302583025830257
0.9682610639248994,0.33307704136552363
0.9682610639248994,0.3331282682251615
0.9682610639248994,0.33317951084448544
0.9682610639248994,0.3332307692307692
0.9682610639248994,0.33328204339129097
0.9682610639248994,0.3333333333333333
0.9682610639248994,0.3333846390641835
0.9682610639248994,0.333435960591133
0.9682610639248994,0.3334872979214781
0.9682610639248994,0.33353865106251923
0.9682610639248994,0.3335900200215617
0.967814036656236,0.3334873690696242
0.967814036656236,0.333538745955939
0.967814036656236,0.33359013867488446
0.967814036656236,0.33364154723378026
0.967814036656236,0.33369297163995065
0.967814036656236,0.3337444119007245
0.967814036656236,0.3337958680234351
0.967814036656236,0.3338473400154202
0.967814036656236,0.3338988278840222
0.967814036656236,0.333950331636588
0.967814036656236,0.334001851280469
0.967814036656236,0.33405338682302116
0.967814036656236,0.3341049382716049
0.967814036656236,0.33415650563358545
0.967814036656236,0.3342080889163322
0.967814036656236,0.3342596881272194
0.967814036656236,0.3343113032736257
0.967814036656236,0.33436293436293435
0.967814036656236,0.3344145814025332
0.967814036656236,0.3344662443998146
0.967814036656236,0.3345179233621755
0.967814036656236,0.3345696182970175
0.967814036656236,0.33462132921174653
0.967814036656236,0.3346730561137734
0.967814036656236,0.3347247990105133
0.967814036656236,0.3347765579093861
0.967814036656236,0.33482833281781627
0.967814036656236,0.3348801237432328
0.967814036656236,0.3349319306930693
0.967814036656236,0.334983753674764
0.967814036656236,0.33503559269575983
0.967814036656236,0.3350874477635041
0.967814036656236,0.3351393188854489
0.967814036656236,0.33519120606905095
0.9673670093875727,0.3350882626200062
0.9673670093875727,0.33514015796809665
0.9673670093875727,0.3351920693928129
0.9673670093875727,0.33524399690162665
0.9673670093875727,0.3352959405020143
0.9673670093875727,0.33534790020145666
0.9673670093875727,0.33539987600743953
0.9673670093875727,0.33545186792745313
0.9673670093875727,0.3355038759689922
0.9673670093875727,0.3355559001395565
0.9673670093875727,0.3356079404466501
0.9673670093875727,0.3356599968977819
0.9673670093875727,0.3357120695004654
0.9673670093875727,0.3357641582622188
0.9673670093875727,0.33581626319056485
0.9673670093875727,0.3358683842930312
0.9673670093875727,0.33592052157714997
0.9673670093875727,0.335972675050458
0.9673670093875727,0.3360248447204969
0.9673670093875727,0.33607703059481286
0.9673670093875727,0.33612923268095685
0.9673670093875727,0.3361814509864844
0.9673670093875727,0.3362336855189559
0.9673670093875727,0.3362859362859363
0.9669199821189093,0.3361827789866335
0.9669199821189093,0.33623503808487487
0.9669199821189093,0.3362873134328358
0.9664729548502459,0.3361841082257814
0.9664729548502459,0.3362363919129082
0.9664729548502459,0.3362886918649868
0.9664729548502459,0.336341008089608
0.9664729548502459,0.3363933405943675
0.9660259275815825,0.3362900715841892
0.9660259275815825,0.33634241245136187
0.9660259275815825,0.3363947696139477
0.9660259275815825,0.33644714307955786
0.9660259275815825,0.33649953285580814
0.9660259275815825,0.33655193895031926
0.9660259275815825,0.33660436137071653
0.9660259275815825,0.33665680012463
0.9660259275815825,0.33670925521969464
0.965578900312919,0.33660589060308554
0.965578900312919,0.33665835411471323
0.965578900312919,0.3367108339828527
0.965578900312919,0.33676333021515437
0.965578900312919,0.33681584281927335
0.965578900312919,0.3368683718028696
0.965578900312919,0.33692091717360784
0.965578900312919,0.3369734789391576
0.965578900312919,0.337026057107193
0.965578900312919,0.33707865168539325
0.965578900312919,0.33713126268144217
0.965578900312919,0.3371838901030284
0.965578900312919,0.3372365339578454
0.965578900312919,0.3372891942535915
0.965578900312919,0.3373418709979697
0.965578900312919,0.3373945641986879
0.965578900312919,0.33744727386345885
0.965578900312919,0.3375
0.965578900312919,0.33755274261603374
0.965578900312919,0.33760550171928727
0.965578900312919,0.3376582773174926
0.965578900312919,0.33771106941838647
0.965578900312919,0.3377638780297107
0.965578900312919,0.33781670315921175
0.965578900312919,0.337869544814641
0.965578900312919,0.3379224030037547
0.965578900312919,0.3379752777343139
0.965578900312919,0.3380281690140845
0.965578900312919,0.3380810768508374
0.965578900312919,0.33813400125234816
0.965578900312919,0.3381869422263974
0.965578900312919,0.33823989978077046
0.965578900312919,0.33829287392325763
0.965578900312919,0.3383458646616541
0.965578900312919,0.33839887200376
0.965578900312919,0.3384518959573801
0.965578900312919,0.3385049365303244
0.965578900312919,0.3385579937304075
0.965578900312919,0.3386110675654491
0.965578900312919,0.33866415804327377
0.965578900312919,0.33871726517171086
0.965578900312919,0.33877038895859474
0.965578900312919,0.3388235294117647
0.965578900312919,0.33887668653906494
0.965578900312919,0.3389298603483446
0.965578900312919,0.3389830508474576
0.965578900312919,0.3390362580442631
0.965578900312919,0.3390894819466248
0.965578900312919,0.3391427225624117
0.965578900312919,0.3391959798994975
0.965578900312919,0.33924925396576094
0.965578900312919,0.3393025447690858
0.965578900312919,0.33935585231736054
0.965578900312919,0.33940917661847897
0.965578900312919,0.33946251768033947
0.965578900312919,0.33951587551084567
0.965578900312919,0.339569250117906
0.9651318730442557,0.33946540880503145
0.9651318730442557,0.3395187922629344
0.9651318730442557,0.339572192513369
0.9651318730442557,0.33962560956425986
0.9651318730442557,0.33967904342353683
0.9651318730442557,0.33973249409913453
0.9651318730442557,0.33978596159899277
0.9651318730442557,0.3398394459310562
0.9651318730442557,0.33989294710327456
0.9651318730442557,0.3399464651236026
0.9651318730442557,0.34
0.9651318730442557,0.34005355174043156
0.9646848457755923,0.3399495904221802
0.9646848457755923,0.3400031510950055
0.9646848457755923,0.3400567286479672
0.9646848457755923,0.3401103230890465
0.9646848457755923,0.3401639344262295
0.9646848457755923,0.34021756266750747
0.9646848457755923,0.3402712078208767
0.9646848457755923,0.3403248698943384
0.9646848457755923,0.3403785488958991
0.9646848457755923,0.34043224483357
0.9646848457755923,0.3404859577153676
0.9642378185069289,0.3403818841723213
0.9642378185069289,0.3404356060606061
0.9642378185069289,0.34048934490923444
0.9642378185069289,0.34054310072623933
0.9642378185069289,0.34059687351965895
0.9637907912382655,0.3404927353126974
0.9637907912382655,0.3405465171378929
0.9637907912382655,0.3406003159557662
0.9637907912382655,0.3406541317743719
0.9637907912382655,0.3407079646017699
0.9637907912382655,0.340761814446025
0.9637907912382655,0.34081568131520706
0.9637907912382655,0.3408695652173913
0.9637907912382655,0.34092346616065783
0.9633437639696022,0.3408731414109459
0.9633437639696022,0.3409270685018193
0.9633437639696022,0.34098101265822783
0.9633437639696022,0.3410349738882735
0.9633437639696022,0.3410889522000633
0.9633437639696022,0.34114294760170966
0.9633437639696022,0.34119696010132994
0.9633437639696022,0.3412509897070467
0.9633437639696022,0.3413050364269877
0.9633437639696022,0.3413591002692856
0.9628967367009388,0.34125475285171103
0.9628967367009388,0.3413088258596102
0.9628967367009388,0.34136291600633917
0.9628967367009388,0.34141702330004753
0.9628967367009388,0.3414711477488903
0.9624497094322754,0.3413667353733946
0.962002682163612,0.34126228988265145
0.962002682163612,0.3413164155432197
0.962002682163612,0.3413705583756345
0.962002682163612,0.34142471838806915
0.962002682163612,0.341478895588702
0.9615556548949485,0.34137438501825107
0.9615556548949485,0.3414285714285714
0.9615556548949485,0.3414827750436577
0.9615556548949485,0.34153699587170533
0.9615556548949485,0.3415912339209147
0.9615556548949485,0.3416454891994917
0.9615556548949485,0.34169976171564737
0.9615556548949485,0.3417540514775977
0.9615556548949485,0.3418083584935643
0.9615556548949485,0.3418626827717737
0.9615556548949485,0.3419170243204578
0.9615556548949485,0.34197138314785375
0.9615556548949485,0.34202575926220385
0.9615556548949485,0.34208015267175573
0.9615556548949485,0.3421345633847622
0.9615556548949485,0.3421889914094814
0.9615556548949485,0.3422434367541766
0.9615556548949485,0.34229789942711647
0.9615556548949485,0.34235237943657487
0.9615556548949485,0.3424068767908309
0.9615556548949485,0.34246139149816907
0.9615556548949485,0.342515923566879
0.9615556548949485,0.3425704730052556
0.9615556548949485,0.34262503982159925
0.9615556548949485,0.34267962402421537
0.9611086276262852,0.3425748884639898
0.9611086276262852,0.3426294820717131
0.9611086276262852,0.342684093082563
0.9611086276262852,0.3427387215048621
0.9611086276262852,0.34279336734693877
0.9611086276262852,0.34284803061712643
0.9611086276262852,0.34290271132376393
0.9611086276262852,0.34295740947519543
0.9611086276262852,0.34301212507977025
0.9611086276262852,0.3430668581458433
0.9611086276262852,0.34312160868177466
0.9611086276262852,0.34317637669592976
0.9611086276262852,0.34323116219667943
0.9611086276262852,0.3432859651923998
0.9611086276262852,0.34334078569147236
0.9611086276262852,0.343395623702284
0.9606616003576218,0.34329073482428113
0.9606616003576218,0.34334558236139956
0.9606616003576218,0.3434004474272931
0.9606616003576218,0.343455330030366
0.9606616003576218,0.34351023017902815
0.9602145730889584,0.3434052757793765
0.9602145730889584,0.343460185481292
0.9602145730889584,0.343515112745882
0.9602145730889584,0.3435700575815739
0.959767545820295,0.3434650455927052
0.959767545820295,0.34352
0.959767545820295,0.3435749719955193
0.959767545820295,0.3436299615877081
0.9593205185516317,0.3435248919481351
0.9593205185516317,0.3435798911303234
0.9593205185516317,0.34363490792634105
0.9593205185516317,0.3436899423446509
0.9593205185516317,0.34374499439372097
0.9593205185516317,0.343800064082025
0.9593205185516317,0.34385515141804196
0.9593205185516317,0.3439102564102564
0.9593205185516317,0.3439653790671582
0.9593205185516317,0.3440205193972427
0.9593205185516317,0.34407567740901074
0.9593205185516317,0.3441308531109686
0.9593205185516317,0.34418604651162793
0.9593205185516317,0.3442412576195059
0.9588734912829683,0.3441360500561527
0.9588734912829683,0.344191270860077
0.9588734912829683,0.3442465093885412
0.9588734912829683,0.34430176565008025
0.9588734912829683,0.3443570396532349
0.9588734912829683,0.3444123314065511
0.9588734912829683,0.3444676409185804
0.9588734912829683,0.34452296819787986
0.9584264640143049,0.34441767068273094
0.9584264640143049,0.3444730077120823
0.9584264640143049,0.3445283625261128
0.9584264640143049,0.34458373513339763
0.9584264640143049,0.3446391255425173
0.9579794367456415,0.34453376205787783
0.9579794367456415,0.3445891622447339
0.9579794367456415,0.3446445802508845
0.9579794367456415,0.3447000160849284
0.9579794367456415,0.3447554697554698
0.9579794367456415,0.3448109412711183
0.9579794367456415,0.3448664306404892
0.9579794367456415,0.34492193787220343
0.9579794367456415,0.3449774629748873
0.9579794367456415,0.34503300595717273
0.9579794367456415,0.3450885668276973
0.9579794367456415,0.34514414559510387
0.9579794367456415,0.34519974226804123
0.9579794367456415,0.3452553568551635
0.9579794367456415,0.3453109893651305
0.9579794367456415,0.3453666398066076
0.9579794367456415,0.34542230818826564
0.9579794367456415,0.34547799451878125
0.9579794367456415,0.3455336988068365
0.9579794367456415,0.3455894210611192
0.9579794367456415,0.3456451612903226
0.957532409476978,0.34553960316180027
0.957532409476978,0.345595353339787
0.957532409476978,0.3456511215104083
0.957532409476978,0.3457069076823757
0.957532409476978,0.34576271186440677
0.957532409476978,0.3458185340652244
0.957532409476978,0.3458743742935572
0.957532409476978,0.34593023255813954
0.957532409476978,0.3459861088677112
0.957532409476978,0.34604200323101775
0.957532409476978,0.3460979156568105
0.957532409476978,0.34615384615384615
0.957532409476978,0.34620979473088737
0.957532409476978,0.34626576139670223
0.957532409476978,0.34632174616006467
0.957532409476978,0.3463777490297542
0.957532409476978,0.34643377001455605
0.957532409476978,0.3464898091232611
0.957532409476978,0.3465458663646659
0.957532409476978,0.3466019417475728
0.957532409476978,0.34665803528078976
0.957532409476978,0.34671414697313047
0.957532409476978,0.34677027683341427
0.957532409476978,0.34682642487046633
0.957532409476978,0.3468825910931174
0.9570853822083147,0.34677680596047944
0.9570853822083147,0.3468329823424591
0.9570853822083147,0.3468891769280622
0.9570853822083147,0.34694538972613836
0.9570853822083147,0.34700162074554297
0.9570853822083147,0.347057869995137
0.9570853822083147,0.3471141374837873
0.9570853822083147,0.34717042322036645
0.9570853822083147,0.34722672721375286
0.9570853822083147,0.3472830494728305
0.9570853822083147,0.3473393900064893
0.9570853822083147,0.34739574882362484
0.9570853822083147,0.34745212593313857
0.9570853822083147,0.34750852134393767
0.9570853822083147,0.3475649350649351
0.9566383549396513,0.3474590030849164
0.9566383549396513,0.34751542708671646
0.9566383549396513,0.3475718694169238
0.9566383549396513,0.3476283300844704
0.9566383549396513,0.3476848090982941
0.9561913276709879,0.34757881052973677
0.9561913276709879,0.3476352998537299
0.9561913276709879,0.3476918075422627
0.9561913276709879,0.34774833360429197
0.9561913276709879,0.34780487804878046
0.9561913276709879,0.34786144088469667
0.9557443004023245,0.34775536759921927
0.9557443004023245,0.3478119407841223
0.9557443004023245,0.34786853237878296
0.9557443004023245,0.34792514239218875
0.9557443004023245,0.3479817708333333
0.9557443004023245,0.348038417711216
0.9557443004023245,0.34809508303484205
0.9552972731336612,0.34798892688487215
0.9552972731336612,0.3480456026058632
0.9552972731336612,0.3481022967910083
0.9552972731336612,0.34815900944933204
0.9548502458649978,0.3480527945250122
0.9548502458649978,0.34810951760104303
0.9548502458649978,0.34816625916870414
0.9548502458649978,0.34822301923703947
0.9548502458649978,0.34827979781509866
0.9544032185963344,0.3481735159817352
0.9544032185963344,0.34823030500733976
0.9544032185963344,0.34828711256117456
0.953956191327671,0.34818077989884155
0.953956191327671,0.34823759791122716
0.953956191327671,0.348294434470377
0.953956191327671,0.3483512895853738
0.9535091640590077,0.3482448979591837
0.9535091640590077,0.34830176355323317
0.9535091640590077,0.34835864772170505
0.9535091640590077,0.34841555047370143
0.9530621367903442,0.3483090998202908
0.9530621367903442,0.3483660130718954
0.9530621367903442,0.34842294492564146
0.9526151095216808,0.34831644328211836
0.9526151095216808,0.3483733856465588
0.9526151095216808,0.34843034663178546
0.9526151095216808,0.3484873262469338
0.9526151095216808,0.3485443245011449
0.9526151095216808,0.3486013414035662
0.9526151095216808,0.3486583769633508
0.9526151095216808,0.348715431189658
0.9526151095216808,0.348772504091653
0.9526151095216808,0.34882959567850713
0.9526151095216808,0.3488867059593975
0.9526151095216808,0.34894383494350745
0.9526151095216808,0.3490009826400262
0.9526151095216808,0.3490581490581491
0.9526151095216808,0.3491153342070773
0.9526151095216808,0.34917253809601834
0.9526151095216808,0.3492297607341855
0.9526151095216808,0.3492870021307982
0.9526151095216808,0.349344262295082
0.9526151095216808,0.34940154123626826
0.9526151095216808,0.34945883896359464
0.9526151095216808,0.3495161554863047
0.9526151095216808,0.3495734908136483
0.9526151095216808,0.34963084495488106
0.9526151095216808,0.34968821791926485
0.9526151095216808,0.3497456097160676
0.9526151095216808,0.34980302035456334
0.9526151095216808,0.3498604498440322
0.9526151095216808,0.34991789819376024
0.9526151095216808,0.3499753654130399
0.9526151095216808,0.35003285151116953
0.9521680822530174,0.3499260719566289
0.9521680822530174,0.34998356884653303
0.9521680822530174,0.35004108463434674
0.9521680822530174,0.35009861932938857
0.9521680822530174,0.35015617294098306
0.951721054984354,0.3500493258796449
0.951721054984354,0.3501068903140931
0.951721054984354,0.35016447368421055
0.9512740277156907,0.35005757525908865
0.9512740277156907,0.35011516946363935
0.9512740277156907,0.3501727826230048
0.9512740277156907,0.35023041474654376
0.9512740277156907,0.3502880658436214
0.9512740277156907,0.35034573592360885
0.9512740277156907,0.3504034249958834
0.9512740277156907,0.35046113306982873
0.9512740277156907,0.35051886015483447
0.9512740277156907,0.3505766062602965
0.9512740277156907,0.3506343713956171
0.9512740277156907,0.35069215557020433
0.9512740277156907,0.35074995879347287
0.9508270004470273,0.3506429277942631
0.9508270004470273,0.3507007419620775
0.9508270004470273,0.35075857519788917
0.9508270004470273,0.3508164275111331
0.9503799731783639,0.3507093368525239
0.9503799731783639,0.3507672001319914
0.9503799731783639,0.35082508250825084
0.9503799731783639,0.35088298399075757
0.9503799731783639,0.35094090458897326
0.9503799731783639,0.35099884431236583
0.9503799731783639,0.3510568031704095
0.9503799731783639,0.35111478117258466
0.9503799731783639,0.35117277832837795
0.9503799731783639,0.35123079464728235
0.9503799731783639,0.3512888301387971
0.9503799731783639,0.3513468848124277
0.9503799731783639,0.35140495867768595
0.9503799731783639,0.3514630517440899
0.9503799731783639,0.351521164021164
0.9503799731783639,0.3515792955184389
0.9503799731783639,0.3516374462454515
0.9503799731783639,0.3516956162117452
0.9503799731783639,0.3517538054268696
0.9503799731783639,0.3518120139003806
0.9503799731783639,0.35187024164184044
0.9503799731783639,0.3519284886608178
0.9503799731783639,0.3519867549668874
0.9503799731783639,0.3520450405696307
0.9503799731783639,0.3521033454786353
0.9503799731783639,0.3521616697034951
0.9503799731783639,0.35222001325381047
0.9499329459097005,0.352112676056338
0.9499329459097005,0.3521710308253232
0.9499329459097005,0.35222940493949945
0.9499329459097005,0.35228779840848806
0.9499329459097005,0.3523462112419168
0.9499329459097005,0.3524046434494196
0.9499329459097005,0.35246309504063694
0.9499329459097005,0.35252156602521567
0.9499329459097005,0.35258005641280904
0.9499329459097005,0.35263856621307665
0.9499329459097005,0.35269709543568467
0.9499329459097005,0.35275564409030546
0.9499329459097005,0.35281421218661796
0.9499329459097005,0.3528727997343075
0.9499329459097005,0.35293140674306595
0.9499329459097005,0.35299003322259137
0.9499329459097005,0.3530486791825885
0.9499329459097005,0.3531073446327684
0.9499329459097005,0.3531660295828486
0.9499329459097005,0.35322473404255317
0.9499329459097005,0.35328345802161265
0.9499329459097005,0.35334220152976387
0.9499329459097005,0.35340096457675035
0.9499329459097005,0.35345974717232204
0.9499329459097005,0.3535185493262352
0.9499329459097005,0.35357737104825293
0.9499329459097005,0.35363621234814446
0.9499329459097005,0.3536950732356858
0.9499329459097005,0.3537539537206592
0.9499329459097005,0.3538128538128538
0.9499329459097005,0.35387177352206495
0.9499329459097005,0.3539307128580946
0.9494859186410372,0.3538230884557721
0.9494859186410372,0.3538820393202266
0.9494859186410372,0.35394100983169474
0.9494859186410372,0.354
0.9494859186410372,0.3540590098349725
0.9494859186410372,0.3541180393464488
0.9494859186410372,0.35417708854427216
0.9494859186410372,0.3542361574382922
0.9490388913723737,0.3541284403669725
0.9490388913723737,0.35418752085418753
0.9490388913723737,0.3542466210579009
0.9490388913723737,0.35430574098798395
0.9490388913723737,0.3543648806543148
0.9490388913723737,0.35442404006677797
0.9490388913723737,0.35448321923526466
0.9490388913723737,0.3545424181696727
0.9485918641037103,0.35443460831802237
0.9485918641037103,0.35449381891079185
0.9485918641037103,0.3545530492898914
0.9485918641037103,0.35461229946524064
0.9485918641037103,0.3546715694467658
0.9485918641037103,0.35473085924439984
0.9485918641037103,0.35479016886808223
0.9485918641037103,0.3548494983277592
0.9481448368350469,0.35474159558454593
0.9481448368350469,0.3548009367681499
0.9481448368350469,0.354860297808265
0.9481448368350469,0.3549196787148594
0.9481448368350469,0.35497907949790797
0.9481448368350469,0.355038500167392
0.9481448368350469,0.35509794073329987
0.9476978095663835,0.3549899531145345
0.9476978095663835,0.35504940545972197
0.9476978095663835,0.35510887772194305
0.9476978095663835,0.3551683699112079
0.9476978095663835,0.3552278820375335
0.9476978095663835,0.3552874141109435
0.9476978095663835,0.3553469661414683
0.9476978095663835,0.355406538139145
0.9476978095663835,0.35546613011401745
0.9476978095663835,0.3555257420761362
0.9476978095663835,0.3555853740355585
0.9476978095663835,0.3556450260023486
0.9476978095663835,0.35570469798657717
0.9476978095663835,0.3557643899983219
0.9476978095663835,0.355824102047667
0.9476978095663835,0.3558838341447037
0.9476978095663835,0.3559435862995299
0.9476978095663835,0.35600335852225024
0.9472507822977202,0.3558951965065502
0.9472507822977202,0.3559549806820091
0.9472507822977202,0.35601478494623656
0.9472507822977202,0.35607460930935975
0.9472507822977202,0.3561344537815126
0.9472507822977202,0.35619431837283577
0.9472507822977202,0.3562542030934768
0.9472507822977202,0.35631410795359003
0.9472507822977202,0.3563740329633367
0.9472507822977202,0.3564339781328848
0.9472507822977202,0.35649394347240915
0.9472507822977202,0.35655392899209154
0.9472507822977202,0.3566139347021205
0.9472507822977202,0.35667396061269147
0.9468037550290568,0.3565656565656566
0.9468037550290568,0.356625694561374
0.9468037550290568,0.3566857527787134
0.9468037550290568,0.3567458312278929
0.9468037550290568,0.35680592991913745
0.9468037550290568,0.35686604886267903
0.9468037550290568,0.3569261880687563
0.9468037550290568,0.35698634754761505
0.9463567277603934,0.3568779501011463
0.9463567277603934,0.3569381217332659
0.9463567277603934,0.3569983136593592
0.9463567277603934,0.3570585258896947
0.9463567277603934,0.35711875843454793
0.9463567277603934,0.3571790113042011
0.94590970049173,0.35707053661829224
0.94590970049173,0.35713080168776373
0.94590970049173,0.3571910871033086
0.94590970049173,0.35725139287523217
0.94590970049173,0.3573117190138467
0.94590970049173,0.35737206552947137
0.94590970049173,0.35743243243243245
0.9454626732230667,0.35732387227572227
0.9450156459544032,0.3572152754308888
0.9450156459544032,0.35727564644245396
0.9450156459544032,0.3573360378634212
0.9450156459544032,0.357396449704142
0.9445686186857398,0.3572877916807575
0.9445686186857398,0.35734821579570436
0.9445686186857398,0.3574086603518268
0.9445686186857398,0.35746912535949926
0.9445686186857398,0.35752961082910323
0.9445686186857398,0.35759011677102726
0.9445686186857398,0.3576506431956669
0.9445686186857398,0.3577111901134247
0.9445686186857398,0.35777175753471047
0.9445686186857398,0.35783234546994075
0.9441215914170764,0.35772357723577236
0.9441215914170764,0.35778417753684566
0.9441215914170764,0.35784479837343275
0.9441215914170764,0.35790543975597355
0.9441215914170764,0.3579661016949153
0.9441215914170764,0.358026784200712
0.9441215914170764,0.358087487283825
0.9436745641484131,0.35797863320332374
0.9432275368797497,0.3578697421981004
0.9427805096110863,0.35776081424936385
0.9427805096110863,0.35782151340346113
0.9427805096110863,0.35788223315798406
0.9427805096110863,0.3579429735234216
0.9427805096110863,0.3580037345102699
0.9427805096110863,0.3580645161290323
0.9427805096110863,0.35812531839021905
0.9427805096110863,0.35818614130434784
0.9427805096110863,0.3582469848819433
0.9427805096110863,0.3583078491335372
0.9427805096110863,0.3583687340696686
0.9423334823424229,0.35825968728755947
0.9423334823424229,0.35832058473567907
0.9423334823424229,0.3583815028901734
0.9423334823424229,0.35844244176160517
0.9423334823424229,0.3585034013605442
0.9423334823424229,0.3585643816975676
0.9418864550737595,0.35845525689009866
0.9418864550737595,0.35851624978730645
0.9418864550737595,0.35857726344452007
0.9414394278050962,0.358468085106383
0.9409924005364327,0.35835886959482466
0.9409924005364327,0.3584198876213179
0.9409924005364327,0.3584809264305177
0.9409924005364327,0.35854198603304377
0.9409924005364327,0.358603066439523
0.9409924005364327,0.35866416766058956
0.9409924005364327,0.3587252897068848
0.9409924005364327,0.35878643258905746
0.9409924005364327,0.35884759631776336
0.9409924005364327,0.3589087809036658
0.9409924005364327,0.3589699863574352
0.9409924005364327,0.3590312126897493
0.9409924005364327,0.35909245991129307
0.9409924005364327,0.3591537280327589
0.9409924005364327,0.35921501706484643
0.9409924005364327,0.3592763270182625
0.9409924005364327,0.3593376579037214
0.9405453732677693,0.35922827386033807
0.9405453732677693,0.3592896174863388
0.9405453732677693,0.35935098206660976
0.9405453732677693,0.3594123676118893
0.9405453732677693,0.3594737741329233
0.9405453732677693,0.3595352016404648
0.9405453732677693,0.3595966501452743
0.9405453732677693,0.35965811965811967
0.9400983459991059,0.359548640793298
0.9400983459991059,0.359610123119015
0.9400983459991059,0.35967162647511547
0.9400983459991059,0.3597331508723914
0.9400983459991059,0.3597946963216424
0.9400983459991059,0.35985626283367556
0.9400983459991059,0.35991785041930513
0.9400983459991059,0.35997945908935297
0.9400983459991059,0.3600410888546482
0.9400983459991059,0.3601027397260274
0.9400983459991059,0.36016441171433466
0.9400983459991059,0.3602261048304214
0.9400983459991059,0.36028781908514645
0.9400983459991059,0.3603495544893763
0.9400983459991059,0.36041131105398455
0.9396513187304426,0.3603016798080219
0.9396513187304426,0.3603634493399623
0.9396513187304426,0.3604252400548697
0.9396513187304426,0.3604870519636426
0.9396513187304426,0.36054888507718696
0.9392042914617792,0.36043918339337794
0.9387572641931158,0.36032944406314343
0.9387572641931158,0.3603912819632744
0.9387572641931158,0.3604531410916581
0.9387572641931158,0.3605150214592275
0.9387572641931158,0.3605769230769231
0.9387572641931158,0.36063884595569295
0.9387572641931158,0.36070079010649264
0.9387572641931158,0.3607627555402852
0.9387572641931158,0.36082474226804123
0.9387572641931158,0.36088675030073897
0.9387572641931158,0.36094877964936406
0.9387572641931158,0.36101083032490977
0.9387572641931158,0.3610729023383769
0.9387572641931158,0.36113499570077384
0.9387572641931158,0.36119711042311664
0.9387572641931158,0.3612592465164287
0.9387572641931158,0.36132140399174123
0.9387572641931158,0.3613835828600929
0.9387572641931158,0.3614457831325301
0.9387572641931158,0.36150800482010675
0.9387572641931158,0.3615702479338843
0.9387572641931158,0.361632512484932
0.9387572641931158,0.36169479848432656
0.9387572641931158,0.36175710594315247
0.9387572641931158,0.36181943487250173
0.9387572641931158,0.3618817852834741
0.9387572641931158,0.3619441571871768
0.9387572641931158,0.36200655059472503
0.9387572641931158,0.3620689655172414
0.9387572641931158,0.3621314019658562
0.9387572641931158,0.3621938599517075
0.9387572641931158,0.362256339485941
0.9387572641931158,0.36231884057971014
0.9387572641931158,0.362381363244176
0.9383102369244524,0.36227131515360717
0.9383102369244524,0.3623338511997238
0.9383102369244524,0.362396408839779
0.9383102369244524,0.3624589880849594
0.9383102369244524,0.3625215889464594
0.9383102369244524,0.3625842114354811
0.9383102369244524,0.3626468555632343
0.9383102369244524,0.3627095213409366
0.9383102369244524,0.36277220877981337
0.9383102369244524,0.3628349178910977
0.9383102369244524,0.3628976486860304
0.9383102369244524,0.36296040117586026
0.9383102369244524,0.36302317537184364
0.9383102369244524,0.3630859712852448
0.9383102369244524,0.36314878892733565
0.9383102369244524,0.3632116283093961
0.9383102369244524,0.36327448944271373
0.9383102369244524,0.36333737233858404
0.9383102369244524,0.36340027700831024
0.9383102369244524,0.3634632034632035
0.9383102369244524,0.36352615171458263
0.9383102369244524,0.36358912177377445
0.9383102369244524,0.36365211365211364
0.9383102369244524,0.36371512736094264
0.9383102369244524,0.3637781629116118
0.9383102369244524,0.3638412203154793
0.9383102369244524,0.36390429958391124
0.9383102369244524,0.3639674007282816
0.9383102369244524,0.36403052375997225
0.937863209655789,0.36392020815264525
0.937863209655789,0.36398334489937545
0.9374161823871257,0.36387298282144714
0.9374161823871257,0.3639361332870531
0.9374161823871257,0.3639993056760979
0.9374161823871257,0.3640625
0.9369691551184622,0.36395207501302307
0.9369691551184622,0.3640152830844043
0.9365221278497988,0.36390481153378496
0.9360751005811354,0.36379430159833215
0.9356280733124721,0.3636837532580365
0.9356280733124721,0.3637469586374696
0.9356280733124721,0.3638101859899183
0.9356280733124721,0.36387343532684285
0.9356280733124721,0.36393670665971134
0.9356280733124721,0.364
0.9356280733124721,0.3640633153591929
0.9356280733124721,0.3641266527487822
0.9356280733124721,0.364190012180268
0.9351810460438087,0.3640793595544727
0.9351810460438087,0.3641427328111401
0.9347340187751453,0.36403203342618384
0.9347340187751453,0.36409542051192756
0.9347340187751453,0.36415882967607105
0.9347340187751453,0.36422226093015153
0.9347340187751453,0.36428571428571427
0.9347340187751453,0.3643491897543126
0.9347340187751453,0.36441268734750787
0.9342869915064819,0.36430189994770784
0.9342869915064819,0.36436541143654116
0.9342869915064819,0.3644289450741064
0.9342869915064819,0.36449250087199164
0.9342869915064819,0.36455607884179314
0.9342869915064819,0.36461967899511516
0.9342869915064819,0.3646833013435701
0.9342869915064819,0.3647469458987784
0.9342869915064819,0.36481061267236864
0.9342869915064819,0.3648743016759777
0.9338399642378185,0.36476340143181424
0.9333929369691552,0.36465246245197347
0.9329459097004917,0.3645414847161572
0.9324988824318283,0.3644304682040531
0.9324988824318283,0.3644941464266993
0.9324988824318283,0.364557846906676
0.9320518551631649,0.36444677503932876
0.9320518551631649,0.36451048951048953
0.9320518551631649,0.36457422626333275
0.9320518551631649,0.3646379853095488
0.9320518551631649,0.3647017666608361
0.9320518551631649,0.36476557032890133
0.9316048278945016,0.36465441819772526
0.9316048278945016,0.3647182359117956
0.9316048278945016,0.3647820759670926
0.9311578006258382,0.3646708683473389
0.9311578006258382,0.3647347224654176
0.9311578006258382,0.3647985989492119
0.9311578006258382,0.3648624978104747
0.9311578006258382,0.36492641906096707
0.9311578006258382,0.3649903627124584
0.9311578006258382,0.3650543287767263
0.9311578006258382,0.36511831726555655
0.9311578006258382,0.3651823281907433
0.9307107733571748,0.36507101525512886
0.9307107733571748,0.36513504033672395
0.9307107733571748,0.36519908787931943
0.9307107733571748,0.36526315789473685
0.9307107733571748,0.3653272503948061
0.9307107733571748,0.3653913653913654
0.9307107733571748,0.36545550289626116
0.9307107733571748,0.3655196629213483
0.9302637460885114,0.36540825285338013
0.9302637460885114,0.3654724271162627
0.9302637460885114,0.36553662392411734
0.9302637460885114,0.3656008432888264
0.9302637460885114,0.3656650852222808
0.9302637460885114,0.3657293497363796
0.9302637460885114,0.3657936368430304
0.9302637460885114,0.3658579465541491
0.9302637460885114,0.3659222788816599
0.9298167188198481,0.3658107632782272
0.9293696915511847,0.36569920844327175
0.9289226642825212,0.3655876143560873
0.9284756370138578,0.36547598099595285
0.9284756370138578,0.3655403027103133
0.9284756370138578,0.36560464706917795
0.9284756370138578,0.365669014084507
0.9280286097451944,0.36555731642894873
0.9275815824765311,0.36544557942937655
0.9275815824765311,0.36550995243966883
0.9275815824765311,0.3655743481324877
0.9275815824765311,0.3656387665198238
0.9271345552078677,0.3655269651039831
0.9266875279392043,0.3654151242728715
0.9262405006705409,0.36530324400564174
0.9262405006705409,0.365367660024687
0.9262405006705409,0.3654320987654321
0.9262405006705409,0.36549656023990124
0.9262405006705409,0.36556104446012705
0.9262405006705409,0.3656255514381507
0.9257934734018776,0.36551358983409815
0.9257934734018776,0.36557811120917916
0.9257934734018776,0.3656426553672316
0.9257934734018776,0.36570722232032493
0.9257934734018776,0.36577181208053694
0.9257934734018776,0.3658364246599541
0.9257934734018776,0.36590106007067136
0.9257934734018776,0.36596571832479236
0.9257934734018776,0.3660303994344291
0.9257934734018776,0.3660951034117023
0.9257934734018776,0.36615983026874116
0.9257934734018776,0.3662245800176835
0.9257934734018776,0.36628935267067564
0.9253464461332142,0.36617725101715903
0.9253464461332142,0.3662420382165605
0.9253464461332142,0.3663068483454256
0.9253464461332142,0.3663716814159292
0.9253464461332142,0.3664365374402549
0.9253464461332142,0.3665014164305949
0.9248994188645507,0.3663892332211794
0.9244523915958873,0.3662770102727595
0.9244523915958873,0.36634189548272805
0.9244523915958873,0.3664068036853296
0.9244523915958873,0.3664717348927875
0.9244523915958873,0.3665366891173343
0.9244523915958873,0.3666016663712108
0.9244523915958873,0.36666666666666664
0.9240053643272239,0.3665543536087959
0.9240053643272239,0.36661936857041505
0.9235583370585606,0.3665720369056068
0.9231113097898972,0.36645962732919257
0.9231113097898972,0.3665246716364927
0.9226642825212338,0.366412213740458
0.9226642825212338,0.3664772727272727
0.9226642825212338,0.3665423548215237
0.9226642825212338,0.36660746003552397
0.9226642825212338,0.36667258838159533
0.9222172552525704,0.3665600568585643
0.9222172552525704,0.3666251999289142
0.9222172552525704,0.36669036615712763
0.9222172552525704,0.36675555555555556
0.9222172552525704,0.3668207681365576
0.9222172552525704,0.3668860039125022
0.9222172552525704,0.36695126289576663
0.9222172552525704,0.3670165450987369
0.9222172552525704,0.3670818505338078
0.9222172552525704,0.3671471792133832
0.9217702279839071,0.36703453186187257
0.9217702279839071,0.36709987537831584
0.9217702279839071,0.36716524216524216
0.9217702279839071,0.3672306322350846
0.9217702279839071,0.367296045600285
0.9213232007152437,0.36718332442544094
0.9213232007152437,0.3672487526728439
0.9208761734465802,0.36713598289075033
0.9204291461779168,0.36702317290552583
0.9204291461779168,0.3670886075949367
0.9204291461779168,0.3671540656205421
0.9204291461779168,0.3672195469948279
0.9204291461779168,0.36728505173028897
0.9199821189092534,0.367237687366167
0.9195350916405901,0.3671247545957523
0.9195350916405901,0.36719028918243485
0.9190880643719267,0.36707730762363866
0.9190880643719267,0.36714285714285716
0.9190880643719267,0.36720843007679943
0.9186410371032633,0.3670953912111468
0.9186410371032633,0.36716097909594425
0.9181940098345999,0.367047891350965
0.9181940098345999,0.3671134941912422
0.9181940098345999,0.36717912048623524
0.9181940098345999,0.3672447702485249
0.9181940098345999,0.367310443490701
0.9181940098345999,0.3673761402253622
0.9181940098345999,0.3674418604651163
0.9181940098345999,0.36750760422258005
0.9181940098345999,0.3675733715103794
0.9181940098345999,0.3676391623411491
0.9181940098345999,0.3677049767275331
0.9181940098345999,0.3677708146821844
0.9181940098345999,0.36783667621776506
0.9181940098345999,0.3679025613469461
0.9181940098345999,0.36796847008240774
0.9181940098345999,0.36803440243683927
0.9181940098345999,0.3681003584229391
0.9177469825659366,0.367987094461373
0.9172999552972732,0.36787378988884906
0.9172999552972732,0.36793975255513717
0.9172999552972732,0.3680057388809182
0.9172999552972732,0.36807174887892374
0.9172999552972732,0.3681377825618945
0.9172999552972732,0.3682038399425803
0.9172999552972732,0.3682699210337401
0.9172999552972732,0.3683360258481422
0.9172999552972732,0.3684021543985637
0.9172999552972732,0.36846830669779135
0.9172999552972732,0.36853448275862066
0.9172999552972732,0.36860068259385664
0.9168529280286097,0.3684872439813151
0.9168529280286097,0.36855345911949683
0.9164059007599463,0.3684399712437096
0.915958873491283,0.3683264425669603
0.915958873491283,0.36839266450916935
0.915958873491283,0.3684589102679374
0.9150648189539562,0.3682316963482641
0.9150648189539562,0.3682979489024829
0.9150648189539562,0.36836422530142165
0.9150648189539562,0.36843052555795536
0.9150648189539562,0.3684968496849685
0.9150648189539562,0.36856319769535467
0.9150648189539562,0.3686295696020169
0.9150648189539562,0.3686959654178674
0.9150648189539562,0.36876238515582777
0.9150648189539562,0.36882882882882884
0.9146177916852928,0.3687150837988827
0.9146177916852928,0.36878154289834175
0.9146177916852928,0.36884802595997834
0.9146177916852928,0.3689145329967544
0.9146177916852928,0.3689810640216411
0.9146177916852928,0.36904761904761907
0.9146177916852928,0.36911419808767815
0.9141707644166294,0.36900036088054855
0.9137237371479661,0.36888648258437107
0.9137237371479661,0.3689530685920578
0.9137237371479661,0.36901967864235424
0.9137237371479661,0.3690863127482846
0.9132767098793027,0.36897236770814523
0.9132767098793027,0.36903901734104044
0.9132767098793027,0.36910569105691055
0.9132767098793027,0.369172388868811
0.9132767098793027,0.3692391107898066
0.9132767098793027,0.3693058568329718
0.9132767098793027,0.36937262701139034
0.9132767098793027,0.3694394213381555
0.9132767098793027,0.36950623982637004
0.9132767098793027,0.36957308248914617
0.9132767098793027,0.3696399493396056
0.9128296826106392,0.36952587766920014
0.9128296826106392,0.36959276018099546
0.9128296826106392,0.36965966690803764
0.9119356280733125,0.3694313654473017
0.9114886008046491,0.36931715268973014
0.9114886008046491,0.3693840579710145
0.9114886008046491,0.3694509874977351
0.9114886008046491,0.3695179412830736
0.9110415735359857,0.3694036614101867
0.9110415735359857,0.3694706308919507
0.9110415735359857,0.3695376246600181
0.9110415735359857,0.36960464272760246
0.9110415735359857,0.3696716851079267
0.9110415735359857,0.3697387518142235
0.9110415735359857,0.36980584285973506
0.9110415735359857,0.36987295825771327
0.9110415735359857,0.3699400980214195
0.9110415735359857,0.3700072621641249
0.9110415735359857,0.3700744506991102
0.9105945462673223,0.3699600435888122
0.9105945462673223,0.3700272479564033
0.9105945462673223,0.37009447674418605
0.9105945462673223,0.37016172996547336
0.9105945462673223,0.3702290076335878
0.9105945462673223,0.37029630976186145
0.9105945462673223,0.37036363636363634
0.9101475189986589,0.370249136206583
0.9101475189986589,0.3703164787195344
0.9101475189986589,0.37038384573403677
0.9097004917299956,0.3702692867540029
0.9097004917299956,0.370336669699727
0.9097004917299956,0.3704040771751001
0.9092534644613322,0.3702894593118514
0.9092534644613322,0.3703568827385288
0.9092534644613322,0.3704243307230013
0.9092534644613322,0.3704918032786885
0.9092534644613322,0.37055930041901985
0.9092534644613322,0.3706268221574344
0.9092534644613322,0.3706943685073811
0.9092534644613322,0.3707619394823186
0.9092534644613322,0.3708295350957156
0.9092534644613322,0.37089715536105033
0.9092534644613322,0.37096480029181106
0.9092534644613322,0.3710324699014958
0.9092534644613322,0.37110016420361247
0.9088064371926687,0.37098540145985404
0.9088064371926687,0.37105311188173024
0.9088064371926687,0.37112084702446146
0.9088064371926687,0.37118860690158845
0.9088064371926687,0.3712563915266618
0.9088064371926687,0.37132420091324203
0.9088064371926687,0.37139203507489954
0.9083594099240053,0.371277178878129
0.9083594099240053,0.3713450292397661
0.9083594099240053,0.37141290440504476
0.9083594099240053,0.37148080438756853
0.9083594099240053,0.37154872920095083
0.9083594099240053,0.37161667885881494
0.9083594099240053,0.3716846533747942
0.9083594099240053,0.371752652762532
0.9083594099240053,0.3718206770356816
0.9083594099240053,0.3718887262079063
0.9083594099240053,0.37195680029287936
0.9083594099240053,0.3720248993042841
0.9083594099240053,0.37209302325581395
0.9083594099240053,0.37216117216117217
0.9083594099240053,0.37222934603407215
0.9083594099240053,0.37229754488823746
0.907912382655342,0.3721825178669599
0.907912382655342,0.3722507331378299
0.907912382655342,0.37231897341888176
0.907912382655342,0.37238723872387236
0.907912382655342,0.37245552906656887
0.907912382655342,0.3725238444607484
0.907912382655342,0.37259218492019813
0.907912382655342,0.3726605504587156
0.9074653553866786,0.37254542117819783
0.9070183281180152,0.3724302496328928
0.9070183281180152,0.3724986230952818
0.9065713008493518,0.37238340066103565
0.9065713008493518,0.37245179063360884
0.9065713008493518,0.3725202057310801
0.9065713008493518,0.37258864596729746
0.9065713008493518,0.37265711135611906
0.9065713008493518,0.37272560191141335
0.9065713008493518,0.37279411764705883
0.9065713008493518,0.3728626585769443
0.9065713008493518,0.37293122471496876
0.9065713008493518,0.3729998160750414
0.9065713008493518,0.3730684326710817
0.9065713008493518,0.37313707451701933
0.9061242735806885,0.3730217151269783
0.9061242735806885,0.37309037364255476
0.9056772463120251,0.37297496318114876
0.9052302190433617,0.3728595102191125
0.9052302190433617,0.3729281767955801
0.9052302190433617,0.37299686866826304
0.9052302190433617,0.37306558585114225
0.9052302190433617,0.373134328358209
0.9052302190433617,0.3732030962034648
0.9052302190433617,0.37327188940092165
0.9052302190433617,0.3733407079646018
0.9052302190433617,0.3734095519085377
0.9052302190433617,0.3734784212467724
0.9047831917746982,0.3733628481829921
0.9043361645060348,0.3732472324723247
0.9043361645060348,0.37331610998339176
0.9043361645060348,0.3733850129198966
0.9043361645060348,0.37345394129592024
0.9043361645060348,0.3735228951255539
0.9043361645060348,0.3735918744228994
0.9043361645060348,0.3736608792020687
0.9043361645060348,0.37372990947718454
0.9043361645060348,0.3737989652623799
0.9043361645060348,0.3738680465717982
0.9038891372373715,0.37375231053604435
0.9038891372373715,0.3738214087631725
0.9038891372373715,0.3738905325443787
0.9038891372373715,0.3739596818938413
0.9038891372373715,0.37402885682574916
0.9038891372373715,0.37409805735430157
0.9038891372373715,0.37416728349370837
0.9038891372373715,0.3742365352581899
0.9038891372373715,0.37430581266197704
0.9038891372373715,0.37437511571931126
0.9034421099687081,0.37425925925925924
0.9034421099687081,0.37432857936654934
0.9034421099687081,0.3743979251574657
0.9034421099687081,0.374467296646285
0.9029950827000447,0.374351371386212
0.9029950827000447,0.3744207599629286
0.9029950827000447,0.37449017426770487
0.9029950827000447,0.3745596143148526
0.9029950827000447,0.37462908011869434
0.9029950827000447,0.37469857169356335
0.9029950827000447,0.3747680890538033
0.9029950827000447,0.3748376322137688
0.9029950827000447,0.3749072011878248
0.9029950827000447,0.3749767959903471
0.9029950827000447,0.37504641663572225
0.9029950827000447,0.3751160631383473
0.9029950827000447,0.37518573551263
0.9025480554313813,0.3750696637562697
0.9025480554313813,0.375139353400223
0.902101028162718,0.3750232298829214
0.902101028162718,0.37509293680297395
0.902101028162718,0.37516266964119727
0.902101028162718,0.37523242841204907
0.902101028162718,0.3753022131299981
0.902101028162718,0.37537202380952384
0.902101028162718,0.3754418604651163
0.9016540008940546,0.37532564197990326
0.9016540008940546,0.3753954959985111
0.9016540008940546,0.37546537602382724
0.9016540008940546,0.37553528207037795
0.9016540008940546,0.3756052141527002
0.9016540008940546,0.37567517228534175
0.9016540008940546,0.3757451564828614
0.9016540008940546,0.37581516675982857
0.9016540008940546,0.3758852031308237
0.9016540008940546,0.375955265610438
0.9012069736253912,0.37583892617449666
0.9012069736253912,0.37590900615327244
0.9012069736253912,0.37597911227154046
0.9007599463567277,0.37586271218056333
0.9007599463567277,0.37593283582089554
0.9007599463567277,0.3760029856316477
0.9007599463567277,0.37607316162747295
0.9007599463567277,0.37614336382303526
0.9007599463567277,0.3762135922330097
0.9007599463567277,0.37628384687208216
0.9007599463567277,0.3763541277549496
0.9007599463567277,0.3764244348963198
0.9007599463567277,0.37649476831091183
0.9003129190880643,0.3763782470566249
0.9003129190880643,0.37644859813084114
0.9003129190880643,0.376518975509441
0.9003129190880643,0.3765893792071803
0.9003129190880643,0.3766598092388255
0.9003129190880643,0.3767302656191545
0.9003129190880643,0.376800748362956
0.9003129190880643,0.3768712574850299
0.9003129190880643,0.37694179300018715
0.9003129190880643,0.3770123549232497
0.899865891819401,0.37689571241340575
0.899865891819401,0.37696629213483146
0.899865891819401,0.377036898295561
0.899865891819401,0.37710753091045335
0.899865891819401,0.37717818999437885
0.899865891819401,0.37724887556221887
0.899865891819401,0.37731958762886597
0.899865891819401,0.37739032620922386
0.899865891819401,0.3774610913182074
0.8994188645507376,0.377344336084021
0.8994188645507376,0.3774151191146126
0.8994188645507376,0.3774859287054409
0.8994188645507376,0.37755676487145806
0.8994188645507376,0.37762762762762764
0.8989718372820742,0.3775107940679557
0.8989718372820742,0.37758167480285393
0.8989718372820742,0.37765258215962444
0.8989718372820742,0.3777235161532682
0.8989718372820742,0.3777944767987977
0.8985248100134108,0.37767756482525366
0.8985248100134108,0.3777485435068596
0.8985248100134108,0.37781954887218044
0.8985248100134108,0.3778905809362662
0.8985248100134108,0.3779616397141783
0.8985248100134108,0.3780327252209893
0.8985248100134108,0.3781038374717833
0.8985248100134108,0.3781749764816557
0.8980777827447475,0.378057960105382
0.8980777827447475,0.37812911725955206
0.8980777827447475,0.3782003012048193
0.8976307554760841,0.37808322349839957
0.8976307554760841,0.37815442561205276
0.8976307554760841,0.37822565454887924
0.8976307554760841,0.37829691032403917
0.8976307554760841,0.37836819295270396
0.8976307554760841,0.37843950245005653
0.8976307554760841,0.3785108388312912
0.8971837282074206,0.37839366515837103
0.8971837282074206,0.37846501980011316
0.8971837282074206,0.3785364013579781
0.8971837282074206,0.37860780984719866
0.8971837282074206,0.3786792452830189
0.8971837282074206,0.37875070768069447
0.8971837282074206,0.37882219705549264
0.8971837282074206,0.37889371342269207
0.8971837282074206,0.3789652567975831
0.8971837282074206,0.37903682719546744
0.8971837282074206,0.3791084246316585
0.8971837282074206,0.3791800491214812
0.8971837282074206,0.3792517006802721
0.8971837282074206,0.37932337932337934
0.8971837282074206,0.3793950850661626
0.8971837282074206,0.37946681792399317
0.8971837282074206,0.37953857791225415
0.8971837282074206,0.3796103650463401
0.8971837282074206,0.3796821793416572
0.8971837282074206,0.37975402081362347
0.8971837282074206,0.37982588947766843
0.8971837282074206,0.3798977853492334
0.8971837282074206,0.3799697084437713
0.8971837282074206,0.38004165877674684
0.8971837282074206,0.3801136363636364
0.8971837282074206,0.38018564121992804
0.8967367009387572,0.38006820765441457
0.8967367009387572,0.3801402311919651
0.8967367009387572,0.3802122820318423
0.8967367009387572,0.38028436018957346
0.8967367009387572,0.38035646568069775
0.8967367009387572,0.38042859852076616
0.8967367009387572,0.38050075872534145
0.8967367009387572,0.3805729463099981
0.8967367009387572,0.38064516129032255
0.8967367009387572,0.3807174036819131
0.8967367009387572,0.3807896735003797
0.8967367009387572,0.3808619707613442
0.8962896736700938,0.3807443980250665
0.8962896736700938,0.3808167141500475
0.8962896736700938,0.3808890577507599
0.8958426464014305,0.3807714231426943
0.8958426464014305,0.3808437856328392
0.8958426464014305,0.38091617563200914
0.8958426464014305,0.38098859315589356
0.8953956191327671,0.3808708880015212
0.8953956191327671,0.3809433244579688
0.8949485918641037,0.3808255659121172
0.8949485918641037,0.3808980213089802
0.8949485918641037,0.38097050428163654
0.8949485918641037,0.38104301484583175
0.8949485918641037,0.3811155530173234
0.8949485918641037,0.3811881188118812
0.8945015645954403,0.3810702723290802
0.8945015645954403,0.3811428571428571
0.894054537326777,0.3810249571346923
0.894054537326777,0.38109756097560976
0.894054537326777,0.3811701924909472
0.894054537326777,0.3812428516965307
0.8936075100581136,0.3811248808388942
0.8936075100581136,0.3811975591151793
0.8936075100581136,0.38127026511539197
0.8936075100581136,0.3813429988553987
0.8931604827894501,0.38122495706926157
0.8931604827894501,0.38129770992366413
0.8931604827894501,0.38137049055163197
0.8931604827894501,0.38144329896907214
0.8931604827894501,0.38151613519190375
0.8931604827894501,0.38158899923605805
0.8927134555207867,0.38147086914995226
0.8927134555207867,0.3815437523882308
0.8927134555207867,0.38161666348175044
0.8927134555207867,0.3816896024464832
0.8927134555207867,0.3817625692984133
0.8927134555207867,0.3818355640535373
0.8927134555207867,0.3819085867278638
0.8927134555207867,0.3819816373374139
0.8927134555207867,0.38205471589822076
0.8927134555207867,0.38212782242632987
0.8927134555207867,0.38220095693779904
0.8927134555207867,0.3822741194486983
0.8922664282521234,0.38215584912885314
0.8913723737147966,0.38199233716475095
0.8913723737147966,0.3820655297949799
0.8913723737147966,0.3821387504791108
0.8913723737147966,0.3822119992332758
0.8909253464461332,0.3820935582822086
0.8909253464461332,0.38216682646212846
0.8909253464461332,0.38224012274645186
0.8909253464461332,0.3823134471513524
0.8909253464461332,0.38238679969301614
0.8904783191774698,0.3822682786413356
0.8900312919088065,0.3821497120921305
0.8895842646401431,0.38203110001919754
0.8895842646401431,0.38210445468509985
0.8895842646401431,0.38217783752640677
0.8895842646401431,0.3822512485593546
0.8895842646401431,0.38232468780019213
0.8895842646401431,0.3823981552651806
0.8895842646401431,0.3824716509705939
0.8895842646401431,0.38254517493271817
0.8895842646401431,0.38261872716785233
0.8895842646401431,0.38269230769230766
0.8891372373714796,0.3825735718407386
0.8891372373714796,0.38264717198922665
0.8886902101028162,0.38252838175870696
0.8886902101028162,0.3826020015396459
0.8886902101028162,0.3826756496631376
0.8882431828341529,0.38255679630342704
0.8877961555654895,0.3824378971692663
0.8873491282968261,0.3823189522342065
0.8869021010281627,0.3821999614717781
0.8869021010281627,0.38227360308285163
0.8869021010281627,0.3823472730776643
0.8869021010281627,0.38242097147262916
0.8869021010281627,0.382494698284172
0.8869021010281627,0.3825684535287312
0.8864550737594993,0.3824493731918997
0.886008046490836,0.38233024691358025
0.8855610192221726,0.3822110746671812
0.8855610192221726,0.382284832111154
0.8855610192221726,0.38235861802740784
0.8855610192221726,0.3824324324324324
0.8855610192221726,0.38250627534273024
0.8855610192221726,0.38258014677481655
0.8855610192221726,0.38265404674521925
0.8855610192221726,0.38272797527047914
0.8855610192221726,0.38280193236714977
0.8855610192221726,0.38287591805179744
0.8855610192221726,0.38294993234100133
0.8855610192221726,0.38302397525135345
0.8855610192221726,0.3830980467994585
0.8855610192221726,0.38317214700193425
0.8855610192221726,0.3832462758754111
0.8851139919535091,0.3831269349845201
0.8851139919535091,0.3832010838010451
0.8851139919535091,0.3832752613240418
0.8851139919535091,0.38334946757018395
0.8851139919535091,0.38342370255615804
0.8851139919535091,0.38349796629866356
0.8846669646848457,0.38337853545137546
0.8842199374161824,0.3832590583220306
0.8842199374161824,0.38333333333333336
0.8842199374161824,0.3834076371389804
0.8842199374161824,0.3834819697557193
0.8842199374161824,0.38355633120031024
0.8842199374161824,0.38363072148952676
0.8842199374161824,0.3837051406401552
0.8842199374161824,0.383779588668995
0.8842199374161824,0.3838540655928585
0.8842199374161824,0.38392857142857145
0.8842199374161824,0.38400310619297223
0.8842199374161824,0.38407766990291264
0.883772910147519,0.3839580501068169
0.883772910147519,0.38403263403263405
0.8833258828788556,0.3839129590052458
0.8833258828788556,0.3839875631558492
0.8833258828788556,0.38406219630709426
0.8833258828788556,0.38413685847589424
0.8828788556101922,0.3840171106358157
0.8828788556101922,0.3840917930766239
0.8828788556101922,0.38416650457109514
0.8828788556101922,0.3842412451361868
0.8824318283415288,0.38412142440163455
0.8824318283415288,0.38419618528610355
0.8824318283415288,0.3842709752773993
0.8824318283415288,0.38434579439252337
0.8819848010728655,0.3842259006815969
0.8819848010728655,0.3843007401636151
0.8815377738042021,0.384180790960452
0.8815377738042021,0.3842556508183944
0.8815377738042021,0.3843305398557786
0.8815377738042021,0.38440545808966864
0.8815377738042021,0.38448040553714175
0.8815377738042021,0.3845553822152886
0.8815377738042021,0.3846303881412132
0.8815377738042021,0.3847054233320328
0.8815377738042021,0.38478048780487806
0.8815377738042021,0.38485558157689304
0.8815377738042021,0.3849307046652352
0.8815377738042021,0.38500585708707535
0.8815377738042021,0.3850810388595977
0.8815377738042021,0.38515625
0.8815377738042021,0.38523149052549327
0.8815377738042021,0.3853067604533021
0.8815377738042021,0.3853820598006645
0.8815377738042021,0.3854573885848319
0.8815377738042021,0.3855327468230694
0.8815377738042021,0.38560813453265547
0.8815377738042021,0.3856835517308821
0.8815377738042021,0.3857589984350548
0.8815377738042021,0.38583447466249265
0.8815377738042021,0.3859099804305284
0.8810907465355386,0.3857897827363476
0.8810907465355386,0.38586530931871577
0.8810907465355386,0.38594086547875467
0.8810907465355386,0.38601645123384254
0.8810907465355386,0.3860920666013712
0.8810907465355386,0.3861677115987461
0.8810907465355386,0.3862433862433862
0.8810907465355386,0.3863190905527244
0.8810907465355386,0.38639482454420704
0.8810907465355386,0.3864705882352941
0.8810907465355386,0.3865463816434595
0.8810907465355386,0.38662220478619064
0.8810907465355386,0.3866980576809888
0.8810907465355386,0.38677394034536894
0.8810907465355386,0.3868498527968597
0.8810907465355386,0.3869257950530035
0.8810907465355386,0.38700176713135676
0.8810907465355386,0.3870777690494894
0.8806437192668752,0.38703339882121807
0.8801966919982119,0.38691294949891925
0.8801966919982119,0.38698899371069184
0.8801966919982119,0.38706506781993316
0.8797496647295485,0.38694455367675973
0.8797496647295485,0.3870206489675516
0.8797496647295485,0.3870967741935484
0.8797496647295485,0.3871729293724179
0.8797496647295485,0.3872491145218418
0.8797496647295485,0.3873253296595158
0.8797496647295485,0.38740157480314963
0.8797496647295485,0.38747784997046664
0.8797496647295485,0.3875541551792044
0.8797496647295485,0.38763049044711445
0.8797496647295485,0.3877068557919622
0.8797496647295485,0.38778325123152707
0.8797496647295485,0.38785967678360267
0.8797496647295485,0.38793613246599645
0.8797496647295485,0.38801261829652994
0.8797496647295485,0.3880891342930389
0.8793026374608851,0.38796844181459567
0.8788556101922217,0.38784770171631483
0.8784085829235584,0.3877269139700079
0.877961555654895,0.387606078547464
0.877961555654895,0.38768258981444925
0.8775145283862316,0.38756169792694967
0.8775145283862316,0.3876382306477093
0.8775145283862316,0.38771479360063205
0.8775145283862316,0.38779138680363495
0.8775145283862316,0.3878680102746493
0.8775145283862316,0.38794466403162053
0.8770675011175681,0.38782368056928246
0.8770675011175681,0.3879003558718861
0.8770675011175681,0.3879770614989124
0.8766204738489047,0.38785601265822783
0.8766204738489047,0.38793273986152327
0.8766204738489047,0.38800949742777996
0.8766204738489047,0.38808628537502476
0.8766204738489047,0.3881631037212985
0.8761734465802414,0.3880419718867551
0.8761734465802414,0.38811881188118813
0.8761734465802414,0.38819568231332935
0.8761734465802414,0.38827258320126784
0.8761734465802414,0.3883495145631068
0.8761734465802414,0.38842647641696393
0.875726419311578,0.3883052527254708
0.875726419311578,0.38838223632038066
0.875726419311578,0.388459250446163
0.8752793920429146,0.38833796112653707
0.8752793920429146,0.3884149970243999
0.8752793920429146,0.3884920634920635
0.8752793920429146,0.3885691605477277
0.8752793920429146,0.388646288209607
0.8752793920429146,0.3887234464959301
0.8752793920429146,0.3888006354249404
0.8752793920429146,0.38887785501489575
0.8752793920429146,0.38895510528406835
0.8752793920429146,0.3890323862507451
0.8752793920429146,0.38910969793322736
0.8748323647742512,0.38898827270920294
0.8748323647742512,0.389065606361829
0.8748323647742512,0.3891429707695367
0.8748323647742512,0.3892203659506762
0.8748323647742512,0.38929779192361247
0.8748323647742512,0.389375248706725
0.8748323647742512,0.38945273631840793
0.8743853375055879,0.3893312101910828
0.8743853375055879,0.38940871988851283
0.8743853375055879,0.38948626045400236
0.8739383102369245,0.38936466839275047
0.8739383102369245,0.3894422310756972
0.8739383102369245,0.38951982466626817
0.8739383102369245,0.3895974491829414
0.8739383102369245,0.3896751046442097
0.8734912829682611,0.38955342902711326
0.8734912829682611,0.3896311066799601
0.8734912829682611,0.3897088153171121
0.8730442556995976,0.3895870736086176
0.8730442556995976,0.38966480446927376
0.8730442556995976,0.38974256635402116
0.8730442556995976,0.3898203592814371
0.8730442556995976,0.3898981832701138
0.8730442556995976,0.3899760383386581
0.8730442556995976,0.39005392450569204
0.8725972284309342,0.3899320815021974
0.8725972284309342,0.39000999000999004
0.8725972284309342,0.390087929656275
0.8725972284309342,0.39016590045972416
0.8725972284309342,0.3902439024390244
0.8725972284309342,0.3903219356128774
0.8721502011622709,0.3902
0.8721502011622709,0.3902780556111222
0.8721502011622709,0.3903561424569828
0.8721502011622709,0.3904342605563338
0.8717031738936075,0.39031224979983986
0.8717031738936075,0.39039039039039036
0.8717031738936075,0.3904685622747297
0.8712561466249441,0.39034648507911074
0.8712561466249441,0.39042467948717946
0.8708091193562807,0.39030254458024444
0.8708091193562807,0.39038076152304607
0.8708091193562807,0.39045900982160753
0.8708091193562807,0.3905372894947875
0.8708091193562807,0.3906156005614598
0.8708091193562807,0.3906939430405134
0.8708091193562807,0.39077231695085257
0.8708091193562807,0.39085072231139645
0.8708091193562807,0.3909291591410797
0.8708091193562807,0.39100762745885187
0.8708091193562807,0.391086127283678
0.8708091193562807,0.39116465863453814
0.8708091193562807,0.3912432215304278
0.8708091193562807,0.3913218159903576
0.8708091193562807,0.39140044203335345
0.8708091193562807,0.39147909967845657
0.8708091193562807,0.3915577889447236
0.8708091193562807,0.3916365098512264
0.8708091193562807,0.39171526241705207
0.8708091193562807,0.3917940466613033
0.8708091193562807,0.39187286260309795
0.8708091193562807,0.39195171026156944
0.8708091193562807,0.39203058965586635
0.8703620920876174,0.3919871149587276
0.8703620920876174,0.39206604913411197
0.8703620920876174,0.3921450151057402
0.869915064818954,0.3920225624496374
0.869915064818954,0.3921015514809591
0.869915064818954,0.3921805723498589
0.869915064818954,0.3922596250755896
0.869915064818954,0.39233870967741935
0.869915064818954,0.392417826174632
0.869915064818954,0.3924969745865268
0.869915064818954,0.3925761549324188
0.869915064818954,0.3926553672316384
0.869915064818954,0.3927346115035318
0.8694680375502906,0.39261203068227696
0.8694680375502906,0.3926912982031092
0.8694680375502906,0.39277059773828754
0.8694680375502906,0.3928499293072107
0.8694680375502906,0.3929292929292929
0.8694680375502906,0.39300868862396443
0.8694680375502906,0.393088116410671
0.8694680375502906,0.39316757630887406
0.8694680375502906,0.39324706833805095
0.8694680375502906,0.39332659251769464
0.8694680375502906,0.3934061488673139
0.8694680375502906,0.39348573740643333
0.8694680375502906,0.39356535815459326
0.8694680375502906,0.3936450111313499
0.8694680375502906,0.3937246963562753
0.8694680375502906,0.39380441384895726
0.8694680375502906,0.3938841636289996
0.8690210102816271,0.3937613935588414
0.8690210102816271,0.39384116693679094
0.8690210102816271,0.3939209726443769
0.8690210102816271,0.3940008107012566
0.8685739830129638,0.39387796472734643
0.8685739830129638,0.3939578264395783
0.8685739830129638,0.3940377205435003
0.8681269557443004,0.3939148073022312
0.867679928475637,0.39379184418746194
0.8672329012069736,0.39366883116883117
0.8672329012069736,0.3937487314796022
0.8672329012069736,0.3938286642306131
0.8672329012069736,0.39390862944162436
0.8672329012069736,0.39398862713241267
0.8672329012069736,0.3940686573227707
0.8667858739383102,0.3939455505891914
0.8667858739383102,0.3940256045519203
0.8663388466696469,0.39390243902439026
0.8658918194009835,0.3937792234193942
0.8658918194009835,0.3938592923952826
0.8658918194009835,0.3939393939393939
0.8654447921323201,0.3938161106590724
0.8654447921323201,0.3938962360122075
0.8654447921323201,0.393976393976394
0.8654447921323201,0.39405658457154485
0.8654447921323201,0.3941368078175896
0.8649977648636566,0.39401343921808185
0.8649977648636566,0.3940936863543788
0.8645507375949933,0.3939702587084946
0.8645507375949933,0.3940505297473513
0.8645507375949933,0.39413083350315875
0.8645507375949933,0.39421116999592337
0.8645507375949933,0.3942915392456677
0.8645507375949933,0.3943719412724307
0.8641037103263299,0.39424841933510096
0.8641037103263299,0.39432884536923707
0.8641037103263299,0.39440930422362785
0.8641037103263299,0.39448979591836736
0.8641037103263299,0.39457032047356605
0.8636566830576665,0.3944467129440588
0.8632096557890031,0.39432305493159076
0.8632096557890031,0.3944035947712418
0.8632096557890031,0.3944841675178754
0.8632096557890031,0.3945647731916633
0.8632096557890031,0.3946454118127938
0.8632096557890031,0.3947260834014718
0.8632096557890031,0.3948067879779186
0.8632096557890031,0.39488752556237217
0.8632096557890031,0.39496829617508694
0.8632096557890031,0.3950490998363339
0.8632096557890031,0.39512993656640066
0.8632096557890031,0.3952108063855915
0.8632096557890031,0.39529170931422725
0.8632096557890031,0.3953726453726454
0.8632096557890031,0.3954536145812001
0.8632096557890031,0.3955346169602622
0.8627626285203397,0.3954107764802295
0.8627626285203397,0.39549180327868855
0.8627626285203397,0.39557286329165814
0.8627626285203397,0.3956539565395654
0.8627626285203397,0.3957350830428542
0.8627626285203397,0.39581624282198524
0.8627626285203397,0.3958974358974359
0.8627626285203397,0.39597866228970047
0.8627626285203397,0.39605992201928997
0.8627626285203397,0.39614121510673234
0.8627626285203397,0.39622254157257236
0.8627626285203397,0.39630390143737165
0.8623156012516764,0.3961799137399877
0.8623156012516764,0.39626129827444534
0.8623156012516764,0.3963427162523115
0.861868573983013,0.39621866009042334
0.861868573983013,0.3963001027749229
0.861868573983013,0.3963815789473684
0.861868573983013,0.39646308862841867
0.861868573983013,0.3965446318387495
0.861868573983013,0.3966262085990537
0.861868573983013,0.39670781893004115
0.861868573983013,0.39678946285243877
0.8614215467143496,0.39666529435981884
0.8609745194456861,0.3965410747374923
0.8609745194456861,0.39662273476112025
0.8609745194456861,0.39670442842430487
0.8609745194456861,0.3967861557478368
0.8605274921770228,0.39666185864413767
0.8605274921770228,0.39674361088211046
0.8605274921770228,0.3968253968253968
0.8600804649083594,0.39670103092783504
0.8600804649083594,0.3967828418230563
0.8600804649083594,0.39686468646864687
0.8600804649083594,0.3969465648854962
0.8600804649083594,0.39702847709451095
0.8600804649083594,0.39711042311661504
0.8600804649083594,0.39719240297274977
0.8600804649083594,0.39727441668387364
0.8600804649083594,0.39735646427096244
0.859633437639696,0.39723197686428424
0.859633437639696,0.39731404958677685
0.859633437639696,0.3973961562306262
0.8591864103710326,0.39727159983464244
0.8591864103710326,0.39735373165185034
0.8587393831023692,0.39722911497105046
0.8587393831023692,0.39731127197518096
0.8582923558337059,0.39718659495242037
0.8582923558337059,0.39726877715704534
0.8582923558337059,0.3973509933774834
0.8582923558337059,0.3974332436348582
0.8582923558337059,0.39751552795031053
0.8582923558337059,0.39759784634499895
0.8578453285650425,0.39747307373653684
0.8578453285650425,0.3975554174435467
0.8578453285650425,0.39763779527559057
0.8578453285650425,0.397720207253886
0.8578453285650425,0.3978026533996683
0.8573983012963791,0.397677793904209
0.8573983012963791,0.39776026545002074
0.8569512740277156,0.39763534536403233
0.8569512740277156,0.3977178423236514
0.8569512740277156,0.39780037352147746
0.8569512740277156,0.39788293897882937
0.8565042467590523,0.39775794062694625
0.8565042467590523,0.3978405315614618
0.8565042467590523,0.39792315680166146
0.8565042467590523,0.39800581636892396
0.8565042467590523,0.39808851028464576
0.8565042467590523,0.39817123857024106
0.8565042467590523,0.39825400124714194
0.8565042467590523,0.39833679833679836
0.8565042467590523,0.3984196298606779
0.8565042467590523,0.3985024958402662
0.8565042467590523,0.3985853962970668
0.8565042467590523,0.3986683312526009
0.8565042467590523,0.3987513007284079
0.8565042467590523,0.398834304746045
0.8565042467590523,0.3989173433270872
0.8560572194903889,0.3987921699291962
0.8560572194903889,0.39887523432618205
0.8560572194903889,0.39895833333333336
0.8560572194903889,0.3990414669722859
0.8560572194903889,0.3991246352646936
0.8560572194903889,0.3992078382322285
0.8551631649530621,0.39895724713242964
0.8547161376843988,0.39883187317480184
0.8547161376843988,0.3989150844982266
0.8547161376843988,0.3989983305509182
0.8547161376843988,0.3990816113546233
0.8547161376843988,0.39916492693110645
0.8547161376843988,0.3992482773021508
0.8547161376843988,0.3993316624895572
0.8547161376843988,0.3994150825151452
0.8547161376843988,0.3994985374007522
0.8542691104157354,0.3993730407523511
0.853822083147072,0.39924749163879597
0.853822083147072,0.3993309638302321
0.853822083147072,0.39941447093266413
0.853822083147072,0.3994980129679983
0.853822083147072,0.399581589958159
0.853822083147072,0.3996652019250889
0.853822083147072,0.39974884889074924
0.853822083147072,0.3998325308771195
0.853822083147072,0.3999162479061977
0.853822083147072,0.4
0.853822083147072,0.40008378718056137
0.853822083147072,0.40016760946993507
0.853822083147072,0.4002514668901928
0.853822083147072,0.40033535946342486
0.853822083147072,0.40041928721174
0.853822083147072,0.4005032501572657
0.853822083147072,0.40058724832214765
0.853822083147072,0.40067128172855043
0.8533750558784086,0.4005455308434746
0.8533750558784086,0.4006295907660021
0.8533750558784086,0.4007136859781696
0.8533750558784086,0.4007978165022045
0.8533750558784086,0.4008819823603528
0.8533750558784086,0.40096618357487923
0.8533750558784086,0.40105042016806725
0.8533750558784086,0.401134692162219
0.8533750558784086,0.40121899957965534
0.8533750558784086,0.401303342442716
0.8533750558784086,0.40138772077375945
0.8529280286097451,0.40126182965299684
0.8529280286097451,0.40134623474968445
0.8529280286097451,0.4014306753629287
0.8529280286097451,0.4015151515151515
0.8529280286097451,0.4015996632287939
0.8529280286097451,0.4016842105263158
0.8529280286097451,0.40176879343019584
0.8524810013410818,0.40164279696714406
0.8524810013410818,0.4017274067832315
0.8524810013410818,0.40181205225453015
0.8524810013410818,0.40189673340358273
0.8524810013410818,0.4019814502529511
0.8524810013410818,0.4020662028252161
0.8524810013410818,0.40215099114297764
0.8524810013410818,0.40223581522885465
0.8524810013410818,0.40232067510548525
0.8524810013410818,0.40240557079552647
0.8524810013410818,0.40249050232165473
0.8524810013410818,0.4025754697065653
0.8524810013410818,0.40266047297297297
0.8524810013410818,0.40274551214361143
0.8520339740724184,0.40261934938741023
0.8520339740724184,0.40270441580392985
0.8520339740724184,0.40278951817413355
0.8520339740724184,0.4028746565208201
0.8520339740724184,0.4029598308668076
0.8520339740724184,0.4030450412349334
0.8520339740724184,0.40313028764805414
0.851586946803755,0.4030040194626613
0.8511399195350916,0.4028776978417266
0.8511399195350916,0.40296296296296297
0.8511399195350916,0.40304826418289585
0.8511399195350916,0.4031336015244548
0.8511399195350916,0.40321897501058873
0.8511399195350916,0.40330438466426605
0.8511399195350916,0.4033898305084746
0.8511399195350916,0.40347531256622166
0.8506928922664283,0.4033488766426452
0.8506928922664283,0.4034343862624549
0.8506928922664283,0.40351993214588633
0.8506928922664283,0.4036055143160127
0.8506928922664283,0.403691132795927
0.8506928922664283,0.4037767876087418
0.8502458649977649,0.40373593716832945
0.8497988377291015,0.40360934182590236
0.8497988377291015,0.4036950520280314
0.8497988377291015,0.4037807986406117
0.8497988377291015,0.40386658168684936
0.8493518104604381,0.40373990650233743
0.8493518104604381,0.4038257173219979
0.8489047831917746,0.40369897959183676
0.8489047831917746,0.4037848182011482
0.8484577559231113,0.4036580178647384
0.8484577559231113,0.40374388427994046
0.8484577559231113,0.40382978723404256
0.8484577559231113,0.4039157267503724
0.8484577559231113,0.40400170285227754
0.8484577559231113,0.4040877155631254
0.8480107286544479,0.40396081771720616
0.8480107286544479,0.4040468583599574
0.8480107286544479,0.40413293566254793
0.8480107286544479,0.40421904964841254
0.8475637013857845,0.4040920716112532
0.8471166741171211,0.40396503943722023
0.8471166741171211,0.40405117270788915
0.8471166741171211,0.40413734271699725
0.8466696468484578,0.4040102389078498
0.8466696468484578,0.404096436953275
0.8466696468484578,0.4041826717883056
0.8462226195797944,0.4040554962646745
0.8462226195797944,0.40414175918018785
0.845775592311131,0.4040145206064489
0.845775592311131,0.40410081161896627
0.845775592311131,0.4041871395001068
0.845775592311131,0.4042735042735043
0.845775592311131,0.40435990596281257
0.8453285650424676,0.4042325780247969
0.8453285650424676,0.4043190079110541
0.8453285650424676,0.4044054747647562
0.8453285650424676,0.40449197860962566
0.8448815377738041,0.40436456996148906
0.8448815377738041,0.40445110207575435
0.8448815377738041,0.4045376712328767
0.8448815377738041,0.4046242774566474
0.8448815377738041,0.40471092077087795
0.8444345105051408,0.4045834225744271
0.8444345105051408,0.4046700942587832
0.8439874832364774,0.4045425326762374
0.8439874832364774,0.4046292327475354
0.8439874832364774,0.4047159699892819
0.8439874832364774,0.40480274442538594
0.8439874832364774,0.40488955607977695
0.8439874832364774,0.40497640497640497
0.8439874832364774,0.4050632911392405
0.8439874832364774,0.4051502145922747
0.8439874832364774,0.4052371753595192
0.8439874832364774,0.40532417346500643
0.843540455967814,0.40519647841958345
0.843540455967814,0.4052835051546392
0.8430934286991506,0.40515574650912994
0.8430934286991506,0.4052428018908466
0.8426464014304873,0.4051149795830647
0.8426464014304873,0.4052020636285469
0.8421993741618239,0.4050741775962159
0.8417523468931605,0.4049462365591398
0.8417523468931605,0.40503334050333406
0.8417523468931605,0.40512048192771083
0.8417523468931605,0.40520766085646653
0.8413053196244971,0.4050796383986225
0.8413053196244971,0.40516684607104414
0.8413053196244971,0.4052540913006029
0.8408582923558338,0.4051259961231962
0.8408582923558338,0.4052132701421801
0.8408582923558338,0.40530058177117
0.8408582923558338,0.4053879310344828
0.8408582923558338,0.40547531795645614
0.8404112650871703,0.40534713238464853
0.8404112650871703,0.4054345481992668
0.8404112650871703,0.4055220017256255
0.8404112650871703,0.40560949298813376
0.8404112650871703,0.40569702201122143
0.8404112650871703,0.40578458881933954
0.8404112650871703,0.4058721934369603
0.8404112650871703,0.405959835888577
0.8404112650871703,0.4060475161987041
0.8404112650871703,0.4061352343918773
0.8404112650871703,0.4062229904926534
0.8404112650871703,0.40631078452561054
0.8404112650871703,0.40639861651534803
0.8404112650871703,0.4064864864864865
0.8404112650871703,0.40657439446366783
0.8404112650871703,0.40666234047155525
0.8404112650871703,0.4067503245348334
0.8399642378185069,0.4066219433023155
0.8399642378185069,0.4067099567099567
0.8399642378185069,0.40679800822688894
0.8399642378185069,0.4068860978778692
0.8399642378185069,0.406974225687676
0.8399642378185069,0.4070623916811092
0.8399642378185069,0.40715059588299024
0.8399642378185069,0.4072388383181621
0.8395172105498435,0.4071103403425103
0.8395172105498435,0.4071986123156982
0.8395172105498435,0.4072869225764476
0.8395172105498435,0.40737527114967464
0.8395172105498435,0.40746365806031676
0.8395172105498435,0.4075520833333333
0.8395172105498435,0.4076405469937052
0.8395172105498435,0.4077290490664351
0.8395172105498435,0.40781758957654723
0.8395172105498435,0.40790616854908773
0.8395172105498435,0.4079947860091245
0.8395172105498435,0.40808344198174706
0.8395172105498435,0.40817213649206696
0.8395172105498435,0.4082608695652174
0.8395172105498435,0.40834964122635353
0.8395172105498435,0.40843845150065244
0.8395172105498435,0.40852730041331303
0.8395172105498435,0.4086161879895561
0.8395172105498435,0.4087051142546246
0.8395172105498435,0.4087940792337832
0.8395172105498435,0.40888308295231873
0.8395172105498435,0.40897212543554007
0.8395172105498435,0.40906120670877805
0.8395172105498435,0.4091503267973856
0.8395172105498435,0.40923948572673785
0.8395172105498435,0.4093286835222319
0.8390701832811801,0.4091999127970351
0.8390701832811801,0.4092891408634976
0.8390701832811801,0.4093784078516903
0.8390701832811801,0.4094677137870855
0.8390701832811801,0.40955705869517783
0.8390701832811801,0.4096464426014841
0.8390701832811801,0.40973586553154334
0.8390701832811801,0.40982532751091705
0.8390701832811801,0.4099148285651889
0.8390701832811801,0.41000436871996504
0.8390701832811801,0.41009394800087395
0.8390701832811801,0.41018356643356646
0.8390701832811801,0.41027322404371586
0.8386231560125168,0.41014429383471795
0.8386231560125168,0.4102339820686639
0.8386231560125168,0.410323709536308
0.8386231560125168,0.4104134762633997
0.8386231560125168,0.41050328227571115
0.8386231560125168,0.410593127599037
0.8386231560125168,0.4106830122591944
0.8386231560125168,0.4107729362820232
0.8386231560125168,0.4108628996933859
0.8386231560125168,0.4109529025191676
0.8381761287438534,0.41082383873794914
0.8381761287438534,0.410913872452334
0.8381761287438534,0.4110039456378781
0.8381761287438534,0.41109405832054374
0.8381761287438534,0.41118421052631576
0.8381761287438534,0.41127440228120205
0.8381761287438534,0.411364633611233
0.83772910147519,0.4112354619267062
0.83772910147519,0.4113257243195786
0.83772910147519,0.41141602634467617
0.83772910147519,0.41150636802810714
0.8372820742065266,0.4113771139907753
0.8372820742065266,0.41146748681898065
0.8372820742065266,0.4115578993627774
0.8372820742065266,0.4116483516483517
0.8372820742065266,0.4117388437019125
0.8372820742065266,0.4118293755496922
0.8368350469378633,0.41170002199252254
0.8368350469378633,0.41179058512978445
0.8368350469378633,0.41188118811881186
0.8368350469378633,0.4119718309859155
0.8368350469378633,0.412062513757429
0.8368350469378633,0.41215323645970936
0.8368350469378633,0.41224399911913673
0.8363880196691998,0.4121145374449339
0.8363880196691998,0.41220533157083056
0.8363880196691998,0.4122961657117673
0.8359409924005364,0.4121666299316729
0.8359409924005364,0.4122574955908289
0.8359409924005364,0.412348401323043
0.8359409924005364,0.41243934715483016
0.835493965131873,0.4123097286565189
0.835493965131873,0.4124007060900265
0.835493965131873,0.41249172368130654
0.8350469378632096,0.4123620309050773
0.8345999105945463,0.41223228085670127
0.8345999105945463,0.4123233215547703
0.8345999105945463,0.4124144024740446
0.8345999105945463,0.41250552364118426
0.8341528833258829,0.4123756906077348
0.8341528833258829,0.4124668435013263
0.8341528833258829,0.4125580367013044
0.8337058560572195,0.41242812914639543
0.8337058560572195,0.4125193541251935
0.8337058560572195,0.41261061946902655
0.8337058560572195,0.4127019252046913
0.8337058560572195,0.4127932713590084
0.8332588287885561,0.4126632720832411
0.8332588287885561,0.41275465013286095
0.8328118015198928,0.412624584717608
0.8328118015198928,0.4127159946832078
0.8328118015198928,0.4128074451584312
0.8328118015198928,0.4128989361702128
0.8328118015198928,0.41299046774551096
0.8323647742512293,0.412860310421286
0.8319177469825659,0.4127300953648259
0.8319177469825659,0.41282165039929014
0.8319177469825659,0.41291324606168184
0.8319177469825659,0.41300488237905014
0.8319177469825659,0.41309655937846834
0.8319177469825659,0.41318827708703376
0.8319177469825659,0.41328003553186765
0.8319177469825659,0.4133718347401155
0.8314707197139025,0.41324150188846925
0.8314707197139025,0.41333333333333333
0.8314707197139025,0.41342520560124474
0.8314707197139025,0.41351711871943087
0.8314707197139025,0.4136090727151434
0.8310236924452392,0.41347864768683273
0.8310236924452392,0.4135706340378198
0.8310236924452392,0.4136626613262127
0.8310236924452392,0.41375472957934567
0.8310236924452392,0.413846838824577
0.8310236924452392,0.41393898908928967
0.8310236924452392,0.4140311804008909
0.8310236924452392,0.4141234127868122
0.8310236924452392,0.41421568627450983
0.8310236924452392,0.41430800089146425
0.8310236924452392,0.41440035666518055
0.8310236924452392,0.4144927536231884
0.8310236924452392,0.41458519179304193
0.8305766651765758,0.4144546062904305
0.8305766651765758,0.4145470771976796
0.8301296379079124,0.4144164249051551
0.8301296379079124,0.41450892857142857
0.8301296379079124,0.4146014735432016
0.8301296379079124,0.4146940598481465
0.8301296379079124,0.41478668751396025
0.8301296379079124,0.4148793565683646
0.829682610639249,0.4147486033519553
0.8292355833705856,0.4146177916852928
0.8292355833705856,0.41471048513302033
0.8292355833705856,0.4148032200357782
0.8292355833705856,0.41489599642138225
0.8292355833705856,0.41498881431767337
0.8292355833705856,0.41508167375251737
0.8287885561019223,0.41495076096687555
0.8287885561019223,0.4150436534586971
0.8287885561019223,0.41513658755038063
0.8287885561019223,0.4152295632698768
0.8287885561019223,0.4153225806451613
0.8287885561019223,0.41541563970423484
0.8287885561019223,0.41550874047512326
0.8283415288332588,0.4153777180004483
0.8283415288332588,0.4154708520179372
0.8283415288332588,0.41556402780892576
0.8278945015645954,0.4154329295648273
0.827447474295932,0.4153017724927081
0.8270004470272687,0.4151705565529623
0.8270004470272687,0.4152637485970819
0.8270004470272687,0.41535698248765157
0.8265534197586053,0.4152256905456995
0.8265534197586053,0.41531895777178796
0.8261063924899419,0.41518759829251856
0.8261063924899419,0.4152808988764045
0.8261063924899419,0.41537424140256235
0.8261063924899419,0.4154676258992806
0.8261063924899419,0.41556105239487295
0.8261063924899419,0.4156545209176788
0.8261063924899419,0.415748031496063
0.8261063924899419,0.4158415841584158
0.8261063924899419,0.4159351789331533
0.8256593652212785,0.41580369203061684
0.8256593652212785,0.41589732042332805
0.8252123379526151,0.4157657657657658
0.8252123379526151,0.4158594277990538
0.8252123379526151,0.4159531320414601
0.8252123379526151,0.41604687852152356
0.8252123379526151,0.41614066726780885
0.8252123379526151,0.4162344983089064
0.8247653106839518,0.41610284167794315
0.8243182834152883,0.415971125648545
0.8238712561466249,0.41583935018050544
0.8238712561466249,0.41593319792371924
0.8238712561466249,0.4160270880361174
0.8238712561466249,0.4161210205463987
0.8238712561466249,0.41621499548328816
0.8238712561466249,0.41630901287553645
0.8238712561466249,0.41640307275192046
0.8238712561466249,0.41649717514124296
0.8238712561466249,0.41659132007233274
0.8238712561466249,0.41668550757404477
0.8234242288779615,0.41655359565807326
0.8234242288779615,0.4166478172359195
0.8234242288779615,0.4167420814479638
0.8234242288779615,0.41683638832315
0.8229772016092982,0.41670439112720686
0.8229772016092982,0.41679873217115687
0.8229772016092982,0.416893115942029
0.8229772016092982,0.41698754246885616
0.8225301743406348,0.4168554599003172
0.8225301743406348,0.41694992068887377
0.8225301743406348,0.4170444242973708
0.8225301743406348,0.41713897075493084
0.8220831470719714,0.4170068027210884
0.821636119803308,0.41687457473349965
0.821636119803308,0.41696914700544463
0.8211890925346446,0.41683685046516905
0.8211890925346446,0.4169314571039492
0.8211890925346446,0.4170261066969353
0.8211890925346446,0.41712079927338785
0.8211890925346446,0.41721553486259366
0.8211890925346446,0.41731031349386644
0.8211890925346446,0.41740513519654626
0.8211890925346446,0.4175
0.8211890925346446,0.41759490793362125
0.8211890925346446,0.41768985902683037
0.8207420652659813,0.4175574255173982
0.8207420652659813,0.4176524112829845
0.8207420652659813,0.41774744027303756
0.8207420652659813,0.4178425125170687
0.8207420652659813,0.4179376280446164
0.8207420652659813,0.4180327868852459
0.8207420652659813,0.4181279890685493
0.8207420652659813,0.4182232346241458
0.8207420652659813,0.4183185235816815
0.8207420652659813,0.41841385597082953
0.8207420652659813,0.4185092318212902
0.8207420652659813,0.4186046511627907
0.8207420652659813,0.4187001140250855
0.8207420652659813,0.4187956204379562
0.8202950379973178,0.41866301619895047
0.8202950379973178,0.4187585577361935
0.8202950379973178,0.4188541428897512
0.8198480107286544,0.4187214611872146
0.8198480107286544,0.41881708152546243
0.8198480107286544,0.4189127455459114
0.819400983459991,0.4187799862919808
0.8189539561913277,0.4186471663619744
0.8189539561913277,0.41874285714285714
0.8189539561913277,0.41883859167809784
0.8189539561913277,0.4189343699977132
0.8189539561913277,0.41903019213174747
0.8189539561913277,0.41912605811027226
0.8189539561913277,0.41922196796338673
0.8189539561913277,0.4193179217212177
0.8189539561913277,0.4194139194139194
0.8185069289226643,0.4192809709182505
0.8180599016540009,0.4191479615208429
0.8180599016540009,0.41924398625429554
0.8176128743853375,0.4191109074243813
0.8176128743853375,0.4192069676827871
0.8176128743853375,0.41930307198532785
0.8171658471166742,0.4191699151570741
0.8171658471166742,0.41926605504587156
0.8167188198480108,0.41913282863041984
0.8167188198480108,0.41922900413033504
0.8167188198480108,0.41932522377782877
0.8167188198480108,0.4194214876033058
0.8167188198480108,0.4195177956371986
0.8167188198480108,0.41961414790996787
0.8162717925793473,0.41948081782678615
0.8162717925793473,0.4195772058823529
0.8162717925793473,0.4196736382440818
0.8162717925793473,0.41977011494252875
0.8162717925793473,0.4198666360082778
0.8162717925793473,0.4199632014719411
0.8158247653106839,0.4198297676558546
0.8158247653106839,0.4199263690750115
0.8158247653106839,0.42002301495972383
0.8158247653106839,0.4201197053406998
0.8158247653106839,0.42021644024867605
0.8153777380420205,0.4200829111008752
0.8153777380420205,0.4201796821008984
0.8153777380420205,0.4202764976958525
0.8153777380420205,0.42037335791657066
0.8153777380420205,0.42047026279391425
0.8153777380420205,0.42056721235877337
0.8149307107733572,0.42043357933579334
0.8149307107733572,0.42053056516724335
0.8149307107733572,0.4206275957544993
0.8144836835046938,0.4204938841449342
0.8140366562360304,0.4203601108033241
0.8140366562360304,0.42045716924497806
0.8140366562360304,0.420554272517321
0.8140366562360304,0.42065142065142064
0.8140366562360304,0.4207486136783734
0.8140366562360304,0.4208458516293044
0.813589628967367,0.42071197411003236
0.813589628967367,0.4208092485549133
0.813589628967367,0.42090656799259946
0.813589628967367,0.4210039324543141
0.8131426016987037,0.4208699676075891
0.8126955744300403,0.420735940754455
0.8126955744300403,0.42083333333333334
0.8126955744300403,0.4209307710118083
0.8126955744300403,0.4210282538212135
0.8122485471613768,0.4208941394486912
0.8118015198927134,0.42075996292863765
0.8118015198927134,0.4208574739281576
0.8118015198927134,0.42095503013444596
0.8118015198927134,0.42105263157894735
0.8118015198927134,0.42115027829313545
0.8118015198927134,0.42124797030851313
0.8118015198927134,0.42134570765661256
0.8118015198927134,0.42144349036899514
0.8118015198927134,0.4215413184772516
0.8118015198927134,0.4216391920130021
0.81135449262405,0.42150487691593125
0.81135449262405,0.42160278745644597
0.81135449262405,0.42170074349442377
0.81135449262405,0.42179874506158493
0.81135449262405,0.42189679218967924
0.8109074653553867,0.42176238084166473
0.8104604380867233,0.4216279069767442
0.8104604380867233,0.4217259827866946
0.8104604380867233,0.4218241042345277
0.8104604380867233,0.42192227135210614
0.8104604380867233,0.42202048417132215
0.8100134108180599,0.4218859138533178
0.8100134108180599,0.42198416394969723
0.8100134108180599,0.4220824598183089
0.8100134108180599,0.42218080149114634
0.8100134108180599,0.42227918900023304
0.8100134108180599,0.4223776223776224
0.8100134108180599,0.4224761016553975
0.8095663835493965,0.42234141791044777
0.8091193562807332,0.42220667133193374
0.8091193562807332,0.42230517965468967
0.8091193562807332,0.4224037339556593
0.8091193562807332,0.42250233426704015
0.8091193562807332,0.42260098062106
0.8091193562807332,0.42269967304997663
0.8086723290120698,0.42256482130343376
0.8086723290120698,0.4226635514018692
0.8082253017434063,0.42252862818415515
0.8082253017434063,0.42262739597942967
0.8082253017434063,0.4227262099602525
0.8082253017434063,0.42282507015902715
0.8082253017434063,0.42292397660818715
0.8082253017434063,0.42302292934019653
0.8082253017434063,0.42312192838754975
0.8082253017434063,0.4232209737827715
0.8082253017434063,0.4233200655584172
0.8077782744747429,0.4231850117096019
0.8077782744747429,0.42328414148512533
0.8077782744747429,0.42338331771321464
0.8073312472060795,0.42324818373564566
0.8073312472060795,0.42334739803094235
0.8073312472060795,0.4234466588511137
0.8073312472060795,0.42354596622889307
0.8073312472060795,0.4236453201970443
0.8068842199374162,0.42351008916001875
0.8068842199374162,0.4236094813424079
0.8068842199374162,0.42370892018779344
0.8068842199374162,0.4238084057290444
0.8068842199374162,0.42390793799906057
0.8068842199374162,0.42400751703077283
0.8068842199374162,0.42410714285714285
0.8068842199374162,0.42420681551116335
0.8068842199374162,0.424306535025858
0.8064371926687528,0.42417117328944276
0.8064371926687528,0.4242709313264346
0.8059901654000894,0.42413549752999297
0.8059901654000894,0.42423529411764704
0.8059901654000894,0.42433513767945397
0.8059901654000894,0.4244350282485876
0.805543138131426,0.42429950553331763
0.805543138131426,0.42439943476212905
0.805543138131426,0.42449941107184924
0.805543138131426,0.4245994344957587
0.805543138131426,0.42469950506716947
0.805543138131426,0.4247996228194248
0.805543138131426,0.42489978778589954
0.8050961108627627,0.4247641509433962
0.8050961108627627,0.42486435480066054
0.8050961108627627,0.42496460594620106
0.8050961108627627,0.42506490441350014
0.8050961108627627,0.42516525023607177
0.8050961108627627,0.42526564344746165
0.8050961108627627,0.42536608408124704
0.8046490835940993,0.42523033309709424
0.8046490835940993,0.42533081285444235
0.8046490835940993,0.42543134010872136
0.8046490835940993,0.425531914893617
0.8046490835940993,0.425632537242847
0.8046490835940993,0.42573320719016083
0.8046490835940993,0.42583392476933996
0.8046490835940993,0.4259346900141978
0.8046490835940993,0.4260355029585799
0.8042020563254358,0.4258996212121212
0.8042020563254358,0.42600047359696896
0.8042020563254358,0.4261013737565135
0.8037550290567724,0.42596541104003793
0.8037550290567724,0.4260663507109005
0.8033080017881091,0.42593031524057834
0.8033080017881091,0.4260312944523471
0.8028609745194457,0.4258951861512924
0.8028609745194457,0.42599620493358636
0.8028609745194457,0.42609727164887307
0.8028609745194457,0.4261983863312767
0.8028609745194457,0.4262995490149537
0.8024139472507823,0.4261633428300095
0.8024139472507823,0.42626454523866064
0.8024139472507823,0.42636579572446553
0.8024139472507823,0.4264670943216916
0.8024139472507823,0.42656844106463876
0.8024139472507823,0.42666983598763963
0.8019669199821189,0.42653352353780316
0.8019669199821189,0.4266349583828775
0.8015198927134555,0.4264985727878211
0.8015198927134555,0.4266000475850583
0.8015198927134555,0.42670157068062825
0.8015198927134555,0.42680314210902165
0.8015198927134555,0.4269047619047619
0.8015198927134555,0.42700643010240535
0.8015198927134555,0.4271081467365412
0.8015198927134555,0.42720991184179175
0.8010728654447922,0.4270734032411821
0.8010728654447922,0.4271752085816448
0.8010728654447922,0.42727706247019553
0.8010728654447922,0.4273789649415693
0.8010728654447922,0.42748091603053434
0.8006258381761288,0.427344309234073
0.8006258381761288,0.42744630071599043
0.8006258381761288,0.4275483408928145
0.8006258381761288,0.4276504297994269
0.8006258381761288,0.42775256747074275
0.8006258381761288,0.42785475394171046
0.8006258381761288,0.42795698924731185
0.8006258381761288,0.4280592734225621
0.8001788109074653,0.4279225436289744
0.8001788109074653,0.42802486848397897
0.8001788109074653,0.4281272422865343
0.8001788109074653,0.42822966507177035
0.8001788109074653,0.42833213687485044
0.8001788109074653,0.4284346577309718
0.7997317836388019,0.4282978214029208
0.7992847563701386,0.4281609195402299
0.7992847563701386,0.42826347305389223
0.7992847563701386,0.4283660757067561
0.7992847563701386,0.4284687275341481
0.7992847563701386,0.42857142857142855
0.7992847563701386,0.42867417885399184
0.7992847563701386,0.4287769784172662
0.7992847563701386,0.42887982729671387
0.7992847563701386,0.4289827255278311
0.7992847563701386,0.4290856731461483
0.7992847563701386,0.42918867018722995
0.7992847563701386,0.42929171668667465
0.7992847563701386,0.42939481268011526
0.7992847563701386,0.42949795820321884
0.7988377291014752,0.4293608841902931
0.7983907018328118,0.4292237442922374
0.7983907018328118,0.42932692307692305
0.7983907018328118,0.4294301514787208
0.7983907018328118,0.42953342953342954
0.7979436745641484,0.4293961991821025
0.7979436745641484,0.4294995187680462
0.7979436745641484,0.4296028880866426
0.797496647295485,0.42946557534906116
0.797496647295485,0.42956898627498197
0.7970496200268217,0.4294315992292871
0.7966025927581583,0.42929414598891835
0.7961555654894948,0.4291566265060241
0.7961555654894948,0.4292600626657026
0.7961555654894948,0.4293635486981678
0.7961555654894948,0.42946708463949845
0.7961555654894948,0.429570670525808
0.7961555654894948,0.4296743063932449
0.7961555654894948,0.4297779922779923
0.7961555654894948,0.4298817282162684
0.7957085382208314,0.42974408498309996
0.7952615109521681,0.4296063752716735
0.7952615109521681,0.42971014492753623
0.7952615109521681,0.42981396472577915
0.7952615109521681,0.42991783470275496
0.7948144836835047,0.42978003384094754
0.7948144836835047,0.42988394584139267
0.7948144836835047,0.42998790810157195
0.7948144836835047,0.43009192065795837
0.7948144836835047,0.43019598354706023
0.7943674564148413,0.43005808325266215
0.7943674564148413,0.430162188332123
0.7943674564148413,0.43026634382566586
0.7939204291461779,0.43012836037781543
0.7939204291461779,0.43023255813953487
0.7939204291461779,0.4303368063968985
0.7939204291461779,0.43044110518662143
0.7939204291461779,0.43054545454545456
0.7939204291461779,0.4306498545101843
0.7934734018775146,0.4305117632791657
0.7930263746088512,0.4303736050460941
0.7925793473401878,0.4302353797621936
0.7925793473401878,0.4303398058252427
0.7921323200715243,0.4302015052197135
0.7916852928028609,0.43006313744536184
0.7916852928028609,0.4301675977653631
0.7916852928028609,0.4302721088435374
0.7916852928028609,0.43037667071688945
0.7916852928028609,0.4304812834224599
0.7916852928028609,0.43058594699732555
0.7912382655341976,0.43044747081712065
0.7912382655341976,0.4305521770858672
0.7912382655341976,0.4306569343065693
0.7912382655341976,0.43076174251642735
0.7912382655341976,0.4308666017526777
0.7912382655341976,0.43097151205259315
0.7912382655341976,0.4310764734534827
0.7907912382655342,0.43093788063337396
0.7907912382655342,0.4310428849902534
0.7903442109968708,0.4309042164270046
0.7903442109968708,0.4310092637737689
0.7898971837282074,0.43087051938551574
0.7894501564595441,0.43073170731707316
0.7894501564595441,0.4308367894608441
0.7890031291908807,0.43069790141532455
0.7890031291908807,0.43080302660483283
0.7890031291908807,0.430908203125
0.7885561019222173,0.4307692307692308
0.7885561019222173,0.4308744504152418
0.7885561019222173,0.4309797214756902
0.7881090746535538,0.43084066471163246
0.7881090746535538,0.43094597897824494
0.7881090746535538,0.4310513447432763
0.7881090746535538,0.43115676204450964
0.7881090746535538,0.4312622309197652
0.7876620473848904,0.43112307315879617
0.7876620473848904,0.4312285854136074
0.7867679928475637,0.4310555963752143
0.7863209655789003,0.43091621754042136
0.7858739383102369,0.4307767703994119
0.7858739383102369,0.4308823529411765
0.7858739383102369,0.4309879872517774
0.7858739383102369,0.43109367336929866
0.7858739383102369,0.4311994113318617
0.7858739383102369,0.4313052011776251
0.7858739383102369,0.4314110429447853
0.7858739383102369,0.43151693667157587
0.7858739383102369,0.4316228823962681
0.7858739383102369,0.4317288801571709
0.7858739383102369,0.4318349299926308
0.7858739383102369,0.43194103194103195
0.7854269110415736,0.43180142541164906
0.7849798837729102,0.43166175024582104
0.7849798837729102,0.43176788787804277
0.7849798837729102,0.4318740777176586
0.7849798837729102,0.431980319803198
0.7849798837729102,0.43208661417322836
0.7849798837729102,0.4321929608663549
0.7849798837729102,0.4322993599212211
0.7849798837729102,0.43240581137650824
0.7849798837729102,0.432512315270936
0.7849798837729102,0.4326188716432619
0.7845328565042468,0.43247905372104484
0.7845328565042468,0.43258565442445157
0.7845328565042468,0.4326923076923077
0.7845328565042468,0.43279901356350187
0.7845328565042468,0.432905772076961
0.7845328565042468,0.43301258327165065
0.7840858292355833,0.4328726554787759
0.7840858292355833,0.4329795112317946
0.7840858292355833,0.4330864197530864
0.7840858292355833,0.4331933810817486
0.7840858292355833,0.433300395256917
0.7840858292355833,0.4334074623177662
0.7836388019669199,0.4332674246169056
0.7836388019669199,0.4333745364647713
0.7831917746982566,0.4332344213649852
0.7831917746982566,0.4333415780361118
0.7831917746982566,0.4334487877288471
0.7831917746982566,0.4335560504825538
0.7831917746982566,0.43366336633663366
0.7831917746982566,0.43377073533052735
0.7831917746982566,0.4338781575037147
0.7831917746982566,0.4339856328957146
0.7831917746982566,0.43409316154608524
0.7831917746982566,0.4342007434944238
0.7827447474295932,0.4340604858701041
0.7827447474295932,0.43416811306719566
0.7822977201609298,0.4340277777777778
0.7822977201609298,0.4341354502604813
0.7822977201609298,0.43424317617866004
0.7818506928922664,0.43410275502606105
0.7818506928922664,0.4342105263157895
0.7818506928922664,0.4343183511298734
0.7814036656236031,0.4341778440139096
0.7809566383549397,0.43403726708074536
0.7809566383549397,0.4341451292246521
0.7809566383549397,0.4342530449913
0.7809566383549397,0.43436101442068625
0.7809566383549397,0.43446903755284755
0.7809566383549397,0.4345771144278607
0.7805096110862763,0.43443642697188356
0.7805096110862763,0.4345445495271279
0.7805096110862763,0.4346527259148618
0.7805096110862763,0.4347609561752988
0.7805096110862763,0.4348692403486924
0.7800625838176128,0.4347284504235177
0.7800625838176128,0.43483678046349367
0.7796155565489495,0.43469591226321036
0.7796155565489495,0.43480428820742956
0.7791685292802861,0.43466334164588527
0.7787215020116227,0.43452232476926916
0.7787215020116227,0.4346307385229541
0.7782744747429593,0.4344896431245321
0.7782744747429593,0.4345981028457314
0.7782744747429593,0.4347066167290886
0.7782744747429593,0.43481518481518483
0.7782744747429593,0.4349238071446415
0.7782744747429593,0.4350324837581209
0.7778274474742959,0.4348912771807048
0.7778274474742959,0.435
0.7778274474742959,0.4351087771942986
0.7778274474742959,0.4352176088044022
0.7778274474742959,0.4353264948711534
0.7778274474742959,0.43543543543543545
0.7773804202056326,0.43529411764705883
0.7773804202056326,0.43540310465698545
0.7773804202056326,0.4355121462559479
0.7773804202056326,0.4356212424849699
0.7769333929369692,0.43547982961663745
0.7764863656683058,0.43533834586466164
0.7764863656683058,0.43544748057157184
0.7760393383996423,0.4353059177532598
0.7760393383996423,0.43541509907198395
0.7760393383996423,0.43552433517310585
0.7760393383996423,0.435633626097867
0.7760393383996423,0.4357429718875502
0.7760393383996423,0.4358523725834798
0.775592311130979,0.4357106981416374
0.7751452838623156,0.43556895252449135
0.7751452838623156,0.435678391959799
0.7746982565936522,0.4355365669766273
0.7746982565936522,0.4356460532931121
0.7746982565936522,0.43575559466934877
0.7742512293249888,0.43561368209255535
0.7742512293249888,0.43572327044025155
0.7742512293249888,0.43583291394061396
0.7742512293249888,0.4359426126352882
0.7742512293249888,0.43605236656596175
0.7742512293249888,0.4361621757743641
0.7738042020563254,0.43602015113350123
0.7738042020563254,0.436130007558579
0.7738042020563254,0.4362399193548387
0.7733571747876621,0.43609780690698263
0.7729101475189987,0.43595562279374683
0.7724631202503353,0.43581336696090794
0.7724631202503353,0.43592330978809285
0.7724631202503353,0.4360333080999243
0.7724631202503353,0.43614336193841496
0.7724631202503353,0.4362534713456198
0.7724631202503353,0.43636363636363634
0.7724631202503353,0.4364738570346047
0.7724631202503353,0.43658413340070745
0.7720160929816718,0.43644174879959563
0.7720160929816718,0.4365520728008089
0.7715690657130085,0.436409608091024
0.7715690657130085,0.4365199797673242
0.7715690657130085,0.43663040728560587
0.7715690657130085,0.4367408906882591
0.7715690657130085,0.43685143001771704
0.7715690657130085,0.43696202531645567
0.7715690657130085,0.43707267662699417
0.7715690657130085,0.4371833839918946
0.7715690657130085,0.4372941474537623
0.7715690657130085,0.43740496705524584
0.7715690657130085,0.4375158428390368
0.7711220384443451,0.43737322515212984
0.7711220384443451,0.4374841491250317
0.7706750111756817,0.43734145104008115
0.7706750111756817,0.4374524232428318
0.7706750111756817,0.43756345177664974
0.7706750111756817,0.4376745366844377
0.7702279839070183,0.43753174200101574
0.7702279839070183,0.4376428752857506
0.7702279839070183,0.4377540650406504
0.7702279839070183,0.4378653113087675
0.7702279839070183,0.4379766141331978
0.7697809566383549,0.43783371472158655
0.7697809566383549,0.4379450661241099
0.7697809566383549,0.4380564741795981
0.7693339293696916,0.43791348600508906
0.7693339293696916,0.43802494273352
0.7693339293696916,0.43813645621181263
0.7688869021010282,0.43799337916984976
0.7684398748323648,0.43785022924095773
0.7684398748323648,0.43796178343949044
0.7684398748323648,0.4380733944954128
0.7679928475637013,0.437930155493245
0.7679928475637013,0.43804181540030596
0.7679928475637013,0.438153532262178
0.7679928475637013,0.43826530612244896
0.767545820295038,0.43812196989027813
0.7670987930263746,0.43797856049004597
0.7670987930263746,0.4380903752872096
0.7670987930263746,0.43820224719101125
0.7670987930263746,0.43831417624521074
0.7670987930263746,0.43842616249361266
0.7670987930263746,0.43853820598006643
0.7666517657577112,0.43839468302658485
0.7666517657577112,0.43850677576067504
0.7662047384890478,0.43836317135549874
0.7662047384890478,0.4384753133793809
0.7662047384890478,0.43858751279426816
0.7657577112203845,0.43844381878679295
0.7653106839517211,0.43830005120327703
0.7648636566830577,0.4381562099871959
0.7644166294143943,0.4380122950819672
0.7644166294143943,0.43812451960030746
0.7644166294143943,0.4382368016401845
0.7639696021457308,0.43809279671879003
0.7639696021457308,0.4382051282051282
0.7639696021457308,0.4383175173121313
0.7639696021457308,0.4384299640841457
0.7635225748770675,0.4382858609186554
0.7635225748770675,0.4383983572895277
0.7635225748770675,0.4385109114249037
0.7635225748770675,0.43862352336928606
0.7635225748770675,0.43873619316722323
0.7635225748770675,0.43884892086330934
0.7630755476084041,0.4387047031611411
0.7630755476084041,0.4388174807197943
0.7630755476084041,0.43893031627667783
0.7630755476084041,0.4390432098765432
0.7630755476084041,0.4391561615641883
0.7626285203397407,0.4390118373648996
0.7626285203397407,0.43912483912483913
0.7626285203397407,0.4392378990731205
0.7626285203397407,0.4393510172547
0.7626285203397407,0.4394641937145801
0.7626285203397407,0.43957742849780984
0.7626285203397407,0.43969072164948453
0.7626285203397407,0.43980407321474607
0.7621814930710773,0.43965961835997935
0.7621814930710773,0.43977302037657984
0.7621814930710773,0.43988648090815274
0.7621814930710773,0.44
0.7621814930710773,0.44011357769747034
0.7621814930710773,0.4402272140459592
0.7621814930710773,0.4403409090909091
0.7621814930710773,0.4404546628778094
0.7621814930710773,0.4405684754521964
0.7621814930710773,0.4406823468596537
0.7621814930710773,0.44079627714581177
0.7621814930710773,0.4409102663563486
0.7621814930710773,0.44102431453698915
0.7621814930710773,0.4411384217335058
0.761734465802414,0.4409937888198758
0.761734465802414,0.4411079471913021
0.761734465802414,0.44122216468151215
0.7612874385337506,0.44107744107744107
0.7612874385337506,0.4411917098445596
0.7608404112650872,0.4410469033428349
0.7608404112650872,0.44116122343182995
0.7608404112650872,0.4412756028001037
0.7608404112650872,0.4413900414937759
0.7608404112650872,0.44150453955901425
0.7603933839964238,0.4413596263622211
0.7603933839964238,0.4414741759667791
0.7603933839964238,0.441588785046729
0.7599463567277603,0.44144378083614644
0.7599463567277603,0.44155844155844154
0.7599463567277603,0.44167316186022343
0.759499329459097,0.44152806652806653
0.759499329459097,0.4416428385755134
0.759499329459097,0.4417576703068123
0.759499329459097,0.44187256176853057
0.759499329459097,0.44198751300728406
0.759499329459097,0.44210252406973716
0.759499329459097,0.4422175950026028
0.759499329459097,0.44233272585264255
0.759499329459097,0.44244791666666666
0.759499329459097,0.44256316749153424
0.759499329459097,0.4426784783741532
0.759499329459097,0.4427938493614803
0.7590523021904336,0.4426485922836288
0.7590523021904336,0.4427640156453716
0.7586052749217702,0.4426186750130412
0.7586052749217702,0.44273415079572137
0.7586052749217702,0.4428496868475992
0.7586052749217702,0.44296528321587053
0.7586052749217702,0.4430809399477807
0.7586052749217702,0.44319665709062417
0.7586052749217702,0.443312434691745
0.7586052749217702,0.4434282727985367
0.7586052749217702,0.4435441714584422
0.7586052749217702,0.44366013071895427
0.7586052749217702,0.44377615062761505
0.7586052749217702,0.44389223123201677
0.7581582476531068,0.4437467294610152
0.7581582476531068,0.4438628631248364
0.7581582476531068,0.44397905759162304
0.7581582476531068,0.4440953129091385
0.7581582476531068,0.44421162912519646
0.7581582476531068,0.44432800628766045
0.7577112203844435,0.4441823899371069
0.7572641931157801,0.44403669724770645
0.7568171658471167,0.44389092815941267
0.7563701385784533,0.4437450826121164
0.7563701385784533,0.4438614900314795
0.7563701385784533,0.4439779585410653
0.7563701385784533,0.4440944881889764
0.7563701385784533,0.4442110790233657
0.75592311130979,0.44406512605042014
0.75592311130979,0.4441817704229052
0.75592311130979,0.4442984760903836
0.75592311130979,0.44441524310118263
0.75592311130979,0.44453207150368035
0.75592311130979,0.44464896134630555
0.7554760840411265,0.44450289321409786
0.7554760840411265,0.44461983688503026
0.7554760840411265,0.44473684210526315
0.7554760840411265,0.4448539089234009
0.7554760840411265,0.444971037388099
0.7554760840411265,0.44508822754806426
0.7554760840411265,0.4452054794520548
0.7554760840411265,0.4453227931488801
0.7554760840411265,0.44544016868740116
0.7550290567724631,0.44529396256261533
0.7545820295037997,0.4451476793248945
0.7545820295037997,0.4452651015563176
0.7545820295037997,0.44538258575197887
0.7545820295037997,0.44550013196093957
0.7545820295037997,0.44561774023231254
0.7541350022351363,0.4454713493530499
0.7541350022351363,0.4455890121500264
0.7541350022351363,0.44570673712021136
0.753687974966473,0.4455602536997886
0.753687974966473,0.4456780333068993
0.7532409476978096,0.4455314648334215
0.7527939204291462,0.44538481883099706
0.7527939204291462,0.4455026455026455
0.7527939204291462,0.4456205345329452
0.7523468931604828,0.44547379565907885
0.7523468931604828,0.4455917394757744
0.7523468931604828,0.4457097457627119
0.7523468931604828,0.4458278145695364
0.7523468931604828,0.44594594594594594
0.7523468931604828,0.446064139941691
0.7523468931604828,0.44618239660657477
0.7523468931604828,0.44630071599045346
0.7523468931604828,0.44641909814323605
0.7523468931604828,0.4465375431148846
0.7523468931604828,0.446656050955414
0.7518998658918195,0.4465091584815503
0.7518998658918195,0.4466277217206585
0.7518998658918195,0.4467463479415671
0.7518998658918195,0.44686503719447396
0.7510058113544926,0.44657097288676234
0.7510058113544926,0.4466897101834618
0.7510058113544926,0.44680851063829785
0.7505587840858292,0.4466613461026869
0.7505587840858292,0.4467802022352315
0.7501117568171658,0.44663295182326324
0.7501117568171658,0.44675186368477104
0.7501117568171658,0.4468708388814914
0.7501117568171658,0.44698987746403834
0.7501117568171658,0.4471089794830802
0.7501117568171658,0.447228144989339
0.7496647295485025,0.44708077845907757
0.7496647295485025,0.4472
0.7496647295485025,0.44731928514270475
0.7492177022798391,0.4471718249733191
0.7492177022798391,0.4472911662663464
0.7492177022798391,0.44741057127602774
0.7487706750111757,0.4472630173564753
0.7487706750111757,0.44738247863247865
0.7487706750111757,0.44750200374031524
0.7487706750111757,0.4476215927311598
0.7487706750111757,0.4477412456562416
0.7487706750111757,0.44786096256684493
0.7483236477425123,0.44771329232415086
0.7483236477425123,0.4478330658105939
0.747876620473849,0.4476853090714477
0.7474295932051855,0.4475374732334047
0.7474295932051855,0.4476572958500669
0.7469825659365221,0.44750937332619173
0.7469825659365221,0.44762925261184033
0.7469825659365221,0.4477491961414791
0.7469825659365221,0.44786920396676494
0.7465355386678587,0.4477211796246649
0.7465355386678587,0.4478412443014213
0.7465355386678587,0.4479613733905579
0.7465355386678587,0.4480815669439227
0.7460885113991953,0.44793344068706387
0.745641484130532,0.44778523489932887
0.7451944568618686,0.4476369495166488
0.7447474295932052,0.4474885844748858
0.7443004023245418,0.44734013970983344
0.7438533750558785,0.4471916151572158
0.7438533750558785,0.44731182795698926
0.743406347787215,0.4471632159182576
0.743406347787215,0.4472834857450242
0.743406347787215,0.4474038202851762
0.7429593205185516,0.4472551130247578
0.7429593205185516,0.4473755047106326
0.7425122932498882,0.4472267097469036
0.7425122932498882,0.4473471586318341
0.7425122932498882,0.4474676724137931
0.7425122932498882,0.44758825114524387
0.7425122932498882,0.4477088948787062
0.7420652659812249,0.44755998921542195
0.7416182387125615,0.44741100323624594
0.7416182387125615,0.44753169678985705
0.7411712114438981,0.4473826227738802
0.7411712114438981,0.4475033738191633
0.7407241841752347,0.44735421166306694
0.7407241841752347,0.4474750202538482
0.7407241841752347,0.4475958941112912
0.7407241841752347,0.4477168332883005
0.7407241841752347,0.4478378378378378
0.7402771569065713,0.44768856447688565
0.7402771569065713,0.447809626825311
0.7402771569065713,0.44793075466594534
0.7402771569065713,0.44805194805194803
0.7402771569065713,0.44817320703653585
0.7402771569065713,0.4482945316729832
0.7402771569065713,0.44841592201462227
0.7402771569065713,0.4485373781148429
0.739830129637908,0.44838797073963693
0.739830129637908,0.44850948509485095
0.7393831023692445,0.44835998915695313
0.7389360751005811,0.4482104121475054
0.7389360751005811,0.4483319772172498
0.7389360751005811,0.4484536082474227
0.7389360751005811,0.4485753052917232
0.7384890478319177,0.44842562432138977
0.7384890478319177,0.4485473798533804
0.7384890478319177,0.44866920152091255
0.7384890478319177,0.4487910893778864
0.7384890478319177,0.4489130434782609
0.7384890478319177,0.4490350638760533
0.7384890478319177,0.44915715062533984
0.7384890478319177,0.44927930378025566
0.7380420205632544,0.44912948857453755
0.7380420205632544,0.4492517006802721
0.737594993294591,0.4491017964071856
0.7371479660259276,0.4489518105091206
0.7367009387572642,0.44880174291938996
0.7367009387572642,0.44892399891037865
0.7367009387572642,0.4490463215258856
0.7367009387572642,0.449168710820387
0.7367009387572642,0.44929116684841874
0.7367009387572642,0.44941368966457595
0.7367009387572642,0.44953627932351337
0.7367009387572642,0.44965893587994543
0.7367009387572642,0.4497816593886463
0.7367009387572642,0.4499044499044499
0.7367009387572642,0.4500273074822501
0.7367009387572642,0.45015023217700084
0.7367009387572642,0.45027322404371584
0.7362539114886008,0.45012298442197324
0.7362539114886008,0.4502460360852925
0.7358068842199375,0.4500957068635494
0.7358068842199375,0.45021881838074396
0.7358068842199375,0.4503419972640219
0.7358068842199375,0.45046524356869183
0.7358068842199375,0.4505885573501232
0.7358068842199375,0.45071193866374587
0.7358068842199375,0.45083538756505065
0.7358068842199375,0.45095890410958905
0.7358068842199375,0.45108248835297343
0.735359856951274,0.45093201754385964
0.735359856951274,0.4510556621880998
0.735359856951274,0.4511793746571585
0.7349128296826106,0.4510288065843621
0.7349128296826106,0.45115257958287597
0.7349128296826106,0.45127642053252814
0.7349128296826106,0.4514003294892916
0.7349128296826106,0.4515243065092008
0.7349128296826106,0.45164835164835165
0.7344658024139472,0.45149766419345977
0.7344658024139472,0.4516217702034085
0.7344658024139472,0.45174594445971955
0.7344658024139472,0.45187018701870185
0.7344658024139472,0.45199449793672625
0.7344658024139472,0.45211887727022565
0.7344658024139472,0.45224332507569504
0.7344658024139472,0.4523678414096916
0.7340187751452839,0.45221702010465437
0.7340187751452839,0.45234159779614325
0.7335717478766205,0.45219068613943236
0.7335717478766205,0.45231532524807055
0.7335717478766205,0.45244003308519437
0.7335717478766205,0.4525648097076668
0.7331247206079571,0.45241379310344826
0.7331247206079571,0.45253863134657835
0.7331247206079571,0.4526635385040022
0.7331247206079571,0.45278851463279957
0.7326776933392937,0.45263739298536315
0.7326776933392937,0.4527624309392265
0.7322306660706303,0.4526112185686654
0.7322306660706303,0.4527363184079602
0.7322306660706303,0.45286148742051424
0.7322306660706303,0.45298672566371684
0.7322306660706303,0.45311203319502075
0.731783638801967,0.4529607083563918
0.731783638801967,0.45308607805148077
0.7308895842646401,0.452783162558848
0.7308895842646401,0.45290858725761773
0.7308895842646401,0.45303408146300916
0.7308895842646401,0.453159645232816
0.7304425569959767,0.45300803992237315
0.7299955297273134,0.4528563505268996
0.72954850245865,0.45270457697642164
0.72954850245865,0.4528301886792453
0.7291014751899866,0.45267832361920624
0.7286544479213232,0.45252637423653524
0.7286544479213232,0.45265204109969454
0.7282074206526599,0.4525
0.7282074206526599,0.45262572936926926
0.7282074206526599,0.452751528627015
0.7277603933839965,0.4525993883792049
0.7277603933839965,0.45272525027808674
0.7277603933839965,0.45285118219749654
0.7277603933839965,0.452977184195882
0.7277603933839965,0.4531032563317562
0.7277603933839965,0.4532293986636971
0.7277603933839965,0.45335561125034807
0.727313366115333,0.4532033426183844
0.727313366115333,0.4533296182780719
0.727313366115333,0.45345596432552954
0.7268663388466696,0.45330359632004463
0.7264193115780062,0.4531511433351924
0.7264193115780062,0.45327754532775455
0.7264193115780062,0.45340401785714285
0.7259722843093429,0.45325146525258164
0.7259722843093429,0.4533780011166946
0.7255252570406795,0.4532253560457973
0.7255252570406795,0.4533519553072626
0.7250782297720161,0.45319921765856386
0.7250782297720161,0.45332588038010063
0.7246312025033527,0.4531730500419346
0.7246312025033527,0.4532997762863535
0.7246312025033527,0.45342657342657344
0.7246312025033527,0.4535534415221041
0.7246312025033527,0.4536803806325217
0.7246312025033527,0.4538073908174692
0.7241841752346894,0.45365443853262394
0.7241841752346894,0.453781512605042
0.7241841752346894,0.4539086578873634
0.723737147966026,0.45375560538116594
0.723737147966026,0.45388281469021585
0.723737147966026,0.45401009534492426
0.723737147966026,0.4541374474053296
0.723737147966026,0.4542648709315376
0.723737147966026,0.45439236598372157
0.723737147966026,0.4545199326221224
0.723737147966026,0.4546475709070486
0.723737147966026,0.4547752808988764
0.723737147966026,0.45490306265805003
0.723737147966026,0.4550309162450815
0.723737147966026,0.45515884172055104
0.723737147966026,0.45528683914510687
0.723737147966026,0.45541490857946554
0.723737147966026,0.4555430500844119
0.7232901206973625,0.4553898114269631
0.7232901206973625,0.455518018018018
0.7232901206973625,0.4556462968177978
0.7228430934286991,0.45549295774647885
0.7223960661600357,0.4553395322626092
0.7223960661600357,0.455467869222097
0.7223960661600357,0.45559627854524953
0.7223960661600357,0.45572476029328823
0.7223960661600357,0.45585331452750355
0.7223960661600357,0.45598194130925507
0.7223960661600357,0.45611064069997176
0.7219490388913724,0.455957086391869
0.7219490388913724,0.4560858514543914
0.7219490388913724,0.4562146892655367
0.7219490388913724,0.4563435998869737
0.721502011622709,0.45618993781797623
0.7210549843540456,0.45603618886061636
0.7210549843540456,0.4561651583710407
0.7206079570853822,0.45601131541725604
0.7201609298167189,0.45585738539898135
0.7197139025480555,0.455703368242287
0.7197139025480555,0.45583238958097394
0.7197139025480555,0.45596148399886716
0.719266875279392,0.4558073654390935
0.7188198480107286,0.45565315953527913
0.7188198480107286,0.4557823129251701
0.7188198480107286,0.45591153955202723
0.7188198480107286,0.4560408394781622
0.7188198480107286,0.45617021276595743
0.7188198480107286,0.45629965947786605
0.7188198480107286,0.45642917967641217
0.7188198480107286,0.4565587734241908
0.7188198480107286,0.4566884407838682
0.7188198480107286,0.45681818181818185
0.7188198480107286,0.45694799658994034
0.7188198480107286,0.45707788516202386
0.7188198480107286,0.45720784759738414
0.7188198480107286,0.45733788395904434
0.7188198480107286,0.45746799431009955
0.7188198480107286,0.45759817871371655
0.7188198480107286,0.45772843723313406
0.7188198480107286,0.45785876993166286
0.7183728207420653,0.45770435773283963
0.7183728207420653,0.45783475783475786
0.7183728207420653,0.4579652322599031
0.7183728207420653,0.4580957810718358
0.7183728207420653,0.45822640433418876
0.7183728207420653,0.45835710211066744
0.7183728207420653,0.4584878744650499
0.7183728207420653,0.4586187214611872
0.7179257934734019,0.4584641735655153
0.7174787662047385,0.4583095374071959
0.7174787662047385,0.45844044558697516
0.7170317389360751,0.4582857142857143
0.7165847116674117,0.4581308945412975
0.7165847116674117,0.4582618639222413
0.7161376843987484,0.4581069488132685
0.715690657130085,0.4579519450800915
0.715690657130085,0.4580829756795422
0.715690657130085,0.45821408128219804
0.7152436298614215,0.4580589750930432
0.7152436298614215,0.4581901489117984
0.7152436298614215,0.45832139788026355
0.7152436298614215,0.4584527220630373
0.7147966025927581,0.4582975064488392
0.7147966025927581,0.4584288990825688
0.7143495753240948,0.458273587611127
0.7143495753240948,0.45840504876649457
0.7139025480554314,0.4582496413199426
0.7139025480554314,0.45838117106773824
0.7139025480554314,0.4585127763422337
0.713455520786768,0.45835726593911547
0.713455520786768,0.4584889399597817
0.713455520786768,0.4586206896551724
0.713455520786768,0.45875251509054327
0.713455520786768,0.45888441633122484
0.713455520786768,0.45901639344262296
0.7130084935181046,0.4588607594936709
0.7130084935181046,0.4589928057553957
0.7125614662494412,0.4588370754173863
0.7121144389807779,0.4586812553987907
0.7121144389807779,0.45881336405529954
0.7121144389807779,0.4589455488331893
0.7121144389807779,0.4590778097982709
0.7121144389807779,0.45921014701643126
0.7121144389807779,0.4593425605536332
0.7121144389807779,0.4594750504759158
0.7121144389807779,0.4596076168493941
0.7121144389807779,0.4597402597402597
0.7116674117121145,0.45958429561200925
0.711220384443451,0.4594282414091828
0.7107733571747876,0.4592720970537262
0.7107733571747876,0.45940479630164693
0.7107733571747876,0.4595375722543353
0.7103263299061243,0.45938132408210464
0.7103263299061243,0.45951417004048584
0.7103263299061243,0.45964709285507666
0.7103263299061243,0.4597800925925926
0.7103263299061243,0.45991316931982634
0.7103263299061243,0.46004632310364796
0.7098793026374609,0.4598899507674486
0.7094322753687975,0.4597334878331402
0.7094322753687975,0.45986670530281076
0.7089852481001341,0.45971014492753626
0.7089852481001341,0.4598434328790954
0.7089852481001341,0.4599767981438515
0.7089852481001341,0.46011024078909196
0.7085382208314707,0.4599535693557748
0.7085382208314707,0.46008708272859217
0.7080911935628074,0.45993031358885017
0.707644166294144,0.45977345338367703
0.707644166294144,0.45990703079604883
0.707644166294144,0.4600406858471375
0.7071971390254805,0.45988372093023255
0.7071971390254805,0.4600174469322477
0.7067501117568171,0.4598603839441536
0.7063030844881538,0.4597032295606634
0.7063030844881538,0.459837019790454
0.7063030844881538,0.45997088791848617
0.7063030844881538,0.46010483401281305
0.7063030844881538,0.4602388581415671
0.7063030844881538,0.4603729603729604
0.7063030844881538,0.46050714077528415
0.7058560572194904,0.46034985422740526
0.7058560572194904,0.46048410615339747
0.7058560572194904,0.4606184364060677
0.7058560572194904,0.46075284505398306
0.705409029950827,0.46059544658493873
0.7049620026821636,0.46043795620437955
0.7049620026821636,0.46057242990654207
0.7045149754135003,0.46041484078293893
0.7045149754135003,0.4605493863237873
0.7045149754135003,0.4606840105232388
0.7045149754135003,0.4608187134502924
0.7040679481448369,0.4606610119918105
0.7036209208761735,0.4605032182562902
0.70317389360751,0.46034533216271584
0.7027268663388466,0.4601873536299766
0.7022798390701833,0.46002928257686676
0.7022798390701833,0.46016403046280024
0.7022798390701833,0.4602988573102842
0.7022798390701833,0.4604337631887456
0.7022798390701833,0.4605687481676928
0.7022798390701833,0.46070381231671553
0.7022798390701833,0.4608389557054855
0.7022798390701833,0.4609741784037559
0.7022798390701833,0.4611094804813619
0.7018328118015199,0.46095126247798
0.7018328118015199,0.461086637298091
0.7018328118015199,0.4612220916568743
0.7018328118015199,0.46135762562444904
0.7018328118015199,0.46149323927101704
0.7018328118015199,0.46162893266686267
0.7018328118015199,0.46176470588235297
0.7018328118015199,0.46190055898793764
0.7018328118015199,0.4620364920541495
0.7018328118015199,0.46217250515160435
0.7018328118015199,0.4623085983510012
0.7018328118015199,0.46244477172312226
0.7018328118015199,0.4625810253388332
0.7013857845328565,0.4624226348364279
0.7013857845328565,0.46255896226415094
0.7013857845328565,0.4626953700973164
0.7013857845328565,0.46283185840707963
0.7013857845328565,0.46296842726467985
0.7013857845328565,0.46310507674144036
0.7013857845328565,0.4632418069087688
0.7013857845328565,0.4633786178381571
0.7009387572641931,0.4632200886262925
0.7004917299955298,0.4630614657210402
0.7004917299955298,0.46319834466449894
0.7004917299955298,0.4633353045535186
0.7004917299955298,0.4634723454599231
0.7004917299955298,0.4636094674556213
0.7004917299955298,0.46374667061260727
0.7000447027268664,0.4635879218472469
0.7000447027268664,0.4637251998815517
0.7000447027268664,0.46386255924170616
0.7000447027268664,0.464
0.7000447027268664,0.46413752222880855
0.699597675458203,0.4639786540171954
0.6991506481895395,0.4638196915776987
0.6991506481895395,0.46395728270542863
0.6987036209208761,0.46379821958456974
0.6987036209208761,0.4639358860195904
0.6987036209208761,0.46407363420427555
0.6982565936522128,0.4639144639144639
0.6982565936522128,0.46405228758169936
0.6978095663835494,0.46389301634472513
0.6978095663835494,0.4640309155766944
0.6978095663835494,0.46416889681831697
0.6978095663835494,0.4643069601427722
0.6978095663835494,0.4644451056233264
0.6978095663835494,0.46458333333333335
0.6978095663835494,0.464721643346234
0.6978095663835494,0.4648600357355569
0.697362539114886,0.4647006255585344
0.697362539114886,0.464839094159714
0.697362539114886,0.46497764530551416
0.697362539114886,0.46511627906976744
0.697362539114886,0.46525499552639427
0.6969155118462226,0.46509546539379476
0.6969155118462226,0.4652342584303193
0.6969155118462226,0.4653731343283582
0.6969155118462226,0.46551209316213793
0.6969155118462226,0.4656511350059737
0.6969155118462226,0.4657902599342695
0.6964684845775593,0.4656306037059175
0.6960214573088959,0.4654708520179372
0.6960214573088959,0.46561004784689
0.6960214573088959,0.4657493269518397
0.6955744300402324,0.4655894673847995
0.6955744300402324,0.4657288237054774
0.6955744300402324,0.4658682634730539
0.6955744300402324,0.46600778676250376
0.6955744300402324,0.4661473936488916
0.6955744300402324,0.4662870842073719
0.695127402771569,0.4661270983213429
0.6946803755029056,0.46596701649175415
0.6946803755029056,0.46610677864427114
0.6946803755029056,0.46624662466246625
0.6946803755029056,0.46638655462184875
0.6942333482342423,0.46622635845091565
0.6942333482342423,0.46636636636636636
0.6942333482342423,0.4665064583959147
0.6942333482342423,0.46664663461538464
0.6942333482342423,0.4667868951006913
0.6937863209655789,0.46662657847263983
0.6937863209655789,0.4667669172932331
0.6937863209655789,0.46690734055354993
0.6933392936969155,0.46674691543785735
0.6933392936969155,0.46688741721854304
0.6928922664282521,0.4667268894911171
0.6924452391595888,0.46656626506024096
0.6924452391595888,0.46670683940946067
0.6924452391595888,0.4668474984930681
0.6924452391595888,0.4669882423876997
0.6924452391595888,0.46712907117008445
0.6924452391595888,0.46726998491704375
0.6924452391595888,0.46741098370549183
0.6924452391595888,0.46755206761243584
0.6919982118909254,0.4673913043478261
0.6919982118909254,0.4675324675324675
0.691551184622262,0.4673716012084592
0.6911041573535985,0.46721063765488063
0.6906571300849352,0.467049576783555
0.6902101028162718,0.466888418506199
0.6897630755476084,0.4667271627344223
0.689316048278945,0.4665658093797277
0.689316048278945,0.46670702179176754
0.6888690210102816,0.4665455646382077
0.6888690210102816,0.46668685645063596
0.6888690210102816,0.4668282338685247
0.6888690210102816,0.466969696969697
0.6888690210102816,0.4671112458320703
0.6888690210102816,0.46725288053365677
0.6888690210102816,0.4673946011525629
0.6888690210102816,0.4675364077669903
0.6888690210102816,0.46767830045523523
0.6888690210102816,0.46782027929568915
0.6884219937416183,0.4676586699058609
0.6884219937416183,0.46780072904009723
0.6884219937416183,0.4679428745062291
0.6884219937416183,0.46808510638297873
0.6879749664729549,0.4679233809668592
0.6875279392042914,0.4677615571776156
0.6875279392042914,0.4679038637055065
0.6875279392042914,0.46804625684723067
0.6875279392042914,0.4681887366818874
0.6875279392042914,0.46833130328867234
0.6875279392042914,0.46847395674687786
0.6875279392042914,0.46861669713589277
0.687080911935628,0.4685975609756098
0.6866338846669647,0.4684354986276304
0.6866338846669647,0.4685784014643075
0.6866338846669647,0.46872139151663106
0.6866338846669647,0.46886446886446886
0.6866338846669647,0.46900763358778624
0.6861868573983013,0.46884544899205866
0.6861868573983013,0.46898869538649557
0.6857398301296379,0.46882640586797064
0.6857398301296379,0.46896973402629166
0.6857398301296379,0.4691131498470948
0.6857398301296379,0.469256653410829
0.6857398301296379,0.4694002447980416
0.6852928028609745,0.4692378328741965
0.6852928028609745,0.46938150642988363
0.6852928028609745,0.46952526799387445
0.6848457755923111,0.4693627450980392
0.6843987483236478,0.4692001225865768
0.6839517210549844,0.46903740036787245
0.683504693786321,0.4688745783501993
0.683504693786321,0.4690184049079755
0.683504693786321,0.4691623197299785
0.683504693786321,0.46930632289748314
0.683504693786321,0.4694504144918637
0.683504693786321,0.46959459459459457
0.683504693786321,0.4697388632872504
0.683504693786321,0.46988322065150584
0.683504693786321,0.47002766676913615
0.6830576665176575,0.4698646986469865
0.6826106392489942,0.46970163026760997
0.6826106392489942,0.46984615384615386
0.6821636119803308,0.46968297937827025
0.6821636119803308,0.4698275862068966
0.6817165847116674,0.46966430551278104
0.681269557443004,0.46950092421441775
0.681269557443004,0.46964560862865945
0.6808225301743407,0.469482120838471
0.6808225301743407,0.4696268886833179
0.6808225301743407,0.46977174583590375
0.6808225301743407,0.4699166923788954
0.6808225301743407,0.4700617283950617
0.6808225301743407,0.47020685396727385
0.6808225301743407,0.47035206917850525
0.6808225301743407,0.47049737411183196
0.6803755029056773,0.4703337453646477
0.6803755029056773,0.4704791344667697
0.6803755029056773,0.4706246134817563
0.6803755029056773,0.47077018249304053
0.6803755029056773,0.4709158415841584
0.6799284756370139,0.47075208913649025
0.6794814483683504,0.47058823529411764
0.6794814483683504,0.4707339733663673
0.6794814483683504,0.4708798017348203
0.679034421099687,0.47071583514099785
0.679034421099687,0.4708617482951023
0.679034421099687,0.4710077519379845
0.679034421099687,0.47115384615384615
0.6785873938310237,0.4709897610921502
0.6781403665623603,0.47082557417752946
0.6781403665623603,0.4709717479043775
0.6781403665623603,0.47111801242236023
0.6781403665623603,0.47126436781609193
0.6781403665623603,0.4714108141702921
0.6781403665623603,0.4715573515697855
0.6781403665623603,0.4717039800995025
0.6781403665623603,0.471850699844479
0.6781403665623603,0.47199751088985686
0.6781403665623603,0.4721444133208839
0.6781403665623603,0.4722914072229141
0.6781403665623603,0.47243849268140764
0.6781403665623603,0.47258566978193145
0.6781403665623603,0.4727329386101589
0.6781403665623603,0.4728802992518703
0.6781403665623603,0.4730277517929529
0.6781403665623603,0.47317529631940114
0.6781403665623603,0.4733229329173167
0.6776933392936969,0.4731585518102372
0.6776933392936969,0.4733062753668436
0.6776933392936969,0.47345409119300436
0.6776933392936969,0.47360199937519526
0.6772463120250335,0.4734375
0.6772463120250335,0.47358549546733353
0.6772463120250335,0.47373358348968103
0.6772463120250335,0.47388176415389427
0.6767992847563702,0.4737171464330413
0.6763522574877068,0.4735524256651017
0.6759052302190434,0.4733876017532874
0.6759052302190434,0.4735358596930786
0.6759052302190434,0.47368421052631576
0.6759052302190434,0.47383265434033217
0.6759052302190434,0.47398119122257054
0.6759052302190434,0.47412982126058323
0.67545820295038,0.47396486825595985
0.67545820295038,0.4741135864449325
0.67545820295038,0.47426239799121156
0.67545820295038,0.47441130298273154
0.67545820295038,0.4745603015075377
0.6750111756817165,0.4743952246308514
0.6750111756817165,0.47454431175361406
0.6750111756817165,0.474693492612386
0.6750111756817165,0.4748427672955975
0.6750111756817165,0.47499213589178985
0.6745641484130532,0.4748269351793581
0.6745641484130532,0.4749763928234183
0.6745641484130532,0.4751259445843829
0.6741171211443898,0.47496062992125987
0.6736700938757264,0.47479521109010714
0.6736700938757264,0.47494484714780966
0.673223066607063,0.47477931904161413
0.673223066607063,0.4749290444654683
0.673223066607063,0.4750788643533123
0.673223066607063,0.4752287787945724
0.673223066607063,0.4753787878787879
0.6727760393383997,0.47521313545942534
0.6723290120697363,0.4750473783954517
0.6718819848010729,0.47488151658767774
0.6718819848010729,0.475031605562579
0.6718819848010729,0.4751817894404047
0.6718819848010729,0.47533206831119545
0.6714349575324094,0.4751660866814299
0.670987930263746,0.475
0.6705409029950827,0.4748338081671415
0.6700938757264193,0.4746675110829639
0.6700938757264193,0.4748178650617675
0.6696468484577559,0.47465145754119137
0.6696468484577559,0.47480190174326464
0.6696468484577559,0.4749524413443247
0.6691998211890925,0.4747859181731684
0.6691998211890925,0.47493654822335024
0.6691998211890925,0.4750872738813075
0.6691998211890925,0.47523809523809524
0.6691998211890925,0.47538901238488407
0.6691998211890925,0.4755400254129606
0.6691998211890925,0.47569113441372735
0.6691998211890925,0.47584233947870314
0.6691998211890925,0.47599364069952305
0.6691998211890925,0.4761450381679389
0.6691998211890925,0.4762965319758193
0.6687527939204292,0.4761298535964354
0.6683057666517658,0.4759630690862783
0.6683057666517658,0.47611464968152867
0.6678587393831024,0.4759477540618031
0.6678587393831024,0.47609942638623326
0.6678587393831024,0.476251195409627
0.6678587393831024,0.4764030612244898
0.6678587393831024,0.47655502392344495
0.6678587393831024,0.4767070835992342
0.6678587393831024,0.47685924034471755
0.667411712114439,0.47669220945083013
0.6669646848457756,0.4765250718620249
0.6669646848457756,0.47667731629392973
0.6669646848457756,0.4768296580377117
0.6669646848457756,0.47698209718670076
0.6669646848457756,0.477134633834346
0.6669646848457756,0.47728726807421623
0.6669646848457756,0.47744
0.6669646848457756,0.47759282970550576
0.6669646848457756,0.4777457572846622
0.6669646848457756,0.47789878283151827
0.6669646848457756,0.47805190644024353
0.6669646848457756,0.4782051282051282
0.6669646848457756,0.47835844822058354
0.6669646848457756,0.47851186658114175
0.6669646848457756,0.47866538338145653
0.6669646848457756,0.47881899871630296
0.6669646848457756,0.47897271268057784
0.6665176575771122,0.47880539499036606
0.6660706303084488,0.47863796980404755
0.6660706303084488,0.4787917737789203
0.6660706303084488,0.47894567663130827
0.6660706303084488,0.4790996784565916
0.6660706303084488,0.4792537793502734
0.6656236030397854,0.4790862290862291
0.665176575771122,0.47891857096878016
0.665176575771122,0.47907276239536384
0.6647295485024587,0.4789049919484702
0.6647295485024587,0.4790592783505155
0.6647295485024587,0.4792136641959394
0.6647295485024587,0.47936814958091556
0.6647295485024587,0.4795227346017414
0.6647295485024587,0.4796774193548387
0.6642825212337953,0.47950951919974183
0.6642825212337953,0.47966429954809553
0.6642825212337953,0.47981917985146916
0.6642825212337953,0.47997416020671835
0.6642825212337953,0.4801292407108239
0.6638354939651319,0.4799612152553329
0.6633884666964684,0.4797930811509861
0.6633884666964684,0.4799482535575679
0.6629414394278051,0.4797800064703979
0.6629414394278051,0.47993527508090617
0.6624944121591417,0.4797669148591777
0.6624944121591417,0.4799222797927461
0.6624944121591417,0.4800777453838678
0.6624944121591417,0.48023331173039535
0.6624944121591417,0.48038897893030796
0.6624944121591417,0.4805447470817121
0.6620473848904783,0.480376256892637
0.6620473848904783,0.48053212199870216
0.6616003576218149,0.4803635183382019
0.6616003576218149,0.4805194805194805
0.6616003576218149,0.4806755440077947
0.6611533303531515,0.48050682261208577
0.6611533303531515,0.48066298342541436
0.6611533303531515,0.48081924577373214
0.6611533303531515,0.48097560975609754
0.6611533303531515,0.4811320754716981
0.6607063030844882,0.4809632281158477
0.6602592758158248,0.4807942708333333
0.6598122485471614,0.4806252035167698
0.659365221278498,0.4804560260586319
0.659365221278498,0.48061257738677093
0.659365221278498,0.4807692307692308
0.659365221278498,0.48092598630583633
0.659365221278498,0.4810828440965427
0.659365221278498,0.4812398042414356
0.6589181940098346,0.4810704960835509
0.6589181940098346,0.4812275546849494
0.6589181940098346,0.4813847158719791
0.6584711667411712,0.4812152891212022
0.6584711667411712,0.48137254901960785
0.6580241394725078,0.48120300751879697
0.6580241394725078,0.4813603662524526
0.6580241394725078,0.4815178279358849
0.6580241394725078,0.4816753926701571
0.6580241394725078,0.4818330605564648
0.6580241394725078,0.4819908316961362
0.6580241394725078,0.48214870619063216
0.6580241394725078,0.48230668414154654
0.6580241394725078,0.48246476565060636
0.6580241394725078,0.48262295081967216
0.6580241394725078,0.48278123975073794
0.6580241394725078,0.48293963254593175
0.6580241394725078,0.4830981293075156
0.6580241394725078,0.4832567301378857
0.6575771122038444,0.4830870279146141
0.6575771122038444,0.483245729303548
0.6575771122038444,0.4834045349983569
0.657130084935181,0.4832347140039448
0.6566830576665177,0.4830647813219336
0.6562360303978543,0.48289473684210527
0.6557890031291909,0.4827245804540967
0.6557890031291909,0.4828834759710336
0.6553419758605274,0.4827132038195588
0.6553419758605274,0.48287220026350464
0.6548949485918641,0.4827018121911038
0.6548949485918641,0.482860909690178
0.6544479213232007,0.4826904055390702
0.6544479213232007,0.48284960422163586
0.6544479213232007,0.48300890795117124
0.6540008940545373,0.48283828382838284
0.6535538667858739,0.48266754704522946
0.6535538667858739,0.48282694848084545
0.6535538667858739,0.4829864552362075
0.6535538667858739,0.48314606741573035
0.6535538667858739,0.48330578512396694
0.6535538667858739,0.4834656084656085
0.6535538667858739,0.4836255375454846
0.6535538667858739,0.48378557246856385
0.6531068395172106,0.48361469712015887
0.6531068395172106,0.4837748344370861
0.6526598122485472,0.48360384233189796
0.6522127849798838,0.48343273691186217
0.6517657577112204,0.4832615180643023
0.6517657577112204,0.48342175066313
0.6517657577112204,0.4835820895522388
0.6517657577112204,0.48374253483742535
0.6517657577112204,0.4839030866246266
0.6517657577112204,0.48406374501992033
0.6517657577112204,0.48422451012952505
0.6517657577112204,0.48438538205980064
0.6517657577112204,0.48454636091724823
0.651318730442557,0.484375
0.651318730442557,0.4845360824742268
0.651318730442557,0.4846972721224218
0.651318730442557,0.4848585690515807
0.651318730442557,0.48501997336884156
0.651318730442557,0.4851814851814852
0.6508717031738936,0.48500999333777484
0.6504246759052302,0.48483838720426525
0.6504246759052302,0.485
0.6504246759052302,0.4851617205735245
0.6499776486365668,0.4849899933288859
0.6499776486365668,0.4851518184851518
0.6499776486365668,0.48531375166889185
0.6499776486365668,0.48547579298831384
0.6495306213679034,0.48530394121576487
0.6490835940992401,0.4851319746074173
0.6490835940992401,0.4852941176470588
0.6490835940992401,0.485456369107322
0.6486365668305767,0.48528428093645487
0.6486365668305767,0.485446637671462
0.6481895395619133,0.48527443105756357
0.6481895395619133,0.4854368932038835
0.6481895395619133,0.4855994641661085
0.6481895395619133,0.48576214405360135
0.6481895395619133,0.4859249329758713
0.6481895395619133,0.4860878310425746
0.6481895395619133,0.4862508383635144
0.6481895395619133,0.4864139550486414
0.6481895395619133,0.4865771812080537
0.6481895395619133,0.4867405169519973
0.6477425122932499,0.4865681665547347
0.6477425122932499,0.48673160900235135
0.6477425122932499,0.48689516129032256
0.6477425122932499,0.48705882352941177
0.6477425122932499,0.4872225958305313
0.6477425122932499,0.4873864783047427
0.6477425122932499,0.48755047106325705
0.6472954850245864,0.4873779872096937
0.6472954850245864,0.48754208754208755
0.6472954850245864,0.48770629841697544
0.6472954850245864,0.48787061994609165
0.6468484577559231,0.48769801145938657
0.6468484577559231,0.4878624409979771
0.6468484577559231,0.488026981450253
0.6468484577559231,0.48819163292847506
0.6464014304872597,0.48801889976375296
0.6459544032185963,0.4880108071597433
0.6459544032185963,0.48817567567567566
0.6459544032185963,0.488340655626901
0.6455073759499329,0.48816768086544965
0.6455073759499329,0.4883327696990193
0.6455073759499329,0.4884979702300406
0.6455073759499329,0.488663282571912
0.6455073759499329,0.4888287068381855
0.6455073759499329,0.4889942431425669
0.6455073759499329,0.489159891598916
0.6450603486812696,0.4889867841409692
0.6450603486812696,0.48915254237288136
0.6450603486812696,0.4893184130213632
0.6450603486812696,0.48948439620081413
0.6450603486812696,0.4896504920257889
0.6446133214126062,0.4894772572980312
0.6441662941439428,0.4893039049235993
0.6437192668752794,0.4891304347826087
0.6437192668752794,0.4892966360856269
0.6432722396066161,0.4891230455472468
0.6428252123379526,0.48894933696021764
0.6423781850692892,0.4887755102040816
0.6419311578006258,0.48860156515821707
0.6419311578006258,0.48876786929884275
0.6419311578006258,0.48893428668709565
0.6414841305319624,0.4887602179836512
0.6414841305319624,0.4889267461669506
0.6414841305319624,0.489093387866394
0.6414841305319624,0.4892601431980907
0.6414841305319624,0.4894270122783083
0.6414841305319624,0.48959399522347324
0.6414841305319624,0.48976109215017066
0.6414841305319624,0.4899283031751451
0.6414841305319624,0.4900956284153005
0.6410371032632991,0.48992142125042704
0.6405900759946357,0.48974709501025293
0.6405900759946357,0.48991452991452994
0.6405900759946357,0.49008207934336523
0.6401430487259723,0.48990762914813546
0.6401430487259723,0.49007529089664614
0.6401430487259723,0.4902430674426566
0.6401430487259723,0.4904109589041096
0.6396960214573089,0.49023638232271327
0.6392489941886456,0.4900616860863605
0.6392489941886456,0.4902296880356531
0.6392489941886456,0.49039780521262005
0.6392489941886456,0.49056603773584906
0.6392489941886456,0.4907343857240906
0.6392489941886456,0.49090284929625816
0.6388019669199821,0.49072802197802196
0.6388019669199821,0.49089659910683614
0.6388019669199821,0.4910652920962199
0.6383549396513187,0.4908903403231351
0.6383549396513187,0.49105914718019256
0.6383549396513187,0.49122807017543857
0.6383549396513187,0.4913971094287681
0.6383549396513187,0.491566265060241
0.6379079123826553,0.49139118457300274
0.6379079123826553,0.49156045470203236
0.6374608851139919,0.4913852515506547
0.6374608851139919,0.49155463633229923
0.6374608851139919,0.4917241379310345
0.6374608851139919,0.4918937564677475
0.6370138578453286,0.4917184265010352
0.6370138578453286,0.49188816016568865
0.6365668305766652,0.49171270718232046
0.6365668305766652,0.4918825561312608
0.6365668305766652,0.4920525224602626
0.6361198033080018,0.4918769443484272
0.6356727760393384,0.491701244813278
0.6356727760393384,0.4918713248011069
0.6356727760393384,0.49204152249134947
0.6352257487706751,0.4918656974731741
0.6347787215020116,0.4916897506925208
0.6343316942333482,0.4915136820228611
0.6343316942333482,0.4916839916839917
0.6338846669646848,0.49150779896013863
0.6338846669646848,0.49167822468793343
0.6338846669646848,0.49184876864377386
0.6338846669646848,0.49201943095072864
0.6338846669646848,0.4921902117320375
0.6338846669646848,0.49236111111111114
0.6338846669646848,0.4925321292115318
0.6338846669646848,0.4927032661570535
0.6338846669646848,0.4928745220716024
0.6338846669646848,0.49304589707927676
0.6338846669646848,0.49321739130434783
0.6338846669646848,0.4933890048712596
0.6334376396960214,0.49321266968325794
0.6329906124273581,0.49303621169916434
0.6329906124273581,0.49320794148380354
0.6329906124273581,0.49337979094076656
0.6329906124273581,0.49355176019519
0.6325435851586947,0.49337517433751743
0.6325435851586947,0.49354726194628534
0.6325435851586947,0.4937194696441033
0.6320965578900313,0.49354275741710296
0.6320965578900313,0.4937150837988827
0.6320965578900313,0.4938875305623472
0.6320965578900313,0.49406009783368277
0.6320965578900313,0.494232785739252
0.6320965578900313,0.4944055944055944
0.6320965578900313,0.49457852395942636
0.6320965578900313,0.4947515745276417
0.6316495306213679,0.4945747287364368
0.6316495306213679,0.4947478991596639
0.6316495306213679,0.4949211908931699
0.6316495306213679,0.4950946040644709
0.6316495306213679,0.4952681388012618
0.6312025033527046,0.4950911640953717
0.6312025033527046,0.4952648193616275
0.6307554760840411,0.49508771929824563
0.6307554760840411,0.49526149526149527
0.6303084488153777,0.49508426966292135
0.6303084488153777,0.4952581664910432
0.6298614215467143,0.4950808151791989
0.6298614215467143,0.4952548330404218
0.6298614215467143,0.4954289732770745
0.6298614215467143,0.49560323601829054
0.6298614215467143,0.49577762139338494
0.6298614215467143,0.49595212953185497
0.6298614215467143,0.4961267605633803
0.6298614215467143,0.4963015146178232
0.6298614215467143,0.496476391825229
0.629414394278051,0.4962989072964399
0.6289673670093876,0.4961212976022567
0.6289673670093876,0.4962962962962963
0.6289673670093876,0.4964714184897671
0.6285203397407242,0.49629368160960113
0.6285203397407242,0.4964689265536723
0.6285203397407242,0.4966442953020134
0.6285203397407242,0.49681978798586574
0.6280733124720608,0.49664192294096854
0.6276262852033974,0.49646393210749645
0.6276262852033974,0.4966395472232048
0.6276262852033974,0.4968152866242038
0.6271792579347341,0.4966371681415929
0.6267322306660706,0.4964589235127479
0.6267322306660706,0.49663478568898334
0.6267322306660706,0.4968107725017718
0.6267322306660706,0.49698688408365826
0.6267322306660706,0.4971631205673759
0.6267322306660706,0.49733948208584605
0.6267322306660706,0.49751596877217885
0.6267322306660706,0.49769258075967343
0.6267322306660706,0.4978693181818182
0.6267322306660706,0.49804618117229127
0.6267322306660706,0.4982231698649609
0.6267322306660706,0.4984002843938855
0.6262852033974072,0.49822190611664297
0.6262852033974072,0.4983991462113127
0.6262852033974072,0.49857651245551604
0.6262852033974072,0.49875400498398004
0.6262852033974072,0.49893162393162394
0.6262852033974072,0.49910936943355894
0.6258381761287438,0.4989308624376336
0.6253911488600805,0.4987522281639929
0.6253911488600805,0.49893009985734665
0.6253911488600805,0.49910809846592935
0.6249441215914171,0.4989293361884368
0.6249441215914171,0.4991074616208497
0.6244970943227537,0.49892857142857144
0.6244970943227537,0.4991068238656663
0.6244970943227537,0.4992852037169407
0.6244970943227537,0.49946371111905613
0.6244970943227537,0.4996423462088698
0.6244970943227537,0.4998211091234347
0.6244970943227537,0.5
0.6244970943227537,0.5001790189760115
0.6240500670540903,0.5
0.6240500670540903,0.5001791472590469
0.6240500670540903,0.5003584229390681
0.6236030397854269,0.5001792757260667
0.6236030397854269,0.5003586800573888
0.6236030397854269,0.5005382131324004
0.6231560125167636,0.5003589375448672
0.6227089852481001,0.5001795332136445
0.6227089852481001,0.5003591954022989
0.6222619579794367,0.5001796622349982
0.6222619579794367,0.5003594536304816
0.6222619579794367,0.5005393743257821
0.6218149307107733,0.5003597122302158
0.62136790344211,0.5001799208348326
0.6209208761734466,0.5
0.6204738489047832,0.49981994958588405
0.6204738489047832,0.5
0.6204738489047832,0.5001801801801802
0.6204738489047832,0.5003604902667628
0.6200268216361198,0.5001803101334295
0.6200268216361198,0.5003607503607503
0.6195797943674564,0.5001804402742692
0.6195797943674564,0.5003610108303249
0.6191327670987931,0.5001805706031058
0.6191327670987931,0.5003612716763006
0.6191327670987931,0.5005421033610409
0.6191327670987931,0.5007230657989877
0.6186857398301296,0.5005424954792044
0.6182387125614662,0.5003617945007236
0.6177916852928028,0.5001809627216793
0.6177916852928028,0.500362056480811
0.6177916852928028,0.5005432814197754
0.6177916852928028,0.5007246376811594
0.6173446580241395,0.5005436752446538
0.6173446580241395,0.5007251631617113
0.6173446580241395,0.5009067827348568
0.6173446580241395,0.5010885341074021
0.6168976307554761,0.5009074410163339
0.6164506034868127,0.5007262164124909
0.6164506034868127,0.500908100254268
0.6164506034868127,0.5010901162790697
0.6160035762181493,0.5009087604507452
0.6160035762181493,0.5010909090909091
0.6160035762181493,0.5012731902510004
0.6160035762181493,0.5014556040756915
0.615556548949486,0.5012741172187841
0.615556548949486,0.5014566642388929
0.615556548949486,0.5016393442622951
0.615556548949486,0.5018221574344023
0.6151095216808226,0.5016405395552315
0.6151095216808226,0.5018234865061999
0.6151095216808226,0.5020065669463699
0.6146624944121591,0.5018248175182481
0.6142154671434957,0.5016429353778752
0.6137684398748323,0.5014609203798392
0.6137684398748323,0.5016441359152357
0.6137684398748323,0.501827485380117
0.613321412606169,0.5016453382084095
0.613321412606169,0.5018288222384785
0.613321412606169,0.5020124405415295
0.6128743853375056,0.5018301610541728
0.6124273580688422,0.5016477480776272
0.6124273580688422,0.5018315018315018
0.6124273580688422,0.5020153902528399
0.6124273580688422,0.5021994134897361
0.6124273580688422,0.5023835716905024
0.6124273580688422,0.5025678650036683
0.6124273580688422,0.5027522935779817
0.6124273580688422,0.5029368575624082
0.6124273580688422,0.5031215571061329
0.6124273580688422,0.5033063923585599
0.6124273580688422,0.5034913634693128
0.6124273580688422,0.5036764705882353
0.6119803308001788,0.5034939315924972
0.6115333035315155,0.5033112582781457
0.6110862762628521,0.5031284504968716
0.6106392489941886,0.5029455081001473
0.6106392489941886,0.5031307550644567
0.6106392489941886,0.5033161385408991
0.6101922217255252,0.5031330630298563
0.6097451944568618,0.5029498525073747
0.6097451944568618,0.5031353744005902
0.6097451944568618,0.5033210332103321
0.6097451944568618,0.5035068290882244
0.6092981671881985,0.5033234859675036
0.6092981671881985,0.5035094200221648
0.6092981671881985,0.5036954915003695
0.6088511399195351,0.5035120147874307
0.6088511399195351,0.503698224852071
0.6084041126508717,0.5035146133925268
0.6084041126508717,0.503700962250185
0.6084041126508717,0.5038874490929286
0.6079570853822083,0.5037037037037037
0.607510058113545,0.5035198221563542
0.6070630308448816,0.5033358042994811
0.6070630308448816,0.5035224323322209
0.6070630308448816,0.5037091988130564
0.6070630308448816,0.5038961038961038
0.6066160035762181,0.5037119524870082
0.6066160035762181,0.5038989974006683
0.6061689763075547,0.5037147102526003
0.6061689763075547,0.5039018952062431
0.6061689763075547,0.504089219330855
0.6061689763075547,0.5042766827817032
0.6061689763075547,0.5044642857142857
0.6061689763075547,0.504652028284332
0.6057219490388914,0.5044676098287416
0.6057219490388914,0.5046554934823091
0.6057219490388914,0.5048435171385991
0.605274921770228,0.5046589638464406
0.605274921770228,0.5048471290082028
0.605274921770228,0.505035434539351
0.6048278945015646,0.5048507462686567
0.6048278945015646,0.5050391937290034
0.6043808672329012,0.5048543689320388
0.6043808672329012,0.5050429585356743
0.6039338399642378,0.5048579970104634
0.6039338399642378,0.5050467289719626
0.6039338399642378,0.5052356020942408
0.6039338399642378,0.5054246165357277
0.6039338399642378,0.5056137724550899
0.6039338399642378,0.5058030700112317
0.6034868126955745,0.5056179775280899
0.6030397854269111,0.5054327463469465
0.6030397854269111,0.5056221889055472
0.6030397854269111,0.505811773528309
0.6030397854269111,0.5060015003750937
0.6030397854269111,0.5061913696060037
0.6025927581582476,0.506006006006006
0.6021457308895842,0.5058205031918889
0.6021457308895842,0.5060105184072127
0.6021457308895842,0.5062006764374295
0.6021457308895842,0.5063909774436091
0.6016987036209209,0.5062053403535164
0.6016987036209209,0.5063957863054929
0.6012516763522575,0.5062100112909296
0.6012516763522575,0.5064006024096386
0.6012516763522575,0.5065913370998116
0.6008046490835941,0.506405425772419
0.6008046490835941,0.5065963060686016
0.6008046490835941,0.5067873303167421
0.6008046490835941,0.5069784986797435
0.6008046490835941,0.5071698113207547
0.6008046490835941,0.507361268403171
0.6008046490835941,0.5075528700906344
0.6003576218149307,0.5073668303740083
0.6003576218149307,0.5075585789871504
0.5999105945462673,0.5073724007561436
0.5999105945462673,0.5075642965204236
0.5999105945462673,0.5077563374952705
0.599463567277604,0.5075700227100681
0.599463567277604,0.5077622112836047
0.5990165400089406,0.5075757575757576
0.5990165400089406,0.5077680939749906
0.5990165400089406,0.5079605761940864
0.5990165400089406,0.5081532043989382
0.5985695127402771,0.5079666160849773
0.5985695127402771,0.5081593927893738
0.5985695127402771,0.5083523158694001
0.5985695127402771,0.5085453854918344
0.5981224854716137,0.5083586626139818
0.5981224854716137,0.508551881413911
0.5976754582029504,0.5083650190114068
0.597228430934287,0.5081780144541651
0.597228430934287,0.5083713850837138
0.597228430934287,0.5085649029311001
0.597228430934287,0.5087585681645087
0.597228430934287,0.5089523809523809
0.5967814036656236,0.508765243902439
0.5967814036656236,0.5089592070148685
0.5967814036656236,0.5091533180778032
0.5963343763969602,0.5089660434948493
0.5963343763969602,0.5091603053435114
0.5963343763969602,0.5093547155402826
0.5963343763969602,0.5095492742551566
0.5958873491282968,0.5093618647306075
0.5954403218596335,0.5091743119266054
0.5954403218596335,0.5093690248565965
0.5954403218596335,0.5095638867635807
0.5954403218596335,0.5097588978185993
0.5949932945909701,0.5095712098009189
0.5949932945909701,0.5097663730371506
0.5949932945909701,0.5099616858237548
0.5945462673223066,0.5097738597163665
0.5945462673223066,0.5099693251533742
0.5940992400536432,0.5097813578826237
0.5936522127849799,0.5095932463545664
0.5932051855163165,0.509404990403071
0.5927581582476531,0.5092165898617511
0.5923111309789897,0.5090280445639647
0.5923111309789897,0.5092236740968485
0.5918641037103264,0.5090349865436371
0.591417076441663,0.5088461538461538
0.591417076441663,0.5090419392073875
0.5909700491729996,0.5088529638183218
0.5905230219043361,0.5086638428956488
0.5900759946356727,0.5084745762711864
0.5900759946356727,0.5086705202312138
0.5900759946356727,0.5088666152659984
0.5900759946356727,0.5090628615503278
0.5900759946356727,0.5092592592592593
0.5900759946356727,0.5094558085681204
0.5900759946356727,0.5096525096525096
0.5896289673670094,0.5094631131711085
0.5896289673670094,0.509659969088099
0.589181940098346,0.509470429068419
0.589181940098346,0.5096674400618716
0.5887349128296826,0.5094777562862669
0.5887349128296826,0.5096749226006192
0.5887349128296826,0.5098722415795587
0.5882878855610192,0.5096824167312161
0.5882878855610192,0.5098798915149167
0.5878408582923559,0.5096899224806202
0.5878408582923559,0.5098875533152385
0.5878408582923559,0.5100853374709077
0.5878408582923559,0.5102832751261156
0.5873938310236925,0.5100931677018633
0.5873938310236925,0.5102912621359224
0.5873938310236925,0.5104895104895105
0.5873938310236925,0.5106879129420909
0.5869468037550291,0.51049766718507
0.5864997764863656,0.5103072734344613
0.5860527492177022,0.5101167315175097
0.5860527492177022,0.5103152977812379
0.5860527492177022,0.5105140186915887
0.5856057219490389,0.510323334631866
0.5856057219490389,0.5105222135619641
0.5851586946803755,0.5103313840155945
0.5851586946803755,0.5105304212168487
0.5851586946803755,0.5107296137339056
0.5847116674117121,0.5105386416861827
0.5847116674117121,0.5107379929714955
0.5842646401430487,0.510546875
0.5838176128743854,0.5103556076592419
0.5838176128743854,0.5105551211884285
0.583370585605722,0.5103637074696911
0.583370585605722,0.5105633802816901
0.5829235583370586,0.510371819960861
0.5824765310683951,0.5101801096319499
0.5824765310683951,0.5103799451625538
0.5824765310683951,0.5105799373040752
0.5824765310683951,0.5107800862406899
0.5820295037997317,0.5105882352941177
0.5820295037997317,0.5107885445272656
0.5815824765310684,0.5105965463108321
0.5815824765310684,0.5107970160973695
0.5815824765310684,0.5109976433621367
0.5815824765310684,0.5111984282907662
0.5815824765310684,0.5113993710691824
0.5815824765310684,0.511600471883602
0.5815824765310684,0.511801730920535
0.5815824765310684,0.5120031483667847
0.581135449262405,0.5118110236220472
0.581135449262405,0.5120126033871603
0.5806884219937416,0.5118203309692672
0.5802413947250782,0.5116279069767442
0.5797943674564149,0.511435331230284
0.5797943674564149,0.5116370808678501
0.5793473401877515,0.5114443567482242
0.5793473401877515,0.5116462692459535
0.5793473401877515,0.5118483412322274
0.5793473401877515,0.5120505728960885
0.5793473401877515,0.5122529644268775
0.5789003129190881,0.5120601028074337
0.5789003129190881,0.5122626582278481
0.5784532856504246,0.5120696478037198
0.5784532856504246,0.5122723673792557
0.5784532856504246,0.5124752475247525
0.5784532856504246,0.5126782884310618
0.5784532856504246,0.512881490289338
0.5784532856504246,0.5130848532910388
0.5784532856504246,0.5132883776279255
0.5784532856504246,0.5134920634920634
0.5784532856504246,0.5136959110758237
0.5784532856504246,0.5138999205718825
0.5784532856504246,0.5141040921732221
0.5780062583817613,0.5139109697933227
0.5775592311130979,0.5137176938369782
0.5771122038444345,0.5135242641209228
0.5771122038444345,0.5137286112216475
0.5766651765757711,0.5135350318471338
0.5762181493071077,0.5133412982875348
0.5757711220384444,0.5131474103585657
0.575324094769781,0.5129533678756477
0.575324094769781,0.5131578947368421
0.5748770675011176,0.5129637016354208
0.5748770675011176,0.5131683958499601
0.5744300402324541,0.5129740518962076
0.5744300402324541,0.5131789137380192
0.5739830129637908,0.512984418697563
0.5735359856951274,0.5127897681854516
0.5735359856951274,0.5129948020791684
0.573088958426464,0.5128
0.573088958426464,0.5130052020808323
0.5726419311578006,0.5128102481985588
0.5726419311578006,0.513015618742491
0.5726419311578006,0.5132211538461539
0.5721949038891372,0.5130260521042084
0.5717478766204739,0.5128307939053729
0.5717478766204739,0.5130365022061772
0.5713008493518105,0.5128410914927769
0.5713008493518105,0.5130469690887194
0.5708538220831471,0.51285140562249
0.5704067948144836,0.5126556850140619
0.5699597675458203,0.512459807073955
0.5699597675458203,0.5126658624849216
0.5699597675458203,0.5128720836685439
0.5699597675458203,0.5130784708249497
0.5699597675458203,0.5132850241545893
0.5695127402771569,0.5130890052356021
0.5695127402771569,0.5132957292506044
0.5695127402771569,0.5135026199113261
0.5695127402771569,0.5137096774193548
0.5695127402771569,0.5139169019766034
0.5695127402771569,0.5141242937853108
0.5690657130084935,0.5139281388776746
0.5690657130084935,0.5141357027463651
0.5690657130084935,0.5143434343434343
0.5686186857398301,0.5141471301535974
0.5681716584711668,0.5139506672058229
0.5677246312025034,0.5137540453074434
0.5677246312025034,0.5139619587211656
0.5677246312025034,0.5141700404858299
0.56727760393384,0.5139732685297691
0.56727760393384,0.5141815235008104
0.5668305766651766,0.5139845966761248
0.5663835493965131,0.513787510137875
0.5663835493965131,0.5139959432048682
0.5659365221278498,0.5137987012987013
0.5659365221278498,0.5140073081607796
0.5659365221278498,0.5142160844841592
0.5659365221278498,0.5144250304754165
0.5654894948591864,0.5142276422764228
0.5654894948591864,0.5144367629117528
0.5654894948591864,0.514646053702197
0.565042467590523,0.5144485144485145
0.565042467590523,0.5146579804560261
0.565042467590523,0.5148676171079429
0.565042467590523,0.515077424612877
0.565042467590523,0.5152874031797798
0.565042467590523,0.5154975530179445
0.565042467590523,0.5157078743370053
0.5645954403218596,0.5155102040816326
0.5645954403218596,0.5157207023274806
0.5641484130531963,0.5155228758169934
0.5641484130531963,0.5157335512872906
0.5641484130531963,0.5159443990188062
0.5637013857845329,0.5157464212678936
0.5637013857845329,0.5159574468085106
0.5637013857845329,0.5161686451084732
0.5637013857845329,0.5163800163800164
0.5637013857845329,0.5165915608357231
0.5637013857845329,0.5168032786885246
0.5637013857845329,0.5170151701517015
0.5637013857845329,0.5172272354388844
0.5637013857845329,0.5174394747640542
0.5637013857845329,0.5176518883415435
0.5637013857845329,0.5178644763860369
0.5637013857845329,0.5180772391125719
0.5637013857845329,0.5182901767365392
0.5637013857845329,0.5185032894736842
0.5637013857845329,0.5187165775401069
0.5632543585158695,0.5185185185185185
0.562807331247206,0.5183202964182791
0.562807331247206,0.5185337726523888
0.562807331247206,0.5187474248042852
0.562807331247206,0.5189612530915086
0.562807331247206,0.5191752577319587
0.562807331247206,0.5193894389438944
0.562807331247206,0.5196037969459348
0.5623603039785426,0.5194054500412882
0.5619132767098793,0.5192069392812887
0.5614662494412159,0.5190082644628099
0.5610192221725525,0.5188094253823894
0.5605721949038891,0.5186104218362283
0.5605721949038891,0.5188249896565991
0.5605721949038891,0.5190397350993378
0.5605721949038891,0.5192546583850932
0.5605721949038891,0.5194697597348799
0.5605721949038891,0.5196850393700787
0.5605721949038891,0.5199004975124378
0.5605721949038891,0.520116134384073
0.5601251676352258,0.5199170124481328
0.5596781403665624,0.5197177251971773
0.5596781403665624,0.5199335548172758
0.5596781403665624,0.5201495637723307
0.5596781403665624,0.5203657522859518
0.5596781403665624,0.5205821205821206
0.5596781403665624,0.5207986688851913
0.559231113097899,0.5205992509363296
0.559231113097899,0.5208159866777685
0.5587840858292356,0.5206164098292378
0.5587840858292356,0.5208333333333334
0.5587840858292356,0.5210504376823677
0.5587840858292356,0.5212677231025855
0.5583370585605721,0.5210680016687526
0.5578900312919088,0.5208681135225376
0.5578900312919088,0.5210855949895616
0.5578900312919088,0.5213032581453634
0.5578900312919088,0.5215211032177184
0.5574430040232454,0.5213210702341137
0.5574430040232454,0.5215391049769971
0.556995976754582,0.5213389121338912
0.556995976754582,0.5215571368773545
0.556995976754582,0.5217755443886097
0.556995976754582,0.5219941348973607
0.556995976754582,0.5222129086336965
0.5565489494859186,0.5220125786163522
0.5561019222172553,0.5218120805369127
0.5556548949485919,0.521611414183802
0.5556548949485919,0.5218303946263644
0.5556548949485919,0.5220495590088198
0.5556548949485919,0.5222689075630252
0.5556548949485919,0.5224884405212274
0.5552078676799285,0.5222876366694701
0.554760840411265,0.522086663862011
0.554760840411265,0.5223063973063973
0.554760840411265,0.5225263157894737
0.554760840411265,0.5227464195450716
0.554760840411265,0.5229667088074168
0.554760840411265,0.5231871838111298
0.554760840411265,0.5234078447912274
0.5543138131426018,0.5232067510548524
0.5543138131426018,0.5234276065850569
0.5543138131426018,0.5236486486486487
0.5538667858739383,0.523447401774398
0.5534197586052749,0.5232459847844463
0.5529727313366115,0.5230443974630021
0.5525257040679481,0.5228426395939086
0.5525257040679481,0.5230639018197207
0.5525257040679481,0.5232853513971211
0.5525257040679481,0.5235069885641678
0.5525257040679481,0.523728813559322
0.5525257040679481,0.5239508266214498
0.5520786767992848,0.5237489397794741
0.5520786767992848,0.5239711497666525
0.5516316495306214,0.5237691001697793
0.5516316495306214,0.5239915074309979
0.5516316495306214,0.524214103653356
0.5516316495306214,0.5244368890777731
0.5516316495306214,0.5246598639455783
0.5516316495306214,0.5248830284985113
0.551184622261958,0.5246808510638298
0.551184622261958,0.524904214559387
0.5507375949932946,0.524701873935264
0.5507375949932946,0.5249254367277375
0.5507375949932946,0.525149190110827
0.5507375949932946,0.5253731343283582
0.5507375949932946,0.5255972696245734
0.5507375949932946,0.5258215962441315
0.5507375949932946,0.5260461144321094
0.5507375949932946,0.5262708244340025
0.5507375949932946,0.5264957264957265
0.5507375949932946,0.5267208208636169
0.5502905677246313,0.5265183917878529
0.5502905677246313,0.5267436884895165
0.5498435404559678,0.526541095890411
0.5498435404559678,0.5267665952890792
0.5498435404559678,0.5269922879177378
0.5498435404559678,0.5272181740248607
0.5498435404559678,0.5274442538593482
0.5498435404559678,0.5276705276705277
0.5493965131873044,0.5274678111587983
0.5493965131873044,0.52769428939459
0.548949485918641,0.5274914089347079
0.5485024586499776,0.5272883541039965
0.5480554313813143,0.5270851246775581
0.5480554313813143,0.5273118279569893
0.5480554313813143,0.5275387263339071
0.5476084041126509,0.5273353422298752
0.5476084041126509,0.5275624461670974
0.5476084041126509,0.5277897457992244
0.5476084041126509,0.5280172413793104
0.5476084041126509,0.5282449331608452
0.5476084041126509,0.5284728213977566
0.5471613768439875,0.5282693137678032
0.546714349575324,0.5280656303972366
0.5462673223066608,0.5278617710583153
0.5462673223066608,0.5280898876404494
0.5458202950379973,0.5278858625162127
0.5453732677693339,0.527681660899654
0.5453732677693339,0.5279099956728689
0.5449262405006705,0.5277056277056277
0.5444792132320071,0.5275010827197921
0.5444792132320071,0.5277296360485269
0.5444792132320071,0.5279583875162549
0.5444792132320071,0.5281873373807459
0.5444792132320071,0.528416485900217
0.5444792132320071,0.5286458333333334
0.5440321859633438,0.5284411636995223
0.5440321859633438,0.5286707211120765
0.5435851586946804,0.5284658843980878
0.5435851586946804,0.528695652173913
0.5435851586946804,0.5289256198347108
0.5435851586946804,0.5291557876414273
0.5435851586946804,0.5293861558554637
0.5435851586946804,0.5296167247386759
0.5435851586946804,0.5298474945533769
0.5435851586946804,0.5300784655623365
0.5435851586946804,0.5303096380287833
0.5435851586946804,0.5305410122164049
0.5435851586946804,0.5307725883893496
0.5435851586946804,0.5310043668122271
0.5435851586946804,0.5312363477501092
0.5435851586946804,0.5314685314685315
0.5435851586946804,0.5317009182334936
0.5435851586946804,0.531933508311461
0.543138131426017,0.5317286652078774
0.543138131426017,0.5319614711033275
0.543138131426017,0.5321944809461235
0.5426911041573536,0.5319894829097284
0.5426911041573536,0.5322227093380096
0.5422440768886903,0.5320175438596492
0.5422440768886903,0.5322509872751207
0.5417970496200268,0.5320456540825286
0.5417970496200268,0.5322793148880105
0.5417970496200268,0.5325131810193322
0.5417970496200268,0.5327472527472528
0.5417970496200268,0.5329815303430079
0.5417970496200268,0.5332160140783107
0.5417970496200268,0.5334507042253521
0.5417970496200268,0.5336856010568032
0.5413500223513634,0.5334801762114537
0.5409029950827,0.5332745702952842
0.5409029950827,0.5335097001763669
0.5409029950827,0.5337450374944861
0.5409029950827,0.5339805825242718
0.5409029950827,0.5342163355408388
0.5409029950827,0.534452296819788
0.5409029950827,0.5346884666372073
0.5409029950827,0.5349248452696729
0.5404559678140367,0.5347191508182221
0.5404559678140367,0.5349557522123893
0.5400089405453733,0.5347498893315626
0.5395619132767099,0.5345438441098317
0.5395619132767099,0.534780682321666
0.5395619132767099,0.5350177304964538
0.5395619132767099,0.5352549889135255
0.5395619132767099,0.5354924578527063
0.5391148860080465,0.5352862849533955
0.538667858739383,0.5350799289520426
0.5382208314707198,0.5348733896046202
0.5377738042020563,0.5346666666666666
0.5377738042020563,0.5349044019564251
0.5377738042020563,0.5351423487544484
0.5373267769333929,0.5349354695149088
0.5368797496647295,0.5347284060552092
0.5368797496647295,0.5349665924276169
0.5368797496647295,0.535204991087344
0.5368797496647295,0.5354436023183237
0.5364327223960662,0.5352363960749331
0.5359856951274028,0.535029004908523
0.5359856951274028,0.5352678571428572
0.5359856951274028,0.5355069227333631
0.5359856951274028,0.5357462019660411
0.5359856951274028,0.5359856951274028
0.5359856951274028,0.5362254025044723
0.5355386678587394,0.5360178970917227
0.5355386678587394,0.5362578334825425
0.5355386678587394,0.5364979847738468
0.5355386678587394,0.5367383512544803
0.535091640590076,0.5365307037203048
0.535091640590076,0.5367713004484305
0.535091640590076,0.5370121130551817
0.535091640590076,0.5372531418312387
0.5346446133214126,0.5370453524921419
0.5341975860527493,0.536837376460018
0.5341975860527493,0.5370786516853933
0.5337505587840858,0.5368705035971223
0.5337505587840858,0.5371120107962213
0.5337505587840858,0.5373537353735374
0.5337505587840858,0.5375956776226924
0.5333035315154224,0.5373873873873873
0.532856504246759,0.5371789094186571
0.5324094769780957,0.5369702434625789
0.5324094769780957,0.5372124492557511
0.5319624497094323,0.5370036101083032
0.5319624497094323,0.5372460496613995
0.5319624497094323,0.5374887082204155
0.5315154224407689,0.5372797107998193
0.5315154224407689,0.5375226039783002
0.5315154224407689,0.5377657168701945
0.5310683951721055,0.5375565610859728
0.5310683951721055,0.5377999094612947
0.5306213679034422,0.5375905797101449
0.5301743406347788,0.5373810602628002
0.5301743406347788,0.5376246600181324
0.5301743406347788,0.5378684807256235
0.5297273133661153,0.5376588021778584
0.5292802860974519,0.5374489332728098
0.5292802860974519,0.5376930063578564
0.5288332588287885,0.5374829622898682
0.5283862315601252,0.5372727272727272
0.5283862315601252,0.5375170532060027
0.5283862315601252,0.5377616014558689
0.5283862315601252,0.538006372325899
0.5279392042914618,0.5377959927140255
0.5274921770227984,0.5375854214123007
0.527045149754135,0.5373746581586144
0.5265981224854717,0.5371637026903785
0.5261510952168083,0.5369525547445255
0.5261510952168083,0.5371976266544957
0.5261510952168083,0.5374429223744293
0.5257040679481448,0.5372316126084971
0.5252570406794814,0.5370201096892139
0.5252570406794814,0.5372656607224509
0.524810013410818,0.5370539798719122
0.5243629861421547,0.5370879120879121
0.5243629861421547,0.5373339441136051
0.5239159588734913,0.537121906507791
0.5234689316048279,0.5369096744612563
0.5230219043361645,0.536697247706422
0.5230219043361645,0.5369435520881138
0.5225748770675012,0.5367309458218549
0.5225748770675012,0.5369774919614148
0.5225748770675012,0.5372242647058824
0.5225748770675012,0.5374712643678161
0.5225748770675012,0.5377184912603495
0.5225748770675012,0.5379659456971928
0.5221278497988378,0.5377532228360957
0.5216808225301743,0.5375403040073699
0.5212337952615109,0.5373271889400921
0.5207867679928475,0.53711387736284
0.5207867679928475,0.5373616236162362
0.5207867679928475,0.5376095985233041
0.5203397407241842,0.5373961218836565
0.5203397407241842,0.5376443418013857
0.5203397407241842,0.5378927911275416
0.5203397407241842,0.5381414701803051
0.5198927134555208,0.5379278445883441
0.5194456861868574,0.5377140212864414
0.5194456861868574,0.537962962962963
0.518998658918194,0.5377489578508569
0.518998658918194,0.5379981464318814
0.518998658918194,0.5382475660639777
0.518998658918194,0.5384972170686456
0.5185516316495307,0.5382830626450116
0.5181046043808673,0.5380687093779016
0.5176575771122038,0.5378541569902462
0.5172105498435404,0.537639405204461
0.5172105498435404,0.5378893537889354
0.5167635225748771,0.5376744186046511
0.5167635225748771,0.5379246161005119
0.5163164953062137,0.5377094972067039
0.5163164953062137,0.5379599441080578
0.5163164953062137,0.538210624417521
0.5163164953062137,0.5384615384615384
0.5163164953062137,0.5387126865671642
0.5158694680375503,0.538497433504433
0.5154224407688869,0.53828197945845
0.5149754135002235,0.5380663241475946
0.5149754135002235,0.5383177570093458
0.5145283862315602,0.5381019167835437
0.5145283862315602,0.538353601496726
0.5140813589628968,0.5381375760411792
0.5140813589628968,0.5383895131086143
0.5140813589628968,0.5386416861826698
0.5136343316942333,0.5384254920337395
0.5136343316942333,0.5386779184247539
0.5136343316942333,0.5389305816135085
0.5136343316942333,0.5391834819333646
0.5136343316942333,0.5394366197183098
0.5136343316942333,0.5396899953029591
0.5136343316942333,0.5399436090225563
0.5136343316942333,0.5401974612129761
0.5136343316942333,0.5404515522107244
0.5131873044255699,0.540235294117647
0.5127402771569066,0.5400188323917138
0.5127402771569066,0.5402731983042864
0.5122932498882432,0.5400565504241281
0.5122932498882432,0.5403111739745403
0.5118462226195798,0.5400943396226415
0.5113991953509164,0.5398773006134969
0.5113991953509164,0.5401322001888574
0.5113991953509164,0.5403873405762872
0.5113991953509164,0.5406427221172023
0.5113991953509164,0.5408983451536643
0.5113991953509164,0.5411542100283823
0.5113991953509164,0.5414103170847137
0.510952168082253,0.5411931818181818
0.5105051408135897,0.5409758408337281
0.5105051408135897,0.5412322274881517
0.5105051408135897,0.541488857278331
0.5100581135449263,0.5412713472485768
0.5100581135449263,0.5415282392026578
0.5096110862762628,0.5413105413105413
0.5091640590075994,0.5410926365795724
0.5091640590075994,0.5413498098859315
0.5087170317389361,0.54113171659534
0.5087170317389361,0.5413891531874405
0.5087170317389361,0.5416468348405521
0.5082700044702727,0.5414285714285715
0.5078229772016093,0.5412101000476417
0.5078229772016093,0.5414680648236415
0.5073759499329459,0.5412494039103481
0.5069289226642825,0.541030534351145
0.5069289226642825,0.5412887828162292
0.5069289226642825,0.5415472779369628
0.5069289226642825,0.5418060200668896
0.5069289226642825,0.5420650095602294
0.5069289226642825,0.5423242467718795
0.5064818953956192,0.5423647678314983
0.5060348681269558,0.5421455938697318
0.5055878408582923,0.5419262098706277
0.5055878408582923,0.5421860019175455
0.5055878408582923,0.5424460431654676
0.5051408135896289,0.5422264875239923
0.5051408135896289,0.5424867978876621
0.5051408135896289,0.542747358309318
0.5051408135896289,0.5430081691494474
0.5051408135896289,0.5432692307692307
0.5046937863209656,0.543049543049543
0.5042467590523022,0.5428296438883542
0.5042467590523022,0.5430909966297545
0.5037997317836388,0.5428709055876686
0.5033527045149754,0.5426506024096386
0.5029056772463121,0.5424300867888139
0.5029056772463121,0.5426917510853835
0.5029056772463121,0.542953667953668
0.5029056772463121,0.5432158377595364
0.5024586499776487,0.5429951690821256
0.5020116227089853,0.542774287095215
0.5015645954403218,0.5425531914893617
0.5015645954403218,0.5428156748911466
0.5015645954403218,0.5430784123910939
0.5011175681716584,0.5428571428571428
0.5006705409029951,0.5426356589147286
0.5002235136343317,0.5424139602520601
0.4997764863656683,0.542192046556741
0.4997764863656683,0.5424551188743328
0.4997764863656683,0.5427184466019418
0.49932945909700494,0.5424963574550753
0.49932945909700494,0.5427599611273081
0.49932945909700494,0.5430238210986874
0.4988824318283415,0.5428015564202334
0.4988824318283415,0.5430656934306569
0.4988824318283415,0.5433300876338851
0.4988824318283415,0.5435947394057477
0.4988824318283415,0.543859649122807
0.4988824318283415,0.5441248171623598
0.4988824318283415,0.5443902439024391
0.49843540455967816,0.5441678867740362
0.49843540455967816,0.54443359375
0.49798837729101475,0.5442110405471422
0.49754135002235134,0.5439882697947214
0.49754135002235134,0.5442542787286063
0.497094322753688,0.5440313111545988
0.49664729548502456,0.5438081253059227
0.49664729548502456,0.5440744368266406
0.49664729548502456,0.5443410093091622
0.49664729548502456,0.5446078431372549
0.49664729548502456,0.5448749386954389
0.49664729548502456,0.5451422963689893
0.4962002682163612,0.5449189985272459
0.4962002682163612,0.5451866404715128
0.4962002682163612,0.5454545454545454
0.4957532409476978,0.5452310717797444
0.4957532409476978,0.5454992621741269
0.49530621367903443,0.5452755905511811
0.494859186410371,0.5450516986706057
0.49441215914170766,0.5448275862068965
0.49441215914170766,0.5450961064563824
0.49441215914170766,0.5453648915187377
0.49441215914170766,0.5456339417858905
0.49441215914170766,0.5459032576505429
0.49396513187304425,0.5456790123456791
0.49396513187304425,0.5459486166007905
0.4935181046043809,0.5457241720217498
0.4930710773357175,0.5454995054401582
0.4930710773357175,0.5457694210786739
0.4930710773357175,0.5460396039603961
0.4930710773357175,0.546310054482417
0.49262405006705406,0.5460852329038652
0.49262405006705406,0.5463559742191373
0.49262405006705406,0.5466269841269841
0.49262405006705406,0.5468982630272953
0.4921770227983907,0.5466732869910625
0.4917299955297273,0.546448087431694
0.49128296826106393,0.5462226640159046
0.49128296826106393,0.546494281452014
0.4908359409924005,0.5462686567164179
0.49038891372373716,0.5460428073668492
0.49038891372373716,0.5463147410358565
0.49038891372373716,0.5465869456900847
0.49038891372373716,0.5468594217347956
0.49038891372373716,0.5471321695760598
0.49038891372373716,0.5474051896207585
0.49038891372373716,0.5476784822765851
0.48994188645507375,0.5474525474525475
0.48994188645507375,0.5477261369315343
0.4894948591864104,0.5475
0.4894948591864104,0.5477738869434717
0.4894948591864104,0.5480480480480481
0.4894948591864104,0.5483224837255883
0.489047831917747,0.5480961923847696
0.489047831917747,0.5483709273182957
0.489047831917747,0.5486459378134403
0.489047831917747,0.5489212242849975
0.4886008046490836,0.5486947791164659
0.4881537773804202,0.5484681064791562
0.4881537773804202,0.5487437185929648
0.4881537773804202,0.5490196078431373
0.4881537773804202,0.5492957746478874
0.4881537773804202,0.5495722194262708
0.4881537773804202,0.5498489425981873
0.4881537773804202,0.5501259445843829
0.4877067501117568,0.5498991935483871
0.4877067501117568,0.5501765002521433
0.4877067501117568,0.5504540867810293
0.4877067501117568,0.5507319535588087
0.4877067501117568,0.5510101010101011
0.48725972284309343,0.5507832238504295
0.48681269557443,0.5505561172901922
0.48636566830576666,0.5503287809812848
0.48591864103710325,0.5501012145748988
0.48591864103710325,0.550379746835443
0.48591864103710325,0.5506585612968592
0.4854716137684399,0.5504308160162189
0.4854716137684399,0.550709939148073
0.4854716137684399,0.5509893455098934
0.4850245864997765,0.550761421319797
0.4845775592311131,0.5505332656170645
0.4841305319624497,0.5503048780487805
0.4841305319624497,0.5505846466700559
0.48368350469378635,0.5503560528992879
0.48368350469378635,0.5506361323155217
0.48368350469378635,0.5509164969450102
0.48323647742512293,0.5506877228731534
0.4827894501564595,0.5504587155963303
0.48234242288779616,0.5502294747577766
0.48234242288779616,0.5505102040816326
0.48234242288779616,0.5507912200102093
0.48189539561913275,0.550561797752809
0.48189539561913275,0.5508431272355646
0.4814483683504694,0.5506134969325154
0.4814483683504694,0.5508951406649616
0.481001341081806,0.5506653019447287
0.481001341081806,0.55094726062468
0.4805543138131426,0.5507172131147541
0.4801072865444792,0.5504869297796002
0.4801072865444792,0.5507692307692308
0.4801072865444792,0.5510518214468958
0.4801072865444792,0.5513347022587269
0.4801072865444792,0.551617873651772
0.4801072865444792,0.5519013360739979
0.4801072865444792,0.552185089974293
0.4801072865444792,0.5524691358024691
0.47966025927581585,0.5522388059701493
0.47921323200715243,0.5520082389289392
0.47921323200715243,0.5522926326635754
0.478766204738489,0.5520618556701031
0.478766204738489,0.5523465703971119
0.478766204738489,0.5526315789473685
0.478766204738489,0.5529168817759422
0.47831917746982566,0.5526859504132231
0.47831917746982566,0.5529715762273901
0.47831917746982566,0.5532574974146846
0.47787215020116225,0.553026383859286
0.47787215020116225,0.5533126293995859
0.4774251229324989,0.553081305023304
0.4774251229324989,0.5533678756476684
0.4774251229324989,0.5536547433903577
0.4769780956638355,0.5534232365145229
0.4769780956638355,0.5537104307213285
0.4769780956638355,0.5539979231568016
0.4765310683951721,0.5537662337662338
0.4765310683951721,0.5540540540540541
0.4760840411265087,0.5538221528861155
0.4760840411265087,0.5541103017689907
0.47563701385784535,0.553878188443519
0.47563701385784535,0.5541666666666667
0.47563701385784535,0.5544554455445545
0.47563701385784535,0.5547445255474452
0.47563701385784535,0.5550339071465832
0.47518998658918193,0.5548016701461378
0.4747429593205186,0.5545691906005222
0.4747429593205186,0.554858934169279
0.47429593205185516,0.5546262415054888
0.47384890478319175,0.5543933054393305
0.47384890478319175,0.554683411826269
0.4734018775145284,0.5544502617801047
0.4734018775145284,0.5547407019381876
0.4734018775145284,0.5550314465408805
0.472954850245865,0.5547981122181437
0.472954850245865,0.5550891920251836
0.472954850245865,0.5553805774278215
0.4725078229772016,0.5551470588235294
0.4720607957085382,0.5549132947976878
0.47161376843987485,0.5546792849631966
0.47161376843987485,0.5549710678590216
0.47116674117121143,0.5547368421052632
0.47116674117121143,0.555028962611901
0.47116674117121143,0.5553213909378293
0.47116674117121143,0.5556141275698471
0.47116674117121143,0.5559071729957806
0.47116674117121143,0.5562005277044855
0.47116674117121143,0.5564941921858501
0.47116674117121143,0.5567881669307977
0.47116674117121143,0.5570824524312896
0.4707197139025481,0.5568482284505553
0.4707197139025481,0.5571428571428572
0.4707197139025481,0.5574377977766014
0.47027268663388466,0.5572033898305084
0.47027268663388466,0.5574986751457339
0.47027268663388466,0.5577942735949099
0.4698256593652213,0.5575596816976127
0.4693786320965579,0.5573248407643312
0.4693786320965579,0.5576208178438662
0.4693786320965579,0.5579171094580234
0.4693786320965579,0.5582137161084529
0.4693786320965579,0.5585106382978723
0.4693786320965579,0.5588078765300691
0.4693786320965579,0.5591054313099042
0.4693786320965579,0.5594033031433138
0.4693786320965579,0.5597014925373134
0.4693786320965579,0.56
0.4693786320965579,0.5602988260405549
0.4693786320965579,0.5605979711692471
0.4693786320965579,0.5608974358974359
0.4693786320965579,0.5611972207375735
0.4693786320965579,0.5614973262032086
0.4693786320965579,0.5617977528089888
0.4693786320965579,0.5620985010706638
0.4689316048278945,0.5618639528655597
0.4689316048278945,0.5621650589496249
0.4684845775592311,0.5619302949061662
0.4684845775592311,0.5622317596566524
0.4680375502905677,0.5619967793880838
0.4680375502905677,0.5622986036519871
0.4680375502905677,0.5626007522837184
0.4680375502905677,0.5629032258064516
0.4680375502905677,0.5632060247444863
0.4680375502905677,0.5635091496232508
0.4680375502905677,0.5638126009693053
0.4680375502905677,0.5641163793103449
0.4680375502905677,0.5644204851752022
0.4680375502905677,0.5647249190938511
0.4680375502905677,0.5650296815974096
0.46759052302190435,0.5647948164146869
0.46759052302190435,0.5650999459751486
0.46759052302190435,0.5654054054054054
0.46759052302190435,0.5657111952406706
0.46714349575324093,0.5654761904761905
0.4666964684845776,0.5652409312398484
0.4666964684845776,0.5655471289274107
0.4666964684845776,0.5658536585365853
0.4666964684845776,0.5661605206073753
0.4666964684845776,0.566467715680955
0.4666964684845776,0.5667752442996743
0.4666964684845776,0.5670831070070613
0.46624944121591416,0.5668478260869565
0.46624944121591416,0.5671560630777597
0.46624944121591416,0.5674646354733406
0.4658024139472508,0.5672291780076211
0.4653553866785874,0.5669934640522876
0.4653553866785874,0.5673024523160763
0.4653553866785874,0.5676117775354417
0.4653553866785874,0.5679214402618658
0.4653553866785874,0.5682314410480349
0.46490835940992403,0.56799563080284
0.46490835940992403,0.5683060109289617
0.46490835940992403,0.5686167304537999
0.46490835940992403,0.5689277899343544
0.4644613321412606,0.5686918445539135
0.4644613321412606,0.5690032858707558
0.4640143048725972,0.5687671232876712
0.4640143048725972,0.569078947368421
0.4640143048725972,0.5693911135490949
0.46356727760393385,0.5691547749725576
0.46356727760393385,0.5694673256452498
0.46356727760393385,0.5697802197802198
0.46312025033527043,0.5695437053326003
0.46312025033527043,0.5698569856985699
0.46312025033527043,0.5701706108970831
0.4626732230666071,0.5699339207048458
0.4626732230666071,0.5702479338842975
0.4626732230666071,0.5705622932745315
0.4626732230666071,0.5708769994484281
0.4626732230666071,0.5711920529801324
0.4626732230666071,0.571507454445058
0.4626732230666071,0.5718232044198895
0.46222619579794366,0.5715865118850193
0.46222619579794366,0.5719026548672567
0.46222619579794366,0.5722191477587161
0.4617791685292803,0.5719822812846068
0.4617791685292803,0.5722991689750693
0.4613321412606169,0.5720620842572062
0.4613321412606169,0.5723793677204659
0.4613321412606169,0.5726970033296337
0.4613321412606169,0.5730149916712938
0.4613321412606169,0.5733333333333334
0.4613321412606169,0.5736520289049472
0.46088511399195353,0.5734149054505006
0.4604380867232901,0.5731775180856984
0.4599910594546267,0.5729398663697105
0.45954403218596335,0.5727019498607242
0.45909700491729993,0.572463768115942
0.4586499776486366,0.5722253206915784
0.4586499776486366,0.5725446428571429
0.4586499776486366,0.5728643216080402
0.4586499776486366,0.5731843575418994
0.4586499776486366,0.5735047512576859
0.45820295037997316,0.5732662192393736
0.4577559231113098,0.5730274202574147
0.4577559231113098,0.5733482642777156
0.4577559231113098,0.5736694677871148
0.4577559231113098,0.5739910313901345
0.4577559231113098,0.5743129556926528
0.4577559231113098,0.574957888826502
0.4573088958426464,0.5747191011235955
0.4573088958426464,0.5750421585160203
0.4573088958426464,0.5753655793025871
0.45686186857398303,0.5751266178953293
0.45686186857398303,0.5754504504504504
0.45686186857398303,0.5757746478873239
0.4564148413053196,0.5755355129650507
0.4564148413053196,0.5758601240834743
0.45596781403665626,0.5756207674943566
0.45552078676799285,0.5753811405985318
0.45552078676799285,0.5757062146892655
0.45552078676799285,0.576031656302996
0.45507375949932943,0.5757918552036199
0.45507375949932943,0.576117713638936
0.45507375949932943,0.5764439411098528
0.45507375949932943,0.576770538243626
0.4546267322306661,0.576530612244898
0.4546267322306661,0.5768576290414067
0.45417970496200266,0.5766174801362088
0.4537326776933393,0.5763770584894946
0.4532856504246759,0.5761363636363637
0.4532856504246759,0.5764638999431495
0.4532856504246759,0.5767918088737202
0.45283862315601253,0.5765509391007398
0.45283862315601253,0.576879271070615
0.4523915958873491,0.5766381766381766
0.4523915958873491,0.5769669327251995
0.45194456861868576,0.5767256132344553
0.45149754135002235,0.5764840182648402
0.45149754135002235,0.5768132495716733
0.45149754135002235,0.5771428571428572
0.45149754135002235,0.577472841623785
0.451050514081359,0.5772311212814645
0.4506034868126956,0.5769891242129365
0.4506034868126956,0.5773195876288659
0.4506034868126956,0.5776504297994269
0.45015645954403216,0.5774082568807339
0.4497094322753688,0.5771658060814687
0.4497094322753688,0.5774971297359357
0.4492624050067054,0.5772544514646755
0.4492624050067054,0.5775862068965517
0.44881537773804203,0.577343300747556
0.44881537773804203,0.5776754890678941
0.44881537773804203,0.5780080598733448
0.4483683504693786,0.5777649769585254
0.44792132320071526,0.577521613832853
0.44792132320071526,0.5778546712802768
0.44792132320071526,0.5781881130986728
0.44747429593205185,0.5779445727482679
0.4470272686633885,0.5777007510109763
0.4470272686633885,0.5780346820809249
0.4470272686633885,0.578368999421631
0.4470272686633885,0.5787037037037037
0.4470272686633885,0.5790387955993052
0.4465802413947251,0.5787949015063731
0.4465802413947251,0.5791304347826087
0.4465802413947251,0.5794663573085846
0.4465802413947251,0.579802669762043
0.4465802413947251,0.5801393728222997
0.4465802413947251,0.5804764671702498
0.4461332141260617,0.5802325581395349
0.4456861868573983,0.5799883653286795
0.4452391595887349,0.5797438882421421
0.44479213232007153,0.5794991263832265
0.4443451050514081,0.5792540792540792
0.4443451050514081,0.5795918367346938
0.4443451050514081,0.5799299883313885
0.4443451050514081,0.5802685347343841
0.4443451050514081,0.580607476635514
0.4443451050514081,0.5809468147282291
0.4443451050514081,0.5812865497076023
0.4443451050514081,0.5816266822703335
0.4443451050514081,0.5819672131147541
0.4443451050514081,0.5823081429408319
0.44389807778274476,0.582063305978898
0.44389807778274476,0.5824046920821114
0.44389807778274476,0.5827464788732394
0.44389807778274476,0.5830886670581327
0.44345105051408135,0.5828437132784959
0.44345105051408135,0.5831863609641388
0.44345105051408135,0.5835294117647059
0.44345105051408135,0.5838728663919953
0.44345105051408135,0.5842167255594818
0.44345105051408135,0.5845609899823218
0.44345105051408135,0.5849056603773585
0.443004023245418,0.5846607669616519
0.4425569959767546,0.5844155844155844
0.4421099687080912,0.5841701122268163
0.4421099687080912,0.58451536643026
0.4421099687080912,0.5848610289769367
0.4416629414394278,0.5846153846153846
0.4412159141707644,0.5843694493783304
0.44076888690210103,0.5841232227488151
0.44076888690210103,0.5844694724362774
0.4403218596334376,0.5842230130486358
0.43987483236477426,0.5839762611275965
0.43987483236477426,0.5843230403800475
0.43987483236477426,0.5846702317290553
0.43987483236477426,0.5850178359096314
0.43942780509611085,0.5847709696609161
0.4389807778274475,0.5845238095238096
0.4389807778274475,0.5848719475878499
0.4385337505587841,0.5846245530393326
0.4380867232901207,0.5843768634466309
0.4380867232901207,0.5847255369928401
0.4376396960214573,0.5844776119402985
0.43719266875279394,0.5845786013150029
0.43719266875279394,0.5849282296650717
0.43719266875279394,0.585278276481149
0.43674564148413053,0.5850299401197605
0.43674564148413053,0.585380467345716
0.43674564148413053,0.5857314148681055
0.4362986142154671,0.5854829034193162
0.4362986142154671,0.5858343337334934
0.4362986142154671,0.5861861861861862
0.4362986142154671,0.5865384615384616
0.43585158694680376,0.5862898376428142
0.43540455967814035,0.5860409145607701
0.434957532409477,0.5857916917519567
0.4345105051408136,0.5855421686746988
0.4345105051408136,0.5858951175406871
0.4340634778721502,0.5856453558504222
0.4340634778721502,0.5859987929993965
0.4340634778721502,0.586352657004831
0.4336164506034868,0.5861027190332326
0.43316942333482344,0.5858524788391778
0.43272239606616003,0.5856019358741682
0.4322753687974967,0.5853510895883777
0.4322753687974967,0.5857056329497274
0.4322753687974967,0.5860606060606061
0.4322753687974967,0.5864160097028502
0.4322753687974967,0.5867718446601942
0.4322753687974967,0.5871281117182756
0.43182834152883326,0.5868772782503038
0.43182834152883326,0.5872340425531914
0.43182834152883326,0.5875912408759124
0.43138131426016985,0.5873402312842362
0.43138131426016985,0.5876979293544458
0.4309342869915065,0.5874466788543571
0.4309342869915065,0.5878048780487805
0.4304872597228431,0.5875533862111043
0.4304872597228431,0.5879120879120879
0.4304872597228431,0.5882712278558339
0.4304872597228431,0.5886308068459658
0.4304872597228431,0.5889908256880734
0.4300402324541797,0.5887392900856793
0.4300402324541797,0.5890998162890386
0.4295932051855163,0.5888480392156863
0.42914617791685294,0.5885959534028203
0.42914617791685294,0.588957055214724
0.42914617791685294,0.5893186003683242
0.42914617791685294,0.5896805896805897
0.42914617791685294,0.5900430239704979
0.42914617791685294,0.5904059040590406
0.42869915064818953,0.5901538461538461
0.42869915064818953,0.5905172413793104
0.42869915064818953,0.5908810844115835
0.42869915064818953,0.5912453760789149
0.42869915064818953,0.5916101172115977
0.42869915064818953,0.5919753086419753
0.42869915064818953,0.5923409512044472
0.4282521233795262,0.5920889987639061
0.42780509611086276,0.5918367346938775
0.4273580688421994,0.5915841584158416
0.4273580688421994,0.5919504643962848
0.4273580688421994,0.5923172242874845
0.426911041573536,0.5920644761314321
0.426911041573536,0.5924317617866005
0.4264640143048726,0.5921787709497207
0.4264640143048726,0.5925465838509317
0.4260169870362092,0.5922933499067744
0.4255699597675458,0.5920398009950248
0.42512293249888244,0.5917859365276914
0.42512293249888244,0.5921544209215442
0.42467590523021903,0.5919003115264797
0.42467590523021903,0.5922693266832918
0.42467590523021903,0.5926388022457891
0.42467590523021903,0.5930087390761548
0.4242288779615557,0.5927545284197376
0.42378185069289226,0.5925
0.4233348234242289,0.592245153220763
0.4233348234242289,0.5926157697121401
0.4233348234242289,0.5929868503443957
0.4233348234242289,0.593358395989975
0.4233348234242289,0.5937304075235109
0.4233348234242289,0.5941028858218319
0.4233348234242289,0.5944758317639673
0.4233348234242289,0.5948492462311558
0.4233348234242289,0.595223130106851
0.4233348234242289,0.5955974842767295
0.4233348234242289,0.5959723096286973
0.4233348234242289,0.5963476070528967
0.4233348234242289,0.5967233774417139
0.4228877961555655,0.5964691046658259
0.4228877961555655,0.5968454258675079
0.4228877961555655,0.5972222222222222
0.4224407688869021,0.5969677826910929
0.4219937416182387,0.5967130214917825
0.4215467143495753,0.5964579380139152
0.42109968708091194,0.5962025316455696
0.42065265981224853,0.5959468017732742
0.4202056325435852,0.5956907477820025
0.41975860527492176,0.595434369055168
0.4193115780062584,0.5951776649746193
0.4193115780062584,0.5955555555555555
0.4193115780062584,0.5959339263024143
0.418864550737595,0.5956770502225047
0.418864550737595,0.5960559796437659
0.41841752346893163,0.5957988542329726
0.4179704962002682,0.5955414012738853
0.4175234689316048,0.5952836201402167
0.4175234689316048,0.5956632653061225
0.41707644166294144,0.595405232929164
0.41707644166294144,0.5957854406130269
0.41662941439427803,0.5955271565495208
0.4161823871256147,0.5952685421994884
0.41573535985695126,0.5950095969289827
0.4152883325882879,0.5947503201024328
0.4148413053196245,0.5944907110826393
0.4148413053196245,0.5948717948717949
0.4148413053196245,0.5952533675432969
0.41439427805096113,0.5949935815147626
0.4139472507822977,0.5947334617854849
0.41350022351363436,0.5944730077120822
0.41350022351363436,0.594855305466238
0.41350022351363436,0.5952380952380952
0.41350022351363436,0.5956213779781069
0.41305319624497094,0.595360824742268
0.41260616897630753,0.5950999355254675
0.41215914170764417,0.5948387096774194
0.41215914170764417,0.5952227243382827
0.41215914170764417,0.5956072351421189
0.41215914170764417,0.5959922430510666
0.41171211443898076,0.5957309184993532
0.41171211443898076,0.596116504854369
0.4112650871703174,0.5958549222797928
0.410818059901654,0.5955930006480882
0.410818059901654,0.5959792477302205
0.410818059901654,0.5963659961064244
0.41037103263299063,0.5961038961038961
0.4099240053643272,0.5958414554905783
0.4099240053643272,0.5962288686605982
0.4099240053643272,0.5966167859466494
0.40947697809566386,0.5963541666666666
0.40947697809566386,0.596742671009772
0.40947697809566386,0.5971316818774446
0.40947697809566386,0.5975212002609263
0.40947697809566386,0.597911227154047
0.40947697809566386,0.5983017635532332
0.40947697809566386,0.5986928104575163
0.40947697809566386,0.5990843688685416
0.40947697809566386,0.599476439790576
0.40947697809566386,0.5998690242305174
0.40902995082700044,0.5996068152031455
0.40902995082700044,0.6
0.40902995082700044,0.6003937007874016
0.40902995082700044,0.6007879185817465
0.40902995082700044,0.6011826544021025
0.4085829235583371,0.6009204470742933
0.4085829235583371,0.6013157894736842
0.40813589628967367,0.6010533245556287
0.40813589628967367,0.6014492753623188
0.40813589628967367,0.6018457481872116
0.40813589628967367,0.6022427440633246
0.40768886902101026,0.601980198019802
0.4072418417523469,0.6017173051519155
0.4072418417523469,0.6021150033046927
0.4072418417523469,0.6025132275132276
0.4072418417523469,0.6029119788219722
0.4067948144836835,0.6026490066225165
0.4067948144836835,0.6030483764082174
0.4067948144836835,0.603448275862069
0.4067948144836835,0.6038487060384871
0.4067948144836835,0.6042496679946879
0.4067948144836835,0.6046511627906976
0.4067948144836835,0.6050531914893617
0.4067948144836835,0.605455755156354
0.40634778721502013,0.6051930758988016
0.40634778721502013,0.6055962691538974
0.40634778721502013,0.606
0.40634778721502013,0.6064042695130086
0.4059007599463567,0.6061415220293725
0.40545373267769336,0.605878423513694
0.40545373267769336,0.6062834224598931
0.40500670540902994,0.6060200668896321
0.40500670540902994,0.606425702811245
0.40500670540902994,0.6068318821165438
0.40500670540902994,0.6072386058981233
0.4045596781403666,0.6069751844399732
0.40411265087170317,0.6067114093959731
0.40411265087170317,0.6071188717259905
0.40366562360303976,0.6068548387096774
0.40366562360303976,0.6072629455279085
0.40366562360303976,0.607671601615074
0.40366562360303976,0.6080808080808081
0.4032185963343764,0.6078167115902965
0.4032185963343764,0.6082265677680377
0.4032185963343764,0.6086369770580297
0.4032185963343764,0.6090479405806887
0.4032185963343764,0.6094594594594595
0.402771569065713,0.6091954022988506
0.40232454179704963,0.6089309878213802
0.40232454179704963,0.6093432633716994
0.40232454179704963,0.6097560975609756
0.40232454179704963,0.6101694915254238
0.4018775145283862,0.6099050203527816
0.40143048725972286,0.6096401900882552
0.40098345999105944,0.609375
0.40098345999105944,0.6097892590074779
0.4005364327223961,0.6095238095238096
0.4005364327223961,0.6099387338325392
0.40008940545373267,0.6096730245231607
0.40008940545373267,0.6100886162235856
0.40008940545373267,0.6105047748976807
0.3996423781850693,0.6102389078498294
0.3996423781850693,0.610655737704918
0.3996423781850693,0.6110731373889269
0.3996423781850693,0.6114911080711354
0.3996423781850693,0.6119096509240246
0.3996423781850693,0.6123287671232877
0.3996423781850693,0.6127484578478409
0.3991953509164059,0.612482853223594
0.3987483236477425,0.6122168840082362
0.39830129637907913,0.6119505494505495
0.3978542691104157,0.6116838487972509
0.39740724184175236,0.6114167812929848
0.39740724184175236,0.6118375774260152
0.39740724184175236,0.6122589531680441
0.39740724184175236,0.6126809097174363
0.39740724184175236,0.613103448275862
0.39696021457308894,0.6128364389233955
0.3965131873044256,0.6125690607734806
0.3965131873044256,0.612992398064962
0.3965131873044256,0.6134163208852006
0.39606616003576217,0.6131487889273356
0.39606616003576217,0.6135734072022161
0.39606616003576217,0.613998613998614
0.3956191327670988,0.6137309292649098
0.3951721054984354,0.6134628730048577
0.39472507822977204,0.6131944444444445
0.39472507822977204,0.6136205698401668
0.39472507822977204,0.614047287899861
0.39472507822977204,0.6144745998608212
0.39427805096110863,0.6142061281337048
0.39427805096110863,0.6146341463414634
0.39427805096110863,0.6150627615062761
0.3938310236924452,0.6147941381716678
0.3938310236924452,0.6152234636871509
0.39338399642378186,0.6149545772187281
0.39338399642378186,0.6153846153846154
0.39293696915511844,0.6151154653603919
0.39293696915511844,0.615546218487395
0.39293696915511844,0.6159775753328661
0.3924899418864551,0.6157082748948106
0.3924899418864551,0.616140350877193
0.39204291461779167,0.6158707865168539
0.39204291461779167,0.6163035839775123
0.39204291461779167,0.6167369901547117
0.39204291461779167,0.6171710063335679
0.39204291461779167,0.6176056338028169
0.3915958873491283,0.6173361522198731
0.3915958873491283,0.6177715091678421
0.3915958873491283,0.6182074805928017
0.3915958873491283,0.6186440677966102
0.3911488600804649,0.6183745583038869
0.39070183281180154,0.6181046676096181
0.39025480554313813,0.6178343949044586
0.38980777827447477,0.6175637393767706
0.38936075100581136,0.6172927002126152
0.38936075100581136,0.6177304964539007
0.38936075100581136,0.6181689141234918
0.38936075100581136,0.6186079545454546
0.38936075100581136,0.6190476190476191
0.38891372373714794,0.6187766714082503
0.3884666964684846,0.6185053380782918
0.3884666964684846,0.6189458689458689
0.38801966919982117,0.6186742694226657
0.38801966919982117,0.6191155492154066
0.3875726419311578,0.6188436830835118
0.3871256146624944,0.6185714285714285
0.3871256146624944,0.6190135811293781
0.3871256146624944,0.6194563662374821
0.38667858739383104,0.6191839656406586
0.38667858739383104,0.6196275071633238
0.38623156012516763,0.6193548387096774
0.38623156012516763,0.6197991391678622
0.38623156012516763,0.6202440775305097
0.38623156012516763,0.6206896551724138
0.38623156012516763,0.621135873472322
0.38623156012516763,0.6215827338129496
0.38578453285650427,0.6213102951763859
0.38578453285650427,0.6217579250720461
0.38578453285650427,0.6222062004325883
0.38578453285650427,0.6226551226551227
0.38578453285650427,0.6231046931407942
0.38578453285650427,0.6235549132947977
0.38578453285650427,0.6240057845263919
0.38578453285650427,0.6244573082489147
0.38578453285650427,0.6249094858797972
0.38533750558784086,0.6246376811594203
0.38533750558784086,0.625090645395214
0.38489047831917744,0.6248185776487664
0.3844434510505141,0.6245461147421931
0.38399642378185067,0.6242732558139535
0.38399642378185067,0.6247272727272727
0.38399642378185067,0.6251819505094615
0.38399642378185067,0.6256372906045157
0.38399642378185067,0.6260932944606414
0.3835493965131873,0.6258205689277899
0.3831023692445239,0.6255474452554745
0.38265534197586054,0.6252739225712198
0.38265534197586054,0.6257309941520468
0.3822083147071971,0.6254572055596196
0.38176128743853377,0.6251830161054173
0.38131426016987036,0.6249084249084249
0.380867232901207,0.624633431085044
0.380867232901207,0.6250917094644167
0.3804202056325436,0.6248164464023495
0.37997317836388017,0.6245407788390889
0.3795261510952168,0.6242647058823529
0.3790791238265534,0.6239882266372333
0.3790791238265534,0.6244477172312224
0.37863209655789004,0.6241709653647752
0.37863209655789004,0.6246312684365781
0.37863209655789004,0.6250922509225092
0.37863209655789004,0.6255539143279173
0.37863209655789004,0.6260162601626016
0.37863209655789004,0.6264792899408284
0.37863209655789004,0.6269430051813472
0.3781850692892266,0.6266666666666667
0.37773804202056327,0.6263899184581171
0.37729101475189986,0.6261127596439169
0.37729101475189986,0.6265775798069785
0.37729101475189986,0.6270430906389302
0.37729101475189986,0.6275092936802974
0.37729101475189986,0.6279761904761905
0.37729101475189986,0.6284437825763217
0.3768439874832365,0.6281669150521609
0.3763969602145731,0.627889634601044
0.3763969602145731,0.6283582089552239
0.3759499329459097,0.6280806572068708
0.3755029056772463,0.6278026905829597
0.3755029056772463,0.6282722513089005
0.3750558784085829,0.6279940119760479
0.37460885113991954,0.6277153558052434
0.37460885113991954,0.6281859070464768
0.37460885113991954,0.6286571642910728
0.37460885113991954,0.6291291291291291
0.37460885113991954,0.6296018031555222
0.3741618238712561,0.6293233082706767
0.3741618238712561,0.6297968397291196
0.3741618238712561,0.6302710843373494
0.37371479660259277,0.6299924642049737
0.37371479660259277,0.6304675716440422
0.37326776933392936,0.630188679245283
0.37326776933392936,0.6306646525679759
0.37326776933392936,0.6311413454270597
0.37326776933392936,0.6316187594553706
0.37326776933392936,0.6320968962906889
0.37326776933392936,0.6325757575757576
0.37326776933392936,0.6330553449583017
0.372820742065266,0.6327769347496206
0.3723737147966026,0.6324981017463933
0.3719266875279392,0.6322188449848024
0.3714796602592758,0.6319391634980989
0.37103263299061245,0.6316590563165906
0.37058560572194904,0.6313785224676314
0.37058560572194904,0.631859756097561
0.3701385784532856,0.631578947368421
0.3701385784532856,0.6320610687022901
0.36969155118462227,0.6317799847211611
0.36969155118462227,0.632262996941896
0.36969155118462227,0.6327467482785004
0.36969155118462227,0.6332312404287902
0.36924452391595886,0.6329501915708812
0.36924452391595886,0.6334355828220859
0.3687974966472955,0.6331542594013815
0.3683504693786321,0.6328725038402457
0.3683504693786321,0.633358954650269
0.3679034421099687,0.6330769230769231
0.3679034421099687,0.6335642802155504
0.3674564148413053,0.6332819722650231
0.36700938757264195,0.6329992289899768
0.36700938757264195,0.6334876543209876
0.36700938757264195,0.633976833976834
0.36700938757264195,0.634466769706337
0.36656236030397854,0.634184068058778
0.36656236030397854,0.6346749226006192
0.3661153330353151,0.6343919442292796
0.3661153330353151,0.6348837209302326
0.3661153330353151,0.6353762606671839
0.36566830576665177,0.6350931677018633
0.36522127849798836,0.6348096348096348
0.364774251229325,0.6345256609642301
0.3643272239606616,0.6342412451361867
0.3643272239606616,0.6347352024922118
0.3638801966919982,0.6344505066250974
0.3638801966919982,0.6349453978159126
0.3638801966919982,0.6354410616705699
0.3634331694233348,0.63515625
0.3634331694233348,0.6356528537920251
0.3634331694233348,0.636150234741784
0.36298614215467145,0.6358653093187158
0.36298614215467145,0.6363636363636364
0.36298614215467145,0.6368627450980392
0.36253911488600804,0.6365777080062794
0.3620920876173447,0.6362922230950511
0.36164506034868127,0.6360062893081762
0.36164506034868127,0.6365066876475216
0.36164506034868127,0.637007874015748
0.36119803308001786,0.6367218282111899
0.3607510058113545,0.636435331230284
0.3607510058113545,0.6369376479873717
0.3603039785426911,0.636650868878357
0.3598569512740277,0.6363636363636364
0.3594099240053643,0.6360759493670886
0.3594099240053643,0.6365795724465558
0.35896289673670095,0.6362916006339144
0.35896289673670095,0.6367961934972244
0.35851586946803754,0.6365079365079365
0.3580688421993742,0.636219221604448
0.35762181493071077,0.6359300476947536
0.35762181493071077,0.6364359586316627
0.3571747876620474,0.6361464968152867
0.356727760393384,0.6358565737051792
0.3562807331247206,0.6355661881977671
0.3558337058560572,0.6352753391859537
0.3558337058560572,0.6357827476038339
0.3558337058560572,0.636290967226219
0.3553866785873938,0.636
0.35493965131873045,0.6357085668534828
0.35449262405006704,0.6354166666666666
0.3540455967814037,0.6351242983159583
0.35359856951274027,0.6348314606741573
0.3531515422440769,0.6345381526104418
0.3531515422440769,0.635048231511254
0.3527045149754135,0.6347546259050684
0.3527045149754135,0.6352657004830918
0.35225748770675014,0.6349717969379532
0.35225748770675014,0.635483870967742
0.3518104604380867,0.6351896690879741
0.3513634331694233,0.6348949919224556
0.3513634331694233,0.635408245755861
0.35091640590075995,0.6351132686084142
0.35091640590075995,0.6356275303643725
0.35046937863209654,0.6353322528363047
0.35046937863209654,0.6358475263584753
0.3500223513634332,0.635551948051948
0.34957532409476977,0.6352558895207149
0.3491282968261064,0.634959349593496
0.348681269557443,0.6346623270951993
0.34823424228877964,0.6343648208469055
0.3477872150201162,0.6340668296658517
0.3473401877514528,0.633768352365416
0.34689316048278945,0.6334693877551021
0.34644613321412604,0.6331699346405228
0.34644613321412604,0.633687653311529
0.34644613321412604,0.6342062193126022
0.3459991059454627,0.6339066339066339
0.34555207867679927,0.6336065573770492
0.3451050514081359,0.6333059885151764
0.3446580241394725,0.6330049261083743
0.3446580241394725,0.6335250616269515
0.34421099687080914,0.6332236842105263
0.3437639696021457,0.6329218106995885
0.3437639696021457,0.6334431630971994
0.3437639696021457,0.6339653751030503
0.34331694233348237,0.6336633663366337
0.34286991506481895,0.6333608587943848
0.34286991506481895,0.6338842975206611
0.34286991506481895,0.6344086021505376
0.34286991506481895,0.6349337748344371
0.34286991506481895,0.6354598177299089
0.34242288779615554,0.6351575456053068
0.3419758605274922,0.6348547717842323
0.3419758605274922,0.6353820598006644
0.34152883325882877,0.6350789692435578
0.3410818059901654,0.6347753743760399
0.3410818059901654,0.6353039134054954
0.340634778721502,0.635
0.34018775145283864,0.6346955796497081
0.3397407241841752,0.6343906510851419
0.33929369691551187,0.6340852130325815
0.33929369691551187,0.6346153846153846
0.33929369691551187,0.6351464435146443
0.33929369691551187,0.635678391959799
0.33884666964684845,0.6353730092204526
0.3383996423781851,0.6350671140939598
0.3379526151095217,0.6347607052896725
0.3379526151095217,0.6352941176470588
0.3379526151095217,0.6358284272497897
0.33750558784085827,0.6355218855218855
0.33750558784085827,0.6360572872788542
0.33750558784085827,0.636593591905565
0.33750558784085827,0.6371308016877637
0.3370585605721949,0.6368243243243243
0.3370585605721949,0.6373626373626373
0.3357174787662047,0.6364406779661017
0.3357174787662047,0.636980491942324
0.33527045149754137,0.6366723259762309
0.33527045149754137,0.637213254035684
0.33527045149754137,0.6377551020408163
0.33527045149754137,0.6382978723404256
0.33482342422887795,0.6379897785349233
0.33482342422887795,0.638533674339301
0.3343763969602146,0.6382252559726962
0.3339293696915512,0.6379163108454312
0.3334823424228878,0.6376068376068376
0.3334823424228878,0.6381522668947819
0.3330353151542244,0.6378424657534246
0.332588287885561,0.6375321336760925
0.33214126061689764,0.6372212692967409
0.33214126061689764,0.6377682403433477
0.33214126061689764,0.6383161512027491
0.33214126061689764,0.6388650042992261
0.33214126061689764,0.6394148020654045
0.3316942333482342,0.6391042204995694
0.3316942333482342,0.6396551724137931
0.33124720607957087,0.639344262295082
0.33080017881090745,0.6390328151986183
0.33080017881090745,0.6395851339671564
0.33080017881090745,0.6401384083044983
0.3303531515422441,0.6398268398268399
0.3299061242735807,0.6395147313691508
0.3294590970049173,0.6392020815264527
0.3294590970049173,0.6397569444444444
0.3290120697362539,0.6394439617723718
0.3285650424675905,0.6391304347826087
0.32811801519892714,0.63881636205396
0.3276709879302637,0.6385017421602788
0.32722396066160037,0.6381865736704446
0.32677693339293695,0.6378708551483421
0.32677693339293695,0.6384279475982533
0.3263299061242736,0.6381118881118881
0.3263299061242736,0.6386701662292213
0.3263299061242736,0.6392294220665499
0.3258828788556102,0.6389132340052586
0.3258828788556102,0.6394736842105263
0.3254358515869468,0.6391571553994733
0.3249888243182834,0.6388400702987698
0.32454179704962005,0.6385224274406333
0.32409476978095664,0.6382042253521126
0.3236477425122932,0.6378854625550661
0.3236477425122932,0.6384479717813051
0.32320071524362987,0.6381288614298323
0.32275368797496645,0.6378091872791519
0.32275368797496645,0.6383731211317418
0.32275368797496645,0.6389380530973451
0.3223066607063031,0.6386182462356067
0.3223066607063031,0.6391843971631206
0.3223066607063031,0.639751552795031
0.3223066607063031,0.6403197158081705
0.3223066607063031,0.6408888888888888
0.3218596334376397,0.6405693950177936
0.3214126061689763,0.6402493321460374
0.3214126061689763,0.6408199643493762
0.3214126061689763,0.6413916146297948
0.3214126061689763,0.6419642857142858
0.3209655789003129,0.6416443252904379
0.32051855163164955,0.6413237924865832
0.32007152436298614,0.6410026857654432
0.32007152436298614,0.6415770609318996
0.32007152436298614,0.6421524663677131
0.32007152436298614,0.6427289048473968
0.32007152436298614,0.6433063791554358
0.32007152436298614,0.6438848920863309
0.3196244970943228,0.6435643564356436
0.31917746982565937,0.6432432432432432
0.31917746982565937,0.6438232642019838
0.31917746982565937,0.644404332129964
0.31873044255699595,0.6440831074977417
0.31873044255699595,0.6446654611211573
0.31873044255699595,0.6452488687782806
0.3182834152883326,0.644927536231884
0.3178363880196692,0.6446056210335449
0.3173893607510058,0.6442831215970962
0.3173893607510058,0.6448683015440508
0.3169423334823424,0.6445454545454545
0.31649530621367905,0.6442220200181984
0.31604827894501564,0.6438979963570127
0.31604827894501564,0.6444849589790337
0.3156012516763523,0.6441605839416058
0.3156012516763523,0.6447488584474886
0.31515422440768887,0.6444241316270567
0.31515422440768887,0.6450137236962489
0.3147071971390255,0.6446886446886447
0.3142601698703621,0.6443629697525206
0.3142601698703621,0.6449541284403669
0.3142601698703621,0.6455463728191001
0.3142601698703621,0.6461397058823529
0.3138131426016987,0.6458141674333027
0.3138131426016987,0.6464088397790055
0.3138131426016987,0.6470046082949309
0.3133661153330353,0.6466789667896679
0.3129190880643719,0.6463527239150508
0.31247206079570855,0.6460258780036968
0.31202503352704514,0.6456984273820536
0.3115780062583818,0.6453703703703704
0.3115780062583818,0.6459684893419834
0.31113097898971837,0.6456400742115028
0.31113097898971837,0.6462395543175488
0.310683951721055,0.645910780669145
0.310683951721055,0.6465116279069767
0.310683951721055,0.6471135940409684
0.3102369244523916,0.646784715750233
0.3102369244523916,0.6473880597014925
0.3097898971837282,0.6470588235294118
0.3097898971837282,0.6476635514018692
0.3097898971837282,0.6482694106641721
0.3097898971837282,0.648876404494382
0.3093428699150648,0.6485473289597001
0.3088958426464014,0.648217636022514
0.30844881537773805,0.647887323943662
0.30844881537773805,0.6484962406015038
0.30844881537773805,0.6491063029162747
0.30800178810907464,0.6487758945386064
0.30800178810907464,0.649387370405278
0.3075547608404113,0.6490566037735849
0.3075547608404113,0.6496694995278565
0.30710773357174787,0.6493383742911153
0.30710773357174787,0.6499526963103122
0.30710773357174787,0.6505681818181818
0.30710773357174787,0.6511848341232227
0.3066607063030845,0.650853889943074
0.3062136790344211,0.6505223171889839
0.3062136790344211,0.6511406844106464
0.30576665176575774,0.6508087535680305
0.3053196244970943,0.6504761904761904
0.3048725972284309,0.6501429933269781
0.30442556995976755,0.6498091603053435
0.30397854269110414,0.6494746895893028
0.30397854269110414,0.6500956022944551
0.30397854269110414,0.6507177033492823
0.30397854269110414,0.6513409961685823
0.3035315154224408,0.6510067114093959
0.30308448815377736,0.6506717850287908
0.30308448815377736,0.6512968299711815
0.30308448815377736,0.6519230769230769
0.302637460885114,0.6515880654475458
0.302637460885114,0.6522157996146436
0.302637460885114,0.6528447444551592
0.3021904336164506,0.6525096525096525
0.30174340634778724,0.6521739130434783
0.3012963790791238,0.6518375241779497
0.30084935181046046,0.6515004840271055
0.30040232454179705,0.6511627906976745
0.30040232454179705,0.6517943743937924
0.30040232454179705,0.6524271844660194
0.29995529727313364,0.652089407191448
0.29995529727313364,0.6527237354085603
0.29995529727313364,0.6533592989289192
0.29995529727313364,0.6539961013645225
0.29995529727313364,0.6546341463414634
0.29995529727313364,0.6552734375
0.2995082700044703,0.6549364613880743
0.29906124273580686,0.6545988258317026
0.29906124273580686,0.6552399608227228
0.29906124273580686,0.6558823529411765
0.2986142154671435,0.6555446516192346
0.2986142154671435,0.656188605108055
0.2986142154671435,0.6568338249754179
0.2986142154671435,0.65748031496063
0.2981671881984801,0.6571428571428571
0.2981671881984801,0.6577909270216963
0.29772016092981674,0.6574531095755183
0.29772016092981674,0.658102766798419
0.2972731336611533,0.6577645895153313
0.29682610639248996,0.6574257425742575
0.29682610639248996,0.6580773042616452
0.29682610639248996,0.6587301587301587
0.29637907912382655,0.6583912611717975
0.2959320518551632,0.658051689860835
0.2954850245864998,0.6577114427860696
0.29503799731783636,0.6573705179282868
0.29503799731783636,0.6580259222333001
0.29503799731783636,0.6586826347305389
0.29503799731783636,0.6593406593406593
0.294590970049173,0.659
0.2941439427805096,0.6586586586586587
0.2941439427805096,0.6593186372745491
0.29369691551184623,0.6589769307923772
0.2932498882431828,0.6586345381526104
0.29280286097451946,0.6582914572864321
0.29280286097451946,0.6589537223340041
0.29280286097451946,0.6596173212487412
0.29235583370585605,0.6592741935483871
0.29235583370585605,0.6599394550958627
0.29235583370585605,0.6606060606060606
0.29235583370585605,0.6612740141557129
0.29235583370585605,0.6619433198380567
0.2919088064371927,0.6616008105369807
0.2919088064371927,0.6622718052738337
0.2919088064371927,0.6629441624365482
0.2914617791685293,0.6626016260162602
0.29101475189986586,0.6622583926754833
0.2905677246312025,0.6619144602851323
0.2901206973625391,0.6615698267074414
0.2901206973625391,0.6622448979591836
0.2901206973625391,0.6629213483146067
0.28967367009387573,0.6625766871165644
0.2892266428252123,0.6622313203684749
0.28877961555654896,0.6618852459016393
0.28833258828788555,0.6615384615384615
0.28833258828788555,0.662217659137577
0.28833258828788555,0.6628982528263104
0.28833258828788555,0.6635802469135802
0.2878855610192222,0.6632337796086509
0.2874385337505588,0.6628865979381443
0.2874385337505588,0.6635706914344686
0.2874385337505588,0.6642561983471075
0.2869915064818954,0.6639089968976215
0.286544479213232,0.6635610766045549
0.2860974519445686,0.6632124352331606
0.2860974519445686,0.6639004149377593
0.2860974519445686,0.6645898234683282
0.28565042467590523,0.6649323621227887
0.2852033974072418,0.6645833333333333
0.2852033974072418,0.6652763295099061
0.2852033974072418,0.6659707724425887
0.28475637013857846,0.6656217345872518
0.28430934286991505,0.6652719665271967
0.2838623156012517,0.6649214659685864
0.2834152883325883,0.6645702306079665
0.2829682610639249,0.664218258132214
0.2825212337952615,0.6638655462184874
0.28207420652659815,0.6635120925341745
0.28207420652659815,0.6642105263157895
0.28162717925793473,0.6638566912539515
0.2811801519892713,0.6635021097046413
0.28073312472060796,0.6631467793030623
0.28073312472060796,0.6638477801268499
0.28073312472060796,0.6645502645502646
0.28028609745194455,0.6641949152542372
0.2798390701832812,0.6638388123011665
0.2798390701832812,0.6645435244161358
0.2798390701832812,0.665249734325186
0.2793920429146178,0.6648936170212766
0.2789450156459544,0.6645367412140575
0.278497988377291,0.664179104477612
0.278497988377291,0.6648879402347919
0.27805096110862765,0.6645299145299145
0.27760393383996423,0.6641711229946524
0.2771569065713009,0.6638115631691649
0.27670987930263746,0.6634512325830654
0.27626285203397405,0.6630901287553648
0.27626285203397405,0.6638023630504833
0.27626285203397405,0.6645161290322581
0.27626285203397405,0.6652314316469322
0.27626285203397405,0.665948275862069
0.2758158247653107,0.6655879180151025
0.2758158247653107,0.6663066954643628
0.2753687974966473,0.6659459459459459
0.2749217702279839,0.6655844155844156
0.2749217702279839,0.6663055254604551
0.2749217702279839,0.6670281995661606
0.2749217702279839,0.6677524429967426
0.2744747429593205,0.6673913043478261
0.27402771569065715,0.6670293797606094
0.27402771569065715,0.6677559912854031
0.27402771569065715,0.6684841875681571
0.27358068842199373,0.6681222707423581
0.2731336611533304,0.66775956284153
0.27268663388466696,0.6673960612691466
0.27223960661600355,0.6670317634173056
0.27223960661600355,0.6677631578947368
0.2717925793473402,0.6673984632272228
0.2713455520786768,0.667032967032967
0.2713455520786768,0.6677667766776678
0.2713455520786768,0.6685022026431718
0.2713455520786768,0.6692392502756339
0.2708985248100134,0.6688741721854304
0.27045149754135,0.6685082872928176
0.27045149754135,0.6692477876106194
0.27000447027268665,0.6688815060908084
0.26955744300402323,0.6685144124168514
0.2691104157353599,0.6681465038845728
0.26866338846669646,0.6677777777777778
0.2682163611980331,0.6674082313681868
0.2682163611980331,0.6681514476614699
0.2677693339293697,0.6677814938684504
0.2673223066607063,0.6674107142857143
0.2673223066607063,0.6681564245810055
0.2668752793920429,0.6677852348993288
0.2668752793920429,0.6685330347144457
0.2664282521233795,0.6681614349775785
0.26598122485471615,0.6677890011223344
0.26598122485471615,0.6685393258426966
0.26598122485471615,0.6692913385826772
0.26553419758605273,0.668918918918919
0.26553419758605273,0.6696730552423901
0.26553419758605273,0.6704288939051919
0.2650871703173894,0.6700564971751413
0.2650871703173894,0.670814479638009
0.2650871703173894,0.6715741789354474
0.26464014304872596,0.671201814058957
0.2641931157800626,0.6708286038592508
0.2637460885113992,0.6704545454545454
0.2637460885113992,0.6712172923777019
0.26329906124273583,0.6708428246013668
0.2628520339740724,0.6704675028506272
0.2628520339740724,0.6712328767123288
0.262405006705409,0.6708571428571428
0.262405006705409,0.6716247139588101
0.26195797943674565,0.6712485681557846
0.26195797943674565,0.6720183486238532
0.26195797943674565,0.6727898966704937
0.26195797943674565,0.6735632183908046
0.26151095216808223,0.6731875719217492
0.2610639248994189,0.6728110599078341
0.26061689763075546,0.6724336793540946
0.26061689763075546,0.6732101616628176
0.26061689763075546,0.6739884393063584
0.2601698703620921,0.6736111111111112
0.2597228430934287,0.6732329084588644
0.25927581582476533,0.6728538283062645
0.2588287885561019,0.6724738675958188
0.25838176128743856,0.672093023255814
0.25838176128743856,0.6728754365541327
0.25793473401877515,0.6724941724941725
0.25748770675011173,0.6721120186697783
0.2570406794814484,0.6717289719626168
0.2570406794814484,0.672514619883041
0.2561466249441216,0.671746776084408
0.2561466249441216,0.6725352112676056
0.2556995976754582,0.6721504112808461
0.2556995976754582,0.6729411764705883
0.25525257040679483,0.6725559481743227
0.2548055431381314,0.6721698113207547
0.2548055431381314,0.6729634002361276
0.2548055431381314,0.6737588652482269
0.25435851586946806,0.6733727810650888
0.25391148860080465,0.6729857819905213
0.25346446133214123,0.6725978647686833
0.2530174340634779,0.672209026128266
0.25257040679481446,0.6718192627824019
0.25257040679481446,0.6726190476190477
0.25257040679481446,0.6734207389749702
0.2521233795261511,0.6730310262529833
0.2516763522574877,0.6726403823178017
0.2516763522574877,0.6734449760765551
0.25122932498882433,0.6730538922155689
0.25122932498882433,0.6738609112709832
0.2507822977201609,0.673469387755102
0.2507822977201609,0.6742788461538461
0.2507822977201609,0.6750902527075813
0.25033527045149756,0.6746987951807228
0.25033527045149756,0.6755126658624849
0.25033527045149756,0.6763285024154589
0.24988824318283415,0.6759371221281741
0.24944121591417076,0.6755447941888619
0.24944121591417076,0.6763636363636364
0.24899418864550737,0.6759708737864077
0.24899418864550737,0.6767922235722965
0.24899418864550737,0.6776155717761557
0.248547161376844,0.6772228989037758
0.248547161376844,0.6780487804878049
0.248547161376844,0.6788766788766789
0.248547161376844,0.6797066014669927
0.248547161376844,0.6805385556915544
0.2481001341081806,0.6801470588235294
0.24765310683951722,0.6797546012269938
0.24765310683951722,0.6805896805896806
0.24720607957085383,0.6801968019680197
0.24720607957085383,0.6810344827586207
0.24720607957085383,0.6818742293464858
0.24720607957085383,0.682716049382716
0.24675905230219045,0.6823238566131026
0.24675905230219045,0.6831683168316832
0.24631202503352703,0.6827757125154895
0.24586499776486365,0.6823821339950372
0.24541797049620026,0.6819875776397516
0.24497094322753687,0.681592039800995
0.24497094322753687,0.6824408468244084
0.24497094322753687,0.683291770573566
0.24497094322753687,0.6841448189762797
0.24497094322753687,0.685
0.24497094322753687,0.685857321652065
0.2440768886902101,0.685069008782936
0.2440768886902101,0.6859296482412061
0.24362986142154672,0.6855345911949685
0.24362986142154672,0.6863979848866498
0.24362986142154672,0.6872635561160151
0.24318283415288333,0.6868686868686869
0.24273580688421995,0.6864728192161821
0.24228877961555656,0.6860759493670886
0.24184175234689317,0.6856780735107731
0.24184175234689317,0.6865482233502538
0.24139472507822976,0.6861499364675985
0.24139472507822976,0.6870229007633588
0.24139472507822976,0.6878980891719745
0.24094769780956637,0.6875
0.240500670540903,0.6871008939974457
0.2400536432722396,0.6867007672634271
0.23960661600357622,0.6862996158770807
0.23915958873491283,0.6858974358974359
0.23871256146624945,0.6854942233632862
0.23871256146624945,0.6863753213367609
0.23826553419758606,0.685971685971686
0.23826553419758606,0.6868556701030928
0.23781850692892267,0.6864516129032258
0.2373714796602593,0.686046511627907
0.23692445239159587,0.685640362225097
0.2364774251229325,0.6852331606217616
0.2364774251229325,0.6861219195849546
0.2364774251229325,0.687012987012987
0.2364774251229325,0.6879063719115734
0.2360303978542691,0.6875
0.23558337058560572,0.6870925684485006
0.23558337058560572,0.6879895561357703
0.23513634331694233,0.6875816993464052
0.23468931604827895,0.68717277486911
0.23468931604827895,0.6880733944954128
0.23424228877961556,0.6876640419947506
0.23424228877961556,0.6885676741130092
0.23424228877961556,0.6894736842105263
0.23379526151095217,0.689064558629776
0.23379526151095217,0.6899736147757256
0.2333482342422888,0.6895640686922061
0.2333482342422888,0.6904761904761905
0.2333482342422888,0.6913907284768211
0.2329012069736254,0.6909814323607427
0.2329012069736254,0.6918990703851262
0.2329012069736254,0.6928191489361702
0.23245417970496202,0.6924101198402131
0.23156012516763522,0.6915887850467289
0.23156012516763522,0.6925133689839572
0.23156012516763522,0.6934404283801874
0.23156012516763522,0.6943699731903485
0.23156012516763522,0.6953020134228188
0.23156012516763522,0.696236559139785
0.23111309789897183,0.6958277254374159
0.23066607063030845,0.6954177897574124
0.23066607063030845,0.6963562753036437
0.23021904336164506,0.6959459459459459
0.22977201609298167,0.6955345060893099
0.2293249888243183,0.6951219512195121
0.2288779615556549,0.694708276797829
0.2288779615556549,0.6956521739130435
0.22843093428699152,0.6952380952380952
0.22843093428699152,0.6961852861035422
0.22798390701832813,0.6957708049113234
0.22753687974966472,0.6953551912568307
0.22708985248100133,0.6949384404924761
0.22708985248100133,0.6958904109589041
0.22664282521233794,0.6954732510288066
0.22619579794367456,0.695054945054945
0.22619579794367456,0.6960110041265475
0.22619579794367456,0.696969696969697
0.22574877067501117,0.696551724137931
0.2253017434063478,0.6961325966850829
0.2248547161376844,0.6957123098201936
0.22440768886902102,0.6952908587257618
0.22396066160035763,0.694868238557559
0.22396066160035763,0.6958333333333333
0.22351363433169424,0.6954102920723226
0.22351363433169424,0.6963788300835655
0.22351363433169424,0.697350069735007
0.22306660706303086,0.696927374301676
0.22261957979436744,0.6965034965034965
0.22217255252570406,0.696078431372549
0.22172552525704067,0.6956521739130435
0.2212784979883773,0.6952247191011236
0.2212784979883773,0.6962025316455697
0.2208314707197139,0.6957746478873239
0.22038444345105052,0.6953455571227081
0.21993741618238713,0.6949152542372882
0.21993741618238713,0.695898161244696
0.21993741618238713,0.6968838526912181
0.21993741618238713,0.6978723404255319
0.21949038891372374,0.6974431818181818
0.21904336164506036,0.6970128022759602
0.21904336164506036,0.698005698005698
0.21859633437639697,0.6975748930099858
0.21814930710773356,0.6971428571428572
0.21770227983907017,0.6967095851216023
0.21770227983907017,0.6977077363896849
0.2172552525704068,0.697274031563845
0.2168082253017434,0.6968390804597702
0.21636119803308002,0.6964028776978417
0.21636119803308002,0.6974063400576369
0.21591417076441663,0.696969696969697
0.21591417076441663,0.6979768786127167
0.21546714349575324,0.6975397973950795
0.21502011622708986,0.6971014492753623
0.21502011622708986,0.6981132075471698
0.21457308895842647,0.6976744186046512
0.2141260616897631,0.6972343522561864
0.2141260616897631,0.6982507288629738
0.2136790344210997,0.6978102189781021
0.2136790344210997,0.6988304093567251
0.2136790344210997,0.6998535871156661
0.2136790344210997,0.7008797653958945
0.2136790344210997,0.7019089574155654
0.2132320071524363,0.7014705882352941
0.2127849798837729,0.7010309278350515
0.21233795261510952,0.700589970501475
0.21233795261510952,0.7016248153618907
0.21189092534644613,0.7011834319526628
0.21144389807778274,0.7007407407407408
0.21144389807778274,0.701780415430267
0.21099687080911936,0.7013372956909361
0.21099687080911936,0.7023809523809523
0.21054984354045597,0.7019374068554396
0.2101028162717926,0.7014925373134329
0.2096557890031292,0.7010463378176383
0.20920876173446581,0.7005988023952096
0.2087617344658024,0.7001499250374813
0.20831470719713902,0.6996996996996997
0.20786767992847563,0.6992481203007519
0.20742065265981224,0.6987951807228916
0.20742065265981224,0.6998491704374057
0.20697362539114886,0.6993957703927492
0.20697362539114886,0.7004538577912254
0.20652659812248547,0.7
0.20607957085382209,0.6995447647951442
0.2056325435851587,0.6990881458966566
0.2056325435851587,0.700152207001522
0.2056325435851587,0.7012195121951219
0.20518551631649531,0.7007633587786259
0.20518551631649531,0.7018348623853211
0.20518551631649531,0.7029096477794793
0.20473848904783193,0.7024539877300614
0.20473848904783193,0.7035330261136713
0.20429146177916854,0.703076923076923
0.20384443451050513,0.7026194144838213
0.20339740724184174,0.7021604938271605
0.20295037997317836,0.7017001545595054
0.20250335270451497,0.7012383900928792
0.20250335270451497,0.7023255813953488
0.20250335270451497,0.703416149068323
0.20205632543585159,0.702954898911353
0.20205632543585159,0.7040498442367601
0.2016092981671882,0.7035881435257411
0.2016092981671882,0.7046875
0.20116227089852481,0.704225352112676
0.20116227089852481,0.7053291536050157
0.20071524362986143,0.7048665620094191
0.20026821636119804,0.7044025157232704
0.19982118909253466,0.7039370078740157
0.19982118909253466,0.7050473186119873
0.19937416182387124,0.7045813586097947
0.19892713455520786,0.7041139240506329
0.19848010728654447,0.7036450079239303
0.19803308001788109,0.7031746031746032
0.1975860527492177,0.7027027027027027
0.19713902548055431,0.7022292993630573
0.19669199821189093,0.7017543859649122
0.19624497094322754,0.7012779552715654
0.19624497094322754,0.7024
0.19579794367456416,0.7019230769230769
0.19535091640590077,0.7014446227929374
0.19490388913723738,0.7009646302250804
0.19445686186857397,0.7004830917874396
0.19445686186857397,0.7016129032258065
0.19445686186857397,0.7027463651050081
0.19445686186857397,0.7038834951456311
0.19445686186857397,0.7050243111831442
0.19445686186857397,0.7061688311688312
0.19445686186857397,0.7073170731707317
0.19445686186857397,0.7084690553745928
0.19445686186857397,0.7096247960848288
0.19445686186857397,0.7107843137254902
0.19445686186857397,0.7119476268412439
0.19445686186857397,0.7131147540983607
0.19445686186857397,0.7142857142857143
0.19400983459991059,0.7138157894736842
0.19400983459991059,0.71499176276771
0.1935628073312472,0.7145214521452146
0.19311578006258381,0.7140495867768595
0.19311578006258381,0.7152317880794702
0.19266875279392043,0.714759535655058
0.19222172552525704,0.7142857142857143
0.19177469825659366,0.7138103161397671
0.19177469825659366,0.715
0.19177469825659366,0.7161936560934892
0.19132767098793027,0.7157190635451505
0.19088064371926688,0.7152428810720268
0.19088064371926688,0.7164429530201343
0.1904336164506035,0.7159663865546219
0.1904336164506035,0.7171717171717171
0.18998658918194009,0.7166947723440135
0.18998658918194009,0.7179054054054054
0.1895395619132767,0.7174280879864636
0.1895395619132767,0.7186440677966102
0.1890925346446133,0.7181663837011885
0.1890925346446133,0.7193877551020408
0.1890925346446133,0.7206132879045997
0.18864550737594993,0.7201365187713311
0.18819848010728654,0.7196581196581197
0.18819848010728654,0.7208904109589042
0.18819848010728654,0.7221269296740995
0.18775145283862316,0.7216494845360825
0.18775145283862316,0.7228915662650602
0.18730442556995977,0.7224137931034482
0.18685739830129638,0.7219343696027634
0.18685739830129638,0.7231833910034602
0.186410371032633,0.7227036395147314
0.186410371032633,0.7239583333333334
0.186410371032633,0.7252173913043478
0.1859633437639696,0.7247386759581882
0.18551631649530623,0.7242582897033158
0.18551631649530623,0.7255244755244755
0.18551631649530623,0.7267950963222417
0.18551631649530623,0.7280701754385965
0.1850692892266428,0.7275922671353251
0.18462226195797943,0.727112676056338
0.18462226195797943,0.7283950617283951
0.18417523468931604,0.7279151943462897
0.18417523468931604,0.7292035398230089
0.18372820742065266,0.7287234042553191
0.18372820742065266,0.7300177619893428
0.18372820742065266,0.7313167259786477
0.18372820742065266,0.732620320855615
0.18372820742065266,0.7339285714285714
0.18328118015198927,0.7334525939177102
0.18283415288332588,0.7329749103942652
0.1823871256146625,0.7324955116696589
0.1823871256146625,0.7338129496402878
0.1819400983459991,0.7333333333333333
0.18149307107733573,0.7328519855595668
0.18104604380867234,0.7323688969258589
0.18059901654000893,0.7318840579710145
0.18059901654000893,0.7332123411978222
0.18015198927134554,0.7327272727272728
0.17970496200268216,0.73224043715847
0.17925793473401877,0.7317518248175182
0.17881090746535538,0.7312614259597806
0.17881090746535538,0.7326007326007326
0.178363880196692,0.7321100917431193
0.178363880196692,0.7334558823529411
0.1779168529280286,0.7329650092081031
0.17746982565936523,0.7324723247232472
0.17702279839070184,0.7319778188539742
0.17657577112203846,0.7314814814814815
0.17657577112203846,0.7328385899814471
0.17612874385337507,0.7323420074349443
0.17568171658471166,0.7318435754189944
0.17568171658471166,0.7332089552238806
0.17523468931604827,0.7327102803738318
0.17523468931604827,0.7340823970037453
0.17478766204738488,0.7335834896810507
0.1743406347787215,0.7330827067669173
0.1738936075100581,0.7325800376647834
0.17344658024139473,0.7320754716981132
0.17299955297273134,0.7315689981096408
0.17299955297273134,0.7329545454545454
0.17255252570406795,0.7324478178368121
0.17210549843540457,0.7319391634980988
0.17210549843540457,0.7333333333333333
0.17210549843540457,0.7347328244274809
0.17210549843540457,0.7361376673040153
0.17165847116674118,0.735632183908046
0.17121144389807777,0.7351247600767754
0.17076441662941438,0.7346153846153847
0.170317389360751,0.7341040462427746
0.170317389360751,0.7355212355212355
0.1698703620920876,0.7350096711798839
0.1698703620920876,0.7364341085271318
0.16942333482342423,0.7359223300970874
0.16942333482342423,0.7373540856031129
0.16942333482342423,0.7387914230019493
0.16942333482342423,0.740234375
0.16942333482342423,0.7416829745596869
0.16942333482342423,0.7431372549019608
0.16897630755476084,0.7426326129666012
0.16897630755476084,0.7440944881889764
0.16852928028609745,0.7435897435897436
0.16852928028609745,0.7450592885375494
0.16808225301743407,0.7445544554455445
0.16763522574877068,0.7440476190476191
0.1671881984801073,0.7435387673956262
0.1667411712114439,0.7430278884462151
0.1667411712114439,0.7445109780439122
0.1662941439427805,0.744
0.1662941439427805,0.7454909819639278
0.1658471166741171,0.7449799196787149
0.16540008940545373,0.744466800804829
0.16540008940545373,0.7459677419354839
0.16540008940545373,0.7474747474747475
0.16495306213679034,0.7469635627530364
0.16495306213679034,0.7484787018255578
0.16450603486812695,0.7479674796747967
0.16405900759946357,0.7474541751527495
0.16405900759946357,0.7489795918367347
0.16361198033080018,0.7484662576687117
0.1631649530621368,0.7479508196721312
0.1627179257934734,0.7474332648870636
0.16227089852481003,0.7469135802469136
0.1618238712561466,0.7463917525773196
0.1618238712561466,0.7479338842975206
0.16137684398748323,0.7474120082815735
0.16137684398748323,0.7489626556016598
0.16092981671881984,0.7484407484407485
0.16048278945015645,0.7479166666666667
0.16003576218149307,0.7473903966597077
0.15958873491282968,0.7468619246861925
0.15958873491282968,0.7484276729559748
0.1591417076441663,0.7478991596638656
0.1591417076441663,0.7494736842105263
0.1586946803755029,0.7489451476793249
0.1586946803755029,0.7505285412262156
0.1586946803755029,0.7521186440677966
0.15824765310683953,0.7515923566878981
0.15780062583817614,0.7510638297872341
0.15735359856951275,0.7505330490405118
0.15735359856951275,0.7521367521367521
0.15690657130084934,0.7516059957173448
0.15645954403218595,0.7510729613733905
0.15601251676352257,0.7505376344086021
0.15556548949485918,0.75
0.15556548949485918,0.7516198704103672
0.15556548949485918,0.7532467532467533
0.1551184622261958,0.7527114967462039
0.1546714349575324,0.7521739130434782
0.15422440768886903,0.7516339869281046
0.15377738042020564,0.7510917030567685
0.15333035315154225,0.75054704595186
0.15333035315154225,0.7521929824561403
0.15288332588287887,0.7516483516483516
0.15243629861421545,0.751101321585903
0.15243629861421545,0.7527593818984547
0.15243629861421545,0.754424778761062
0.15198927134555207,0.753880266075388
0.15154224407688868,0.7533333333333333
0.1510952168082253,0.7527839643652561
0.1506481895395619,0.7522321428571429
0.1506481895395619,0.7539149888143176
0.1506481895395619,0.7556053811659192
0.15020116227089853,0.755056179775281
0.14930710773357175,0.7539503386004515
0.14886008046490837,0.753393665158371
0.14841305319624498,0.7528344671201814
0.14841305319624498,0.7545454545454545
0.1479660259275816,0.7539863325740319
0.1479660259275816,0.7557077625570776
0.14751899865891818,0.7551487414187643
0.14751899865891818,0.7568807339449541
0.14751899865891818,0.7586206896551724
0.1470719713902548,0.7580645161290323
0.1466249441215914,0.7575057736720554
0.14617791685292802,0.7569444444444444
0.14573088958426464,0.7563805104408353
0.14528386231560125,0.7558139534883721
0.14483683504693787,0.7552447552447552
0.14483683504693787,0.7570093457943925
0.14438980777827448,0.7564402810304449
0.14438980777827448,0.7582159624413145
0.1439427805096111,0.7576470588235295
0.1434957532409477,0.7570754716981132
0.1430487259722843,0.7565011820330969
0.1430487259722843,0.7582938388625592
0.1426016987036209,0.7577197149643705
0.14215467143495752,0.7571428571428571
0.14170764416629414,0.7565632458233891
0.14170764416629414,0.7583732057416268
0.14170764416629414,0.7601918465227818
0.14126061689763075,0.7596153846153846
0.14081358962896737,0.7590361445783133
0.14036656236030398,0.7584541062801933
0.14036656236030398,0.7602905569007264
0.14036656236030398,0.7621359223300971
0.1399195350916406,0.7615571776155717
0.1399195350916406,0.7634146341463415
0.1394725078229772,0.7628361858190709
0.1394725078229772,0.7647058823529411
0.1394725078229772,0.7665847665847666
0.13902548055431382,0.7660098522167488
0.13857845328565044,0.7654320987654321
0.13857845328565044,0.7673267326732673
0.13813142601698702,0.7667493796526055
0.13768439874832364,0.7661691542288557
0.13723737147966025,0.7655860349127181
0.13723737147966025,0.7675
0.13679034421099687,0.7669172932330827
0.13679034421099687,0.7688442211055276
0.13634331694233348,0.7682619647355163
0.1358962896736701,0.7676767676767676
0.1358962896736701,0.769620253164557
0.1354492624050067,0.7690355329949239
0.13500223513634332,0.7684478371501272
0.13500223513634332,0.7704081632653061
0.13455520786767994,0.7698209718670077
0.13410818059901655,0.7692307692307693
0.13410818059901655,0.7712082262210797
0.13366115333035314,0.770618556701031
0.13366115333035314,0.772609819121447
0.13321412606168975,0.772020725388601
0.13276709879302637,0.7714285714285715
0.13276709879302637,0.7734375
0.13232007152436298,0.7728459530026109
0.1318730442556996,0.7722513089005235
0.1318730442556996,0.7742782152230971
0.1318730442556996,0.7763157894736842
0.1314260169870362,0.7757255936675461
0.13097898971837282,0.7751322751322751
0.13053196244970944,0.7745358090185677
0.13008493518104605,0.773936170212766
0.12963790791238267,0.7733333333333333
0.12919088064371928,0.7727272727272727
0.12874385337505587,0.7721179624664879
0.12829682610639248,0.771505376344086
0.1278497988377291,0.77088948787062
0.1274027715690657,0.7702702702702703
0.1274027715690657,0.7723577235772358
0.12695574430040232,0.7717391304347826
0.12650871703173894,0.771117166212534
0.12606168976307555,0.7704918032786885
0.12561466249441217,0.7698630136986301
0.12516763522574878,0.7692307692307693
0.12472060795708538,0.768595041322314
0.12472060795708538,0.7707182320441989
0.12472060795708538,0.7728531855955678
0.124273580688422,0.7722222222222223
0.124273580688422,0.7743732590529248
0.12382655341975861,0.7737430167597765
0.12337952615109522,0.773109243697479
0.12293249888243182,0.7724719101123596
0.12293249888243182,0.7746478873239436
0.12293249888243182,0.7768361581920904
0.12293249888243182,0.7790368271954674
0.12248547161376844,0.7784090909090909
0.12203844434510505,0.7777777777777778
0.12159141707644167,0.7771428571428571
0.12114438980777828,0.7765042979942693
0.12069736253911488,0.7758620689655172
0.1202503352704515,0.7752161383285303
0.1202503352704515,0.7774566473988439
0.1202503352704515,0.7797101449275362
0.11980330800178811,0.7790697674418605
0.11935628073312472,0.7784256559766763
0.11890925346446134,0.7777777777777778
0.11846222619579794,0.7771260997067448
0.11846222619579794,0.7794117647058824
0.11801519892713455,0.7787610619469026
0.11801519892713455,0.7810650887573964
0.11756817165847117,0.7804154302670623
0.11712114438980778,0.7797619047619048
0.1166741171211444,0.7791044776119403
0.1166741171211444,0.781437125748503
0.11622708985248101,0.7807807807807807
0.11578006258381761,0.7801204819277109
0.11533303531515422,0.7794561933534743
0.11488600804649084,0.7787878787878788
0.11443898077782745,0.7781155015197568
0.11399195350916407,0.7774390243902439
0.11354492624050067,0.7767584097859327
0.11309789897183728,0.7760736196319018
0.11309789897183728,0.7784615384615384
0.1126508717031739,0.7777777777777778
0.11220384443451051,0.7770897832817337
0.11175681716584712,0.7763975155279503
0.11130978989718372,0.7757009345794392
0.11086276262852034,0.775
0.11041573535985695,0.774294670846395
0.10996870809119356,0.7735849056603774
0.10996870809119356,0.7760252365930599
0.10996870809119356,0.7784810126582279
0.10996870809119356,0.780952380952381
0.10952168082253018,0.7802547770700637
0.10907465355386678,0.7795527156549521
0.1086276262852034,0.7788461538461539
0.1086276262852034,0.7813504823151125
0.1086276262852034,0.7838709677419354
0.10818059901654001,0.7831715210355987
0.10818059901654001,0.7857142857142857
0.10818059901654001,0.7882736156351792
0.10773357174787662,0.7875816993464052
0.10773357174787662,0.7901639344262295
0.10728654447921324,0.7894736842105263
0.10728654447921324,0.7920792079207921
0.10683951721054985,0.7913907284768212
0.10639248994188645,0.7906976744186046
0.10639248994188645,0.7933333333333333
0.10639248994188645,0.7959866220735786
0.10594546267322306,0.7953020134228188
0.10549843540455968,0.7946127946127947
0.1050514081358963,0.793918918918919
0.1050514081358963,0.7966101694915254
0.10460438086723291,0.7959183673469388
0.10415735359856951,0.7952218430034129
0.10371032632990612,0.7945205479452054
0.10371032632990612,0.7972508591065293
0.10326329906124274,0.7965517241379311
0.10326329906124274,0.7993079584775087
0.10326329906124274,0.8020833333333334
0.10326329906124274,0.8048780487804879
0.10281627179257935,0.8041958041958042
0.10236924452391596,0.8035087719298246
0.10192221725525256,0.8028169014084507
0.10147518998658918,0.8021201413427562
0.10147518998658918,0.8049645390070922
0.10147518998658918,0.8078291814946619
0.10102816271792579,0.8071428571428572
0.10102816271792579,0.8100358422939068
0.10058113544926241,0.8093525179856115
0.10058113544926241,0.8122743682310469
0.10013410818059902,0.8115942028985508
0.09968708091193562,0.8109090909090909
0.09924005364327224,0.8102189781021898
0.09879302637460885,0.8095238095238095
0.09834599910594546,0.8088235294117647
0.09789897183728208,0.8081180811808119
0.09745194456861869,0.8074074074074075
0.09700491729995529,0.8066914498141264
0.09700491729995529,0.8097014925373134
0.09700491729995529,0.8127340823970037
0.09700491729995529,0.8157894736842105
0.09700491729995529,0.8188679245283019
0.09700491729995529,0.821969696969697
0.09655789003129191,0.8212927756653993
0.09611086276262852,0.8206106870229007
0.09611086276262852,0.8237547892720306
0.09611086276262852,0.8269230769230769
0.09566383549396514,0.8262548262548263
0.09521680822530175,0.8255813953488372
0.09521680822530175,0.8287937743190662
0.09476978095663835,0.828125
0.09432275368797496,0.8274509803921568
0.09387572641931158,0.8267716535433071
0.09342869915064819,0.8260869565217391
0.0929816718819848,0.8253968253968254
0.0925346446133214,0.8247011952191236
0.09208761734465802,0.824
0.09208761734465802,0.8273092369477911
0.09164059007599464,0.8266129032258065
0.09119356280733125,0.8259109311740891
0.09119356280733125,0.8292682926829268
0.09074653553866786,0.8285714285714286
0.09074653553866786,0.8319672131147541
0.09029950827000446,0.831275720164609
0.08985248100134108,0.8305785123966942
0.08940545373267769,0.8298755186721992
0.0889584264640143,0.8291666666666667
0.08851139919535092,0.8284518828451883
0.08851139919535092,0.8319327731092437
0.08806437192668753,0.8312236286919831
0.08806437192668753,0.8347457627118644
0.08761734465802413,0.8340425531914893
0.08717031738936075,0.8333333333333334
0.08717031738936075,0.8369098712446352
0.08717031738936075,0.8405172413793104
0.08672329012069736,0.8398268398268398
0.08627626285203398,0.8391304347826087
0.08582923558337059,0.8384279475982532
0.08538220831470719,0.8377192982456141
0.0849351810460438,0.8370044052863436
0.0849351810460438,0.8407079646017699
0.08448815377738042,0.84
0.08404112650871703,0.8392857142857143
0.08404112650871703,0.8430493273542601
0.08359409924005365,0.8423423423423423
0.08314707197139025,0.8416289592760181
0.08270004470272686,0.8409090909090909
0.08225301743406348,0.8401826484018264
0.08180599016540009,0.8394495412844036
0.0813589628967367,0.8387096774193549
0.0809119356280733,0.8379629629629629
0.08046490835940992,0.8372093023255814
0.08001788109074653,0.8364485981308412
0.07957085382208315,0.8356807511737089
0.07912382655341976,0.8349056603773585
0.07867679928475638,0.8341232227488151
0.07822977201609298,0.8333333333333334
0.07778274474742959,0.8325358851674641
0.07778274474742959,0.8365384615384616
0.0773357174787662,0.8357487922705314
0.07688869021010282,0.8349514563106796
0.07644166294143943,0.8341463414634146
0.07599463567277603,0.8333333333333334
0.07599463567277603,0.8374384236453202
0.07554760840411265,0.8366336633663366
0.07554760840411265,0.8407960199004975
0.07510058113544926,0.84
0.07465355386678588,0.8391959798994975
0.07420652659812249,0.8383838383838383
0.07375949932945909,0.8375634517766497
0.0733124720607957,0.8367346938775511
0.07286544479213232,0.8358974358974359
0.07241841752346893,0.8350515463917526
0.07241841752346893,0.8393782383419689
0.07241841752346893,0.84375
0.07197139025480555,0.8429319371727748
0.07152436298614215,0.8421052631578947
0.07152436298614215,0.8465608465608465
0.07152436298614215,0.851063829787234
0.07107733571747876,0.8502673796791443
0.07063030844881538,0.8494623655913979
0.07018328118015199,0.8486486486486486
0.0697362539114886,0.8478260869565217
0.06928922664282522,0.8469945355191257
0.06928922664282522,0.8516483516483516
0.06884219937416182,0.850828729281768
0.06839517210549843,0.85
0.06794814483683505,0.8491620111731844
0.06794814483683505,0.8539325842696629
0.06750111756817166,0.8531073446327684
0.06705409029950828,0.8522727272727273
0.06660706303084488,0.8514285714285714
0.06616003576218149,0.8505747126436781
0.0657130084935181,0.8497109826589595
0.06526598122485472,0.8488372093023255
0.06481895395619133,0.847953216374269
0.06437192668752793,0.8470588235294118
0.06392489941886455,0.8461538461538461
0.06347787215020116,0.8452380952380952
0.06347787215020116,0.8502994011976048
0.06303084488153778,0.8493975903614458
0.06258381761287439,0.8484848484848485
0.062136790344211,0.8475609756097561
0.06168976307554761,0.8466257668711656
0.06124273580688422,0.845679012345679
0.06124273580688422,0.8509316770186336
0.06079570853822083,0.85
0.06034868126955744,0.8490566037735849
0.059901654000894054,0.8481012658227848
0.05945462673223067,0.8471337579617835
0.05945462673223067,0.8525641025641025
0.059007599463567276,0.8516129032258064
0.05856057219490389,0.8506493506493507
0.058113544926240504,0.8496732026143791
0.05766651765757711,0.8486842105263158
0.057219490388913725,0.847682119205298
0.05677246312025033,0.8466666666666667
0.05632543585158695,0.8456375838926175
0.05587840858292356,0.8445945945945946
0.05543138131426017,0.8435374149659864
0.05498435404559678,0.8424657534246576
0.05453732677693339,0.8413793103448276
0.054090299508270004,0.8402777777777778
0.054090299508270004,0.8461538461538461
0.054090299508270004,0.852112676056338
0.05364327223960662,0.851063829787234
0.05364327223960662,0.8571428571428571
0.053196244970943225,0.8561151079136691
0.05274921770227984,0.855072463768116
0.052302190433616454,0.8540145985401459
0.05185516316495306,0.8529411764705882
0.051408135896289675,0.8518518518518519
0.05096110862762628,0.8507462686567164
0.05096110862762628,0.8571428571428571
0.050514081358962896,0.8560606060606061
0.05006705409029951,0.8549618320610687
0.04962002682163612,0.8538461538461538
0.04917299955297273,0.8527131782945736
0.04917299955297273,0.859375
0.048725972284309346,0.8582677165354331
0.048278945015645953,0.8571428571428571
0.04783191774698257,0.856
0.047384890478319175,0.8548387096774194
0.04693786320965579,0.8536585365853658
0.0464908359409924,0.8524590163934426
0.04604380867232901,0.8512396694214877
0.045596781403665625,0.85
0.04514975413500223,0.8487394957983193
0.04514975413500223,0.8559322033898306
0.044702726866338846,0.8547008547008547
0.04425569959767546,0.853448275862069
0.04380867232901207,0.8521739130434782
0.04336164506034868,0.8508771929824561
0.042914617791685296,0.8495575221238938
0.0424675905230219,0.8482142857142857
0.0424675905230219,0.8558558558558559
0.04202056325435852,0.8545454545454545
0.041573535985695124,0.8532110091743119
0.04112650871703174,0.8518518518518519
0.04067948144836835,0.8504672897196262
0.04023245417970496,0.8490566037735849
0.039785426911041574,0.8476190476190476
0.03933839964237819,0.8461538461538461
0.038891372373714796,0.8446601941747572
0.03844434510505141,0.8431372549019608
0.03844434510505141,0.8514851485148515
0.03799731783638802,0.85
0.03799731783638802,0.8585858585858586
0.03755029056772463,0.8571428571428571
0.037103263299061245,0.8556701030927835
0.03665623603039785,0.8541666666666666
0.03665623603039785,0.8631578947368421
0.03665623603039785,0.8723404255319149
0.03665623603039785,0.8817204301075269
0.03620920876173447,0.8804347826086957
0.035762181493071074,0.8791208791208791
0.03531515422440769,0.8777777777777778
0.0348681269557443,0.8764044943820225
0.03442109968708091,0.875
0.033974072418417524,0.8735632183908046
0.03352704514975414,0.872093023255814
0.033080017881090745,0.8705882352941177
0.03263299061242736,0.8690476190476191
0.03218596334376397,0.8674698795180723
0.03173893607510058,0.8658536585365854
0.03173893607510058,0.8765432098765432
0.031291908806437195,0.875
0.030844881537773806,0.8734177215189873
0.030397854269110416,0.8717948717948718
0.029950827000447027,0.8701298701298701
0.029503799731783638,0.868421052631579
0.029056772463120252,0.8666666666666667
0.028609745194456863,0.8648648648648649
0.028162717925793473,0.863013698630137
0.028162717925793473,0.875
0.027715690657130084,0.8732394366197183
0.027268663388466695,0.8714285714285714
0.02682163611980331,0.8695652173913043
0.02637460885113992,0.8676470588235294
0.02637460885113992,0.8805970149253731
0.02637460885113992,0.8939393939393939
0.02637460885113992,0.9076923076923077
0.02592758158247653,0.90625
0.02592758158247653,0.9206349206349206
0.02548055431381314,0.9193548387096774
0.025033527045149755,0.9180327868852459
0.024586499776486366,0.9166666666666666
0.024139472507822977,0.9152542372881356
0.023692445239159587,0.9137931034482759
0.0232454179704962,0.9122807017543859
0.0232454179704962,0.9285714285714286
0.022798390701832812,0.9272727272727272
0.022351363433169423,0.9259259259259259
0.021904336164506034,0.9245283018867925
0.021457308895842648,0.9230769230769231
0.02101028162717926,0.9215686274509803
0.02056325435851587,0.92
0.02011622708985248,0.9183673469387755
0.02011622708985248,0.9375
0.019669199821189094,0.9361702127659575
0.019222172552525705,0.9347826086956522
0.018775145283862316,0.9333333333333333
0.018775145283862316,0.9545454545454546
0.018328118015198926,0.9534883720930233
0.017881090746535537,0.9523809523809523
0.01743406347787215,0.9512195121951219
0.016987036209208762,0.95
0.016987036209208762,0.9743589743589743
0.016540008940545373,0.9736842105263158
0.016092981671881983,0.972972972972973
0.016092981671881983,1.0
0.015645954403218598,1.0
0.015198927134555208,1.0
0.014751899865891819,1.0
0.014304872597228431,1.0
0.013857845328565042,1.0
0.013410818059901655,1.0
0.012963790791238265,1.0
0.012516763522574878,1.0
0.012069736253911488,1.0
0.0116227089852481,1.0
0.011175681716584712,1.0
0.010728654447921324,1.0
0.010281627179257935,1.0
0.009834599910594547,1.0
0.009387572641931158,1.0
0.008940545373267769,1.0
0.008493518104604381,1.0
0.008046490835940992,1.0
0.007599463567277604,1.0
0.007152436298614216,1.0
0.006258381761287439,1.0
0.00581135449262405,1.0
0.005364327223960662,1.0
0.0049172999552972736,1.0
0.004470272686633884,1.0
0.004023245417970496,1.0
0.003576218149307108,1.0
0.0031291908806437194,1.0
0.002682163611980331,1.0
0.002235136343316942,1.0
0.001788109074653554,1.0
0.0013410818059901655,1.0
0.000894054537326777,1.0
0.0004470272686633885,1.0
0.0,1.0
