fpr,tpr
0.0,0.0
0.0,0.0004470272686633885
0.0,0.005364327223960662
0.0,0.006258381761287439
0.0,0.015198927134555208
0.0001755926251097454,0.015198927134555208
0.0001755926251097454,0.016092981671881983
0.0003511852502194908,0.016092981671881983
0.0003511852502194908,0.016987036209208762
0.0005267778753292362,0.016987036209208762
0.0005267778753292362,0.018328118015198926
0.0010535557506584723,0.018328118015198926
0.0010535557506584723,0.018775145283862316
0.0012291483757682178,0.018775145283862316
0.0012291483757682178,0.02056325435851587
0.0014047410008779632,0.02056325435851587
0.0014047410008779632,0.024586499776486366
0.001755926251097454,0.024586499776486366
0.001755926251097454,0.02682163611980331
0.0019315188762071994,0.02682163611980331
0.0019315188762071994,0.028609745194456863
0.0021071115013169446,0.028609745194456863
0.0021071115013169446,0.029056772463120252
0.0022827041264266903,0.029056772463120252
0.0022827041264266903,0.030844881537773806
0.0024582967515364355,0.030844881537773806
0.0024582967515364355,0.031291908806437195
0.0026338893766461808,0.031291908806437195
0.0026338893766461808,0.03218596334376397
0.0028094820017559264,0.03218596334376397
0.0028094820017559264,0.03620920876173447
0.0029850746268656717,0.03620920876173447
0.0029850746268656717,0.037103263299061245
0.003160667251975417,0.037103263299061245
0.003160667251975417,0.03755029056772463
0.0033362598770851626,0.03755029056772463
0.0033362598770851626,0.03799731783638802
0.003511852502194908,0.03799731783638802
0.003511852502194908,0.04067948144836835
0.003687445127304653,0.04067948144836835
0.003687445127304653,0.041573535985695124
0.003687445127304653,0.0424675905230219
0.003687445127304653,0.042914617791685296
0.0038630377524143987,0.042914617791685296
0.0038630377524143987,0.04336164506034868
0.004038630377524144,0.04336164506034868
0.004038630377524144,0.04514975413500223
0.004389815627743635,0.04514975413500223
0.004389815627743635,0.048725972284309346
0.004741000877963125,0.048725972284309346
0.004741000877963125,0.04962002682163612
0.004916593503072871,0.04962002682163612
0.004916593503072871,0.05006705409029951
0.005092186128182617,0.05006705409029951
0.005092186128182617,0.051408135896289675
0.0052677787532923615,0.051408135896289675
0.0052677787532923615,0.053196244970943225
0.005443371378402107,0.053196244970943225
0.005443371378402107,0.05498435404559678
0.005618964003511853,0.05498435404559678
0.005618964003511853,0.05587840858292356
0.005618964003511853,0.05766651765757711
0.005794556628621598,0.05766651765757711
0.005794556628621598,0.058113544926240504
0.005970149253731343,0.058113544926240504
0.005970149253731343,0.05945462673223067
0.006145741878841089,0.05945462673223067
0.006145741878841089,0.06034868126955744
0.0064969271290605795,0.06034868126955744
0.0064969271290605795,0.06124273580688422
0.006672519754170325,0.06124273580688422
0.006672519754170325,0.062136790344211
0.00684811237928007,0.062136790344211
0.00684811237928007,0.06392489941886455
0.007023705004389816,0.06392489941886455
0.007023705004389816,0.06437192668752793
0.007374890254609306,0.06437192668752793
0.007374890254609306,0.06526598122485472
0.007550482879719052,0.06526598122485472
0.007550482879719052,0.06616003576218149
0.007901668129938543,0.06616003576218149
0.007901668129938543,0.06660706303084488
0.008077260755048289,0.06660706303084488
0.008077260755048289,0.06705409029950828
0.008252853380158033,0.06705409029950828
0.008252853380158033,0.06928922664282522
0.008428446005267778,0.06928922664282522
0.008428446005267778,0.07152436298614215
0.008604038630377524,0.07152436298614215
0.008604038630377524,0.0733124720607957
0.00877963125548727,0.0733124720607957
0.00877963125548727,0.07599463567277603
0.009130816505706761,0.07599463567277603
0.009130816505706761,0.0773357174787662
0.009306409130816505,0.0773357174787662
0.009306409130816505,0.07867679928475638
0.00948200175592625,0.07867679928475638
0.00948200175592625,0.08180599016540009
0.009657594381035996,0.08180599016540009
0.009657594381035996,0.08448815377738042
0.010184372256365233,0.08448815377738042
0.010184372256365233,0.08627626285203398
0.010359964881474977,0.08627626285203398
0.010359964881474977,0.08717031738936075
0.010535557506584723,0.08717031738936075
0.010535557506584723,0.09074653553866786
0.010711150131694469,0.09074653553866786
0.010711150131694469,0.09164059007599464
0.01106233538191396,0.09164059007599464
0.01106233538191396,0.09208761734465802
0.01141352063213345,0.09208761734465802
0.01141352063213345,0.09611086276262852
0.011589113257243195,0.09611086276262852
0.011589113257243195,0.09700491729995529
0.011764705882352941,0.09700491729995529
0.011764705882352941,0.09789897183728208
0.011940298507462687,0.09789897183728208
0.011940298507462687,0.10013410818059902
0.012115891132572432,0.10013410818059902
0.012115891132572432,0.10147518998658918
0.012818261633011413,0.10147518998658918
0.012818261633011413,0.10192221725525256
0.013169446883230905,0.10192221725525256
0.013169446883230905,0.10371032632990612
0.013520632133450394,0.10371032632990612
0.013520632133450394,0.10683951721054985
0.01369622475856014,0.10683951721054985
0.01369622475856014,0.10773357174787662
0.015100965759438104,0.10773357174787662
0.015100965759438104,0.10818059901654001
0.015452151009657595,0.10818059901654001
0.015452151009657595,0.1086276262852034
0.015803336259877086,0.1086276262852034
0.015803336259877086,0.10996870809119356
0.01597892888498683,0.10996870809119356
0.01597892888498683,0.11309789897183728
0.016154521510096578,0.11309789897183728
0.016154521510096578,0.11399195350916407
0.016681299385425813,0.11399195350916407
0.016681299385425813,0.11443898077782745
0.017032484635645304,0.11443898077782745
0.017032484635645304,0.11622708985248101
0.017383669885864792,0.11622708985248101
0.017383669885864792,0.11756817165847117
0.01755926251097454,0.11756817165847117
0.01755926251097454,0.11890925346446134
0.017734855136084283,0.11890925346446134
0.017734855136084283,0.11935628073312472
0.01791044776119403,0.11935628073312472
0.01791044776119403,0.11980330800178811
0.018261633011413522,0.11980330800178811
0.018261633011413522,0.1202503352704515
0.018437225636523266,0.1202503352704515
0.018437225636523266,0.12069736253911488
0.01861281826163301,0.12069736253911488
0.01861281826163301,0.12114438980777828
0.019315188762071993,0.12114438980777828
0.019315188762071993,0.12159141707644167
0.019666374012291484,0.12159141707644167
0.019666374012291484,0.12248547161376844
0.019666374012291484,0.12293249888243182
0.019841966637401228,0.12293249888243182
0.019841966637401228,0.124273580688422
0.020368744512730467,0.124273580688422
0.020368744512730467,0.12472060795708538
0.02054433713784021,0.12472060795708538
0.02054433713784021,0.12516763522574878
0.020895522388059702,0.12516763522574878
0.020895522388059702,0.12561466249441217
0.021071115013169446,0.12561466249441217
0.021071115013169446,0.12606168976307555
0.021246707638279193,0.12606168976307555
0.021246707638279193,0.1278497988377291
0.021422300263388937,0.1278497988377291
0.021422300263388937,0.12829682610639248
0.02159789288849868,0.12829682610639248
0.02159789288849868,0.12874385337505587
0.02159789288849868,0.12963790791238267
0.02212467076382792,0.12963790791238267
0.02212467076382792,0.13008493518104605
0.022651448639157155,0.13008493518104605
0.022651448639157155,0.13053196244970944
0.0228270412642669,0.13053196244970944
0.0228270412642669,0.1318730442556996
0.02317822651448639,0.1318730442556996
0.02317822651448639,0.13276709879302637
0.023353819139596138,0.13276709879302637
0.023353819139596138,0.13410818059901655
0.023529411764705882,0.13410818059901655
0.023529411764705882,0.13455520786767994
0.023880597014925373,0.13455520786767994
0.023880597014925373,0.13679034421099687
0.024056189640035117,0.13679034421099687
0.024056189640035117,0.13723737147966025
0.024582967515364356,0.13723737147966025
0.024582967515364356,0.13857845328565044
0.0247585601404741,0.13857845328565044
0.0247585601404741,0.1394725078229772
0.0247585601404741,0.14036656236030398
0.0247585601404741,0.14170764416629414
0.02510974539069359,0.14170764416629414
0.02510974539069359,0.14215467143495752
0.025285338015803335,0.14215467143495752
0.025285338015803335,0.1430487259722843
0.025812115891132574,0.1430487259722843
0.025812115891132574,0.1434957532409477
0.026514486391571553,0.1434957532409477
0.026514486391571553,0.14438980777827448
0.0266900790166813,0.14438980777827448
0.0266900790166813,0.14528386231560125
0.027216856892010536,0.14528386231560125
0.027216856892010536,0.14573088958426464
0.02739244951712028,0.14573088958426464
0.02739244951712028,0.1466249441215914
0.02774363476733977,0.1466249441215914
0.02774363476733977,0.14841305319624498
0.028446005267778754,0.14841305319624498
0.028446005267778754,0.14886008046490837
0.028621597892888498,0.14886008046490837
0.028621597892888498,0.14975413500223514
0.028797190517998245,0.14975413500223514
0.028797190517998245,0.15020116227089853
0.029148375768217733,0.15020116227089853
0.029148375768217733,0.15154224407688868
0.029675153643546972,0.15154224407688868
0.029675153643546972,0.15243629861421545
0.03037752414398595,0.15243629861421545
0.03037752414398595,0.15422440768886903
0.0305531167690957,0.15422440768886903
0.0305531167690957,0.1551184622261958
0.030728709394205442,0.1551184622261958
0.030728709394205442,0.15601251676352257
0.03160667251975417,0.15601251676352257
0.03160667251975417,0.15690657130084934
0.031782265144863917,0.15690657130084934
0.031782265144863917,0.1591417076441663
0.03195785776997366,0.1591417076441663
0.03195785776997366,0.15958873491282968
0.032133450395083404,0.15958873491282968
0.032133450395083404,0.16003576218149307
0.032309043020193155,0.16003576218149307
0.032309043020193155,0.16092981671881984
0.0324846356453029,0.16092981671881984
0.0324846356453029,0.16361198033080018
0.03266022827041264,0.16361198033080018
0.03266022827041264,0.16540008940545373
0.03283582089552239,0.16540008940545373
0.03283582089552239,0.1662941439427805
0.03301141352063213,0.1662941439427805
0.03301141352063213,0.1667411712114439
0.033713784021071114,0.1667411712114439
0.033713784021071114,0.1671881984801073
0.03406496927129061,0.1671881984801073
0.03406496927129061,0.16852928028609745
0.034416154521510096,0.16852928028609745
0.034416154521510096,0.16897630755476084
0.03459174714661984,0.16897630755476084
0.03459174714661984,0.1698703620920876
0.034767339771729584,0.1698703620920876
0.034767339771729584,0.17255252570406795
0.034942932396839335,0.17255252570406795
0.034942932396839335,0.17299955297273134
0.03511852502194908,0.17299955297273134
0.03546971027216857,0.17299955297273134
0.03546971027216857,0.1738936075100581
0.03617208077260755,0.1738936075100581
0.03617208077260755,0.1743406347787215
0.036523266022827044,0.1743406347787215
0.036523266022827044,0.17478766204738488
0.03687445127304653,0.17478766204738488
0.03687445127304653,0.17523468931604827
0.037050043898156276,0.17523468931604827
0.037050043898156276,0.17568171658471166
0.03722563652326602,0.17568171658471166
0.03722563652326602,0.17612874385337507
0.037576821773485515,0.17612874385337507
0.037576821773485515,0.17657577112203846
0.037928007023705,0.17657577112203846
0.037928007023705,0.178363880196692
0.03880597014925373,0.178363880196692
0.03880597014925373,0.17925793473401877
0.039157155399473224,0.17925793473401877
0.039157155399473224,0.17970496200268216
0.03933274802458297,0.17970496200268216
0.03933274802458297,0.18104604380867234
0.03985952589991221,0.18104604380867234
0.03985952589991221,0.1819400983459991
0.040737489025460934,0.1819400983459991
0.040737489025460934,0.1823871256146625
0.04091308165057068,0.1823871256146625
0.04091308165057068,0.18462226195797943
0.041264266900790166,0.18462226195797943
0.041264266900790166,0.1859633437639696
0.04161545215100966,0.1859633437639696
0.04161545215100966,0.18819848010728654
0.04196663740122915,0.18819848010728654
0.04196663740122915,0.19132767098793027
0.04214223002633889,0.19132767098793027
0.04214223002633889,0.19266875279392043
0.042317822651448636,0.19266875279392043
0.042317822651448636,0.19311578006258381
0.04249341527655839,0.19311578006258381
0.04249341527655839,0.1935628073312472
0.04302019315188762,0.1935628073312472
0.04302019315188762,0.19400983459991059
0.04319578577699736,0.19400983459991059
0.043371378402107114,0.19445686186857397
0.04354697102721686,0.19445686186857397
0.04354697102721686,0.19490388913723738
0.043898156277436345,0.19490388913723738
0.043898156277436345,0.19535091640590077
0.04460052677787533,0.19535091640590077
0.04460052677787533,0.19579794367456416
0.04477611940298507,0.19579794367456416
0.04477611940298507,0.19624497094322754
0.04495171202809482,0.19624497094322754
0.04495171202809482,0.19669199821189093
0.04512730465320457,0.19669199821189093
0.04512730465320457,0.19713902548055431
0.045478489903424055,0.19713902548055431
0.045478489903424055,0.19803308001788109
0.04582967515364355,0.19803308001788109
0.04582967515364355,0.19937416182387124
0.046532045654082525,0.19937416182387124
0.046532045654082525,0.20026821636119804
0.046707638279192276,0.20026821636119804
0.046707638279192276,0.20071524362986143
0.04723441615452151,0.20071524362986143
0.04723441615452151,0.20205632543585159
0.04741000877963126,0.20205632543585159
0.04741000877963126,0.20250335270451497
0.04776119402985075,0.20250335270451497
0.04776119402985075,0.20295037997317836
0.048287971905179985,0.20295037997317836
0.048287971905179985,0.20473848904783193
0.04846356453028973,0.20473848904783193
0.04846356453028973,0.20518551631649531
0.04863915715539947,0.20518551631649531
0.04863915715539947,0.20786767992847563
0.04881474978050922,0.20786767992847563
0.04881474978050922,0.2087617344658024
0.04899034240561896,0.2087617344658024
0.04899034240561896,0.20920876173446581
0.049341527655838456,0.20920876173446581
0.049341527655838456,0.2096557890031292
0.049692712906057944,0.2096557890031292
0.049692712906057944,0.2101028162717926
0.050746268656716415,0.2101028162717926
0.050746268656716415,0.21099687080911936
0.05109745390693591,0.21099687080911936
0.05109745390693591,0.21189092534644613
0.05127304653204565,0.21189092534644613
0.05127304653204565,0.2127849798837729
0.05162423178226515,0.2127849798837729
0.05162423178226515,0.2132320071524363
0.05215100965759438,0.2132320071524363
0.05215100965759438,0.2136790344210997
0.0533801580333626,0.2136790344210997
0.0533801580333626,0.2141260616897631
0.05373134328358209,0.2141260616897631
0.05373134328358209,0.21457308895842647
0.05390693590869183,0.21457308895842647
0.05390693590869183,0.21546714349575324
0.05425812115891133,0.21546714349575324
0.05425812115891133,0.21636119803308002
0.05443371378402107,0.21636119803308002
0.05443371378402107,0.2168082253017434
0.054609306409130816,0.2168082253017434
0.054609306409130816,0.21993741618238713
0.05478489903424056,0.21993741618238713
0.05478489903424056,0.2212784979883773
0.05496049165935031,0.2212784979883773
0.05496049165935031,0.22261957979436744
0.0553116769095698,0.22261957979436744
0.0553116769095698,0.22306660706303086
0.05548726953467954,0.22306660706303086
0.05548726953467954,0.22351363433169424
0.05601404741000878,0.22351363433169424
0.05601404741000878,0.22396066160035763
0.05636523266022827,0.22396066160035763
0.05636523266022827,0.2248547161376844
0.05654082528533801,0.2248547161376844
0.05654082528533801,0.2253017434063478
0.05689201053555751,0.2253017434063478
0.05689201053555751,0.22574877067501117
0.05706760316066725,0.22574877067501117
0.05706760316066725,0.22753687974966472
0.05759438103599649,0.22753687974966472
0.05759438103599649,0.22798390701832813
0.05812115891132572,0.22798390701832813
0.05812115891132572,0.22843093428699152
0.058296751536435466,0.22843093428699152
0.058296751536435466,0.2288779615556549
0.05899912203687445,0.2288779615556549
0.05899912203687445,0.2293249888243183
0.0591747146619842,0.2293249888243183
0.0591747146619842,0.23021904336164506
0.05970149253731343,0.23021904336164506
0.05970149253731343,0.23066607063030845
0.059877085162423176,0.23066607063030845
0.059877085162423176,0.23111309789897183
0.060052677787532927,0.23111309789897183
0.060052677787532927,0.23156012516763522
0.06022827041264267,0.23156012516763522
0.06022827041264267,0.23245417970496202
0.06057945566286216,0.23245417970496202
0.06057945566286216,0.2329012069736254
0.0611062335381914,0.2329012069736254
0.0611062335381914,0.23379526151095217
0.06128182616330114,0.23379526151095217
0.06128182616330114,0.23424228877961556
0.06180860403863038,0.23424228877961556
0.06180860403863038,0.23468931604827895
0.06215978928884987,0.23468931604827895
0.06215978928884987,0.23513634331694233
0.0626865671641791,0.23513634331694233
0.0626865671641791,0.2364774251229325
0.06356453028972783,0.2364774251229325
0.06356453028972783,0.23692445239159587
0.06374012291483758,0.23692445239159587
0.06374012291483758,0.23781850692892267
0.06444249341527655,0.23781850692892267
0.06444249341527655,0.23826553419758606
0.06479367866549605,0.23826553419758606
0.06479367866549605,0.23871256146624945
0.0649692712906058,0.23871256146624945
0.0649692712906058,0.23915958873491283
0.06567164179104477,0.23915958873491283
0.06567164179104477,0.23960661600357622
0.06584723441615452,0.23960661600357622
0.066198419666374,0.23960661600357622
0.06637401229148376,0.23960661600357622
0.06637401229148376,0.2400536432722396
0.06654960491659351,0.2400536432722396
0.06654960491659351,0.240500670540903
0.06672519754170325,0.240500670540903
0.06672519754170325,0.24094769780956637
0.06707638279192274,0.24094769780956637
0.06707638279192274,0.24139472507822976
0.06725197541703248,0.24139472507822976
0.06725197541703248,0.24228877961555656
0.06830553116769096,0.24228877961555656
0.06830553116769096,0.24273580688421995
0.06883230904302019,0.24273580688421995
0.06883230904302019,0.24362986142154672
0.06900790166812994,0.2440768886902101
0.06900790166812994,0.24497094322753687
0.06935908691834942,0.24497094322753687
0.06935908691834942,0.24631202503352703
0.06953467954345917,0.24631202503352703
0.06953467954345917,0.24765310683951722
0.06988586479367867,0.24765310683951722
0.06988586479367867,0.248547161376844
0.07023705004389816,0.248547161376844
0.07023705004389816,0.24899418864550737
0.07058823529411765,0.24899418864550737
0.07058823529411765,0.24944121591417076
0.07076382791922739,0.24944121591417076
0.07076382791922739,0.25033527045149756
0.07111501316944688,0.25033527045149756
0.07111501316944688,0.2507822977201609
0.07181738366988587,0.2507822977201609
0.07181738366988587,0.25122932498882433
0.07216856892010536,0.25122932498882433
0.07216856892010536,0.2516763522574877
0.0723441615452151,0.2516763522574877
0.0723441615452151,0.2521233795261511
0.07304653204565409,0.2521233795261511
0.07304653204565409,0.25257040679481446
0.07339771729587358,0.25257040679481446
0.07339771729587358,0.25346446133214123
0.07374890254609306,0.25346446133214123
0.07374890254609306,0.25391148860080465
0.07410008779631255,0.25391148860080465
0.07410008779631255,0.2556995976754582
0.07480245829675154,0.2556995976754582
0.07480245829675154,0.25659365221278496
0.07568042142230026,0.25659365221278496
0.07568042142230026,0.25748770675011173
0.07603160667251975,0.25748770675011173
0.07603160667251975,0.25793473401877515
0.07673397717295874,0.25793473401877515
0.07673397717295874,0.2588287885561019
0.07690956979806848,0.2588287885561019
0.07690956979806848,0.25927581582476533
0.07726075504828797,0.25927581582476533
0.07726075504828797,0.2597228430934287
0.0777875329236172,0.2597228430934287
0.0777875329236172,0.2610639248994189
0.0781387181738367,0.2610639248994189
0.0781387181738367,0.26195797943674565
0.07989464442493416,0.26195797943674565
0.07989464442493416,0.262405006705409
0.08042142230026339,0.262405006705409
0.08042142230026339,0.26329906124273583
0.08077260755048288,0.26329906124273583
0.08077260755048288,0.2637460885113992
0.08094820017559262,0.2637460885113992
0.08094820017559262,0.2641931157800626
0.08112379280070237,0.2641931157800626
0.08112379280070237,0.26464014304872596
0.08235294117647059,0.26464014304872596
0.08252853380158033,0.2650871703173894
0.08287971905179982,0.2650871703173894
0.08287971905179982,0.26598122485471615
0.08358208955223881,0.26598122485471615
0.08358208955223881,0.2673223066607063
0.08375768217734855,0.2673223066607063
0.08375768217734855,0.26866338846669646
0.0839332748024583,0.26866338846669646
0.0839332748024583,0.2691104157353599
0.08410886742756804,0.2691104157353599
0.08410886742756804,0.26955744300402323
0.08533801580333626,0.26955744300402323
0.08533801580333626,0.27045149754135
0.0858647936786655,0.27045149754135
0.0858647936786655,0.2717925793473402
0.08604038630377524,0.2717925793473402
0.08604038630377524,0.27358068842199373
0.08621597892888498,0.27358068842199373
0.08621597892888498,0.27402771569065715
0.08639157155399473,0.27402771569065715
0.08639157155399473,0.2744747429593205
0.08656716417910448,0.2744747429593205
0.08656716417910448,0.2749217702279839
0.08691834942932397,0.2749217702279839
0.08691834942932397,0.2753687974966473
0.08709394205443372,0.2753687974966473
0.08709394205443372,0.2758158247653107
0.08726953467954346,0.2758158247653107
0.08726953467954346,0.27670987930263746
0.08797190517998243,0.27670987930263746
0.08797190517998243,0.278497988377291
0.08814749780509219,0.278497988377291
0.08814749780509219,0.2793920429146178
0.08902546093064091,0.2793920429146178
0.08902546093064091,0.2798390701832812
0.0893766461808604,0.2798390701832812
0.0893766461808604,0.2825212337952615
0.08955223880597014,0.2825212337952615
0.08955223880597014,0.2829682610639249
0.08990342405618965,0.2829682610639249
0.08990342405618965,0.2834152883325883
0.09025460930640913,0.2834152883325883
0.09025460930640913,0.2838623156012517
0.09095697980684811,0.2838623156012517
0.09095697980684811,0.28430934286991505
0.09113257243195785,0.28430934286991505
0.09113257243195785,0.2878855610192222
0.0916593503072871,0.2878855610192222
0.0916593503072871,0.28833258828788555
0.09218612818261633,0.28833258828788555
0.09218612818261633,0.28877961555654896
0.09236172080772607,0.28877961555654896
0.09236172080772607,0.2892266428252123
0.09253731343283582,0.2892266428252123
0.09253731343283582,0.28967367009387573
0.09271290605794556,0.28967367009387573
0.09271290605794556,0.2914617791685293
0.0935908691834943,0.2914617791685293
0.0935908691834943,0.29235583370585605
0.09376646180860404,0.29235583370585605
0.09376646180860404,0.29280286097451946
0.09429323968393327,0.29280286097451946
0.09429323968393327,0.2941439427805096
0.09446883230904302,0.2941439427805096
0.09446883230904302,0.29503799731783636
0.09464442493415276,0.29503799731783636
0.09464442493415276,0.2959320518551632
0.095171202809482,0.2959320518551632
0.095171202809482,0.29637907912382655
0.09622475856014047,0.29637907912382655
0.09622475856014047,0.29682610639248996
0.09815627743634768,0.29682610639248996
0.09815627743634768,0.2981671881984801
0.09833187006145742,0.2981671881984801
0.09833187006145742,0.2995082700044703
0.09850746268656717,0.2995082700044703
0.09850746268656717,0.30040232454179705
0.10026338893766462,0.30040232454179705
0.10026338893766462,0.3021904336164506
0.10079016681299385,0.3021904336164506
0.10079016681299385,0.302637460885114
0.1009657594381036,0.302637460885114
0.1009657594381036,0.3035315154224408
0.1009657594381036,0.30397854269110414
0.10114135206321334,0.30397854269110414
0.10114135206321334,0.3048725972284309
0.10166812993854259,0.3048725972284309
0.10184372256365233,0.3048725972284309
0.10184372256365233,0.3053196244970943
0.10201931518876207,0.3053196244970943
0.10201931518876207,0.30576665176575774
0.1025460930640913,0.30576665176575774
0.1025460930640913,0.3062136790344211
0.10307287093942054,0.3062136790344211
0.10307287093942054,0.3066607063030845
0.1032484635645303,0.3066607063030845
0.1032484635645303,0.3075547608404113
0.10342405618964004,0.3075547608404113
0.10342405618964004,0.30800178810907464
0.10359964881474978,0.30800178810907464
0.10359964881474978,0.30844881537773805
0.10395083406496927,0.30844881537773805
0.10395083406496927,0.3088958426464014
0.10430201931518876,0.3088958426464014
0.10430201931518876,0.3093428699150648
0.1044776119402985,0.3093428699150648
0.1044776119402985,0.3097898971837282
0.10465320456540825,0.3097898971837282
0.10465320456540825,0.3102369244523916
0.10482879719051799,0.3102369244523916
0.10482879719051799,0.310683951721055
0.10535557506584724,0.310683951721055
0.10535557506584724,0.3115780062583818
0.10588235294117647,0.3115780062583818
0.10588235294117647,0.31202503352704514
0.1064091308165057,0.31202503352704514
0.1064091308165057,0.31247206079570855
0.10658472344161546,0.31247206079570855
0.10658472344161546,0.3129190880643719
0.1067603160667252,0.3129190880643719
0.1067603160667252,0.3133661153330353
0.10834064969271291,0.3133661153330353
0.10834064969271291,0.3138131426016987
0.10886742756804214,0.3138131426016987
0.10886742756804214,0.3147071971390255
0.10956979806848112,0.3147071971390255
0.10956979806848112,0.31515422440768887
0.10992098331870062,0.31515422440768887
0.10992098331870062,0.3156012516763523
0.1106233538191396,0.3156012516763523
0.1106233538191396,0.31604827894501564
0.11167690956979807,0.31604827894501564
0.11167690956979807,0.3169423334823424
0.1125548726953468,0.3169423334823424
0.1125548726953468,0.3182834152883326
0.11290605794556628,0.3182834152883326
0.11290605794556628,0.31917746982565937
0.11325724319578578,0.31917746982565937
0.11325724319578578,0.32051855163164955
0.11343283582089553,0.32051855163164955
0.11378402107111502,0.32051855163164955
0.1141352063213345,0.32051855163164955
0.1141352063213345,0.3214126061689763
0.11431079894644425,0.3214126061689763
0.11431079894644425,0.3218596334376397
0.11483757682177348,0.3218596334376397
0.11483757682177348,0.3236477425122932
0.11518876207199298,0.3236477425122932
0.11518876207199298,0.32454179704962005
0.11536435469710273,0.32454179704962005
0.11536435469710273,0.3254358515869468
0.11571553994732221,0.3254358515869468
0.11571553994732221,0.3258828788556102
0.1160667251975417,0.3258828788556102
0.1160667251975417,0.3263299061242736
0.11676909569798069,0.3263299061242736
0.11676909569798069,0.32722396066160037
0.11694468832309043,0.32722396066160037
0.11694468832309043,0.3276709879302637
0.11712028094820018,0.3276709879302637
0.11712028094820018,0.32811801519892714
0.11729587357330992,0.32811801519892714
0.11729587357330992,0.3294590970049173
0.1183494293239684,0.3294590970049173
0.1183494293239684,0.3303531515422441
0.11905179982440738,0.3303531515422441
0.11905179982440738,0.3316942333482342
0.1202809482001756,0.3316942333482342
0.1202809482001756,0.33214126061689764
0.12045654082528534,0.33214126061689764
0.12045654082528534,0.3330353151542244
0.12115891132572432,0.3330353151542244
0.12115891132572432,0.3343763969602146
0.12133450395083406,0.3343763969602146
0.12133450395083406,0.33527045149754137
0.1215100965759438,0.33527045149754137
0.1215100965759438,0.3357174787662047
0.12168568920105356,0.3357174787662047
0.12168568920105356,0.3366115333035315
0.1218612818261633,0.3366115333035315
0.1218612818261633,0.3379526151095217
0.1222124670763828,0.3379526151095217
0.1222124670763828,0.3383996423781851
0.12344161545215102,0.3383996423781851
0.12344161545215102,0.33884666964684845
0.1237928007023705,0.33884666964684845
0.1237928007023705,0.340634778721502
0.12449517120280948,0.340634778721502
0.12449517120280948,0.34152883325882877
0.1253731343283582,0.34152883325882877
0.1253731343283582,0.3419758605274922
0.12554872695346794,0.3419758605274922
0.12554872695346794,0.34242288779615554
0.12695346795434592,0.34242288779615554
0.12695346795434592,0.3437639696021457
0.1273046532045654,0.3437639696021457
0.1273046532045654,0.34421099687080914
0.12800702370500439,0.34421099687080914
0.12800702370500439,0.3446580241394725
0.12870939420544336,0.3446580241394725
0.12870939420544336,0.3451050514081359
0.12941176470588237,0.3451050514081359
0.12941176470588237,0.34555207867679927
0.13099209833187006,0.34555207867679927
0.13099209833187006,0.34644613321412604
0.1311676909569798,0.34644613321412604
0.1311676909569798,0.34689316048278945
0.1315188762071993,0.34689316048278945
0.1315188762071993,0.3473401877514528
0.1315188762071993,0.34823424228877964
0.1315188762071993,0.348681269557443
0.13169446883230904,0.348681269557443
0.13169446883230904,0.3491282968261064
0.13187006145741878,0.3491282968261064
0.13187006145741878,0.34957532409476977
0.13204565408252852,0.34957532409476977
0.13204565408252852,0.3500223513634332
0.13257243195785778,0.3500223513634332
0.13257243195785778,0.35046937863209654
0.13292361720807727,0.35046937863209654
0.13292361720807727,0.3518104604380867
0.13327480245829676,0.3518104604380867
0.13327480245829676,0.35225748770675014
0.13362598770851625,0.35225748770675014
0.13362598770851625,0.3527045149754135
0.13397717295873574,0.3527045149754135
0.13397717295873574,0.35359856951274027
0.13415276558384548,0.35359856951274027
0.13415276558384548,0.3540455967814037
0.13432835820895522,0.3540455967814037
0.13432835820895522,0.35493965131873045
0.1346795434591747,0.35493965131873045
0.1346795434591747,0.3553866785873938
0.13485513608428445,0.3553866785873938
0.13485513608428445,0.3558337058560572
0.13555750658472343,0.3558337058560572
0.13555750658472343,0.3562807331247206
0.13573309920983317,0.3562807331247206
0.13573309920983317,0.3571747876620474
0.13590869183494295,0.3571747876620474
0.13590869183494295,0.35762181493071077
0.1360842844600527,0.3580688421993742
0.13643546971027218,0.3580688421993742
0.13643546971027218,0.35851586946803754
0.1369622475856014,0.35851586946803754
0.1369622475856014,0.35896289673670095
0.13713784021071115,0.35896289673670095
0.13713784021071115,0.3598569512740277
0.13766461808604039,0.3598569512740277
0.13766461808604039,0.3603039785426911
0.13784021071115013,0.3603039785426911
0.13784021071115013,0.36119803308001786
0.13801580333625987,0.36119803308001786
0.13801580333625987,0.36164506034868127
0.1385425812115891,0.36164506034868127
0.1385425812115891,0.36253911488600804
0.13906935908691834,0.36253911488600804
0.13906935908691834,0.36298614215467145
0.13977172958735734,0.36298614215467145
0.13977172958735734,0.3643272239606616
0.14047410008779632,0.3643272239606616
0.14047410008779632,0.364774251229325
0.1408252853380158,0.364774251229325
0.1408252853380158,0.36566830576665177
0.14223002633889376,0.36566830576665177
0.14223002633889376,0.36656236030397854
0.14451273046532045,0.36656236030397854
0.14451273046532045,0.36700938757264195
0.1459174714661984,0.36700938757264195
0.1459174714661984,0.3679034421099687
0.1466198419666374,0.3679034421099687
0.1466198419666374,0.3683504693786321
0.14732221246707639,0.3683504693786321
0.14732221246707639,0.3687974966472955
0.14749780509218613,0.3687974966472955
0.14749780509218613,0.36924452391595886
0.14784899034240562,0.36924452391595886
0.14784899034240562,0.36969155118462227
0.1485513608428446,0.36969155118462227
0.1485513608428446,0.37058560572194904
0.14907813871817382,0.37058560572194904
0.14907813871817382,0.37103263299061245
0.14925373134328357,0.37103263299061245
0.14925373134328357,0.3723737147966026
0.14942932396839334,0.3723737147966026
0.14942932396839334,0.372820742065266
0.14978050921861283,0.372820742065266
0.14978050921861283,0.3741618238712561
0.15013169446883232,0.3741618238712561
0.15013169446883232,0.37460885113991954
0.1504828797190518,0.37460885113991954
0.1504828797190518,0.3750558784085829
0.1508340649692713,0.3750558784085829
0.1508340649692713,0.3755029056772463
0.15153643546971027,0.3755029056772463
0.15153643546971027,0.3759499329459097
0.1520632133450395,0.3759499329459097
0.1520632133450395,0.3763969602145731
0.15223880597014924,0.3763969602145731
0.15223880597014924,0.3768439874832365
0.1527655838454785,0.3768439874832365
0.1527655838454785,0.37773804202056327
0.15294117647058825,0.37773804202056327
0.15294117647058825,0.3781850692892266
0.153116769095698,0.3781850692892266
0.153116769095698,0.3790791238265534
0.15329236172080773,0.3790791238265534
0.15329236172080773,0.3804202056325436
0.15364354697102722,0.3804202056325436
0.15364354697102722,0.380867232901207
0.15381913959613697,0.380867232901207
0.15381913959613697,0.38131426016987036
0.15417032484635645,0.38131426016987036
0.15417032484635645,0.38176128743853377
0.15452151009657594,0.38176128743853377
0.15452151009657594,0.38265534197586054
0.15575065847234415,0.38265534197586054
0.15575065847234415,0.3831023692445239
0.15610184372256367,0.3831023692445239
0.15610184372256367,0.3835493965131873
0.1562774363476734,0.3835493965131873
0.1562774363476734,0.38399642378185067
0.1566286215978929,0.38399642378185067
0.1566286215978929,0.38489047831917744
0.15733099209833187,0.38489047831917744
0.15733099209833187,0.38533750558784086
0.15768217734855136,0.38533750558784086
0.15768217734855136,0.38578453285650427
0.15838454784899034,0.38578453285650427
0.15838454784899034,0.38623156012516763
0.15891132572431957,0.38623156012516763
0.15891132572431957,0.3875726419311578
0.16031606672519755,0.3875726419311578
0.16031606672519755,0.3884666964684846
0.1604916593503073,0.3884666964684846
0.1604916593503073,0.38936075100581136
0.16066725197541704,0.38980777827447477
0.16066725197541704,0.39025480554313813
0.16101843722563652,0.39025480554313813
0.16101843722563652,0.39070183281180154
0.161369622475856,0.39070183281180154
0.161369622475856,0.3915958873491283
0.162071992976295,0.3915958873491283
0.162071992976295,0.3924899418864551
0.162774363476734,0.3924899418864551
0.162774363476734,0.39293696915511844
0.16294995610184373,0.39293696915511844
0.16294995610184373,0.39338399642378186
0.1636523266022827,0.39338399642378186
0.1636523266022827,0.39472507822977204
0.1643546971027217,0.39472507822977204
0.1643546971027217,0.3956191327670988
0.16453028972783143,0.3956191327670988
0.16453028972783143,0.39606616003576217
0.16505706760316066,0.39606616003576217
0.16505706760316066,0.3965131873044256
0.16540825285338015,0.3965131873044256
0.16540825285338015,0.39696021457308894
0.16540825285338015,0.3978542691104157
0.16575943810359964,0.3978542691104157
0.16575943810359964,0.39830129637907913
0.16716417910447762,0.39830129637907913
0.16716417910447762,0.3987483236477425
0.16733977172958736,0.3987483236477425
0.16733977172958736,0.3991953509164059
0.16804214223002634,0.3991953509164059
0.16804214223002634,0.4005364327223961
0.16821773485513608,0.4005364327223961
0.16821773485513608,0.40098345999105944
0.1687445127304653,0.40098345999105944
0.1687445127304653,0.40143048725972286
0.16892010535557506,0.40143048725972286
0.16892010535557506,0.4018775145283862
0.1690956979806848,0.4018775145283862
0.1690956979806848,0.40232454179704963
0.1694468832309043,0.40232454179704963
0.1694468832309043,0.4032185963343764
0.1694468832309043,0.40411265087170317
0.1694468832309043,0.4045596781403666
0.1701492537313433,0.4045596781403666
0.1701492537313433,0.40500670540902994
0.17050043898156278,0.40500670540902994
0.17050043898156278,0.40545373267769336
0.17067603160667252,0.40545373267769336
0.17067603160667252,0.4059007599463567
0.17120280948200176,0.4059007599463567
0.17120280948200176,0.40634778721502013
0.171729587357331,0.40634778721502013
0.171729587357331,0.4072418417523469
0.17190517998244073,0.4072418417523469
0.17190517998244073,0.40813589628967367
0.17208077260755048,0.40813589628967367
0.17208077260755048,0.4085829235583371
0.17243195785776996,0.4085829235583371
0.17243195785776996,0.40947697809566386
0.1726075504828797,0.40947697809566386
0.1726075504828797,0.410818059901654
0.17383669885864794,0.410818059901654
0.17383669885864794,0.41260616897630753
0.17436347673397717,0.41260616897630753
0.17436347673397717,0.41305319624497094
0.17506584723441615,0.41305319624497094
0.17506584723441615,0.41439427805096113
0.17541703248463564,0.41439427805096113
0.17541703248463564,0.4152883325882879
0.17559262510974538,0.4152883325882879
0.17559262510974538,0.4161823871256147
0.17647058823529413,0.4161823871256147
0.17647058823529413,0.41662941439427803
0.17682177348551362,0.41662941439427803
0.17682177348551362,0.4179704962002682
0.17805092186128182,0.4179704962002682
0.17805092186128182,0.4193115780062584
0.17822651448639157,0.4193115780062584
0.17822651448639157,0.41975860527492176
0.1784021071115013,0.41975860527492176
0.1784021071115013,0.42109968708091194
0.1787532923617208,0.42109968708091194
0.1787532923617208,0.4219937416182387
0.17892888498683054,0.4219937416182387
0.17892888498683054,0.4228877961555655
0.1791044776119403,0.4228877961555655
0.1791044776119403,0.4233348234242289
0.17928007023705003,0.4233348234242289
0.17928007023705003,0.4242288779615557
0.17998244073748904,0.4242288779615557
0.17998244073748904,0.42467590523021903
0.180684811237928,0.42467590523021903
0.180684811237928,0.4255699597675458
0.1810359964881475,0.4255699597675458
0.1810359964881475,0.4273580688421994
0.18121158911325724,0.4273580688421994
0.18121158911325724,0.42780509611086276
0.18173836698858647,0.42780509611086276
0.18173836698858647,0.4282521233795262
0.18191395961369622,0.4282521233795262
0.18191395961369622,0.4300402324541797
0.1822651448639157,0.4300402324541797
0.1822651448639157,0.43138131426016985
0.1826163301141352,0.43272239606616003
0.18314310798946445,0.43272239606616003
0.18314310798946445,0.43316942333482344
0.1833187006145742,0.43316942333482344
0.1833187006145742,0.4336164506034868
0.18349429323968394,0.4336164506034868
0.18349429323968394,0.43585158694680376
0.18542581211589113,0.43585158694680376
0.18542581211589113,0.4362986142154671
0.18630377524143987,0.4362986142154671
0.18630377524143987,0.4380867232901207
0.1868305531167691,0.4380867232901207
0.1868305531167691,0.4385337505587841
0.1871817383669886,0.4389807778274475
0.18735733099209834,0.4389807778274475
0.18735733099209834,0.43942780509611085
0.18788410886742757,0.43942780509611085
0.18788410886742757,0.4403218596334376
0.1880597014925373,0.4403218596334376
0.1880597014925373,0.44076888690210103
0.1884108867427568,0.44076888690210103
0.1887620719929763,0.44076888690210103
0.1887620719929763,0.4416629414394278
0.18946444249341526,0.4416629414394278
0.18946444249341526,0.4421099687080912
0.19051799824407376,0.4421099687080912
0.19051799824407376,0.44389807778274476
0.1906935908691835,0.44389807778274476
0.1906935908691835,0.4443451050514081
0.19139596136962247,0.4443451050514081
0.19139596136962247,0.4456861868573983
0.19174714661984196,0.4456861868573983
0.19174714661984196,0.44747429593205185
0.19209833187006145,0.44747429593205185
0.19244951712028094,0.44747429593205185
0.19315188762071994,0.44747429593205185
0.19315188762071994,0.4483683504693786
0.19385425812115892,0.4483683504693786
0.19385425812115892,0.44881537773804203
0.19438103599648815,0.44881537773804203
0.19438103599648815,0.4492624050067054
0.19473222124670764,0.4492624050067054
0.19490781387181738,0.4497094322753688
0.19490781387181738,0.45015645954403216
0.19525899912203687,0.45015645954403216
0.19525899912203687,0.451050514081359
0.1954345917471466,0.451050514081359
0.1954345917471466,0.45149754135002235
0.19561018437225636,0.45149754135002235
0.19561018437225636,0.45194456861868576
0.1961369622475856,0.45194456861868576
0.1961369622475856,0.45283862315601253
0.19701492537313434,0.45283862315601253
0.19701492537313434,0.4532856504246759
0.19719051799824408,0.4532856504246759
0.19754170324846357,0.4532856504246759
0.19754170324846357,0.4537326776933393
0.1977172958735733,0.4537326776933393
0.1977172958735733,0.4546267322306661
0.19789288849868306,0.4546267322306661
0.19789288849868306,0.45507375949932943
0.19894644424934152,0.45507375949932943
0.19894644424934152,0.45596781403665626
0.199297629499561,0.45596781403665626
0.199297629499561,0.45820295037997316
0.2,0.45820295037997316
0.2,0.45909700491729993
0.2003511852502195,0.45909700491729993
0.2003511852502195,0.45954403218596335
0.20087796312554873,0.45954403218596335
0.20087796312554873,0.4599910594546267
0.20105355575065847,0.4599910594546267
0.20105355575065847,0.4604380867232901
0.2015803336259877,0.4604380867232901
0.2015803336259877,0.4613321412606169
0.20210711150131694,0.4613321412606169
0.20210711150131694,0.46222619579794366
0.20245829675153643,0.46222619579794366
0.20245829675153643,0.4644613321412606
0.20245829675153643,0.4653553866785874
0.20245829675153643,0.4658024139472508
0.20263388937664617,0.4658024139472508
0.20263388937664617,0.46624944121591416
0.20298507462686566,0.46624944121591416
0.20298507462686566,0.4684845775592311
0.20438981562774364,0.4684845775592311
0.20438981562774364,0.4698256593652213
0.20456540825285338,0.4698256593652213
0.20456540825285338,0.47027268663388466
0.20491659350307287,0.47027268663388466
0.20526777875329236,0.47027268663388466
0.20526777875329236,0.4707197139025481
0.20561896400351184,0.4707197139025481
0.20561896400351184,0.47116674117121143
0.2057945566286216,0.47116674117121143
0.2057945566286216,0.47161376843987485
0.20614574187884108,0.47161376843987485
0.20614574187884108,0.472954850245865
0.2064969271290606,0.472954850245865
0.2064969271290606,0.47429593205185516
0.20667251975417034,0.47429593205185516
0.20667251975417034,0.47518998658918193
0.20684811237928008,0.47518998658918193
0.20684811237928008,0.47563701385784535
0.2073748902546093,0.47563701385784535
0.2073748902546093,0.4760840411265087
0.20755048287971906,0.4760840411265087
0.20755048287971906,0.4765310683951721
0.20755048287971906,0.4774251229324989
0.20755048287971906,0.47787215020116225
0.2077260755048288,0.47787215020116225
0.2077260755048288,0.47921323200715243
0.20790166812993854,0.47921323200715243
0.20790166812993854,0.47966025927581585
0.2080772607550483,0.47966025927581585
0.2080772607550483,0.4827894501564595
0.20842844600526778,0.4827894501564595
0.20842844600526778,0.48368350469378635
0.2100087796312555,0.48368350469378635
0.2100087796312555,0.4841305319624497
0.21053555750658473,0.4841305319624497
0.21053555750658473,0.48636566830576666
0.21106233538191396,0.48636566830576666
0.21141352063213345,0.48636566830576666
0.2115891132572432,0.48636566830576666
0.2115891132572432,0.48681269557443
0.21264266900790166,0.48681269557443
0.21264266900790166,0.48725972284309343
0.21369622475856015,0.48725972284309343
0.21369622475856015,0.4881537773804202
0.21369622475856015,0.489047831917747
0.21369622475856015,0.4894948591864104
0.21422300263388938,0.4894948591864104
0.21422300263388938,0.48994188645507375
0.21439859525899913,0.48994188645507375
0.21439859525899913,0.49038891372373716
0.21457418788410887,0.49038891372373716
0.21457418788410887,0.4908359409924005
0.21492537313432836,0.4908359409924005
0.21492537313432836,0.49128296826106393
0.2151009657594381,0.49128296826106393
0.2151009657594381,0.4921770227983907
0.2154521510096576,0.4921770227983907
0.2154521510096576,0.4930710773357175
0.21597892888498682,0.4930710773357175
0.21597892888498682,0.4935181046043809
0.2163301141352063,0.4935181046043809
0.2163301141352063,0.49441215914170766
0.21650570676031608,0.49441215914170766
0.21650570676031608,0.494859186410371
0.2173836698858648,0.494859186410371
0.2173836698858648,0.49530621367903443
0.21755926251097454,0.49530621367903443
0.21755926251097454,0.4962002682163612
0.21808604038630378,0.4962002682163612
0.21808604038630378,0.49754135002235134
0.21826163301141352,0.49754135002235134
0.21826163301141352,0.49843540455967816
0.21843722563652326,0.49843540455967816
0.21843722563652326,0.4988824318283415
0.220017559262511,0.4988824318283415
0.220017559262511,0.49932945909700494
0.22036874451273047,0.49932945909700494
0.22036874451273047,0.4997764863656683
0.2212467076382792,0.4997764863656683
0.2212467076382792,0.5006705409029951
0.22142230026338894,0.5006705409029951
0.22142230026338894,0.5015645954403218
0.22194907813871817,0.5015645954403218
0.22194907813871817,0.5020116227089853
0.22230026338893766,0.5020116227089853
0.22230026338893766,0.5024586499776487
0.2224758560140474,0.5024586499776487
0.2224758560140474,0.5029056772463121
0.22265144863915715,0.5029056772463121
0.22265144863915715,0.5033527045149754
0.2228270412642669,0.5033527045149754
0.2228270412642669,0.5037997317836388
0.22300263388937663,0.5037997317836388
0.22300263388937663,0.5042467590523022
0.22388059701492538,0.5042467590523022
0.22388059701492538,0.5055878408582923
0.22405618964003512,0.5055878408582923
0.22405618964003512,0.5060348681269558
0.22458296751536436,0.5060348681269558
0.22458296751536436,0.5069289226642825
0.22458296751536436,0.5082700044702727
0.22493415276558384,0.5082700044702727
0.22493415276558384,0.5096110862762628
0.22546093064091308,0.5096110862762628
0.22546093064091308,0.5100581135449263
0.2259877085162423,0.5100581135449263
0.2259877085162423,0.5105051408135897
0.22616330114135205,0.5105051408135897
0.22616330114135205,0.510952168082253
0.22651448639157157,0.510952168082253
0.22651448639157157,0.5113991953509164
0.2266900790166813,0.5113991953509164
0.2266900790166813,0.5118462226195798
0.2270412642669008,0.5118462226195798
0.2270412642669008,0.5122932498882432
0.22774363476733978,0.5122932498882432
0.22774363476733978,0.5131873044255699
0.22844600526777875,0.5131873044255699
0.22844600526777875,0.5136343316942333
0.22932396839332747,0.5136343316942333
0.22932396839332747,0.5140813589628968
0.22967515364354696,0.5140813589628968
0.22967515364354696,0.5145283862315602
0.23002633889376647,0.5145283862315602
0.23002633889376647,0.5149754135002235
0.23143107989464443,0.5149754135002235
0.23143107989464443,0.5163164953062137
0.23230904302019315,0.5163164953062137
0.23230904302019315,0.5167635225748771
0.23266022827041263,0.5167635225748771
0.23266022827041263,0.5176575771122038
0.23336259877085164,0.5176575771122038
0.23336259877085164,0.5181046043808673
0.2344161545215101,0.5181046043808673
0.2344161545215101,0.5185516316495307
0.2347673397717296,0.5185516316495307
0.2347673397717296,0.518998658918194
0.23511852502194908,0.518998658918194
0.2356453028972783,0.518998658918194
0.2356453028972783,0.5198927134555208
0.23582089552238805,0.5198927134555208
0.23582089552238805,0.5203397407241842
0.2359964881474978,0.5203397407241842
0.2359964881474978,0.5207867679928475
0.23634767339771728,0.5207867679928475
0.23634767339771728,0.5212337952615109
0.23687445127304654,0.5212337952615109
0.23687445127304654,0.5221278497988378
0.23810359964881475,0.5221278497988378
0.23810359964881475,0.5225748770675012
0.23863037752414398,0.5225748770675012
0.23863037752414398,0.5234689316048279
0.23880597014925373,0.5234689316048279
0.23880597014925373,0.5239159588734913
0.23915715539947321,0.5239159588734913
0.23933274802458296,0.5243629861421547
0.23933274802458296,0.524810013410818
0.2395083406496927,0.524810013410818
0.2395083406496927,0.5257040679481448
0.2398595258999122,0.5257040679481448
0.2398595258999122,0.5288332588287885
0.2402107111501317,0.5288332588287885
0.2402107111501317,0.5292802860974519
0.24038630377524145,0.5292802860974519
0.24038630377524145,0.5297273133661153
0.2405618964003512,0.5297273133661153
0.2405618964003512,0.5306213679034422
0.24091308165057068,0.5306213679034422
0.24091308165057068,0.5310683951721055
0.24108867427568043,0.5310683951721055
0.24108867427568043,0.5324094769780957
0.2414398595258999,0.5324094769780957
0.2417910447761194,0.5324094769780957
0.24196663740122915,0.5324094769780957
0.24196663740122915,0.532856504246759
0.24231782265144863,0.532856504246759
0.24231782265144863,0.5337505587840858
0.24284460052677787,0.5337505587840858
0.24284460052677787,0.5341975860527493
0.2430201931518876,0.5341975860527493
0.2430201931518876,0.5346446133214126
0.24337137840210712,0.5346446133214126
0.24337137840210712,0.5355386678587394
0.24354697102721687,0.5355386678587394
0.24354697102721687,0.5373267769333929
0.2437225636523266,0.5373267769333929
0.2437225636523266,0.5382208314707198
0.24389815627743636,0.5382208314707198
0.24389815627743636,0.5391148860080465
0.2440737489025461,0.5391148860080465
0.2440737489025461,0.5395619132767099
0.24495171202809482,0.5395619132767099
0.24495171202809482,0.5400089405453733
0.2453028972783143,0.5400089405453733
0.2453028972783143,0.5404559678140367
0.24547848990342405,0.5404559678140367
0.24547848990342405,0.5409029950827
0.2456540825285338,0.5409029950827
0.2456540825285338,0.5417970496200268
0.24582967515364354,0.5417970496200268
0.24600526777875328,0.5422440768886903
0.24653204565408252,0.5422440768886903
0.24653204565408252,0.5426911041573536
0.247585601404741,0.5426911041573536
0.247585601404741,0.543138131426017
0.24776119402985075,0.543138131426017
0.24776119402985075,0.5435851586946804
0.24811237928007024,0.5435851586946804
0.24811237928007024,0.5444792132320071
0.24828797190517998,0.5444792132320071
0.24828797190517998,0.5453732677693339
0.24863915715539947,0.5453732677693339
0.24863915715539947,0.546714349575324
0.24899034240561896,0.546714349575324
0.24899034240561896,0.5476084041126509
0.24934152765583845,0.5476084041126509
0.24934152765583845,0.5480554313813143
0.2495171202809482,0.5480554313813143
0.2495171202809482,0.548949485918641
0.24969271290605793,0.548949485918641
0.24969271290605793,0.5493965131873044
0.25021949078138717,0.5493965131873044
0.25021949078138717,0.5502905677246313
0.2510974539069359,0.5502905677246313
0.2510974539069359,0.5507375949932946
0.2516242317822651,0.5507375949932946
0.2516242317822651,0.551184622261958
0.2530289727831431,0.551184622261958
0.2530289727831431,0.5516316495306214
0.25390693590869184,0.5516316495306214
0.25390693590869184,0.5525257040679481
0.2540825285338016,0.5525257040679481
0.2544337137840211,0.5525257040679481
0.2544337137840211,0.5534197586052749
0.2549604916593503,0.5534197586052749
0.2549604916593503,0.5538667858739383
0.25513608428446005,0.5538667858739383
0.25513608428446005,0.5543138131426018
0.25636523266022826,0.5543138131426018
0.25636523266022826,0.554760840411265
0.25671641791044775,0.554760840411265
0.25671641791044775,0.5556548949485919
0.25706760316066724,0.5556548949485919
0.25706760316066724,0.5561019222172553
0.257243195785777,0.5561019222172553
0.257243195785777,0.5565489494859186
0.25759438103599647,0.5565489494859186
0.25759438103599647,0.5574430040232454
0.2577699736611062,0.5574430040232454
0.2577699736611062,0.5578900312919088
0.258647936786655,0.5578900312919088
0.258647936786655,0.5583370585605721
0.25935030728709396,0.5583370585605721
0.25935030728709396,0.5587840858292356
0.25970149253731345,0.5587840858292356
0.25970149253731345,0.559231113097899
0.2598770851624232,0.559231113097899
0.2598770851624232,0.5596781403665624
0.26005267778753294,0.5596781403665624
0.26005267778753294,0.5601251676352258
0.2607550482879719,0.5601251676352258
0.2607550482879719,0.5610192221725525
0.26163301141352063,0.5610192221725525
0.26163301141352063,0.5614662494412159
0.2619841966637401,0.5614662494412159
0.2619841966637401,0.5619132767098793
0.26251097453906935,0.5619132767098793
0.26251097453906935,0.5623603039785426
0.26321334503950833,0.5623603039785426
0.26321334503950833,0.5637013857845329
0.2635645302897278,0.5637013857845329
0.2635645302897278,0.5641484130531963
0.26374012291483756,0.5641484130531963
0.26374012291483756,0.565042467590523
0.2646180860403863,0.565042467590523
0.2646180860403863,0.5659365221278498
0.26514486391571557,0.5659365221278498
0.26514486391571557,0.5663835493965131
0.2653204565408253,0.5663835493965131
0.2653204565408253,0.56727760393384
0.2656716417910448,0.56727760393384
0.2656716417910448,0.5681716584711668
0.26584723441615454,0.5681716584711668
0.26584723441615454,0.5686186857398301
0.26619841966637403,0.5686186857398301
0.26619841966637403,0.5708538220831471
0.266900790166813,0.5708538220831471
0.266900790166813,0.5717478766204739
0.26707638279192275,0.5717478766204739
0.26742756804214224,0.5717478766204739
0.26742756804214224,0.5721949038891372
0.2684811237928007,0.5721949038891372
0.2688323090430202,0.5721949038891372
0.2691834942932397,0.5721949038891372
0.2691834942932397,0.5726419311578006
0.26953467954345917,0.5726419311578006
0.26953467954345917,0.573088958426464
0.27023705004389814,0.573088958426464
0.27023705004389814,0.5739830129637908
0.2704126426690079,0.5739830129637908
0.2704126426690079,0.5748770675011176
0.2704126426690079,0.5757711220384444
0.2707638279192274,0.5757711220384444
0.2707638279192274,0.5762181493071077
0.27111501316944686,0.5762181493071077
0.27111501316944686,0.5766651765757711
0.2712906057945566,0.5766651765757711
0.2712906057945566,0.5771122038444345
0.27199297629499564,0.5771122038444345
0.27199297629499564,0.5780062583817613
0.27287093942054436,0.5780062583817613
0.27287093942054436,0.5784532856504246
0.27322212467076384,0.5784532856504246
0.27322212467076384,0.5793473401877515
0.2739244951712028,0.5793473401877515
0.2739244951712028,0.5797943674564149
0.2742756804214223,0.5797943674564149
0.2742756804214223,0.5802413947250782
0.27445127304653205,0.5802413947250782
0.27445127304653205,0.581135449262405
0.275153643546971,0.581135449262405
0.275153643546971,0.5815824765310684
0.27532923617208077,0.5815824765310684
0.27532923617208077,0.5824765310683951
0.2755048287971905,0.5824765310683951
0.2755048287971905,0.5829235583370586
0.2755048287971905,0.5838176128743854
0.2762071992976295,0.5838176128743854
0.2762071992976295,0.5842646401430487
0.276558384547849,0.5842646401430487
0.276558384547849,0.5847116674117121
0.2774363476733977,0.5847116674117121
0.2774363476733977,0.5856057219490389
0.2777875329236172,0.5856057219490389
0.2777875329236172,0.5860527492177022
0.2781387181738367,0.5860527492177022
0.2781387181738367,0.5864997764863656
0.2788410886742757,0.5864997764863656
0.2788410886742757,0.5869468037550291
0.27901668129938545,0.5869468037550291
0.27901668129938545,0.5882878855610192
0.2791922739244952,0.5882878855610192
0.2791922739244952,0.5887349128296826
0.2795434591747147,0.5887349128296826
0.2795434591747147,0.5896289673670094
0.2800702370500439,0.5896289673670094
0.2800702370500439,0.5900759946356727
0.28094820017559263,0.5900759946356727
0.28094820017559263,0.5905230219043361
0.2816505706760316,0.5905230219043361
0.2816505706760316,0.591417076441663
0.2820017559262511,0.591417076441663
0.2820017559262511,0.5923111309789897
0.28217734855136084,0.5923111309789897
0.28217734855136084,0.5927581582476531
0.2823529411764706,0.5927581582476531
0.2823529411764706,0.5932051855163165
0.28252853380158033,0.5932051855163165
0.28252853380158033,0.5936522127849799
0.2828797190517998,0.5936522127849799
0.2828797190517998,0.5940992400536432
0.2832309043020193,0.5940992400536432
0.2835820895522388,0.5940992400536432
0.2835820895522388,0.5945462673223066
0.28428446005267777,0.5945462673223066
0.28428446005267777,0.5949932945909701
0.2844600526777875,0.5949932945909701
0.2844600526777875,0.5954403218596335
0.2851624231782265,0.5954403218596335
0.2851624231782265,0.5963343763969602
0.2865671641791045,0.5963343763969602
0.2865671641791045,0.5967814036656236
0.28726953467954347,0.5967814036656236
0.28726953467954347,0.597228430934287
0.2886742756804214,0.597228430934287
0.2886742756804214,0.5981224854716137
0.2897278314310799,0.5981224854716137
0.2897278314310799,0.5985695127402771
0.29043020193151886,0.5985695127402771
0.29043020193151886,0.599463567277604
0.2906057945566286,0.599463567277604
0.2906057945566286,0.5999105945462673
0.29078138718173835,0.5999105945462673
0.29078138718173835,0.6003576218149307
0.2909569798068481,0.6003576218149307
0.2909569798068481,0.6008046490835941
0.29253731343283584,0.6008046490835941
0.29253731343283584,0.6012516763522575
0.2927129060579456,0.6012516763522575
0.2927129060579456,0.6016987036209209
0.2935908691834943,0.6016987036209209
0.2935908691834943,0.6021457308895842
0.29464442493415277,0.6021457308895842
0.29464442493415277,0.6025927581582476
0.295171202809482,0.6025927581582476
0.295171202809482,0.6030397854269111
0.29657594381035995,0.6030397854269111
0.29657594381035995,0.6034868126955745
0.2967515364354697,0.6034868126955745
0.2967515364354697,0.6043808672329012
0.29692712906057944,0.6043808672329012
0.29692712906057944,0.6061689763075547
0.2976294995610184,0.6061689763075547
0.2976294995610184,0.6066160035762181
0.2979806848112379,0.6066160035762181
0.2979806848112379,0.6070630308448816
0.2983318700614574,0.6070630308448816
0.2983318700614574,0.607510058113545
0.29850746268656714,0.607510058113545
0.29850746268656714,0.6079570853822083
0.29868305531167694,0.6079570853822083
0.29868305531167694,0.6084041126508717
0.2990342405618964,0.6084041126508717
0.2990342405618964,0.6097451944568618
0.2993854258121159,0.6097451944568618
0.2993854258121159,0.6115333035315155
0.29956101843722566,0.6115333035315155
0.29956101843722566,0.6119803308001788
0.29991220368744514,0.6119803308001788
0.29991220368744514,0.6124273580688422
0.3009657594381036,0.6124273580688422
0.3013169446883231,0.6124273580688422
0.3013169446883231,0.6128743853375056
0.30149253731343284,0.6128743853375056
0.30149253731343284,0.6137684398748323
0.30184372256365233,0.6137684398748323
0.30184372256365233,0.6142154671434957
0.30201931518876207,0.6142154671434957
0.30201931518876207,0.6146624944121591
0.3028972783143108,0.6146624944121591
0.3028972783143108,0.615556548949486
0.3037752414398595,0.615556548949486
0.3037752414398595,0.6160035762181493
0.304126426690079,0.6160035762181493
0.304126426690079,0.6164506034868127
0.304828797190518,0.6164506034868127
0.304828797190518,0.6168976307554761
0.3053555750658472,0.6168976307554761
0.3053555750658472,0.6173446580241395
0.30605794556628624,0.6173446580241395
0.30605794556628624,0.6177916852928028
0.306233538191396,0.6177916852928028
0.306233538191396,0.6182387125614662
0.3067603160667252,0.6182387125614662
0.3067603160667252,0.6191327670987931
0.30851624231782265,0.6191327670987931
0.30886742756804214,0.6191327670987931
0.3102721685689201,0.6191327670987931
0.3102721685689201,0.6195797943674564
0.31132572431957856,0.6195797943674564
0.31132572431957856,0.6204738489047832
0.31202809482001753,0.6204738489047832
0.31202809482001753,0.62136790344211
0.3129060579455663,0.62136790344211
0.3129060579455663,0.6218149307107733
0.313784021071115,0.6218149307107733
0.313784021071115,0.6222619579794367
0.314486391571554,0.6222619579794367
0.314486391571554,0.6227089852481001
0.31466198419666375,0.6227089852481001
0.31466198419666375,0.6231560125167636
0.31501316944688323,0.6231560125167636
0.31501316944688323,0.6240500670540903
0.3153643546971027,0.6240500670540903
0.3153643546971027,0.6244970943227537
0.3160667251975417,0.6244970943227537
0.3160667251975417,0.6253911488600805
0.31624231782265144,0.6253911488600805
0.31624231782265144,0.6258381761287438
0.3167690956979807,0.6258381761287438
0.3167690956979807,0.6262852033974072
0.3169446883230904,0.6262852033974072
0.3169446883230904,0.6267322306660706
0.3169446883230904,0.6276262852033974
0.31712028094820016,0.6276262852033974
0.31712028094820016,0.6280733124720608
0.31747146619841965,0.6280733124720608
0.31747146619841965,0.6285203397407242
0.3185250219490781,0.6285203397407242
0.3185250219490781,0.6289673670093876
0.3190517998244074,0.6289673670093876
0.3190517998244074,0.629414394278051
0.31922739244951714,0.629414394278051
0.31922739244951714,0.6307554760840411
0.3194029850746269,0.6307554760840411
0.3194029850746269,0.6329906124273581
0.32010535557506586,0.6329906124273581
0.32010535557506586,0.6338846669646848
0.32045654082528535,0.6338846669646848
0.32045654082528535,0.6343316942333482
0.3209833187006146,0.6343316942333482
0.3209833187006146,0.6347787215020116
0.3225636523266023,0.6347787215020116
0.3225636523266023,0.6361198033080018
0.322739244951712,0.6361198033080018
0.322739244951712,0.6365668305766652
0.3230904302019315,0.6365668305766652
0.3230904302019315,0.6370138578453286
0.32361720807726074,0.6370138578453286
0.32361720807726074,0.6388019669199821
0.32396839332748023,0.6388019669199821
0.32396839332748023,0.6392489941886456
0.3243195785776997,0.6392489941886456
0.3243195785776997,0.6401430487259723
0.32449517120280946,0.6401430487259723
0.32449517120280946,0.6410371032632991
0.32484635645302895,0.6410371032632991
0.32484635645302895,0.6414841305319624
0.32519754170324844,0.6414841305319624
0.32519754170324844,0.6419311578006258
0.3260755048287972,0.6419311578006258
0.3260755048287972,0.6423781850692892
0.32625109745390696,0.6423781850692892
0.32625109745390696,0.6428252123379526
0.32660228270412645,0.6428252123379526
0.32660228270412645,0.6432722396066161
0.3267778753292362,0.6432722396066161
0.3267778753292362,0.6437192668752794
0.32695346795434593,0.6437192668752794
0.32695346795434593,0.6441662941439428
0.3271290605794557,0.6441662941439428
0.3271290605794557,0.6446133214126062
0.32748024582967517,0.6446133214126062
0.32748024582967517,0.6450603486812696
0.3283582089552239,0.6450603486812696
0.3283582089552239,0.6455073759499329
0.3288849868305531,0.6455073759499329
0.3288849868305531,0.6459544032185963
0.3292361720807726,0.6459544032185963
0.3292361720807726,0.6468484577559231
0.32941176470588235,0.6468484577559231
0.32941176470588235,0.6472954850245864
0.3299385425812116,0.6472954850245864
0.3299385425812116,0.6481895395619133
0.3299385425812116,0.6486365668305767
0.33028972783143107,0.6486365668305767
0.33028972783143107,0.6490835940992401
0.3304653204565408,0.6490835940992401
0.3304653204565408,0.6495306213679034
0.3315188762071993,0.6495306213679034
0.3315188762071993,0.6499776486365668
0.331694468832309,0.6499776486365668
0.331694468832309,0.6504246759052302
0.3329236172080773,0.6504246759052302
0.3329236172080773,0.6508717031738936
0.3334503950834065,0.6508717031738936
0.3334503950834065,0.651318730442557
0.33397717295873575,0.651318730442557
0.33397717295873575,0.6517657577112204
0.33520632133450395,0.6517657577112204
0.33520632133450395,0.6522127849798838
0.33590869183494293,0.6522127849798838
0.33590869183494293,0.6531068395172106
0.3360842844600527,0.6531068395172106
0.3360842844600527,0.6535538667858739
0.33643546971027216,0.6535538667858739
0.33643546971027216,0.6540008940545373
0.3366110623353819,0.6540008940545373
0.3366110623353819,0.6544479213232007
0.3373134328358209,0.6544479213232007
0.3373134328358209,0.6553419758605274
0.33766461808604037,0.6553419758605274
0.33766461808604037,0.6562360303978543
0.33801580333625986,0.6562360303978543
0.3381913959613696,0.6562360303978543
0.3381913959613696,0.6566830576665177
0.33977172958735735,0.6566830576665177
0.33977172958735735,0.657130084935181
0.34012291483757684,0.657130084935181
0.34012291483757684,0.6575771122038444
0.3402985074626866,0.6575771122038444
0.3402985074626866,0.6580241394725078
0.34100087796312556,0.6580241394725078
0.34100087796312556,0.6584711667411712
0.3415276558384548,0.6584711667411712
0.3415276558384548,0.6589181940098346
0.34258121158911325,0.6589181940098346
0.34258121158911325,0.659365221278498
0.3431079894644425,0.659365221278498
0.343459174714662,0.659365221278498
0.3443371378402107,0.659365221278498
0.3443371378402107,0.6598122485471614
0.3446883230904302,0.6598122485471614
0.3446883230904302,0.6607063030844882
0.3448639157155399,0.6607063030844882
0.3448639157155399,0.6616003576218149
0.3455662862159789,0.6616003576218149
0.3455662862159789,0.6620473848904783
0.3466198419666374,0.6620473848904783
0.3466198419666374,0.6633884666964684
0.3476733977172959,0.6633884666964684
0.3476733977172959,0.6638354939651319
0.3480245829675154,0.6638354939651319
0.3480245829675154,0.6642825212337953
0.34837576821773486,0.6642825212337953
0.34837576821773486,0.665176575771122
0.3485513608428446,0.6656236030397854
0.3485513608428446,0.6665176575771122
0.34907813871817384,0.6665176575771122
0.34907813871817384,0.6669646848457756
0.3494293239683933,0.6669646848457756
0.3494293239683933,0.667411712114439
0.34960491659350307,0.667411712114439
0.34960491659350307,0.6683057666517658
0.3497805092186128,0.6683057666517658
0.3497805092186128,0.6687527939204292
0.34995610184372256,0.6687527939204292
0.34995610184372256,0.6691998211890925
0.35030728709394204,0.6691998211890925
0.35030728709394204,0.6700938757264193
0.3513608428446005,0.6700938757264193
0.3513608428446005,0.6705409029950827
0.3527655838454785,0.6705409029950827
0.353116769095698,0.6705409029950827
0.3534679543459175,0.6705409029950827
0.3534679543459175,0.670987930263746
0.35522388059701493,0.670987930263746
0.35522388059701493,0.6714349575324094
0.35645302897278314,0.6714349575324094
0.35645302897278314,0.6718819848010729
0.35768217734855134,0.6718819848010729
0.35768217734855134,0.6723290120697363
0.3578577699736611,0.6723290120697363
0.3578577699736611,0.673223066607063
0.3583845478489903,0.673223066607063
0.3583845478489903,0.6741171211443898
0.35856014047410006,0.6741171211443898
0.35856014047410006,0.6745641484130532
0.3587357330992098,0.6745641484130532
0.3587357330992098,0.6750111756817165
0.3592625109745391,0.6750111756817165
0.3592625109745391,0.67545820295038
0.3597892888498683,0.67545820295038
0.3597892888498683,0.6759052302190434
0.36031606672519756,0.6759052302190434
0.36031606672519756,0.6763522574877068
0.3604916593503073,0.6763522574877068
0.3604916593503073,0.6767992847563702
0.3611940298507463,0.6767992847563702
0.3611940298507463,0.6772463120250335
0.36259877085162423,0.6772463120250335
0.36259877085162423,0.6776933392936969
0.36312554872695346,0.6776933392936969
0.36312554872695346,0.6781403665623603
0.36347673397717295,0.6781403665623603
0.36347673397717295,0.6785873938310237
0.36435469710272167,0.6785873938310237
0.36470588235294116,0.6785873938310237
0.3648814749780509,0.6785873938310237
0.3648814749780509,0.679034421099687
0.3652326602282704,0.679034421099687
0.3652326602282704,0.6794814483683504
0.3657594381035996,0.6794814483683504
0.3657594381035996,0.6799284756370139
0.3659350307287094,0.6799284756370139
0.3662862159789289,0.6799284756370139
0.36646180860403865,0.6799284756370139
0.36646180860403865,0.6803755029056773
0.36733977172958737,0.6803755029056773
0.36733977172958737,0.6808225301743407
0.36769095697980686,0.6808225301743407
0.36769095697980686,0.681269557443004
0.36804214223002635,0.681269557443004
0.36804214223002635,0.6817165847116674
0.3682177348551361,0.6817165847116674
0.3682177348551361,0.6821636119803308
0.36839332748024584,0.6821636119803308
0.36839332748024584,0.6826106392489942
0.36892010535557507,0.6826106392489942
0.36892010535557507,0.6830576665176575
0.3690956979806848,0.6830576665176575
0.3690956979806848,0.683504693786321
0.3694468832309043,0.683504693786321
0.3694468832309043,0.6839517210549844
0.370324846356453,0.6839517210549844
0.370324846356453,0.6843987483236478
0.37085162423178225,0.6843987483236478
0.37085162423178225,0.6848457755923111
0.371027216856892,0.6848457755923111
0.371027216856892,0.6852928028609745
0.3715539947322212,0.6852928028609745
0.3715539947322212,0.6866338846669647
0.37172958735733097,0.6866338846669647
0.37172958735733097,0.687080911935628
0.37260755048287975,0.687080911935628
0.37260755048287975,0.6884219937416183
0.373134328358209,0.6884219937416183
0.373134328358209,0.6888690210102816
0.37453906935908693,0.6888690210102816
0.37453906935908693,0.689316048278945
0.3752414398595259,0.689316048278945
0.3752414398595259,0.6897630755476084
0.37541703248463565,0.6897630755476084
0.37541703248463565,0.6902101028162718
0.37629499561018437,0.6902101028162718
0.37629499561018437,0.6911041573535985
0.3764705882352941,0.6911041573535985
0.3764705882352941,0.691551184622262
0.3768217734855136,0.691551184622262
0.3768217734855136,0.6924452391595888
0.3771729587357331,0.6924452391595888
0.3771729587357331,0.6928922664282521
0.37822651448639155,0.6928922664282521
0.37822651448639155,0.6933392936969155
0.3784021071115013,0.6933392936969155
0.3784021071115013,0.6937863209655789
0.3798068481123793,0.6937863209655789
0.3798068481123793,0.6942333482342423
0.38033362598770853,0.6942333482342423
0.38033362598770853,0.695127402771569
0.38086040386303777,0.695127402771569
0.38086040386303777,0.6960214573088959
0.38086040386303777,0.6969155118462226
0.3810359964881475,0.6969155118462226
0.3810359964881475,0.697362539114886
0.3817383669885865,0.697362539114886
0.3817383669885865,0.6987036209208761
0.382089552238806,0.6987036209208761
0.382089552238806,0.6991506481895395
0.38314310798946444,0.6991506481895395
0.38314310798946444,0.699597675458203
0.3833187006145742,0.699597675458203
0.3833187006145742,0.7000447027268664
0.3834942932396839,0.7000447027268664
0.3834942932396839,0.7004917299955298
0.38437225636523265,0.7004917299955298
0.38437225636523265,0.7009387572641931
0.3850746268656716,0.7009387572641931
0.3850746268656716,0.7018328118015199
0.38525021949078136,0.7018328118015199
0.38525021949078136,0.7027268663388466
0.38525021949078136,0.7036209208761735
0.38560140474100085,0.7036209208761735
0.38560140474100085,0.7040679481448369
0.3857769973661106,0.7040679481448369
0.3857769973661106,0.7049620026821636
0.38700614574187886,0.7049620026821636
0.38700614574187886,0.705409029950827
0.38770851624231784,0.705409029950827
0.38770851624231784,0.7058560572194904
0.3880597014925373,0.7058560572194904
0.3880597014925373,0.7063030844881538
0.38823529411764707,0.7063030844881538
0.38823529411764707,0.7067501117568171
0.3894644424934153,0.7067501117568171
0.3894644424934153,0.7071971390254805
0.38981562774363476,0.7071971390254805
0.38981562774363476,0.7080911935628074
0.390342405618964,0.7080911935628074
0.390342405618964,0.7085382208314707
0.39051799824407374,0.7085382208314707
0.39051799824407374,0.7098793026374609
0.3906935908691835,0.7098793026374609
0.3906935908691835,0.7103263299061243
0.3908691834942932,0.7103263299061243
0.3908691834942932,0.7107733571747876
0.39104477611940297,0.7107733571747876
0.39104477611940297,0.711220384443451
0.3912203687445127,0.711220384443451
0.3912203687445127,0.7121144389807779
0.39139596136962246,0.7121144389807779
0.39139596136962246,0.7130084935181046
0.3919227392449517,0.7130084935181046
0.3919227392449517,0.7143495753240948
0.39385425812115893,0.7143495753240948
0.39385425812115893,0.7147966025927581
0.3942054433713784,0.7147966025927581
0.3942054433713784,0.715690657130085
0.39508340649692714,0.715690657130085
0.39508340649692714,0.7170317389360751
0.3954345917471466,0.7170317389360751
0.3954345917471466,0.7179257934734019
0.39561018437225637,0.7179257934734019
0.39561018437225637,0.7183728207420653
0.39596136962247586,0.7183728207420653
0.39596136962247586,0.7188198480107286
0.3961369622475856,0.7188198480107286
0.3961369622475856,0.719266875279392
0.39631255487269534,0.719266875279392
0.39631255487269534,0.7201609298167189
0.3970149253731343,0.7201609298167189
0.3970149253731343,0.7206079570853822
0.3973661106233538,0.7206079570853822
0.3973661106233538,0.721502011622709
0.39754170324846355,0.721502011622709
0.39754170324846355,0.7219490388913724
0.3980684811237928,0.7219490388913724
0.39841966637401227,0.7219490388913724
0.4,0.7219490388913724
0.4,0.7223960661600357
0.40052677787532925,0.7223960661600357
0.40052677787532925,0.7228430934286991
0.40087796312554874,0.7228430934286991
0.40087796312554874,0.7232901206973625
0.4022827041264267,0.7232901206973625
0.4022827041264267,0.7241841752346894
0.4026338893766462,0.7241841752346894
0.4026338893766462,0.7250782297720161
0.4042142230026339,0.7250782297720161
0.4042142230026339,0.7255252570406795
0.4043898156277436,0.7255252570406795
0.4043898156277436,0.7264193115780062
0.40561896400351183,0.7264193115780062
0.40561896400351183,0.7277603933839965
0.40632133450395086,0.7277603933839965
0.40632133450395086,0.7282074206526599
0.40667251975417035,0.7282074206526599
0.40702370500438984,0.7282074206526599
0.40702370500438984,0.7286544479213232
0.4071992976294996,0.7286544479213232
0.4071992976294996,0.7291014751899866
0.409657594381036,0.7291014751899866
0.409657594381036,0.72954850245865
0.40983318700614574,0.72954850245865
0.40983318700614574,0.7299955297273134
0.4100087796312555,0.7299955297273134
0.4100087796312555,0.731783638801967
0.4112379280070237,0.731783638801967
0.4112379280070237,0.7322306660706303
0.41194029850746267,0.7322306660706303
0.41194029850746267,0.7331247206079571
0.4124670763827919,0.7331247206079571
0.4124670763827919,0.7335717478766205
0.41281826163301144,0.7335717478766205
0.41281826163301144,0.7344658024139472
0.4129938542581212,0.7344658024139472
0.4129938542581212,0.735359856951274
0.41316944688323093,0.735359856951274
0.41316944688323093,0.7358068842199375
0.41369622475856016,0.7358068842199375
0.41369622475856016,0.7362539114886008
0.41404741000877965,0.7362539114886008
0.41404741000877965,0.7371479660259276
0.41492537313432837,0.7371479660259276
0.41492537313432837,0.7380420205632544
0.4158033362598771,0.7380420205632544
0.4158033362598771,0.7384890478319177
0.4161545215100966,0.7384890478319177
0.4161545215100966,0.7393831023692445
0.4163301141352063,0.7393831023692445
0.4163301141352063,0.7402771569065713
0.41685689201053555,0.7402771569065713
0.41685689201053555,0.7407241841752347
0.4170324846356453,0.7407241841752347
0.4170324846356453,0.7411712114438981
0.41720807726075504,0.7411712114438981
0.41720807726075504,0.7416182387125615
0.4175592625109745,0.7416182387125615
0.4175592625109745,0.7425122932498882
0.417910447761194,0.7425122932498882
0.41808604038630376,0.7425122932498882
0.41808604038630376,0.743406347787215
0.41878841088674273,0.743406347787215
0.41878841088674273,0.7438533750558785
0.42142230026338895,0.7438533750558785
0.42142230026338895,0.7443004023245418
0.42177348551360844,0.7443004023245418
0.42177348551360844,0.7447474295932052
0.4219490781387182,0.7447474295932052
0.4219490781387182,0.7451944568618686
0.4224758560140474,0.7451944568618686
0.4224758560140474,0.7460885113991953
0.42265144863915716,0.7460885113991953
0.42265144863915716,0.7465355386678587
0.42388059701492536,0.7465355386678587
0.42388059701492536,0.7469825659365221
0.4244073748902546,0.7469825659365221
0.4244073748902546,0.7483236477425123
0.42458296751536434,0.7483236477425123
0.42493415276558383,0.7483236477425123
0.4252853380158033,0.7483236477425123
0.4252853380158033,0.7487706750111757
0.4256365232660228,0.7487706750111757
0.4256365232660228,0.7492177022798391
0.4266900790166813,0.7492177022798391
0.4266900790166813,0.7496647295485025
0.42756804214223004,0.7496647295485025
0.42756804214223004,0.7501117568171658
0.42914837576821774,0.7501117568171658
0.42914837576821774,0.7510058113544926
0.4293239683933275,0.7510058113544926
0.4293239683933275,0.751452838623156
0.4305531167690957,0.751452838623156
0.4305531167690957,0.7523468931604828
0.43072870939420543,0.7523468931604828
0.43072870939420543,0.7527939204291462
0.4310798946444249,0.7527939204291462
0.4310798946444249,0.7532409476978096
0.43125548726953467,0.7532409476978096
0.43125548726953467,0.7541350022351363
0.43160667251975415,0.7541350022351363
0.43160667251975415,0.7545820295037997
0.43424056189640037,0.7545820295037997
0.43424056189640037,0.7550290567724631
0.4344161545215101,0.7550290567724631
0.4344161545215101,0.7554760840411265
0.43459174714661986,0.7554760840411265
0.4347673397717296,0.75592311130979
0.4351185250219491,0.75592311130979
0.4351185250219491,0.7563701385784533
0.4356453028972783,0.7563701385784533
0.4356453028972783,0.7572641931157801
0.4359964881474978,0.7572641931157801
0.4359964881474978,0.7577112203844435
0.4366988586479368,0.7577112203844435
0.4366988586479368,0.7581582476531068
0.437928007023705,0.7581582476531068
0.437928007023705,0.7590523021904336
0.43863037752414397,0.7590523021904336
0.43863037752414397,0.759499329459097
0.4391571553994732,0.759499329459097
0.4391571553994732,0.7612874385337506
0.43933274802458294,0.7612874385337506
0.43933274802458294,0.761734465802414
0.4395083406496927,0.761734465802414
0.4395083406496927,0.7621814930710773
0.4396839332748025,0.7621814930710773
0.4396839332748025,0.7626285203397407
0.44038630377524146,0.7626285203397407
0.44038630377524146,0.7635225748770675
0.4409130816505707,0.7635225748770675
0.4409130816505707,0.7639696021457308
0.4414398595258999,0.7639696021457308
0.4414398595258999,0.7644166294143943
0.4421422300263389,0.7644166294143943
0.4421422300263389,0.7648636566830577
0.4428446005267779,0.7648636566830577
0.4428446005267779,0.7653106839517211
0.4430201931518876,0.7653106839517211
0.4430201931518876,0.7657577112203845
0.4433713784021071,0.7657577112203845
0.4433713784021071,0.7666517657577112
0.44354697102721685,0.7666517657577112
0.44354697102721685,0.7670987930263746
0.4442493415276558,0.7670987930263746
0.4442493415276558,0.7684398748323648
0.4446005267778753,0.7684398748323648
0.4446005267778753,0.7688869021010282
0.4453028972783143,0.7688869021010282
0.4453028972783143,0.7693339293696916
0.44547848990342404,0.7693339293696916
0.44547848990342404,0.7697809566383549
0.4463564530289728,0.7697809566383549
0.4463564530289728,0.7706750111756817
0.44688323090430204,0.7706750111756817
0.44688323090430204,0.7724631202503353
0.44723441615452153,0.7724631202503353
0.44723441615452153,0.7729101475189987
0.4491659350307287,0.7729101475189987
0.4491659350307287,0.7733571747876621
0.44934152765583846,0.7733571747876621
0.44934152765583846,0.7746982565936522
0.4498683055311677,0.7746982565936522
0.4498683055311677,0.7751452838623156
0.4502194907813872,0.7751452838623156
0.4502194907813872,0.775592311130979
0.45127304653204564,0.775592311130979
0.45127304653204564,0.7764863656683058
0.4519754170324846,0.7764863656683058
0.4519754170324846,0.7773804202056326
0.4537313432835821,0.7773804202056326
0.4537313432835821,0.7782744747429593
0.4556628621597893,0.7782744747429593
0.4560140474100088,0.7782744747429593
0.456540825285338,0.7782744747429593
0.456540825285338,0.7791685292802861
0.45671641791044776,0.7791685292802861
0.45671641791044776,0.7800625838176128
0.457243195785777,0.7800625838176128
0.45741878841088673,0.7805096110862763
0.45829675153643545,0.7805096110862763
0.45829675153643545,0.7809566383549397
0.45952589991220366,0.7809566383549397
0.45952589991220366,0.7814036656236031
0.4611062335381914,0.7814036656236031
0.4611062335381914,0.7818506928922664
0.4614574187884109,0.7818506928922664
0.4614574187884109,0.7822977201609298
0.4618086040386304,0.7822977201609298
0.4618086040386304,0.7827447474295932
0.4623353819139596,0.7827447474295932
0.4623353819139596,0.7831917746982566
0.4626865671641791,0.7831917746982566
0.4635645302897278,0.7831917746982566
0.4635645302897278,0.7836388019669199
0.46374012291483757,0.7836388019669199
0.46374012291483757,0.7840858292355833
0.466198419666374,0.7840858292355833
0.466198419666374,0.7845328565042468
0.46707638279192276,0.7845328565042468
0.46707638279192276,0.7854269110415736
0.46742756804214225,0.7854269110415736
0.46777875329236174,0.7854269110415736
0.4681299385425812,0.7854269110415736
0.4681299385425812,0.7863209655789003
0.46900790166812995,0.7863209655789003
0.46900790166812995,0.7867679928475637
0.46988586479367866,0.7867679928475637
0.46988586479367866,0.7872150201162271
0.4704126426690079,0.7872150201162271
0.4704126426690079,0.7876620473848904
0.4712906057945566,0.7876620473848904
0.4712906057945566,0.7885561019222173
0.4719929762949956,0.7885561019222173
0.4719929762949956,0.7894501564595441
0.47216856892010534,0.7894501564595441
0.47216856892010534,0.7903442109968708
0.4725197541703248,0.7903442109968708
0.4725197541703248,0.7907912382655342
0.47304653204565406,0.7907912382655342
0.47304653204565406,0.7912382655341976
0.47445127304653206,0.7912382655341976
0.47445127304653206,0.7916852928028609
0.47480245829675155,0.7916852928028609
0.47480245829675155,0.7921323200715243
0.47673397717295873,0.7921323200715243
0.47673397717295873,0.7925793473401878
0.47919227392449515,0.7925793473401878
0.47919227392449515,0.7930263746088512
0.47954345917471464,0.7930263746088512
0.47954345917471464,0.7934734018775146
0.4797190517998244,0.7934734018775146
0.4797190517998244,0.7943674564148413
0.48024582967515367,0.7943674564148413
0.48024582967515367,0.7948144836835047
0.48217734855136085,0.7948144836835047
0.48217734855136085,0.7952615109521681
0.48252853380158034,0.7952615109521681
0.48252853380158034,0.7957085382208314
0.4832309043020193,0.7957085382208314
0.4832309043020193,0.7961555654894948
0.48463564530289727,0.7961555654894948
0.48463564530289727,0.7970496200268217
0.484811237928007,0.7970496200268217
0.484811237928007,0.797496647295485
0.48498683055311675,0.797496647295485
0.48498683055311675,0.7979436745641484
0.4858647936786655,0.7979436745641484
0.4858647936786655,0.7983907018328118
0.4860403863037752,0.7983907018328118
0.4860403863037752,0.7988377291014752
0.48674275680421425,0.7988377291014752
0.48674275680421425,0.7992847563701386
0.48709394205443374,0.7992847563701386
0.48709394205443374,0.7997317836388019
0.48797190517998246,0.7997317836388019
0.48797190517998246,0.8001788109074653
0.48867427568042143,0.8001788109074653
0.48867427568042143,0.8010728654447922
0.48920105355575066,0.8010728654447922
0.48920105355575066,0.8015198927134555
0.4906057945566286,0.8015198927134555
0.4906057945566286,0.8028609745194457
0.49078138718173836,0.8028609745194457
0.49078138718173836,0.8037550290567724
0.4918349429323968,0.8037550290567724
0.4918349429323968,0.8042020563254358
0.49271290605794554,0.8042020563254358
0.49271290605794554,0.8046490835940993
0.49306409130816503,0.8046490835940993
0.49306409130816503,0.8050961108627627
0.4932396839332748,0.8050961108627627
0.4932396839332748,0.805543138131426
0.4939420544337138,0.805543138131426
0.4939420544337138,0.8064371926687528
0.49411764705882355,0.8064371926687528
0.49411764705882355,0.8068842199374162
0.495873573309921,0.8068842199374162
0.495873573309921,0.8073312472060795
0.4967515364354697,0.8073312472060795
0.4967515364354697,0.8077782744747429
0.49727831431079894,0.8077782744747429
0.49727831431079894,0.8082253017434063
0.49762949956101843,0.8082253017434063
0.49762949956101843,0.8091193562807332
0.4983318700614574,0.8091193562807332
0.4983318700614574,0.8095663835493965
0.49885864793678664,0.8095663835493965
0.49885864793678664,0.8100134108180599
0.49938542581211587,0.8100134108180599
0.49938542581211587,0.8104604380867233
0.4995610184372256,0.8104604380867233
0.4995610184372256,0.8109074653553867
0.5009657594381036,0.8109074653553867
0.5009657594381036,0.81135449262405
0.5016681299385426,0.81135449262405
0.5016681299385426,0.8118015198927134
0.5018437225636523,0.8118015198927134
0.5018437225636523,0.8126955744300403
0.5020193151887621,0.8126955744300403
0.5020193151887621,0.8131426016987037
0.5025460930640913,0.8131426016987037
0.5025460930640913,0.813589628967367
0.5030728709394205,0.813589628967367
0.5030728709394205,0.8140366562360304
0.5035996488147498,0.8140366562360304
0.5035996488147498,0.8144836835046938
0.5037752414398595,0.8144836835046938
0.5037752414398595,0.8149307107733572
0.5051799824407375,0.8149307107733572
0.5051799824407375,0.8153777380420205
0.5053555750658473,0.8153777380420205
0.5053555750658473,0.8158247653106839
0.5057067603160668,0.8158247653106839
0.5057067603160668,0.8162717925793473
0.5065847234416154,0.8162717925793473
0.5065847234416154,0.8167188198480108
0.5078138718173837,0.8167188198480108
0.5078138718173837,0.8171658471166742
0.5088674275680422,0.8171658471166742
0.5088674275680422,0.8176128743853375
0.5095697980684811,0.8176128743853375
0.5095697980684811,0.8180599016540009
0.5099209833187006,0.8180599016540009
0.5099209833187006,0.8185069289226643
0.5111501316944689,0.8185069289226643
0.5111501316944689,0.819400983459991
0.511676909569798,0.819400983459991
0.511676909569798,0.8198480107286544
0.5120280948200175,0.8198480107286544
0.5120280948200175,0.8207420652659813
0.5136084284460053,0.8207420652659813
0.5136084284460053,0.821636119803308
0.5141352063213345,0.821636119803308
0.5141352063213345,0.8220831470719714
0.5160667251975417,0.8220831470719714
0.5160667251975417,0.8229772016092982
0.5162423178226514,0.8229772016092982
0.5162423178226514,0.8238712561466249
0.5164179104477612,0.8238712561466249
0.5164179104477612,0.8243182834152883
0.5169446883230905,0.8243182834152883
0.5169446883230905,0.8252123379526151
0.5178226514486391,0.8252123379526151
0.5178226514486391,0.8256593652212785
0.5187006145741879,0.8256593652212785
0.5187006145741879,0.8261063924899419
0.5201053555750659,0.8261063924899419
0.5201053555750659,0.8265534197586053
0.5209833187006145,0.8265534197586053
0.5209833187006145,0.8270004470272687
0.5211589113257243,0.8270004470272687
0.5211589113257243,0.827447474295932
0.521334503950834,0.827447474295932
0.521334503950834,0.8278945015645954
0.5218612818261633,0.8278945015645954
0.5218612818261633,0.8283415288332588
0.522036874451273,0.8283415288332588
0.522036874451273,0.8287885561019223
0.5223880597014925,0.8287885561019223
0.5223880597014925,0.8292355833705856
0.523441615452151,0.8292355833705856
0.523441615452151,0.8301296379079124
0.5236172080772608,0.8301296379079124
0.5236172080772608,0.8305766651765758
0.5243195785776997,0.8305766651765758
0.5243195785776997,0.8310236924452392
0.5246707638279192,0.8310236924452392
0.5246707638279192,0.8314707197139025
0.5251975417032485,0.8314707197139025
0.5251975417032485,0.8319177469825659
0.526251097453907,0.8319177469825659
0.526251097453907,0.8323647742512293
0.5264266900790167,0.8323647742512293
0.5264266900790167,0.8328118015198928
0.5267778753292361,0.8328118015198928
0.5267778753292361,0.8332588287885561
0.5269534679543459,0.8332588287885561
0.5269534679543459,0.835493965131873
0.5276558384547849,0.835493965131873
0.5276558384547849,0.8359409924005364
0.5280070237050044,0.8359409924005364
0.5280070237050044,0.8368350469378633
0.5283582089552239,0.8368350469378633
0.5283582089552239,0.83772910147519
0.5285338015803336,0.83772910147519
0.5285338015803336,0.8381761287438534
0.5288849868305531,0.8381761287438534
0.5288849868305531,0.8386231560125168
0.5292361720807726,0.8386231560125168
0.5292361720807726,0.8395172105498435
0.5297629499561018,0.8395172105498435
0.5297629499561018,0.8399642378185069
0.5306409130816506,0.8399642378185069
0.5306409130816506,0.8404112650871703
0.5313432835820896,0.8404112650871703
0.5313432835820896,0.8413053196244971
0.5320456540825286,0.8413053196244971
0.5320456540825286,0.8417523468931605
0.5323968393327481,0.8417523468931605
0.5323968393327481,0.8421993741618239
0.5348551360842845,0.8421993741618239
0.5348551360842845,0.8430934286991506
0.535206321334504,0.8430934286991506
0.535206321334504,0.843540455967814
0.5353819139596137,0.843540455967814
0.5353819139596137,0.8439874832364774
0.5357330992098331,0.8439874832364774
0.5357330992098331,0.8444345105051408
0.5360842844600526,0.8448815377738041
0.5380158033362599,0.8448815377738041
0.5380158033362599,0.8453285650424676
0.5383669885864794,0.8453285650424676
0.5383669885864794,0.8466696468484578
0.5388937664618086,0.8466696468484578
0.5390693590869183,0.8471166741171211
0.5392449517120281,0.8471166741171211
0.5392449517120281,0.8480107286544479
0.5399473222124671,0.8480107286544479
0.5399473222124671,0.8484577559231113
0.5417032484635645,0.8484577559231113
0.5417032484635645,0.8489047831917746
0.542054433713784,0.8489047831917746
0.542054433713784,0.8493518104604381
0.5429323968393327,0.8493518104604381
0.5429323968393327,0.8497988377291015
0.5432835820895522,0.8497988377291015
0.543459174714662,0.8502458649977649
0.543459174714662,0.8506928922664283
0.5445127304653204,0.8506928922664283
0.5445127304653204,0.8511399195350916
0.5457418788410887,0.8511399195350916
0.5457418788410887,0.851586946803755
0.5459174714661984,0.851586946803755
0.5459174714661984,0.8520339740724184
0.5473222124670764,0.8520339740724184
0.5473222124670764,0.8524810013410818
0.5485513608428446,0.8524810013410818
0.5485513608428446,0.8529280286097451
0.5490781387181738,0.8529280286097451
0.5490781387181738,0.8533750558784086
0.5494293239683933,0.8533750558784086
0.5494293239683933,0.853822083147072
0.5496049165935031,0.853822083147072
0.5496049165935031,0.8542691104157354
0.5497805092186128,0.8542691104157354
0.5497805092186128,0.8547161376843988
0.5529411764705883,0.8547161376843988
0.5529411764705883,0.8551631649530621
0.5532923617208078,0.8551631649530621
0.5532923617208078,0.8556101922217255
0.5568042142230026,0.8556101922217255
0.5568042142230026,0.8560572194903889
0.5576821773485514,0.8560572194903889
0.5576821773485514,0.8565042467590523
0.5585601404741001,0.8565042467590523
0.5585601404741001,0.8578453285650425
0.5587357330992099,0.8578453285650425
0.5587357330992099,0.8582923558337059
0.559262510974539,0.8582923558337059
0.559262510974539,0.8587393831023692
0.5596136962247585,0.8587393831023692
0.5596136962247585,0.8591864103710326
0.5608428446005268,0.8591864103710326
0.5608428446005268,0.8600804649083594
0.5618964003511853,0.8600804649083594
0.5618964003511853,0.8605274921770228
0.564179104477612,0.8605274921770228
0.564179104477612,0.8609745194456861
0.5645302897278315,0.8609745194456861
0.5645302897278315,0.8614215467143496
0.5669885864793679,0.8614215467143496
0.5669885864793679,0.8623156012516764
0.5678665496049166,0.8623156012516764
0.5678665496049166,0.8632096557890031
0.568920105355575,0.8632096557890031
0.568920105355575,0.8636566830576665
0.5692712906057945,0.8636566830576665
0.5692712906057945,0.8641037103263299
0.5715539947322212,0.8641037103263299
0.5715539947322212,0.8654447921323201
0.571729587357331,0.8654447921323201
0.571729587357331,0.8658918194009835
0.5722563652326602,0.8658918194009835
0.5722563652326602,0.8667858739383102
0.5726075504828797,0.8667858739383102
0.5726075504828797,0.8672329012069736
0.5743634767339771,0.8672329012069736
0.5743634767339771,0.867679928475637
0.5750658472344161,0.867679928475637
0.5750658472344161,0.8685739830129638
0.5754170324846356,0.8685739830129638
0.5754170324846356,0.8690210102816271
0.5764705882352941,0.8690210102816271
0.5764705882352941,0.8694680375502906
0.5775241439859526,0.8694680375502906
0.5775241439859526,0.8703620920876174
0.5794556628621598,0.8703620920876174
0.5794556628621598,0.8708091193562807
0.580684811237928,0.8708091193562807
0.580684811237928,0.8712561466249441
0.5812115891132572,0.8712561466249441
0.5812115891132572,0.8717031738936075
0.581387181738367,0.8717031738936075
0.5819139596136962,0.8717031738936075
0.5822651448639157,0.8717031738936075
0.5822651448639157,0.8721502011622709
0.5829675153643546,0.8721502011622709
0.5833187006145741,0.8721502011622709
0.5852502194907814,0.8721502011622709
0.5852502194907814,0.8725972284309342
0.5856014047410009,0.8725972284309342
0.5856014047410009,0.8730442556995976
0.5859525899912204,0.8730442556995976
0.5859525899912204,0.8739383102369245
0.5863037752414398,0.8739383102369245
0.5864793678665496,0.8739383102369245
0.5864793678665496,0.8743853375055879
0.5871817383669886,0.8743853375055879
0.5871817383669886,0.8748323647742512
0.5873573309920983,0.8748323647742512
0.5873573309920983,0.875726419311578
0.5875329236172081,0.875726419311578
0.5875329236172081,0.8761734465802414
0.5882352941176471,0.8761734465802414
0.5882352941176471,0.8770675011175681
0.5884108867427568,0.8770675011175681
0.5884108867427568,0.877961555654895
0.5906935908691835,0.877961555654895
0.5906935908691835,0.8784085829235584
0.5912203687445128,0.8784085829235584
0.5912203687445128,0.8788556101922217
0.5931518876207199,0.8788556101922217
0.5931518876207199,0.8793026374608851
0.5938542581211589,0.8793026374608851
0.5938542581211589,0.8801966919982119
0.5954345917471466,0.8801966919982119
0.5954345917471466,0.8806437192668752
0.5956101843722563,0.8806437192668752
0.5956101843722563,0.8810907465355386
0.5961369622475856,0.8810907465355386
0.5961369622475856,0.8815377738042021
0.5966637401229148,0.8815377738042021
0.5966637401229148,0.8819848010728655
0.5968393327480246,0.8824318283415288
0.5980684811237928,0.8824318283415288
0.5980684811237928,0.8828788556101922
0.6005267778753293,0.8828788556101922
0.6005267778753293,0.8833258828788556
0.6038630377524143,0.8833258828788556
0.6038630377524143,0.883772910147519
0.6040386303775241,0.883772910147519
0.6043898156277436,0.883772910147519
0.6087796312554873,0.883772910147519
0.6087796312554873,0.8842199374161824
0.608955223880597,0.8842199374161824
0.608955223880597,0.8846669646848457
0.6094820017559263,0.8846669646848457
0.6094820017559263,0.8851139919535091
0.6122914837576822,0.8851139919535091
0.6126426690079017,0.8851139919535091
0.6135206321334504,0.8851139919535091
0.6135206321334504,0.886008046490836
0.6138718173836699,0.886008046490836
0.6138718173836699,0.8864550737594993
0.6145741878841089,0.8864550737594993
0.6145741878841089,0.8869021010281627
0.6154521510096576,0.8869021010281627
0.6154521510096576,0.8877961555654895
0.6156277436347674,0.8877961555654895
0.6156277436347674,0.8882431828341529
0.6161545215100965,0.8882431828341529
0.6161545215100965,0.8891372373714796
0.6163301141352063,0.8891372373714796
0.6166812993854258,0.8891372373714796
0.617208077260755,0.8891372373714796
0.617208077260755,0.8900312919088065
0.6173836698858648,0.8900312919088065
0.6173836698858648,0.8904783191774698
0.6189640035118525,0.8904783191774698
0.6189640035118525,0.8913723737147966
0.6198419666374012,0.8913723737147966
0.6198419666374012,0.89181940098346
0.6203687445127305,0.89181940098346
0.6203687445127305,0.8922664282521234
0.6210711150131695,0.8922664282521234
0.6210711150131695,0.8927134555207867
0.6244073748902547,0.8927134555207867
0.6244073748902547,0.8931604827894501
0.6261633011413521,0.8931604827894501
0.6261633011413521,0.8936075100581136
0.6268656716417911,0.8936075100581136
0.6268656716417911,0.8945015645954403
0.6272168568920106,0.8945015645954403
0.628270412642669,0.8945015645954403
0.628270412642669,0.8949485918641037
0.629675153643547,0.8949485918641037
0.629675153643547,0.8953956191327671
0.6298507462686567,0.8953956191327671
0.6298507462686567,0.8962896736700938
0.6302019315188762,0.8962896736700938
0.6302019315188762,0.8967367009387572
0.6314310798946444,0.8967367009387572
0.6314310798946444,0.8971837282074206
0.6319578577699737,0.8971837282074206
0.6319578577699737,0.8980777827447475
0.6324846356453029,0.8980777827447475
0.6324846356453029,0.8985248100134108
0.6328358208955224,0.8985248100134108
0.6328358208955224,0.8989718372820742
0.6337137840210711,0.8989718372820742
0.6337137840210711,0.8994188645507376
0.6354697102721686,0.8994188645507376
0.6354697102721686,0.899865891819401
0.6361720807726076,0.899865891819401
0.6361720807726076,0.9007599463567277
0.637225636523266,0.9007599463567277
0.637225636523266,0.9012069736253912
0.6377524143985953,0.9012069736253912
0.6377524143985953,0.9016540008940546
0.6389815627743635,0.9016540008940546
0.6389815627743635,0.902101028162718
0.6414398595258999,0.902101028162718
0.6414398595258999,0.9025480554313813
0.6416154521510097,0.9025480554313813
0.6416154521510097,0.9034421099687081
0.6421422300263389,0.9034421099687081
0.6421422300263389,0.9038891372373715
0.6424934152765583,0.9038891372373715
0.6424934152765583,0.9043361645060348
0.6431957857769973,0.9043361645060348
0.6431957857769973,0.9047831917746982
0.6440737489025461,0.9047831917746982
0.6440737489025461,0.9052302190433617
0.6444249341527656,0.9052302190433617
0.645478489903424,0.9052302190433617
0.645478489903424,0.9056772463120251
0.6458296751536435,0.9056772463120251
0.6458296751536435,0.9061242735806885
0.6467076382791923,0.9061242735806885
0.6467076382791923,0.9065713008493518
0.6488147497805092,0.9065713008493518
0.6488147497805092,0.9070183281180152
0.6489903424056189,0.9070183281180152
0.6489903424056189,0.9074653553866786
0.6502194907813872,0.9074653553866786
0.6502194907813872,0.9092534644613322
0.6512730465320457,0.9092534644613322
0.6512730465320457,0.9097004917299956
0.6521510096575944,0.9097004917299956
0.6521510096575944,0.9105945462673223
0.6525021949078139,0.9105945462673223
0.6525021949078139,0.9110415735359857
0.6537313432835821,0.9110415735359857
0.6537313432835821,0.9114886008046491
0.6549604916593503,0.9114886008046491
0.6549604916593503,0.9128296826106392
0.6574187884108867,0.9128296826106392
0.6574187884108867,0.9132767098793027
0.658647936786655,0.9132767098793027
0.658647936786655,0.9137237371479661
0.6595258999122037,0.9137237371479661
0.6595258999122037,0.9150648189539562
0.6602282704126426,0.9150648189539562
0.6602282704126426,0.9155118462226196
0.6607550482879719,0.9155118462226196
0.6607550482879719,0.915958873491283
0.6626865671641791,0.915958873491283
0.6626865671641791,0.9164059007599463
0.6632133450395084,0.9164059007599463
0.6632133450395084,0.9168529280286097
0.663388937664618,0.9168529280286097
0.663388937664618,0.9172999552972732
0.6637401229148375,0.9172999552972732
0.6637401229148375,0.9181940098345999
0.6647936786654961,0.9181940098345999
0.6647936786654961,0.9186410371032633
0.666198419666374,0.9186410371032633
0.666198419666374,0.9190880643719267
0.666900790166813,0.9190880643719267
0.666900790166813,0.9195350916405901
0.667603160667252,0.9195350916405901
0.667603160667252,0.9199821189092534
0.6679543459174715,0.9199821189092534
0.6679543459174715,0.9204291461779168
0.66900790166813,0.9204291461779168
0.66900790166813,0.9213232007152437
0.6697102721685689,0.9213232007152437
0.6702370500438981,0.9217702279839071
0.6711150131694469,0.9217702279839071
0.6711150131694469,0.9222172552525704
0.6718173836698859,0.9222172552525704
0.6718173836698859,0.9231113097898972
0.6719929762949957,0.9231113097898972
0.6719929762949957,0.9235583370585606
0.6721685689201053,0.9235583370585606
0.6721685689201053,0.9240053643272239
0.675153643546971,0.9240053643272239
0.6755048287971905,0.9240053643272239
0.67585601404741,0.9240053643272239
0.6762071992976295,0.9240053643272239
0.6762071992976295,0.9244523915958873
0.6767339771729587,0.9244523915958873
0.6770851624231782,0.9244523915958873
0.6770851624231782,0.9248994188645507
0.6783143107989464,0.9248994188645507
0.6783143107989464,0.9257934734018776
0.6784899034240562,0.9257934734018776
0.6784899034240562,0.9262405006705409
0.6818261633011413,0.9262405006705409
0.6818261633011413,0.9266875279392043
0.6832309043020193,0.9266875279392043
0.6832309043020193,0.9271345552078677
0.684108867427568,0.9271345552078677
0.684108867427568,0.9275815824765311
0.6849868305531168,0.9275815824765311
0.6849868305531168,0.9284756370138578
0.6881474978050922,0.9284756370138578
0.6881474978050922,0.9289226642825212
0.6886742756804214,0.9289226642825212
0.6890254609306409,0.9289226642825212
0.6906057945566286,0.9289226642825212
0.6909569798068481,0.9289226642825212
0.6913081650570676,0.9289226642825212
0.6913081650570676,0.9293696915511847
0.6918349429323969,0.9293696915511847
0.6918349429323969,0.9298167188198481
0.6962247585601404,0.9298167188198481
0.6962247585601404,0.9302637460885114
0.6967515364354697,0.9302637460885114
0.6967515364354697,0.9307107733571748
0.6971027216856892,0.9307107733571748
0.6971027216856892,0.9311578006258382
0.6971027216856892,0.9320518551631649
0.698683055311677,0.9320518551631649
0.698683055311677,0.9324988824318283
0.7006145741878841,0.9324988824318283
0.7006145741878841,0.9329459097004917
0.7030728709394205,0.9329459097004917
0.7032484635645303,0.9333929369691552
0.7035996488147498,0.9333929369691552
0.7035996488147498,0.9338399642378185
0.7051799824407375,0.9338399642378185
0.7053555750658472,0.9347340187751453
0.7057067603160667,0.9347340187751453
0.7064091308165057,0.9347340187751453
0.7064091308165057,0.9351810460438087
0.7092186128182616,0.9351810460438087
0.7095697980684811,0.9351810460438087
0.7115013169446883,0.9351810460438087
0.7116769095697981,0.9356280733124721
0.7139596136962247,0.9356280733124721
0.714486391571554,0.9356280733124721
0.7162423178226515,0.9356280733124721
0.7162423178226515,0.9360751005811354
0.7192273924495172,0.9360751005811354
0.7192273924495172,0.9365221278497988
0.7204565408252853,0.9365221278497988
0.7204565408252853,0.9369691551184622
0.7229148375768217,0.9369691551184622
0.7229148375768217,0.9374161823871257
0.723441615452151,0.9374161823871257
0.723441615452151,0.937863209655789
0.7250219490781388,0.937863209655789
0.7250219490781388,0.9383102369244524
0.7253731343283583,0.9383102369244524
0.7253731343283583,0.9387572641931158
0.7308165057067603,0.9387572641931158
0.7308165057067603,0.9392042914617792
0.7332748024582968,0.9392042914617792
0.7336259877085163,0.9392042914617792
0.7339771729587358,0.9392042914617792
0.7339771729587358,0.9396513187304426
0.7388937664618086,0.9396513187304426
0.7388937664618086,0.9400983459991059
0.7395961369622476,0.9400983459991059
0.7397717295873574,0.9405453732677693
0.7408252853380158,0.9405453732677693
0.7408252853380158,0.9414394278050962
0.742054433713784,0.9414394278050962
0.742054433713784,0.9418864550737595
0.7425812115891133,0.9418864550737595
0.7425812115891133,0.9423334823424229
0.7429323968393328,0.9423334823424229
0.7429323968393328,0.9427805096110863
0.7441615452151009,0.9427805096110863
0.7441615452151009,0.9432275368797497
0.7448639157155399,0.9432275368797497
0.7448639157155399,0.9436745641484131
0.7459174714661985,0.9436745641484131
0.7459174714661985,0.9441215914170764
0.7482001755926251,0.9441215914170764
0.7482001755926251,0.9445686186857398
0.7483757682177349,0.9445686186857398
0.7483757682177349,0.9450156459544032
0.7489025460930641,0.9450156459544032
0.7489025460930641,0.9463567277603934
0.7515364354697103,0.9463567277603934
0.7515364354697103,0.9468037550290568
0.7534679543459175,0.9468037550290568
0.7534679543459175,0.9472507822977202
0.7562774363476734,0.9472507822977202
0.7562774363476734,0.9476978095663835
0.7564530289727831,0.9476978095663835
0.7564530289727831,0.9481448368350469
0.7575065847234416,0.9481448368350469
0.757857769973661,0.9481448368350469
0.7610184372256366,0.9481448368350469
0.7610184372256366,0.9485918641037103
0.7611940298507462,0.9485918641037103
0.7611940298507462,0.9490388913723737
0.7631255487269535,0.9490388913723737
0.7631255487269535,0.9494859186410372
0.7633011413520632,0.9494859186410372
0.7633011413520632,0.9499329459097005
0.7640035118525021,0.9499329459097005
0.7640035118525021,0.9503799731783639
0.7664618086040387,0.9503799731783639
0.7664618086040387,0.9508270004470273
0.7669885864793679,0.9508270004470273
0.7669885864793679,0.9512740277156907
0.7671641791044777,0.9512740277156907
0.7671641791044777,0.951721054984354
0.7699736611062336,0.951721054984354
0.7699736611062336,0.9521680822530174
0.7708516242317822,0.9521680822530174
0.7712028094820017,0.9530621367903442
0.7715539947322212,0.9530621367903442
0.7715539947322212,0.9535091640590077
0.7729587357330993,0.9535091640590077
0.7729587357330993,0.953956191327671
0.7738366988586479,0.953956191327671
0.7740122914837577,0.9544032185963344
0.7757682177348552,0.9544032185963344
0.7757682177348552,0.9548502458649978
0.7784021071115013,0.9548502458649978
0.7787532923617209,0.9548502458649978
0.77928007023705,0.9548502458649978
0.77928007023705,0.9552972731336612
0.7798068481123793,0.9552972731336612
0.7798068481123793,0.9557443004023245
0.779982440737489,0.9557443004023245
0.779982440737489,0.9561913276709879
0.7801580333625988,0.9566383549396513
0.781387181738367,0.9566383549396513
0.781387181738367,0.9570853822083147
0.7819139596136963,0.9570853822083147
0.7819139596136963,0.957532409476978
0.7822651448639157,0.957532409476978
0.7826163301141352,0.957532409476978
0.7827919227392449,0.957532409476978
0.7829675153643547,0.9579794367456415
0.7841966637401229,0.9579794367456415
0.7841966637401229,0.9584264640143049
0.7857769973661106,0.9584264640143049
0.7857769973661106,0.9588734912829683
0.7861281826163301,0.9588734912829683
0.7864793678665496,0.9588734912829683
0.7878841088674275,0.9588734912829683
0.7878841088674275,0.9593205185516317
0.7880597014925373,0.9593205185516317
0.7880597014925373,0.959767545820295
0.7885864793678665,0.959767545820295
0.7885864793678665,0.9602145730889584
0.7891132572431958,0.9602145730889584
0.7891132572431958,0.9606616003576218
0.7910447761194029,0.9606616003576218
0.7910447761194029,0.9615556548949485
0.7920983318700615,0.9615556548949485
0.7920983318700615,0.962002682163612
0.7926251097453907,0.962002682163612
0.7926251097453907,0.9628967367009388
0.79315188762072,0.9628967367009388
0.79315188762072,0.9633437639696022
0.7933274802458297,0.9633437639696022
0.7936786654960492,0.9637907912382655
0.7940298507462686,0.9637907912382655
0.7943810359964881,0.9637907912382655
0.7947322212467076,0.9637907912382655
0.7947322212467076,0.9642378185069289
0.7952589991220369,0.9642378185069289
0.7952589991220369,0.9646848457755923
0.797892888498683,0.9646848457755923
0.797892888498683,0.9651318730442557
0.7998244073748902,0.9651318730442557
0.7998244073748902,0.965578900312919
0.8005267778753292,0.965578900312919
0.8005267778753292,0.9660259275815825
0.802107111501317,0.9660259275815825
0.802107111501317,0.9664729548502459
0.8031606672519754,0.9664729548502459
0.8031606672519754,0.9669199821189093
0.8035118525021949,0.9669199821189093
0.8035118525021949,0.967814036656236
0.8052677787532924,0.967814036656236
0.8056189640035119,0.967814036656236
0.8057945566286216,0.967814036656236
0.8061457418788411,0.967814036656236
0.8064969271290606,0.967814036656236
0.8064969271290606,0.9682610639248994
0.8077260755048288,0.9682610639248994
0.8077260755048288,0.9691551184622262
0.8100087796312555,0.9691551184622262
0.8100087796312555,0.9696021457308895
0.8128182616330114,0.9696021457308895
0.8128182616330114,0.970049172999553
0.8131694468832309,0.970049172999553
0.8131694468832309,0.9709432275368798
0.8168568920105356,0.9709432275368798
0.8172080772607551,0.9709432275368798
0.8172080772607551,0.9713902548055431
0.8191395961369623,0.9713902548055431
0.8191395961369623,0.9718372820742065
0.8201931518876208,0.9718372820742065
0.8201931518876208,0.9722843093428699
0.8203687445127305,0.9722843093428699
0.8203687445127305,0.9727313366115333
0.8212467076382792,0.9727313366115333
0.8212467076382792,0.9731783638801967
0.8219490781387182,0.9731783638801967
0.8223002633889377,0.9731783638801967
0.8244073748902546,0.9731783638801967
0.8244073748902546,0.9740724184175235
0.82756804214223,0.9740724184175235
0.82756804214223,0.9745194456861869
0.8280948200175593,0.9745194456861869
0.8280948200175593,0.9749664729548503
0.8287971905179983,0.9749664729548503
0.8287971905179983,0.9754135002235136
0.8294995610184372,0.9754135002235136
0.8294995610184372,0.975860527492177
0.8305531167690957,0.975860527492177
0.8305531167690957,0.9763075547608404
0.8319578577699737,0.9763075547608404
0.8319578577699737,0.9767545820295038
0.8323090430201932,0.9767545820295038
0.8323090430201932,0.9772016092981672
0.8328358208955224,0.9772016092981672
0.8328358208955224,0.9776486365668305
0.8330114135206321,0.9776486365668305
0.8333625987708516,0.9776486365668305
0.835118525021949,0.9776486365668305
0.835118525021949,0.978095663835494
0.8391571553994732,0.978095663835494
0.8391571553994732,0.9789897183728208
0.840737489025461,0.9789897183728208
0.840737489025461,0.9794367456414841
0.8421422300263389,0.9794367456414841
0.8421422300263389,0.9798837729101475
0.8426690079016681,0.9798837729101475
0.8430201931518876,0.9798837729101475
0.8444249341527655,0.9798837729101475
0.8444249341527655,0.9803308001788109
0.8453028972783143,0.9803308001788109
0.8453028972783143,0.9807778274474743
0.8463564530289728,0.9807778274474743
0.8467076382791923,0.9807778274474743
0.8470588235294118,0.9807778274474743
0.8470588235294118,0.9812248547161377
0.8484635645302897,0.9812248547161377
0.8484635645302897,0.981671881984801
0.8491659350307287,0.981671881984801
0.8491659350307287,0.9821189092534645
0.8498683055311677,0.9821189092534645
0.8498683055311677,0.9825659365221279
0.8503950834064969,0.9825659365221279
0.8503950834064969,0.9830129637907913
0.8505706760316066,0.9830129637907913
0.8505706760316066,0.9834599910594546
0.8507462686567164,0.9834599910594546
0.8507462686567164,0.983907018328118
0.8510974539069359,0.983907018328118
0.8510974539069359,0.9843540455967814
0.8512730465320456,0.9843540455967814
0.8517998244073749,0.9843540455967814
0.8530289727831432,0.9843540455967814
0.8530289727831432,0.9848010728654448
0.8549604916593503,0.9848010728654448
0.8549604916593503,0.9852481001341081
0.8558384547848991,0.9852481001341081
0.8561896400351185,0.9852481001341081
0.8561896400351185,0.9856951274027715
0.8577699736611062,0.9856951274027715
0.8577699736611062,0.9865891819400984
0.8584723441615452,0.9865891819400984
0.8584723441615452,0.9870362092087618
0.8688323090430202,0.9870362092087618
0.8691834942932397,0.9870362092087618
0.8721685689201053,0.9870362092087618
0.8725197541703249,0.9870362092087618
0.8726953467954346,0.9870362092087618
0.8730465320456541,0.9870362092087618
0.8742756804214223,0.9870362092087618
0.8742756804214223,0.9874832364774251
0.8756804214223003,0.9874832364774251
0.8756804214223003,0.9883772910147519
0.8767339771729588,0.9883772910147519
0.8767339771729588,0.9888243182834153
0.8777875329236172,0.9888243182834153
0.8777875329236172,0.9892713455520786
0.880070237050044,0.9892713455520786
0.8804214223002634,0.9892713455520786
0.8805970149253731,0.9892713455520786
0.8807726075504829,0.989718372820742
0.8807726075504829,0.9901654000894055
0.8818261633011414,0.9901654000894055
0.8818261633011414,0.9906124273580689
0.8849868305531168,0.9906124273580689
0.8849868305531168,0.9910594546267323
0.8879719051799825,0.9910594546267323
0.8879719051799825,0.9915064818953956
0.8893766461808604,0.9915064818953956
0.8893766461808604,0.991953509164059
0.8925373134328358,0.991953509164059
0.8925373134328358,0.9924005364327224
0.9009657594381036,0.9924005364327224
0.9013169446883231,0.9924005364327224
0.9085162423178227,0.9924005364327224
0.9085162423178227,0.9928475637013858
0.9104477611940298,0.9928475637013858
0.9104477611940298,0.9932945909700491
0.9162423178226514,0.9932945909700491
0.9162423178226514,0.9937416182387125
0.9211589113257244,0.9937416182387125
0.9211589113257244,0.994188645507376
0.9232660228270413,0.994188645507376
0.9236172080772608,0.994188645507376
0.9248463564530289,0.994188645507376
0.9248463564530289,0.9946356727760394
0.926953467954346,0.9946356727760394
0.926953467954346,0.9950827000447027
0.9271290605794557,0.9950827000447027
0.9274802458296751,0.9950827000447027
0.9297629499561019,0.9950827000447027
0.9301141352063214,0.9950827000447027
0.9376646180860404,0.9950827000447027
0.9380158033362599,0.9950827000447027
0.9410008779631256,0.9950827000447027
0.9410008779631256,0.9955297273133661
0.9411764705882353,0.9955297273133661
0.9411764705882353,0.9959767545820295
0.944161545215101,0.9959767545820295
0.944161545215101,0.9968708091193563
0.9476733977172959,0.9968708091193563
0.9476733977172959,0.9973178363880196
0.9478489903424057,0.9973178363880196
0.9478489903424057,0.997764863656683
0.9499561018437226,0.997764863656683
0.9503072870939421,0.997764863656683
0.9522388059701492,0.997764863656683
0.9525899912203687,0.997764863656683
0.961369622475856,0.997764863656683
0.9617208077260755,0.997764863656683
0.9618964003511853,0.997764863656683
0.9622475856014048,0.997764863656683
0.9655838454784899,0.997764863656683
0.9659350307287093,0.997764863656683
0.9661106233538191,0.997764863656683
0.9664618086040386,0.997764863656683
0.9701492537313433,0.997764863656683
0.9701492537313433,0.9982118909253465
0.9705004389815628,0.9982118909253465
0.9757682177348551,0.9982118909253465
0.9757682177348551,0.9986589181940099
0.9843722563652326,0.9986589181940099
0.9843722563652326,0.9991059454626732
0.990342405618964,0.9991059454626732
0.990342405618964,0.9995529727313366
0.9938542581211589,0.9995529727313366
0.9938542581211589,1.0
0.9987708516242317,1.0
1.0,1.0
